solid Created by Gmsh
facet normal -1 0 0
  outer loop
    vertex -14.75 3 3
    vertex -14.75 2.625 3.649519052838329
    vertex -14.75 4.069444749288339 3.445878598429807
  endloop
endfacet
facet normal -1 0 0
  outer loop
    vertex -14.75 2.625 3.649519052838329
    vertex -14.75 3.694444749288339 4.095397651268136
    vertex -14.75 4.069444749288339 3.445878598429807
  endloop
endfacet
facet normal -1 0 0
  outer loop
    vertex -14.75 2.625 3.649519052838329
    vertex -14.75 2.25 4.299038105676658
    vertex -14.75 3.694444749288339 4.095397651268136
  endloop
endfacet
facet normal -1 0 0
  outer loop
    vertex -14.75 4.069444749288339 3.445878598429807
    vertex -14.75 3.694444749288339 4.095397651268136
    vertex -14.75 5.138889498576678 3.891757196859615
  endloop
endfacet
facet normal -1 0 -0
  outer loop
    vertex -14.75 7.617704524178362 2.61817230206808
    vertex -14.75 8.174378562123426 1.176669387126099
    vertex -14.75 6.291668495730043 2.025752537740519
  endloop
endfacet
facet normal -1 -0 0
  outer loop
    vertex -14.75 8.174378562123426 1.176669387126099
    vertex -14.75 6.848342533675108 0.5842496227985379
    vertex -14.75 6.291668495730043 2.025752537740519
  endloop
endfacet
facet normal -1 0 -0
  outer loop
    vertex -14.75 8.174378562123426 1.176669387126099
    vertex -14.75 8.731052600068491 -0.2648335278158838
    vertex -14.75 6.848342533675108 0.5842496227985379
  endloop
endfacet
facet normal -1 0 -0
  outer loop
    vertex -14.75 6.291668495730043 2.025752537740519
    vertex -14.75 6.848342533675108 0.5842496227985379
    vertex -14.75 4.965632467281725 1.433332773412959
  endloop
endfacet
facet normal -1 -0 0
  outer loop
    vertex -14.75 8.731052600068491 -0.2648335278158838
    vertex -14.75 7.081256316922468 -0.9052010274797819
    vertex -14.75 6.848342533675108 0.5842496227985379
  endloop
endfacet
facet normal -1 0 0
  outer loop
    vertex -14.75 7.081256316922468 -0.9052010274797819
    vertex -14.75 5.198546250529086 -0.05611787686536029
    vertex -14.75 6.848342533675108 0.5842496227985379
  endloop
endfacet
facet normal -1 -0 0
  outer loop
    vertex -14.75 7.081256316922468 -0.9052010274797819
    vertex -14.75 5.431460033776446 -1.545568527143679
    vertex -14.75 5.198546250529086 -0.05611787686536029
  endloop
endfacet
facet normal -1 -0 0
  outer loop
    vertex -14.75 6.848342533675108 0.5842496227985379
    vertex -14.75 5.198546250529086 -0.05611787686536029
    vertex -14.75 4.965632467281725 1.433332773412959
  endloop
endfacet
facet normal -1 0 0
  outer loop
    vertex -14.75 8.666666666666659 6
    vertex -14.75 8.142185595422511 4.309086151034041
    vertex -14.75 6.902778082621669 4.945878598429807
  endloop
endfacet
facet normal -1 -0 0
  outer loop
    vertex -14.75 8.142185595422511 4.309086151034041
    vertex -14.75 6.37829701137752 3.254964749463849
    vertex -14.75 6.902778082621669 4.945878598429807
  endloop
endfacet
facet normal -1 0 0
  outer loop
    vertex -14.75 8.142185595422511 4.309086151034041
    vertex -14.75 7.617704524178362 2.61817230206808
    vertex -14.75 6.37829701137752 3.254964749463849
  endloop
endfacet
facet normal -1 0 0
  outer loop
    vertex -14.75 6.902778082621669 4.945878598429807
    vertex -14.75 6.37829701137752 3.254964749463849
    vertex -14.75 5.138889498576678 3.891757196859615
  endloop
endfacet
facet normal -1 0 0
  outer loop
    vertex -14.75 4.333333333333331 6
    vertex -14.75 6.499999999999996 6
    vertex -14.75 4.736111415955005 4.945878598429807
  endloop
endfacet
facet normal -1 0 -0
  outer loop
    vertex -14.75 6.499999999999996 6
    vertex -14.75 6.902778082621669 4.945878598429807
    vertex -14.75 4.736111415955005 4.945878598429807
  endloop
endfacet
facet normal -1 0 0
  outer loop
    vertex -14.75 6.499999999999996 6
    vertex -14.75 8.666666666666659 6
    vertex -14.75 6.902778082621669 4.945878598429807
  endloop
endfacet
facet normal -1 0 0
  outer loop
    vertex -14.75 4.736111415955005 4.945878598429807
    vertex -14.75 6.902778082621669 4.945878598429807
    vertex -14.75 5.138889498576678 3.891757196859615
  endloop
endfacet
facet normal -1 0 0
  outer loop
    vertex -14.75 3 2.220446049250313e-16
    vertex -14.75 3 1.5
    vertex -14.75 3.982816233640862 0.7166663867064793
  endloop
endfacet
facet normal -1 0 0
  outer loop
    vertex -14.75 3 1.5
    vertex -14.75 3.982816233640862 2.216666386706478
    vertex -14.75 3.982816233640862 0.7166663867064793
  endloop
endfacet
facet normal -1 0 0
  outer loop
    vertex -14.75 3 1.5
    vertex -14.75 3 3
    vertex -14.75 3.982816233640862 2.216666386706478
  endloop
endfacet
facet normal -1 0 0
  outer loop
    vertex -14.75 3.982816233640862 0.7166663867064793
    vertex -14.75 3.982816233640862 2.216666386706478
    vertex -14.75 4.965632467281725 1.433332773412959
  endloop
endfacet
facet normal -1 0 -0
  outer loop
    vertex -14.75 8.666666666666659 6
    vertex -14.75 9.769112043095372 4.285045569138811
    vertex -14.75 8.142185595422511 4.309086151034041
  endloop
endfacet
facet normal -1 -0 0
  outer loop
    vertex -14.75 9.769112043095372 4.285045569138811
    vertex -14.75 9.244630971851224 2.59413172017285
    vertex -14.75 8.142185595422511 4.309086151034041
  endloop
endfacet
facet normal -1 0 -0
  outer loop
    vertex -14.75 9.769112043095372 4.285045569138811
    vertex -14.75 10.87155741952409 2.570091138277622
    vertex -14.75 9.244630971851224 2.59413172017285
  endloop
endfacet
facet normal -1 0 -0
  outer loop
    vertex -14.75 8.142185595422511 4.309086151034041
    vertex -14.75 9.244630971851224 2.59413172017285
    vertex -14.75 7.617704524178362 2.61817230206808
  endloop
endfacet
facet normal -1 0 0
  outer loop
    vertex -14.75 2.25 -4.299038105676658
    vertex -14.75 2.625 -3.649519052838329
    vertex -14.75 3.718191697281834 -4.061804224416774
  endloop
endfacet
facet normal -1 0 0
  outer loop
    vertex -14.75 2.625 -3.649519052838329
    vertex -14.75 4.093191697281834 -3.412285171578445
    vertex -14.75 3.718191697281834 -4.061804224416774
  endloop
endfacet
facet normal -1 0 0
  outer loop
    vertex -14.75 2.625 -3.649519052838329
    vertex -14.75 3 -3
    vertex -14.75 4.093191697281834 -3.412285171578445
  endloop
endfacet
facet normal -1 0 0
  outer loop
    vertex -14.75 3.718191697281834 -4.061804224416774
    vertex -14.75 4.093191697281834 -3.412285171578445
    vertex -14.75 5.186383394563668 -3.824570343156889
  endloop
endfacet
facet normal -1 0 0
  outer loop
    vertex -14.75 8.666666666666659 -6
    vertex -14.75 6.499999999999996 -6
    vertex -14.75 6.926525030615164 -4.912285171578445
  endloop
endfacet
facet normal -1 0 0
  outer loop
    vertex -14.75 6.499999999999996 -6
    vertex -14.75 4.759858363948499 -4.912285171578445
    vertex -14.75 6.926525030615164 -4.912285171578445
  endloop
endfacet
facet normal -1 0 0
  outer loop
    vertex -14.75 6.499999999999996 -6
    vertex -14.75 4.333333333333331 -6
    vertex -14.75 4.759858363948499 -4.912285171578445
  endloop
endfacet
facet normal -1 0 0
  outer loop
    vertex -14.75 6.926525030615164 -4.912285171578445
    vertex -14.75 4.759858363948499 -4.912285171578445
    vertex -14.75 5.186383394563668 -3.824570343156889
  endloop
endfacet
facet normal -1 0 0
  outer loop
    vertex -14.75 7.617704524178362 2.61817230206808
    vertex -14.75 9.244630971851224 2.59413172017285
    vertex -14.75 8.174378562123426 1.176669387126099
  endloop
endfacet
facet normal -1 0 -0
  outer loop
    vertex -14.75 9.244630971851224 2.59413172017285
    vertex -14.75 9.801305009796287 1.152628805230869
    vertex -14.75 8.174378562123426 1.176669387126099
  endloop
endfacet
facet normal -1 0 0
  outer loop
    vertex -14.75 9.244630971851224 2.59413172017285
    vertex -14.75 10.87155741952409 2.570091138277622
    vertex -14.75 9.801305009796287 1.152628805230869
  endloop
endfacet
facet normal -1 0 0
  outer loop
    vertex -14.75 8.174378562123426 1.176669387126099
    vertex -14.75 9.801305009796287 1.152628805230869
    vertex -14.75 8.731052600068491 -0.2648335278158838
  endloop
endfacet
facet normal -1 0 0
  outer loop
    vertex -14.75 8.666666666666659 6
    vertex -14.75 10.83333333333333 6
    vertex -14.75 9.769112043095372 4.285045569138811
  endloop
endfacet
facet normal -1 0 -0
  outer loop
    vertex -14.75 10.83333333333333 6
    vertex -14.75 11.93577870976204 4.285045569138811
    vertex -14.75 9.769112043095372 4.285045569138811
  endloop
endfacet
facet normal -1 0 0
  outer loop
    vertex -14.75 10.83333333333333 6
    vertex -14.75 13 6
    vertex -14.75 11.93577870976204 4.285045569138811
  endloop
endfacet
facet normal -1 0 0
  outer loop
    vertex -14.75 9.769112043095372 4.285045569138811
    vertex -14.75 11.93577870976204 4.285045569138811
    vertex -14.75 10.87155741952409 2.570091138277622
  endloop
endfacet
facet normal -1 0 0
  outer loop
    vertex -14.75 19.43440131662382 2.177339977819789
    vertex -14.75 20.98514985074303 1.088669988909894
    vertex -14.75 19.45721230679283 -0.0225074516867183
  endloop
endfacet
facet normal -1 0 -0
  outer loop
    vertex -14.75 20.98514985074303 1.088669988909894
    vertex -14.75 21.00796084091205 -1.111177440596614
    vertex -14.75 19.45721230679283 -0.0225074516867183
  endloop
endfacet
facet normal -1 0 0
  outer loop
    vertex -14.75 20.98514985074303 1.088669988909894
    vertex -14.75 22.53589838486225 -1.77635683940025e-15
    vertex -14.75 21.00796084091205 -1.111177440596614
  endloop
endfacet
facet normal -1 0 0
  outer loop
    vertex -14.75 19.45721230679283 -0.0225074516867183
    vertex -14.75 21.00796084091205 -1.111177440596614
    vertex -14.75 19.48002329696185 -2.222354881193226
  endloop
endfacet
facet normal -1 0 0
  outer loop
    vertex -14.75 3 -3
    vertex -14.75 3 -1.5
    vertex -14.75 4.215730016888223 -2.27278426357184
  endloop
endfacet
facet normal -1 0 0
  outer loop
    vertex -14.75 3 -1.5
    vertex -14.75 4.215730016888223 -0.7727842635718396
    vertex -14.75 4.215730016888223 -2.27278426357184
  endloop
endfacet
facet normal -1 0 0
  outer loop
    vertex -14.75 3 -1.5
    vertex -14.75 3 2.220446049250313e-16
    vertex -14.75 4.215730016888223 -0.7727842635718396
  endloop
endfacet
facet normal -1 0 0
  outer loop
    vertex -14.75 4.215730016888223 -2.27278426357184
    vertex -14.75 4.215730016888223 -0.7727842635718396
    vertex -14.75 5.431460033776446 -1.545568527143679
  endloop
endfacet
facet normal -1 0 0
  outer loop
    vertex -14.75 10.87155741952409 2.570091138277622
    vertex -14.75 11.93577870976204 4.285045569138811
    vertex -14.75 12.97586713703148 2.504400675741802
  endloop
endfacet
facet normal -1 0 0
  outer loop
    vertex -14.75 11.93577870976204 4.285045569138811
    vertex -14.75 14.04008842726944 4.219355106602993
    vertex -14.75 12.97586713703148 2.504400675741802
  endloop
endfacet
facet normal -1 0 0
  outer loop
    vertex -14.75 11.93577870976204 4.285045569138811
    vertex -14.75 13 6
    vertex -14.75 14.04008842726944 4.219355106602993
  endloop
endfacet
facet normal -1 0 0
  outer loop
    vertex -14.75 12.97586713703148 2.504400675741802
    vertex -14.75 14.04008842726944 4.219355106602993
    vertex -14.75 15.08017685453888 2.438710213205985
  endloop
endfacet
facet normal -1 0 0
  outer loop
    vertex -14.75 17.33333333333335 -6
    vertex -14.75 15.16666666666668 -6
    vertex -14.75 16.26910387340275 -4.331698024591887
  endloop
endfacet
facet normal -1 0 0
  outer loop
    vertex -14.75 15.16666666666668 -6
    vertex -14.75 14.10243720673607 -4.331698024591887
    vertex -14.75 16.26910387340275 -4.331698024591887
  endloop
endfacet
facet normal -1 0 0
  outer loop
    vertex -14.75 15.16666666666668 -6
    vertex -14.75 13 -6
    vertex -14.75 14.10243720673607 -4.331698024591887
  endloop
endfacet
facet normal -1 0 0
  outer loop
    vertex -14.75 16.26910387340275 -4.331698024591887
    vertex -14.75 14.10243720673607 -4.331698024591887
    vertex -14.75 15.20487441347214 -2.663396049183775
  endloop
endfacet
facet normal -1 0 0
  outer loop
    vertex -14.75 13 6
    vertex -14.75 15.16666666666668 6
    vertex -14.75 14.04008842726944 4.219355106602993
  endloop
endfacet
facet normal -1 0 -0
  outer loop
    vertex -14.75 15.16666666666668 6
    vertex -14.75 16.20675509393612 4.219355106602993
    vertex -14.75 14.04008842726944 4.219355106602993
  endloop
endfacet
facet normal -1 0 0
  outer loop
    vertex -14.75 15.16666666666668 6
    vertex -14.75 17.33333333333335 6
    vertex -14.75 16.20675509393612 4.219355106602993
  endloop
endfacet
facet normal -1 0 0
  outer loop
    vertex -14.75 14.04008842726944 4.219355106602993
    vertex -14.75 16.20675509393612 4.219355106602993
    vertex -14.75 15.08017685453888 2.438710213205985
  endloop
endfacet
facet normal -1 0 0
  outer loop
    vertex -14.75 2.25 4.299038105676658
    vertex -14.75 3.291666666666666 5.149519052838329
    vertex -14.75 3.694444749288339 4.095397651268136
  endloop
endfacet
facet normal -1 0 0
  outer loop
    vertex -14.75 3.291666666666666 5.149519052838329
    vertex -14.75 4.736111415955005 4.945878598429807
    vertex -14.75 3.694444749288339 4.095397651268136
  endloop
endfacet
facet normal -1 0 0
  outer loop
    vertex -14.75 3.291666666666666 5.149519052838329
    vertex -14.75 4.333333333333331 6
    vertex -14.75 4.736111415955005 4.945878598429807
  endloop
endfacet
facet normal -1 0 0
  outer loop
    vertex -14.75 3.694444749288339 4.095397651268136
    vertex -14.75 4.736111415955005 4.945878598429807
    vertex -14.75 5.138889498576678 3.891757196859615
  endloop
endfacet
facet normal -1 0 0
  outer loop
    vertex -14.75 17.33333333333335 6
    vertex -14.75 19.50000000000002 6
    vertex -14.75 18.38386732497858 4.088669988909896
  endloop
endfacet
facet normal -1 0 -0
  outer loop
    vertex -14.75 19.50000000000002 6
    vertex -14.75 20.55053399164526 4.088669988909896
    vertex -14.75 18.38386732497858 4.088669988909896
  endloop
endfacet
facet normal -1 0 0
  outer loop
    vertex -14.75 19.50000000000002 6
    vertex -14.75 21.6666666666667 6
    vertex -14.75 20.55053399164526 4.088669988909896
  endloop
endfacet
facet normal -1 0 0
  outer loop
    vertex -14.75 18.38386732497858 4.088669988909896
    vertex -14.75 20.55053399164526 4.088669988909896
    vertex -14.75 19.43440131662382 2.177339977819789
  endloop
endfacet
facet normal -1 0 0
  outer loop
    vertex -14.75 21.6666666666667 -6
    vertex -14.75 19.50000000000002 -6
    vertex -14.75 20.57334498181427 -4.111177440596613
  endloop
endfacet
facet normal -1 0 0
  outer loop
    vertex -14.75 19.50000000000002 -6
    vertex -14.75 18.4066783151476 -4.111177440596613
    vertex -14.75 20.57334498181427 -4.111177440596613
  endloop
endfacet
facet normal -1 0 0
  outer loop
    vertex -14.75 19.50000000000002 -6
    vertex -14.75 17.33333333333335 -6
    vertex -14.75 18.4066783151476 -4.111177440596613
  endloop
endfacet
facet normal -1 0 0
  outer loop
    vertex -14.75 20.57334498181427 -4.111177440596613
    vertex -14.75 18.4066783151476 -4.111177440596613
    vertex -14.75 19.48002329696185 -2.222354881193226
  endloop
endfacet
facet normal -1 0 -0
  outer loop
    vertex -14.75 26 1.999999999999993
    vertex -14.75 26 -2.664535259100376e-15
    vertex -14.75 24.26794919243113 0.9999999999999956
  endloop
endfacet
facet normal -1 -0 0
  outer loop
    vertex -14.75 26 -2.664535259100376e-15
    vertex -14.75 24.26794919243113 -1
    vertex -14.75 24.26794919243113 0.9999999999999956
  endloop
endfacet
facet normal -1 0 -0
  outer loop
    vertex -14.75 26 -2.664535259100376e-15
    vertex -14.75 26 -1.999999999999998
    vertex -14.75 24.26794919243113 -1
  endloop
endfacet
facet normal -1 0 -0
  outer loop
    vertex -14.75 24.26794919243113 0.9999999999999956
    vertex -14.75 24.26794919243113 -1
    vertex -14.75 22.53589838486225 -1.77635683940025e-15
  endloop
endfacet
facet normal -1 0 0
  outer loop
    vertex -14.75 4.965632467281725 1.433332773412959
    vertex -14.75 3.982816233640862 2.216666386706478
    vertex -14.75 5.052260982929202 2.662544985136286
  endloop
endfacet
facet normal -1 0 0
  outer loop
    vertex -14.75 3.982816233640862 2.216666386706478
    vertex -14.75 4.069444749288339 3.445878598429807
    vertex -14.75 5.052260982929202 2.662544985136286
  endloop
endfacet
facet normal -1 0 0
  outer loop
    vertex -14.75 3.982816233640862 2.216666386706478
    vertex -14.75 3 3
    vertex -14.75 4.069444749288339 3.445878598429807
  endloop
endfacet
facet normal -1 0 0
  outer loop
    vertex -14.75 5.052260982929202 2.662544985136286
    vertex -14.75 4.069444749288339 3.445878598429807
    vertex -14.75 5.138889498576678 3.891757196859615
  endloop
endfacet
facet normal -1 0 0
  outer loop
    vertex -14.75 15.08017685453888 2.438710213205985
    vertex -14.75 16.20675509393612 4.219355106602993
    vertex -14.75 17.25728908558135 2.308025095512887
  endloop
endfacet
facet normal -1 0 0
  outer loop
    vertex -14.75 16.20675509393612 4.219355106602993
    vertex -14.75 18.38386732497858 4.088669988909896
    vertex -14.75 17.25728908558135 2.308025095512887
  endloop
endfacet
facet normal -1 0 0
  outer loop
    vertex -14.75 16.20675509393612 4.219355106602993
    vertex -14.75 17.33333333333335 6
    vertex -14.75 18.38386732497858 4.088669988909896
  endloop
endfacet
facet normal -1 0 0
  outer loop
    vertex -14.75 17.25728908558135 2.308025095512887
    vertex -14.75 18.38386732497858 4.088669988909896
    vertex -14.75 19.43440131662382 2.177339977819789
  endloop
endfacet
facet normal -1 0 0
  outer loop
    vertex -14.75 13 -6
    vertex -14.75 10.83333333333333 -6
    vertex -14.75 12.04255507760395 -4.51583575094137
  endloop
endfacet
facet normal -1 0 0
  outer loop
    vertex -14.75 10.83333333333333 -6
    vertex -14.75 9.875888410937279 -4.51583575094137
    vertex -14.75 12.04255507760395 -4.51583575094137
  endloop
endfacet
facet normal -1 0 0
  outer loop
    vertex -14.75 10.83333333333333 -6
    vertex -14.75 8.666666666666659 -6
    vertex -14.75 9.875888410937279 -4.51583575094137
  endloop
endfacet
facet normal -1 0 0
  outer loop
    vertex -14.75 12.04255507760395 -4.51583575094137
    vertex -14.75 9.875888410937279 -4.51583575094137
    vertex -14.75 11.0851101552079 -3.031671501882739
  endloop
endfacet
facet normal -1 0 0
  outer loop
    vertex -14.75 17.33333333333335 -6
    vertex -14.75 16.26910387340275 -4.331698024591887
    vertex -14.75 18.4066783151476 -4.111177440596613
  endloop
endfacet
facet normal -1 0 0
  outer loop
    vertex -14.75 16.26910387340275 -4.331698024591887
    vertex -14.75 17.342448855217 -2.442875465188501
    vertex -14.75 18.4066783151476 -4.111177440596613
  endloop
endfacet
facet normal -1 0 0
  outer loop
    vertex -14.75 16.26910387340275 -4.331698024591887
    vertex -14.75 15.20487441347214 -2.663396049183775
    vertex -14.75 17.342448855217 -2.442875465188501
  endloop
endfacet
facet normal -1 0 0
  outer loop
    vertex -14.75 18.4066783151476 -4.111177440596613
    vertex -14.75 17.342448855217 -2.442875465188501
    vertex -14.75 19.48002329696185 -2.222354881193226
  endloop
endfacet
facet normal -1 0 -0
  outer loop
    vertex -14.75 19.43440131662382 2.177339977819789
    vertex -14.75 19.45721230679283 -0.0225074516867183
    vertex -14.75 18.29212556611395 1.1211007567858
  endloop
endfacet
facet normal -1 -0 0
  outer loop
    vertex -14.75 19.45721230679283 -0.0225074516867183
    vertex -14.75 18.31493655628297 -1.078746672720708
    vertex -14.75 18.29212556611395 1.1211007567858
  endloop
endfacet
facet normal -1 0 -0
  outer loop
    vertex -14.75 19.45721230679283 -0.0225074516867183
    vertex -14.75 19.48002329696185 -2.222354881193226
    vertex -14.75 18.31493655628297 -1.078746672720708
  endloop
endfacet
facet normal -1 0 -0
  outer loop
    vertex -14.75 18.29212556611395 1.1211007567858
    vertex -14.75 18.31493655628297 -1.078746672720708
    vertex -14.75 17.14984981560409 0.06486153575180964
  endloop
endfacet
facet normal -1 0 0
  outer loop
    vertex -14.75 21.6666666666667 6
    vertex -14.75 23.83333333333335 6
    vertex -14.75 22.35090290741867 4.567644816370201
  endloop
endfacet
facet normal -1 0 -0
  outer loop
    vertex -14.75 23.83333333333335 6
    vertex -14.75 24.51756957408532 4.567644816370201
    vertex -14.75 22.35090290741867 4.567644816370201
  endloop
endfacet
facet normal -1 0 0
  outer loop
    vertex -14.75 23.83333333333335 6
    vertex -14.75 26 6
    vertex -14.75 24.51756957408532 4.567644816370201
  endloop
endfacet
facet normal -1 0 0
  outer loop
    vertex -14.75 22.35090290741867 4.567644816370201
    vertex -14.75 24.51756957408532 4.567644816370201
    vertex -14.75 23.03513914817064 3.135289632740403
  endloop
endfacet
facet normal -1 0 0
  outer loop
    vertex -14.75 26 -6
    vertex -14.75 23.83333333333335 -6
    vertex -14.75 24.51756957408532 -4.567644816370201
  endloop
endfacet
facet normal -1 0 0
  outer loop
    vertex -14.75 23.83333333333335 -6
    vertex -14.75 22.35090290741867 -4.567644816370201
    vertex -14.75 24.51756957408532 -4.567644816370201
  endloop
endfacet
facet normal -1 0 0
  outer loop
    vertex -14.75 23.83333333333335 -6
    vertex -14.75 21.6666666666667 -6
    vertex -14.75 22.35090290741867 -4.567644816370201
  endloop
endfacet
facet normal -1 0 0
  outer loop
    vertex -14.75 24.51756957408532 -4.567644816370201
    vertex -14.75 22.35090290741867 -4.567644816370201
    vertex -14.75 23.03513914817064 -3.135289632740402
  endloop
endfacet
facet normal -1 0 -0
  outer loop
    vertex -14.75 26 6
    vertex -14.75 26 3.999999999999996
    vertex -14.75 24.51756957408532 4.567644816370201
  endloop
endfacet
facet normal -1 -0 0
  outer loop
    vertex -14.75 26 3.999999999999996
    vertex -14.75 24.51756957408532 2.567644816370198
    vertex -14.75 24.51756957408532 4.567644816370201
  endloop
endfacet
facet normal -1 0 -0
  outer loop
    vertex -14.75 26 3.999999999999996
    vertex -14.75 26 1.999999999999993
    vertex -14.75 24.51756957408532 2.567644816370198
  endloop
endfacet
facet normal -1 0 -0
  outer loop
    vertex -14.75 24.51756957408532 4.567644816370201
    vertex -14.75 24.51756957408532 2.567644816370198
    vertex -14.75 23.03513914817064 3.135289632740403
  endloop
endfacet
facet normal -1 0 -0
  outer loop
    vertex -14.75 26 -1.999999999999998
    vertex -14.75 26 -3.999999999999999
    vertex -14.75 24.51756957408532 -2.5676448163702
  endloop
endfacet
facet normal -1 -0 0
  outer loop
    vertex -14.75 26 -3.999999999999999
    vertex -14.75 24.51756957408532 -4.567644816370201
    vertex -14.75 24.51756957408532 -2.5676448163702
  endloop
endfacet
facet normal -1 0 -0
  outer loop
    vertex -14.75 26 -3.999999999999999
    vertex -14.75 26 -6
    vertex -14.75 24.51756957408532 -4.567644816370201
  endloop
endfacet
facet normal -1 0 -0
  outer loop
    vertex -14.75 24.51756957408532 -2.5676448163702
    vertex -14.75 24.51756957408532 -4.567644816370201
    vertex -14.75 23.03513914817064 -3.135289632740402
  endloop
endfacet
facet normal -1 0 0
  outer loop
    vertex -14.75 8.731052600068491 -0.2648335278158838
    vertex -14.75 9.801305009796287 1.152628805230869
    vertex -14.75 10.86645883710038 -0.1573047361464468
  endloop
endfacet
facet normal -1 0 0
  outer loop
    vertex -14.75 9.801305009796287 1.152628805230869
    vertex -14.75 11.93671124682817 1.260157596900306
    vertex -14.75 10.86645883710038 -0.1573047361464468
  endloop
endfacet
facet normal -1 0 0
  outer loop
    vertex -14.75 9.801305009796287 1.152628805230869
    vertex -14.75 10.87155741952409 2.570091138277622
    vertex -14.75 11.93671124682817 1.260157596900306
  endloop
endfacet
facet normal -1 0 0
  outer loop
    vertex -14.75 10.86645883710038 -0.1573047361464468
    vertex -14.75 11.93671124682817 1.260157596900306
    vertex -14.75 13.00186507413226 -0.04977594447701073
  endloop
endfacet
facet normal -1 0 0
  outer loop
    vertex -14.75 11.0851101552079 -3.031671501882739
    vertex -14.75 9.908081377638196 -1.648252514849311
    vertex -14.75 12.04348761467008 -1.540723723179875
  endloop
endfacet
facet normal -1 0 0
  outer loop
    vertex -14.75 9.908081377638196 -1.648252514849311
    vertex -14.75 10.86645883710038 -0.1573047361464468
    vertex -14.75 12.04348761467008 -1.540723723179875
  endloop
endfacet
facet normal -1 0 0
  outer loop
    vertex -14.75 9.908081377638196 -1.648252514849311
    vertex -14.75 8.731052600068491 -0.2648335278158838
    vertex -14.75 10.86645883710038 -0.1573047361464468
  endloop
endfacet
facet normal -1 0 0
  outer loop
    vertex -14.75 12.04348761467008 -1.540723723179875
    vertex -14.75 10.86645883710038 -0.1573047361464468
    vertex -14.75 13.00186507413226 -0.04977594447701073
  endloop
endfacet
facet normal -1 0 0
  outer loop
    vertex -14.75 11.0851101552079 -3.031671501882739
    vertex -14.75 9.875888410937279 -4.51583575094137
    vertex -14.75 9.505328979740344 -3.172852923349939
  endloop
endfacet
facet normal -1 -0 0
  outer loop
    vertex -14.75 9.875888410937279 -4.51583575094137
    vertex -14.75 8.296107235469723 -4.65701717240857
    vertex -14.75 9.505328979740344 -3.172852923349939
  endloop
endfacet
facet normal -1 0 0
  outer loop
    vertex -14.75 9.875888410937279 -4.51583575094137
    vertex -14.75 8.666666666666659 -6
    vertex -14.75 8.296107235469723 -4.65701717240857
  endloop
endfacet
facet normal -1 0 0
  outer loop
    vertex -14.75 9.505328979740344 -3.172852923349939
    vertex -14.75 8.296107235469723 -4.65701717240857
    vertex -14.75 7.925547804272787 -3.31403434481714
  endloop
endfacet
facet normal -1 0 0
  outer loop
    vertex -14.75 19.43440131662382 2.177339977819789
    vertex -14.75 20.55053399164526 4.088669988909896
    vertex -14.75 21.23477023239723 2.656314805280097
  endloop
endfacet
facet normal -1 0 0
  outer loop
    vertex -14.75 20.55053399164526 4.088669988909896
    vertex -14.75 22.35090290741867 4.567644816370201
    vertex -14.75 21.23477023239723 2.656314805280097
  endloop
endfacet
facet normal -1 0 0
  outer loop
    vertex -14.75 20.55053399164526 4.088669988909896
    vertex -14.75 21.6666666666667 6
    vertex -14.75 22.35090290741867 4.567644816370201
  endloop
endfacet
facet normal -1 0 0
  outer loop
    vertex -14.75 21.23477023239723 2.656314805280097
    vertex -14.75 22.35090290741867 4.567644816370201
    vertex -14.75 23.03513914817064 3.135289632740403
  endloop
endfacet
facet normal -1 0 0
  outer loop
    vertex -14.75 15.20487441347214 -2.663396049183775
    vertex -14.75 14.10243720673607 -4.331698024591887
    vertex -14.75 13.14499228434002 -2.847533775533257
  endloop
endfacet
facet normal -1 -0 0
  outer loop
    vertex -14.75 14.10243720673607 -4.331698024591887
    vertex -14.75 12.04255507760395 -4.51583575094137
    vertex -14.75 13.14499228434002 -2.847533775533257
  endloop
endfacet
facet normal -1 0 0
  outer loop
    vertex -14.75 14.10243720673607 -4.331698024591887
    vertex -14.75 13 -6
    vertex -14.75 12.04255507760395 -4.51583575094137
  endloop
endfacet
facet normal -1 0 0
  outer loop
    vertex -14.75 13.14499228434002 -2.847533775533257
    vertex -14.75 12.04255507760395 -4.51583575094137
    vertex -14.75 11.0851101552079 -3.031671501882739
  endloop
endfacet
facet normal -1 0 0
  outer loop
    vertex -14.75 21.6666666666667 -6
    vertex -14.75 20.57334498181427 -4.111177440596613
    vertex -14.75 22.35090290741867 -4.567644816370201
  endloop
endfacet
facet normal -1 0 0
  outer loop
    vertex -14.75 20.57334498181427 -4.111177440596613
    vertex -14.75 21.25758122256624 -2.678822256966814
    vertex -14.75 22.35090290741867 -4.567644816370201
  endloop
endfacet
facet normal -1 0 0
  outer loop
    vertex -14.75 20.57334498181427 -4.111177440596613
    vertex -14.75 19.48002329696185 -2.222354881193226
    vertex -14.75 21.25758122256624 -2.678822256966814
  endloop
endfacet
facet normal -1 0 0
  outer loop
    vertex -14.75 22.35090290741867 -4.567644816370201
    vertex -14.75 21.25758122256624 -2.678822256966814
    vertex -14.75 23.03513914817064 -3.135289632740402
  endloop
endfacet
facet normal -1 0 0
  outer loop
    vertex -14.75 5.431460033776446 -1.545568527143679
    vertex -14.75 7.081256316922468 -0.9052010274797819
    vertex -14.75 6.678503919024616 -2.429801435980409
  endloop
endfacet
facet normal -1 0 -0
  outer loop
    vertex -14.75 7.081256316922468 -0.9052010274797819
    vertex -14.75 8.328300202170638 -1.789433936316511
    vertex -14.75 6.678503919024616 -2.429801435980409
  endloop
endfacet
facet normal -1 0 0
  outer loop
    vertex -14.75 7.081256316922468 -0.9052010274797819
    vertex -14.75 8.731052600068491 -0.2648335278158838
    vertex -14.75 8.328300202170638 -1.789433936316511
  endloop
endfacet
facet normal -1 0 0
  outer loop
    vertex -14.75 6.678503919024616 -2.429801435980409
    vertex -14.75 8.328300202170638 -1.789433936316511
    vertex -14.75 7.925547804272787 -3.31403434481714
  endloop
endfacet
facet normal -1 0 0
  outer loop
    vertex -14.75 8.666666666666659 -6
    vertex -14.75 6.926525030615164 -4.912285171578445
    vertex -14.75 8.296107235469723 -4.65701717240857
  endloop
endfacet
facet normal -1 0 0
  outer loop
    vertex -14.75 6.926525030615164 -4.912285171578445
    vertex -14.75 6.555965599418228 -3.569302343987014
    vertex -14.75 8.296107235469723 -4.65701717240857
  endloop
endfacet
facet normal -1 0 0
  outer loop
    vertex -14.75 6.926525030615164 -4.912285171578445
    vertex -14.75 5.186383394563668 -3.824570343156889
    vertex -14.75 6.555965599418228 -3.569302343987014
  endloop
endfacet
facet normal -1 0 0
  outer loop
    vertex -14.75 8.296107235469723 -4.65701717240857
    vertex -14.75 6.555965599418228 -3.569302343987014
    vertex -14.75 7.925547804272787 -3.31403434481714
  endloop
endfacet
facet normal -1 0 0
  outer loop
    vertex -14.75 4.333333333333331 -6
    vertex -14.75 3.291666666666666 -5.149519052838329
    vertex -14.75 4.759858363948499 -4.912285171578445
  endloop
endfacet
facet normal -1 0 0
  outer loop
    vertex -14.75 3.291666666666666 -5.149519052838329
    vertex -14.75 3.718191697281834 -4.061804224416774
    vertex -14.75 4.759858363948499 -4.912285171578445
  endloop
endfacet
facet normal -1 0 0
  outer loop
    vertex -14.75 3.291666666666666 -5.149519052838329
    vertex -14.75 2.25 -4.299038105676658
    vertex -14.75 3.718191697281834 -4.061804224416774
  endloop
endfacet
facet normal -1 0 0
  outer loop
    vertex -14.75 4.759858363948499 -4.912285171578445
    vertex -14.75 3.718191697281834 -4.061804224416774
    vertex -14.75 5.186383394563668 -3.824570343156889
  endloop
endfacet
facet normal -1 0 0
  outer loop
    vertex -14.75 22.53589838486225 -1.77635683940025e-15
    vertex -14.75 20.98514985074303 1.088669988909894
    vertex -14.75 22.78551876651645 1.5676448163702
  endloop
endfacet
facet normal -1 0 0
  outer loop
    vertex -14.75 20.98514985074303 1.088669988909894
    vertex -14.75 21.23477023239723 2.656314805280097
    vertex -14.75 22.78551876651645 1.5676448163702
  endloop
endfacet
facet normal -1 0 0
  outer loop
    vertex -14.75 20.98514985074303 1.088669988909894
    vertex -14.75 19.43440131662382 2.177339977819789
    vertex -14.75 21.23477023239723 2.656314805280097
  endloop
endfacet
facet normal -1 0 0
  outer loop
    vertex -14.75 22.78551876651645 1.5676448163702
    vertex -14.75 21.23477023239723 2.656314805280097
    vertex -14.75 23.03513914817064 3.135289632740403
  endloop
endfacet
facet normal -1 0 0
  outer loop
    vertex -14.75 19.48002329696185 -2.222354881193226
    vertex -14.75 21.00796084091205 -1.111177440596614
    vertex -14.75 21.25758122256624 -2.678822256966814
  endloop
endfacet
facet normal -1 0 0
  outer loop
    vertex -14.75 21.00796084091205 -1.111177440596614
    vertex -14.75 22.78551876651645 -1.567644816370201
    vertex -14.75 21.25758122256624 -2.678822256966814
  endloop
endfacet
facet normal -1 0 0
  outer loop
    vertex -14.75 21.00796084091205 -1.111177440596614
    vertex -14.75 22.53589838486225 -1.77635683940025e-15
    vertex -14.75 22.78551876651645 -1.567644816370201
  endloop
endfacet
facet normal -1 0 0
  outer loop
    vertex -14.75 21.25758122256624 -2.678822256966814
    vertex -14.75 22.78551876651645 -1.567644816370201
    vertex -14.75 23.03513914817064 -3.135289632740402
  endloop
endfacet
facet normal -1 0 0
  outer loop
    vertex -14.75 10.87155741952409 2.570091138277622
    vertex -14.75 12.97586713703148 2.504400675741802
    vertex -14.75 11.93671124682817 1.260157596900306
  endloop
endfacet
facet normal -1 0 -0
  outer loop
    vertex -14.75 12.97586713703148 2.504400675741802
    vertex -14.75 14.04102096433557 1.194467134364487
    vertex -14.75 11.93671124682817 1.260157596900306
  endloop
endfacet
facet normal -1 0 0
  outer loop
    vertex -14.75 12.97586713703148 2.504400675741802
    vertex -14.75 15.08017685453888 2.438710213205985
    vertex -14.75 14.04102096433557 1.194467134364487
  endloop
endfacet
facet normal -1 0 0
  outer loop
    vertex -14.75 11.93671124682817 1.260157596900306
    vertex -14.75 14.04102096433557 1.194467134364487
    vertex -14.75 13.00186507413226 -0.04977594447701073
  endloop
endfacet
facet normal -1 0 0
  outer loop
    vertex -14.75 5.431460033776446 -1.545568527143679
    vertex -14.75 4.215730016888223 -0.7727842635718396
    vertex -14.75 5.198546250529086 -0.05611787686536029
  endloop
endfacet
facet normal -1 0 0
  outer loop
    vertex -14.75 4.215730016888223 -0.7727842635718396
    vertex -14.75 3.982816233640862 0.7166663867064793
    vertex -14.75 5.198546250529086 -0.05611787686536029
  endloop
endfacet
facet normal -1 0 0
  outer loop
    vertex -14.75 4.215730016888223 -0.7727842635718396
    vertex -14.75 3 2.220446049250313e-16
    vertex -14.75 3.982816233640862 0.7166663867064793
  endloop
endfacet
facet normal -1 0 0
  outer loop
    vertex -14.75 5.198546250529086 -0.05611787686536029
    vertex -14.75 3.982816233640862 0.7166663867064793
    vertex -14.75 4.965632467281725 1.433332773412959
  endloop
endfacet
facet normal -1 0 0
  outer loop
    vertex -14.75 1.5 -3
    vertex -14.75 2.25 -3
    vertex -14.75 1.875 -3.649519052838329
  endloop
endfacet
facet normal -1 0 -0
  outer loop
    vertex -14.75 2.25 -3
    vertex -14.75 2.625 -3.649519052838329
    vertex -14.75 1.875 -3.649519052838329
  endloop
endfacet
facet normal -1 0 0
  outer loop
    vertex -14.75 2.25 -3
    vertex -14.75 3 -3
    vertex -14.75 2.625 -3.649519052838329
  endloop
endfacet
facet normal -1 0 0
  outer loop
    vertex -14.75 1.875 -3.649519052838329
    vertex -14.75 2.625 -3.649519052838329
    vertex -14.75 2.25 -4.299038105676658
  endloop
endfacet
facet normal -1 0 0
  outer loop
    vertex -14.75 3 3
    vertex -14.75 2.25 3
    vertex -14.75 2.625 3.649519052838329
  endloop
endfacet
facet normal -1 0 0
  outer loop
    vertex -14.75 2.25 3
    vertex -14.75 1.875 3.649519052838329
    vertex -14.75 2.625 3.649519052838329
  endloop
endfacet
facet normal -1 0 0
  outer loop
    vertex -14.75 2.25 3
    vertex -14.75 1.5 3
    vertex -14.75 1.875 3.649519052838329
  endloop
endfacet
facet normal -1 0 0
  outer loop
    vertex -14.75 2.625 3.649519052838329
    vertex -14.75 1.875 3.649519052838329
    vertex -14.75 2.25 4.299038105676658
  endloop
endfacet
facet normal -1 0 0
  outer loop
    vertex -14.75 15.20487441347214 -2.663396049183775
    vertex -14.75 14.1033697438022 -1.356585996830393
    vertex -14.75 16.17736211453812 -1.299267256715982
  endloop
endfacet
facet normal -1 0 0
  outer loop
    vertex -14.75 14.1033697438022 -1.356585996830393
    vertex -14.75 15.07585744486818 0.007542795637399458
    vertex -14.75 16.17736211453812 -1.299267256715982
  endloop
endfacet
facet normal -1 0 0
  outer loop
    vertex -14.75 14.1033697438022 -1.356585996830393
    vertex -14.75 13.00186507413226 -0.04977594447701073
    vertex -14.75 15.07585744486818 0.007542795637399458
  endloop
endfacet
facet normal -1 0 0
  outer loop
    vertex -14.75 16.17736211453812 -1.299267256715982
    vertex -14.75 15.07585744486818 0.007542795637399458
    vertex -14.75 17.14984981560409 0.06486153575180964
  endloop
endfacet
facet normal -1 0 0
  outer loop
    vertex -14.75 13.00186507413226 -0.04977594447701073
    vertex -14.75 14.04102096433557 1.194467134364487
    vertex -14.75 15.07585744486818 0.007542795637399458
  endloop
endfacet
facet normal -1 0 0
  outer loop
    vertex -14.75 14.04102096433557 1.194467134364487
    vertex -14.75 16.11501333507148 1.251785874478897
    vertex -14.75 15.07585744486818 0.007542795637399458
  endloop
endfacet
facet normal -1 0 0
  outer loop
    vertex -14.75 14.04102096433557 1.194467134364487
    vertex -14.75 15.08017685453888 2.438710213205985
    vertex -14.75 16.11501333507148 1.251785874478897
  endloop
endfacet
facet normal -1 0 0
  outer loop
    vertex -14.75 15.07585744486818 0.007542795637399458
    vertex -14.75 16.11501333507148 1.251785874478897
    vertex -14.75 17.14984981560409 0.06486153575180964
  endloop
endfacet
facet normal -1 -0 0
  outer loop
    vertex -14.75 26 1.999999999999993
    vertex -14.75 24.26794919243113 0.9999999999999956
    vertex -14.75 24.51756957408532 2.567644816370198
  endloop
endfacet
facet normal -1 0 0
  outer loop
    vertex -14.75 24.26794919243113 0.9999999999999956
    vertex -14.75 22.78551876651645 1.5676448163702
    vertex -14.75 24.51756957408532 2.567644816370198
  endloop
endfacet
facet normal -1 -0 0
  outer loop
    vertex -14.75 24.26794919243113 0.9999999999999956
    vertex -14.75 22.53589838486225 -1.77635683940025e-15
    vertex -14.75 22.78551876651645 1.5676448163702
  endloop
endfacet
facet normal -1 -0 0
  outer loop
    vertex -14.75 24.51756957408532 2.567644816370198
    vertex -14.75 22.78551876651645 1.5676448163702
    vertex -14.75 23.03513914817064 3.135289632740403
  endloop
endfacet
facet normal -1 0 0
  outer loop
    vertex -14.75 22.53589838486225 -1.77635683940025e-15
    vertex -14.75 24.26794919243113 -1
    vertex -14.75 22.78551876651645 -1.567644816370201
  endloop
endfacet
facet normal -1 0 -0
  outer loop
    vertex -14.75 24.26794919243113 -1
    vertex -14.75 24.51756957408532 -2.5676448163702
    vertex -14.75 22.78551876651645 -1.567644816370201
  endloop
endfacet
facet normal -1 0 0
  outer loop
    vertex -14.75 24.26794919243113 -1
    vertex -14.75 26 -1.999999999999998
    vertex -14.75 24.51756957408532 -2.5676448163702
  endloop
endfacet
facet normal -1 0 0
  outer loop
    vertex -14.75 22.78551876651645 -1.567644816370201
    vertex -14.75 24.51756957408532 -2.5676448163702
    vertex -14.75 23.03513914817064 -3.135289632740402
  endloop
endfacet
facet normal -1 0 -0
  outer loop
    vertex -14.75 8.731052600068491 -0.2648335278158838
    vertex -14.75 9.908081377638196 -1.648252514849311
    vertex -14.75 8.328300202170638 -1.789433936316511
  endloop
endfacet
facet normal -1 0 0
  outer loop
    vertex -14.75 9.908081377638196 -1.648252514849311
    vertex -14.75 9.505328979740344 -3.172852923349939
    vertex -14.75 8.328300202170638 -1.789433936316511
  endloop
endfacet
facet normal -1 0 -0
  outer loop
    vertex -14.75 9.908081377638196 -1.648252514849311
    vertex -14.75 11.0851101552079 -3.031671501882739
    vertex -14.75 9.505328979740344 -3.172852923349939
  endloop
endfacet
facet normal -1 0 -0
  outer loop
    vertex -14.75 8.328300202170638 -1.789433936316511
    vertex -14.75 9.505328979740344 -3.172852923349939
    vertex -14.75 7.925547804272787 -3.31403434481714
  endloop
endfacet
facet normal -1 0 0
  outer loop
    vertex -14.75 3 -3
    vertex -14.75 4.215730016888223 -2.27278426357184
    vertex -14.75 4.093191697281834 -3.412285171578445
  endloop
endfacet
facet normal -1 0 -0
  outer loop
    vertex -14.75 4.215730016888223 -2.27278426357184
    vertex -14.75 5.308921714170057 -2.685069435150284
    vertex -14.75 4.093191697281834 -3.412285171578445
  endloop
endfacet
facet normal -1 0 0
  outer loop
    vertex -14.75 4.215730016888223 -2.27278426357184
    vertex -14.75 5.431460033776446 -1.545568527143679
    vertex -14.75 5.308921714170057 -2.685069435150284
  endloop
endfacet
facet normal -1 0 0
  outer loop
    vertex -14.75 4.093191697281834 -3.412285171578445
    vertex -14.75 5.308921714170057 -2.685069435150284
    vertex -14.75 5.186383394563668 -3.824570343156889
  endloop
endfacet
facet normal -1 -0 0
  outer loop
    vertex -14.75 19.48002329696185 -2.222354881193226
    vertex -14.75 17.342448855217 -2.442875465188501
    vertex -14.75 18.31493655628297 -1.078746672720708
  endloop
endfacet
facet normal -1 0 0
  outer loop
    vertex -14.75 17.342448855217 -2.442875465188501
    vertex -14.75 16.17736211453812 -1.299267256715982
    vertex -14.75 18.31493655628297 -1.078746672720708
  endloop
endfacet
facet normal -1 -0 0
  outer loop
    vertex -14.75 17.342448855217 -2.442875465188501
    vertex -14.75 15.20487441347214 -2.663396049183775
    vertex -14.75 16.17736211453812 -1.299267256715982
  endloop
endfacet
facet normal -1 -0 0
  outer loop
    vertex -14.75 18.31493655628297 -1.078746672720708
    vertex -14.75 16.17736211453812 -1.299267256715982
    vertex -14.75 17.14984981560409 0.06486153575180964
  endloop
endfacet
facet normal -1 0 0
  outer loop
    vertex -14.75 15.08017685453888 2.438710213205985
    vertex -14.75 17.25728908558135 2.308025095512887
    vertex -14.75 16.11501333507148 1.251785874478897
  endloop
endfacet
facet normal -1 0 -0
  outer loop
    vertex -14.75 17.25728908558135 2.308025095512887
    vertex -14.75 18.29212556611395 1.1211007567858
    vertex -14.75 16.11501333507148 1.251785874478897
  endloop
endfacet
facet normal -1 0 0
  outer loop
    vertex -14.75 17.25728908558135 2.308025095512887
    vertex -14.75 19.43440131662382 2.177339977819789
    vertex -14.75 18.29212556611395 1.1211007567858
  endloop
endfacet
facet normal -1 0 0
  outer loop
    vertex -14.75 16.11501333507148 1.251785874478897
    vertex -14.75 18.29212556611395 1.1211007567858
    vertex -14.75 17.14984981560409 0.06486153575180964
  endloop
endfacet
facet normal -1 0 0
  outer loop
    vertex -14.75 5.186383394563668 -3.824570343156889
    vertex -14.75 5.308921714170057 -2.685069435150284
    vertex -14.75 6.555965599418228 -3.569302343987014
  endloop
endfacet
facet normal -1 0 0
  outer loop
    vertex -14.75 5.308921714170057 -2.685069435150284
    vertex -14.75 6.678503919024616 -2.429801435980409
    vertex -14.75 6.555965599418228 -3.569302343987014
  endloop
endfacet
facet normal -1 0 0
  outer loop
    vertex -14.75 5.308921714170057 -2.685069435150284
    vertex -14.75 5.431460033776446 -1.545568527143679
    vertex -14.75 6.678503919024616 -2.429801435980409
  endloop
endfacet
facet normal -1 0 0
  outer loop
    vertex -14.75 6.555965599418228 -3.569302343987014
    vertex -14.75 6.678503919024616 -2.429801435980409
    vertex -14.75 7.925547804272787 -3.31403434481714
  endloop
endfacet
facet normal -1 -0 0
  outer loop
    vertex -14.75 7.617704524178362 2.61817230206808
    vertex -14.75 6.291668495730043 2.025752537740519
    vertex -14.75 6.37829701137752 3.254964749463849
  endloop
endfacet
facet normal -1 0 0
  outer loop
    vertex -14.75 6.291668495730043 2.025752537740519
    vertex -14.75 5.052260982929202 2.662544985136286
    vertex -14.75 6.37829701137752 3.254964749463849
  endloop
endfacet
facet normal -1 -0 0
  outer loop
    vertex -14.75 6.291668495730043 2.025752537740519
    vertex -14.75 4.965632467281725 1.433332773412959
    vertex -14.75 5.052260982929202 2.662544985136286
  endloop
endfacet
facet normal -1 -0 0
  outer loop
    vertex -14.75 6.37829701137752 3.254964749463849
    vertex -14.75 5.052260982929202 2.662544985136286
    vertex -14.75 5.138889498576678 3.891757196859615
  endloop
endfacet
facet normal -1 -0 0
  outer loop
    vertex -14.75 15.20487441347214 -2.663396049183775
    vertex -14.75 13.14499228434002 -2.847533775533257
    vertex -14.75 14.1033697438022 -1.356585996830393
  endloop
endfacet
facet normal -1 0 0
  outer loop
    vertex -14.75 13.14499228434002 -2.847533775533257
    vertex -14.75 12.04348761467008 -1.540723723179875
    vertex -14.75 14.1033697438022 -1.356585996830393
  endloop
endfacet
facet normal -1 -0 0
  outer loop
    vertex -14.75 13.14499228434002 -2.847533775533257
    vertex -14.75 11.0851101552079 -3.031671501882739
    vertex -14.75 12.04348761467008 -1.540723723179875
  endloop
endfacet
facet normal -1 -0 0
  outer loop
    vertex -14.75 14.1033697438022 -1.356585996830393
    vertex -14.75 12.04348761467008 -1.540723723179875
    vertex -14.75 13.00186507413226 -0.04977594447701073
  endloop
endfacet
facet normal -1 0 0
  outer loop
    vertex -14.75 4.333333333333331 -6
    vertex -14.75 2.166666666666666 -6
    vertex -14.75 3.291666666666666 -5.149519052838329
  endloop
endfacet
facet normal -1 0 0
  outer loop
    vertex -14.75 2.166666666666666 -6
    vertex -14.75 1.125 -5.149519052838329
    vertex -14.75 3.291666666666666 -5.149519052838329
  endloop
endfacet
facet normal -1 0 0
  outer loop
    vertex -14.75 2.166666666666666 -6
    vertex -14.75 0 -6
    vertex -14.75 1.125 -5.149519052838329
  endloop
endfacet
facet normal -1 0 0
  outer loop
    vertex -14.75 3.291666666666666 -5.149519052838329
    vertex -14.75 1.125 -5.149519052838329
    vertex -14.75 2.25 -4.299038105676658
  endloop
endfacet
facet normal -1 0 0
  outer loop
    vertex -14.75 0 -6
    vertex -14.75 0 -4.5
    vertex -14.75 1.125 -5.149519052838329
  endloop
endfacet
facet normal -1 0 0
  outer loop
    vertex -14.75 0 -4.5
    vertex -14.75 1.125 -3.649519052838329
    vertex -14.75 1.125 -5.149519052838329
  endloop
endfacet
facet normal -1 0 0
  outer loop
    vertex -14.75 0 -4.5
    vertex -14.75 0 -3
    vertex -14.75 1.125 -3.649519052838329
  endloop
endfacet
facet normal -1 0 0
  outer loop
    vertex -14.75 1.125 -5.149519052838329
    vertex -14.75 1.125 -3.649519052838329
    vertex -14.75 2.25 -4.299038105676658
  endloop
endfacet
facet normal -1 0 0
  outer loop
    vertex -14.75 0 -3
    vertex -14.75 0.75 -3
    vertex -14.75 1.125 -3.649519052838329
  endloop
endfacet
facet normal -1 0 0
  outer loop
    vertex -14.75 0.75 -3
    vertex -14.75 1.875 -3.649519052838329
    vertex -14.75 1.125 -3.649519052838329
  endloop
endfacet
facet normal -1 0 0
  outer loop
    vertex -14.75 0.75 -3
    vertex -14.75 1.5 -3
    vertex -14.75 1.875 -3.649519052838329
  endloop
endfacet
facet normal -1 0 0
  outer loop
    vertex -14.75 1.125 -3.649519052838329
    vertex -14.75 1.875 -3.649519052838329
    vertex -14.75 2.25 -4.299038105676658
  endloop
endfacet
facet normal -1 0 0
  outer loop
    vertex -14.75 0 3
    vertex -14.75 0 4.5
    vertex -14.75 1.125 3.649519052838329
  endloop
endfacet
facet normal -1 0 0
  outer loop
    vertex -14.75 0 4.5
    vertex -14.75 1.125 5.149519052838329
    vertex -14.75 1.125 3.649519052838329
  endloop
endfacet
facet normal -1 0 0
  outer loop
    vertex -14.75 0 4.5
    vertex -14.75 0 6
    vertex -14.75 1.125 5.149519052838329
  endloop
endfacet
facet normal -1 0 0
  outer loop
    vertex -14.75 1.125 3.649519052838329
    vertex -14.75 1.125 5.149519052838329
    vertex -14.75 2.25 4.299038105676658
  endloop
endfacet
facet normal -1 0 0
  outer loop
    vertex -14.75 1.5 3
    vertex -14.75 0.75 3
    vertex -14.75 1.875 3.649519052838329
  endloop
endfacet
facet normal -1 0 0
  outer loop
    vertex -14.75 0.75 3
    vertex -14.75 1.125 3.649519052838329
    vertex -14.75 1.875 3.649519052838329
  endloop
endfacet
facet normal -1 0 0
  outer loop
    vertex -14.75 0.75 3
    vertex -14.75 0 3
    vertex -14.75 1.125 3.649519052838329
  endloop
endfacet
facet normal -1 0 0
  outer loop
    vertex -14.75 1.875 3.649519052838329
    vertex -14.75 1.125 3.649519052838329
    vertex -14.75 2.25 4.299038105676658
  endloop
endfacet
facet normal -1 0 0
  outer loop
    vertex -14.75 0 6
    vertex -14.75 2.166666666666666 6
    vertex -14.75 1.125 5.149519052838329
  endloop
endfacet
facet normal -1 0 -0
  outer loop
    vertex -14.75 2.166666666666666 6
    vertex -14.75 3.291666666666666 5.149519052838329
    vertex -14.75 1.125 5.149519052838329
  endloop
endfacet
facet normal -1 0 0
  outer loop
    vertex -14.75 2.166666666666666 6
    vertex -14.75 4.333333333333331 6
    vertex -14.75 3.291666666666666 5.149519052838329
  endloop
endfacet
facet normal -1 0 0
  outer loop
    vertex -14.75 1.125 5.149519052838329
    vertex -14.75 3.291666666666666 5.149519052838329
    vertex -14.75 2.25 4.299038105676658
  endloop
endfacet
facet normal 0 -1 0
  outer loop
    vertex -20.75 0 -3
    vertex -19.25 0 -3
    vertex -20.04597979299076 0 -2.295979802207067
  endloop
endfacet
facet normal 0 -1 0
  outer loop
    vertex -19.25 0 -3
    vertex -18.54597979299076 0 -2.295979802207067
    vertex -20.04597979299076 0 -2.295979802207067
  endloop
endfacet
facet normal 0 -1 0
  outer loop
    vertex -19.25 0 -3
    vertex -17.75 0 -3
    vertex -18.54597979299076 0 -2.295979802207067
  endloop
endfacet
facet normal 0 -1 0
  outer loop
    vertex -20.04597979299076 0 -2.295979802207067
    vertex -18.54597979299076 0 -2.295979802207067
    vertex -19.34195958598153 0 -1.591959604414134
  endloop
endfacet
facet normal 0 -1 0
  outer loop
    vertex -20.75 0 3
    vertex -20.75 0 1.5
    vertex -20.04597979735554 0 2.295979789837023
  endloop
endfacet
facet normal 0 -1 0
  outer loop
    vertex -20.75 0 1.5
    vertex -20.04597979735554 0 0.7959797898370224
    vertex -20.04597979735554 0 2.295979789837023
  endloop
endfacet
facet normal 0 -1 0
  outer loop
    vertex -20.75 0 1.5
    vertex -20.75 0 2.220446049250313e-16
    vertex -20.04597979735554 0 0.7959797898370224
  endloop
endfacet
facet normal 0 -1 0
  outer loop
    vertex -20.04597979735554 0 2.295979789837023
    vertex -20.04597979735554 0 0.7959797898370224
    vertex -19.34195959471108 0 1.591959579674045
  endloop
endfacet
facet normal -0 -1 0
  outer loop
    vertex -17.75 0 3
    vertex -19.25 0 3
    vertex -18.54597979735554 0 2.295979789837023
  endloop
endfacet
facet normal 0 -1 -0
  outer loop
    vertex -19.25 0 3
    vertex -20.04597979735554 0 2.295979789837023
    vertex -18.54597979735554 0 2.295979789837023
  endloop
endfacet
facet normal -0 -1 0
  outer loop
    vertex -19.25 0 3
    vertex -20.75 0 3
    vertex -20.04597979735554 0 2.295979789837023
  endloop
endfacet
facet normal -0 -1 0
  outer loop
    vertex -18.54597979735554 0 2.295979789837023
    vertex -20.04597979735554 0 2.295979789837023
    vertex -19.34195959471108 0 1.591959579674045
  endloop
endfacet
facet normal 0 -1 0
  outer loop
    vertex -20.75 0 2.220446049250313e-16
    vertex -20.75 0 -1.5
    vertex -20.04597979299076 0 -0.795979802207067
  endloop
endfacet
facet normal 0 -1 0
  outer loop
    vertex -20.75 0 -1.5
    vertex -20.04597979299076 0 -2.295979802207067
    vertex -20.04597979299076 0 -0.795979802207067
  endloop
endfacet
facet normal 0 -1 0
  outer loop
    vertex -20.75 0 -1.5
    vertex -20.75 0 -3
    vertex -20.04597979299076 0 -2.295979802207067
  endloop
endfacet
facet normal 0 -1 0
  outer loop
    vertex -20.04597979299076 0 -0.795979802207067
    vertex -20.04597979299076 0 -2.295979802207067
    vertex -19.34195958598153 0 -1.591959604414134
  endloop
endfacet
facet normal 0 -1 0
  outer loop
    vertex -12.57545328898771 0 1.324184782370846
    vertex -11.56837415811998 0 1.618572722488677
    vertex -12.50745567084719 0 2.4810337001084
  endloop
endfacet
facet normal 0 -1 0
  outer loop
    vertex -11.56837415811998 0 1.618572722488677
    vertex -11.50037653997946 0 2.775421640226231
    vertex -12.50745567084719 0 2.4810337001084
  endloop
endfacet
facet normal 0 -1 0
  outer loop
    vertex -11.56837415811998 0 1.618572722488677
    vertex -10.56129502725226 0 1.912960662606507
    vertex -11.50037653997946 0 2.775421640226231
  endloop
endfacet
facet normal 0 -1 0
  outer loop
    vertex -12.50745567084719 0 2.4810337001084
    vertex -11.50037653997946 0 2.775421640226231
    vertex -12.43945805270666 0 3.637882617845953
  endloop
endfacet
facet normal -0 -1 0
  outer loop
    vertex -13.74988917937859 0 -0.5955465786797802
    vertex -14.89994458960077 0 -0.2977733118139945
    vertex -14.87751142571476 0 -1.141309015990012
  endloop
endfacet
facet normal 0 -1 -0
  outer loop
    vertex -14.89994458960077 0 -0.2977733118139945
    vertex -16.02756683593694 0 -0.8435357491242259
    vertex -14.87751142571476 0 -1.141309015990012
  endloop
endfacet
facet normal -0 -1 0
  outer loop
    vertex -14.89994458960077 0 -0.2977733118139945
    vertex -16.04999999982295 0 -4.494820828211676e-08
    vertex -16.02756683593694 0 -0.8435357491242259
  endloop
endfacet
facet normal -0 -1 0
  outer loop
    vertex -14.87751142571476 0 -1.141309015990012
    vertex -16.02756683593694 0 -0.8435357491242259
    vertex -16.00513367205094 0 -1.687071453300243
  endloop
endfacet
facet normal 0 -1 0
  outer loop
    vertex -14.75 0 -3
    vertex -13.25 0 -3
    vertex -14.24994458968929 0 -1.79777328933989
  endloop
endfacet
facet normal 0 -1 0
  outer loop
    vertex -13.25 0 -3
    vertex -12.74994458968929 0 -1.79777328933989
    vertex -14.24994458968929 0 -1.79777328933989
  endloop
endfacet
facet normal 0 -1 0
  outer loop
    vertex -13.25 0 -3
    vertex -11.75 0 -3
    vertex -12.74994458968929 0 -1.79777328933989
  endloop
endfacet
facet normal 0 -1 0
  outer loop
    vertex -14.24994458968929 0 -1.79777328933989
    vertex -12.74994458968929 0 -1.79777328933989
    vertex -13.74988917937859 0 -0.5955465786797802
  endloop
endfacet
facet normal -0 -1 -0
  outer loop
    vertex -19.45000000017705 0 -2.60561267735604e-08
    vertex -20.10000000008852 0 -1.302806396097367e-08
    vertex -19.39597979307929 0 -0.7959798152351301
  endloop
endfacet
facet normal 0 -1 0
  outer loop
    vertex -20.10000000008852 0 -1.302806396097367e-08
    vertex -20.04597979299076 0 -0.795979802207067
    vertex -19.39597979307929 0 -0.7959798152351301
  endloop
endfacet
facet normal -0 -1 -0
  outer loop
    vertex -20.10000000008852 0 -1.302806396097367e-08
    vertex -20.75 0 2.220446049250313e-16
    vertex -20.04597979299076 0 -0.795979802207067
  endloop
endfacet
facet normal -0 -1 -0
  outer loop
    vertex -19.39597979307929 0 -0.7959798152351301
    vertex -20.04597979299076 0 -0.795979802207067
    vertex -19.34195958598153 0 -1.591959604414134
  endloop
endfacet
facet normal 3.02141e-16 -1 -3.41607e-16
  outer loop
    vertex -17.75 2.220446049250313e-16 1.7
    vertex -17.75 0 2.35
    vertex -18.54597979735554 0 1.645979789837023
  endloop
endfacet
facet normal 0 -1 0
  outer loop
    vertex -17.75 0 2.35
    vertex -18.54597979735554 0 2.295979789837023
    vertex -18.54597979735554 0 1.645979789837023
  endloop
endfacet
facet normal -0 -1 0
  outer loop
    vertex -17.75 0 2.35
    vertex -17.75 0 3
    vertex -18.54597979735554 0 2.295979789837023
  endloop
endfacet
facet normal -0 -1 0
  outer loop
    vertex -18.54597979735554 0 1.645979789837023
    vertex -18.54597979735554 0 2.295979789837023
    vertex -19.34195959471108 0 1.591959579674045
  endloop
endfacet
facet normal 0 -1 0
  outer loop
    vertex -20.75 0 2.220446049250313e-16
    vertex -20.10000000008852 0 -1.302806396097367e-08
    vertex -20.04597979735554 0 0.7959797898370224
  endloop
endfacet
facet normal 0 -1 0
  outer loop
    vertex -20.10000000008852 0 -1.302806396097367e-08
    vertex -19.39597979744406 0 0.7959797768089594
    vertex -20.04597979735554 0 0.7959797898370224
  endloop
endfacet
facet normal 0 -1 0
  outer loop
    vertex -20.10000000008852 0 -1.302806396097367e-08
    vertex -19.45000000017705 0 -2.60561267735604e-08
    vertex -19.39597979744406 0 0.7959797768089594
  endloop
endfacet
facet normal 0 -1 0
  outer loop
    vertex -20.04597979735554 0 0.7959797898370224
    vertex -19.39597979744406 0 0.7959797768089594
    vertex -19.34195959471108 0 1.591959579674045
  endloop
endfacet
facet normal 0 -1 0
  outer loop
    vertex -17.75 0 -3
    vertex -17.74999999701788 0 -2.35
    vertex -18.54597979299076 0 -2.295979802207067
  endloop
endfacet
facet normal 0 -1 0
  outer loop
    vertex -17.74999999701788 0 -2.35
    vertex -18.54597979000865 0 -1.645979802207067
    vertex -18.54597979299076 0 -2.295979802207067
  endloop
endfacet
facet normal 0 -1 0
  outer loop
    vertex -17.74999999701788 0 -2.35
    vertex -17.74999999403577 0 -1.7
    vertex -18.54597979000865 0 -1.645979802207067
  endloop
endfacet
facet normal 0 -1 0
  outer loop
    vertex -18.54597979299076 0 -2.295979802207067
    vertex -18.54597979000865 0 -1.645979802207067
    vertex -19.34195958598153 0 -1.591959604414134
  endloop
endfacet
facet normal 0 -1 0
  outer loop
    vertex -17.75 0 -3
    vertex -16.25 0 -3
    vertex -16.87756683602547 0 -2.343535726650122
  endloop
endfacet
facet normal 0 -1 0
  outer loop
    vertex -16.25 0 -3
    vertex -15.37756683602547 0 -2.343535726650122
    vertex -16.87756683602547 0 -2.343535726650122
  endloop
endfacet
facet normal 0 -1 0
  outer loop
    vertex -16.25 0 -3
    vertex -14.75 0 -3
    vertex -15.37756683602547 0 -2.343535726650122
  endloop
endfacet
facet normal 0 -1 0
  outer loop
    vertex -16.87756683602547 0 -2.343535726650122
    vertex -15.37756683602547 0 -2.343535726650122
    vertex -16.00513367205094 0 -1.687071453300243
  endloop
endfacet
facet normal -0 -1 0
  outer loop
    vertex -14.75 0 3
    vertex -16.25 0 3
    vertex -15.43603413555542 0 2.396808965680744
  endloop
endfacet
facet normal 0 -1 -0
  outer loop
    vertex -16.25 0 3
    vertex -16.93603413555542 0 2.396808965680744
    vertex -15.43603413555542 0 2.396808965680744
  endloop
endfacet
facet normal -0 -1 0
  outer loop
    vertex -16.25 0 3
    vertex -17.75 0 3
    vertex -16.93603413555542 0 2.396808965680744
  endloop
endfacet
facet normal -0 -1 0
  outer loop
    vertex -15.43603413555542 0 2.396808965680744
    vertex -16.93603413555542 0 2.396808965680744
    vertex -16.12206827111083 0 1.79361793136149
  endloop
endfacet
facet normal 0 -1 0
  outer loop
    vertex -8.75 0 -6
    vertex -8.75 0 -5.25
    vertex -9.625 0 -5.25
  endloop
endfacet
facet normal 0 -1 0
  outer loop
    vertex -8.75 0 -5.25
    vertex -9.625 0 -4.5
    vertex -9.625 0 -5.25
  endloop
endfacet
facet normal 0 -1 0
  outer loop
    vertex -8.75 0 -5.25
    vertex -8.75 0 -4.5
    vertex -9.625 0 -4.5
  endloop
endfacet
facet normal 0 -1 0
  outer loop
    vertex -9.625 0 -5.25
    vertex -9.625 0 -4.5
    vertex -10.5 0 -4.5
  endloop
endfacet
facet normal 0 -1 0
  outer loop
    vertex -8.75 0 -4.5
    vertex -8.75 0 -3.75
    vertex -9.625 0 -4.5
  endloop
endfacet
facet normal -0 -1 0
  outer loop
    vertex -8.75 0 -3.75
    vertex -9.625 0 -3.75
    vertex -9.625 0 -4.5
  endloop
endfacet
facet normal 0 -1 0
  outer loop
    vertex -8.75 0 -3.75
    vertex -8.75 0 -3
    vertex -9.625 0 -3.75
  endloop
endfacet
facet normal 0 -1 0
  outer loop
    vertex -9.625 0 -4.5
    vertex -9.625 0 -3.75
    vertex -10.5 0 -4.5
  endloop
endfacet
facet normal 0 -1 0
  outer loop
    vertex -14.75 0 -3
    vertex -14.24994458968929 0 -1.79777328933989
    vertex -15.37756683602547 0 -2.343535726650122
  endloop
endfacet
facet normal -0 -1 0
  outer loop
    vertex -14.24994458968929 0 -1.79777328933989
    vertex -14.87751142571476 0 -1.141309015990012
    vertex -15.37756683602547 0 -2.343535726650122
  endloop
endfacet
facet normal 0 -1 0
  outer loop
    vertex -14.24994458968929 0 -1.79777328933989
    vertex -13.74988917937859 0 -0.5955465786797802
    vertex -14.87751142571476 0 -1.141309015990012
  endloop
endfacet
facet normal 0 -1 0
  outer loop
    vertex -15.37756683602547 0 -2.343535726650122
    vertex -14.87751142571476 0 -1.141309015990012
    vertex -16.00513367205094 0 -1.687071453300243
  endloop
endfacet
facet normal 0 -1 0
  outer loop
    vertex -11.75 0 -6
    vertex -10.25 0 -6
    vertex -11.125 0 -5.25
  endloop
endfacet
facet normal 0 -1 0
  outer loop
    vertex -10.25 0 -6
    vertex -9.625 0 -5.25
    vertex -11.125 0 -5.25
  endloop
endfacet
facet normal 0 -1 0
  outer loop
    vertex -10.25 0 -6
    vertex -8.75 0 -6
    vertex -9.625 0 -5.25
  endloop
endfacet
facet normal 0 -1 0
  outer loop
    vertex -11.125 0 -5.25
    vertex -9.625 0 -5.25
    vertex -10.5 0 -4.5
  endloop
endfacet
facet normal -0 -1 0
  outer loop
    vertex -8.75 0 -3
    vertex -10.25 0 -3
    vertex -9.625 0 -3.75
  endloop
endfacet
facet normal 0 -1 -0
  outer loop
    vertex -10.25 0 -3
    vertex -11.125 0 -3.75
    vertex -9.625 0 -3.75
  endloop
endfacet
facet normal -0 -1 0
  outer loop
    vertex -10.25 0 -3
    vertex -11.75 0 -3
    vertex -11.125 0 -3.75
  endloop
endfacet
facet normal -0 -1 0
  outer loop
    vertex -9.625 0 -3.75
    vertex -11.125 0 -3.75
    vertex -10.5 0 -4.5
  endloop
endfacet
facet normal 0 -1 0
  outer loop
    vertex -10.56129502725226 0 1.912960662606507
    vertex -10.40564751362613 0 2.751555462352439
    vertex -11.50037653997946 0 2.775421640226231
  endloop
endfacet
facet normal 0 -1 0
  outer loop
    vertex -10.40564751362613 0 2.751555462352439
    vertex -11.34472902635333 0 3.614016439972161
    vertex -11.50037653997946 0 2.775421640226231
  endloop
endfacet
facet normal 0 -1 0
  outer loop
    vertex -10.40564751362613 0 2.751555462352439
    vertex -10.25 0 3.590150262098371
    vertex -11.34472902635333 0 3.614016439972161
  endloop
endfacet
facet normal 0 -1 0
  outer loop
    vertex -11.50037653997946 0 2.775421640226231
    vertex -11.34472902635333 0 3.614016439972161
    vertex -12.43945805270666 0 3.637882617845953
  endloop
endfacet
facet normal 0 -1 0
  outer loop
    vertex -17.75 0 3
    vertex -17.75 0 2.35
    vertex -16.93603413555542 0 2.396808965680744
  endloop
endfacet
facet normal 0 -1 0
  outer loop
    vertex -17.75 0 2.35
    vertex -16.93603413555542 0 1.746808965680746
    vertex -16.93603413555542 0 2.396808965680744
  endloop
endfacet
facet normal -2.53149e-16 -1 -3.41607e-16
  outer loop
    vertex -17.75 0 2.35
    vertex -17.75 2.220446049250313e-16 1.7
    vertex -16.93603413555542 0 1.746808965680746
  endloop
endfacet
facet normal 0 -1 0
  outer loop
    vertex -16.93603413555542 0 2.396808965680744
    vertex -16.93603413555542 0 1.746808965680746
    vertex -16.12206827111083 0 1.79361793136149
  endloop
endfacet
facet normal 0 -1 -0
  outer loop
    vertex -17.74999999403577 0 -1.7
    vertex -17.74999999701788 0 -2.35
    vertex -16.87756683304335 0 -1.693535726650121
  endloop
endfacet
facet normal 0 -1 0
  outer loop
    vertex -17.74999999701788 0 -2.35
    vertex -16.87756683602547 0 -2.343535726650122
    vertex -16.87756683304335 0 -1.693535726650121
  endloop
endfacet
facet normal 0 -1 -0
  outer loop
    vertex -17.74999999701788 0 -2.35
    vertex -17.75 0 -3
    vertex -16.87756683602547 0 -2.343535726650122
  endloop
endfacet
facet normal 0 -1 -0
  outer loop
    vertex -16.87756683304335 0 -1.693535726650121
    vertex -16.87756683602547 0 -2.343535726650122
    vertex -16.00513367205094 0 -1.687071453300243
  endloop
endfacet
facet normal -0 -1 0
  outer loop
    vertex -12.57545328898771 0 1.324184782370846
    vertex -13.66272664449385 0 2.162092391185423
    vertex -13.61246771842386 0 1.214318000195858
  endloop
endfacet
facet normal 0 -1 -0
  outer loop
    vertex -13.66272664449385 0 2.162092391185423
    vertex -14.69974107393001 0 2.052225609010435
    vertex -13.61246771842386 0 1.214318000195858
  endloop
endfacet
facet normal -0 -1 0
  outer loop
    vertex -13.66272664449385 0 2.162092391185423
    vertex -14.75 0 3
    vertex -14.69974107393001 0 2.052225609010435
  endloop
endfacet
facet normal -0 -1 0
  outer loop
    vertex -13.61246771842386 0 1.214318000195858
    vertex -14.69974107393001 0 2.052225609010435
    vertex -14.64948214786002 0 1.10445121802087
  endloop
endfacet
facet normal 0 -1 0
  outer loop
    vertex -16.04999999982295 0 -4.494820828211676e-08
    vertex -14.89994458960077 0 -0.2977733118139945
    vertex -15.34974107384148 0 0.5522255865363306
  endloop
endfacet
facet normal 0 -1 0
  outer loop
    vertex -14.89994458960077 0 -0.2977733118139945
    vertex -14.1996856636193 0 0.2544523196705448
    vertex -15.34974107384148 0 0.5522255865363306
  endloop
endfacet
facet normal 0 -1 0
  outer loop
    vertex -14.89994458960077 0 -0.2977733118139945
    vertex -13.74988917937859 0 -0.5955465786797802
    vertex -14.1996856636193 0 0.2544523196705448
  endloop
endfacet
facet normal 0 -1 0
  outer loop
    vertex -15.34974107384148 0 0.5522255865363306
    vertex -14.1996856636193 0 0.2544523196705448
    vertex -14.64948214786002 0 1.10445121802087
  endloop
endfacet
facet normal -0 -1 0
  outer loop
    vertex -8.75 0 6
    vertex -10.25 0 6
    vertex -9.5 0 4.795075131049185
  endloop
endfacet
facet normal 0 -1 -0
  outer loop
    vertex -10.25 0 6
    vertex -11 0 4.795075131049185
    vertex -9.5 0 4.795075131049185
  endloop
endfacet
facet normal -0 -1 0
  outer loop
    vertex -10.25 0 6
    vertex -11.75 0 6
    vertex -11 0 4.795075131049185
  endloop
endfacet
facet normal -0 -1 0
  outer loop
    vertex -9.5 0 4.795075131049185
    vertex -11 0 4.795075131049185
    vertex -10.25 0 3.590150262098371
  endloop
endfacet
facet normal -2.62056e-16 -1 -1.86714e-16
  outer loop
    vertex -17.75 2.220446049250313e-16 1.7
    vertex -16.54791805262584 0 1.202081108580316
    vertex -16.93603413555542 0 1.746808965680746
  endloop
endfacet
facet normal 0 -1 0
  outer loop
    vertex -16.54791805262584 0 1.202081108580316
    vertex -16.08603413546689 0 0.8968089432066408
    vertex -16.93603413555542 0 1.746808965680746
  endloop
endfacet
facet normal 0 -1 0
  outer loop
    vertex -16.54791805262584 0 1.202081108580316
    vertex -16.04999999982295 0 -4.494820828211676e-08
    vertex -16.08603413546689 0 0.8968089432066408
  endloop
endfacet
facet normal 0 -1 0
  outer loop
    vertex -16.93603413555542 0 1.746808965680746
    vertex -16.08603413546689 0 0.8968089432066408
    vertex -16.12206827111083 0 1.79361793136149
  endloop
endfacet
facet normal 0 -1 -0
  outer loop
    vertex -16.04999999982295 0 -4.494820828211676e-08
    vertex -16.54755221855185 0 -1.201715159941437
    vertex -16.02756683593694 0 -0.8435357491242259
  endloop
endfacet
facet normal 0 -1 -0
  outer loop
    vertex -16.54755221855185 0 -1.201715159941437
    vertex -16.87756683304335 0 -1.693535726650121
    vertex -16.02756683593694 0 -0.8435357491242259
  endloop
endfacet
facet normal 0 -1 0
  outer loop
    vertex -16.54755221855185 0 -1.201715159941437
    vertex -17.74999999403577 0 -1.7
    vertex -16.87756683304335 0 -1.693535726650121
  endloop
endfacet
facet normal 0 -1 -0
  outer loop
    vertex -16.02756683593694 0 -0.8435357491242259
    vertex -16.87756683304335 0 -1.693535726650121
    vertex -16.00513367205094 0 -1.687071453300243
  endloop
endfacet
facet normal 0 -1 0
  outer loop
    vertex -14.75 0 3
    vertex -13.66272664449385 0 2.162092391185423
    vertex -13.59472902635333 0 3.318941308922977
  endloop
endfacet
facet normal 0 -1 0
  outer loop
    vertex -13.66272664449385 0 2.162092391185423
    vertex -12.50745567084719 0 2.4810337001084
    vertex -13.59472902635333 0 3.318941308922977
  endloop
endfacet
facet normal 0 -1 0
  outer loop
    vertex -13.66272664449385 0 2.162092391185423
    vertex -12.57545328898771 0 1.324184782370846
    vertex -12.50745567084719 0 2.4810337001084
  endloop
endfacet
facet normal 0 -1 0
  outer loop
    vertex -13.59472902635333 0 3.318941308922977
    vertex -12.50745567084719 0 2.4810337001084
    vertex -12.43945805270666 0 3.637882617845953
  endloop
endfacet
facet normal -0 -1 0
  outer loop
    vertex -11.75 0 6
    vertex -13.25 0 6
    vertex -12.09472902635333 0 4.818941308922977
  endloop
endfacet
facet normal 0 -1 -0
  outer loop
    vertex -13.25 0 6
    vertex -13.59472902635333 0 4.818941308922977
    vertex -12.09472902635333 0 4.818941308922977
  endloop
endfacet
facet normal -0 -1 0
  outer loop
    vertex -13.25 0 6
    vertex -14.75 0 6
    vertex -13.59472902635333 0 4.818941308922977
  endloop
endfacet
facet normal -0 -1 0
  outer loop
    vertex -12.09472902635333 0 4.818941308922977
    vertex -13.59472902635333 0 4.818941308922977
    vertex -12.43945805270666 0 3.637882617845953
  endloop
endfacet
facet normal 0 -1 0
  outer loop
    vertex -14.75 0 6
    vertex -14.75 0 4.5
    vertex -13.59472902635333 0 4.818941308922977
  endloop
endfacet
facet normal 0 -1 0
  outer loop
    vertex -14.75 0 4.5
    vertex -13.59472902635333 0 3.318941308922977
    vertex -13.59472902635333 0 4.818941308922977
  endloop
endfacet
facet normal 0 -1 0
  outer loop
    vertex -14.75 0 4.5
    vertex -14.75 0 3
    vertex -13.59472902635333 0 3.318941308922977
  endloop
endfacet
facet normal 0 -1 0
  outer loop
    vertex -13.59472902635333 0 4.818941308922977
    vertex -13.59472902635333 0 3.318941308922977
    vertex -12.43945805270666 0 3.637882617845953
  endloop
endfacet
facet normal 0 -1 0
  outer loop
    vertex -10.25 0 3.590150262098371
    vertex -11 0 4.795075131049185
    vertex -11.34472902635333 0 3.614016439972161
  endloop
endfacet
facet normal -0 -1 0
  outer loop
    vertex -11 0 4.795075131049185
    vertex -12.09472902635333 0 4.818941308922977
    vertex -11.34472902635333 0 3.614016439972161
  endloop
endfacet
facet normal 0 -1 0
  outer loop
    vertex -11 0 4.795075131049185
    vertex -11.75 0 6
    vertex -12.09472902635333 0 4.818941308922977
  endloop
endfacet
facet normal 0 -1 0
  outer loop
    vertex -11.34472902635333 0 3.614016439972161
    vertex -12.09472902635333 0 4.818941308922977
    vertex -12.43945805270666 0 3.637882617845953
  endloop
endfacet
facet normal 0 -1 0
  outer loop
    vertex -10.50787055307543 0 0
    vertex -10.01696655390364 0 0
    vertex -10.27744512541299 0 0.3215148938733368
  endloop
endfacet
facet normal 0 -1 0
  outer loop
    vertex -10.01696655390364 0 0
    vertex -9.78654112624119 0 0.3215148938733368
    vertex -10.27744512541299 0 0.3215148938733368
  endloop
endfacet
facet normal 0 -1 0
  outer loop
    vertex -10.01696655390364 0 0
    vertex -9.52606255473184 0 0
    vertex -9.78654112624119 0 0.3215148938733368
  endloop
endfacet
facet normal 0 -1 0
  outer loop
    vertex -10.27744512541299 0 0.3215148938733368
    vertex -9.78654112624119 0 0.3215148938733368
    vertex -10.04701969775054 0 0.6430297877466735
  endloop
endfacet
facet normal 0 -1 0
  outer loop
    vertex -9.52606255473184 0 0
    vertex -9.138031277365918 0 0
    vertex -9.78654112624119 0 0.3215148938733368
  endloop
endfacet
facet normal 0 -1 0
  outer loop
    vertex -9.138031277365918 0 0
    vertex -9.398509848875269 0 0.3215148938733368
    vertex -9.78654112624119 0 0.3215148938733368
  endloop
endfacet
facet normal 0 -1 0
  outer loop
    vertex -9.138031277365918 0 0
    vertex -8.75 0 0
    vertex -9.398509848875269 0 0.3215148938733368
  endloop
endfacet
facet normal 0 -1 0
  outer loop
    vertex -9.78654112624119 0 0.3215148938733368
    vertex -9.398509848875269 0 0.3215148938733368
    vertex -10.04701969775054 0 0.6430297877466735
  endloop
endfacet
facet normal -0 -1 0
  outer loop
    vertex -11.75 0 0
    vertex -12.16272664449385 0 0.6620923911854231
    vertex -12.74994458968929 0 -0.2977732893398901
  endloop
endfacet
facet normal 0 -1 0
  outer loop
    vertex -12.16272664449385 0 0.6620923911854231
    vertex -13.16267123418315 0 0.364319101845533
    vertex -12.74994458968929 0 -0.2977732893398901
  endloop
endfacet
facet normal -0 -1 0
  outer loop
    vertex -12.16272664449385 0 0.6620923911854231
    vertex -12.57545328898771 0 1.324184782370846
    vertex -13.16267123418315 0 0.364319101845533
  endloop
endfacet
facet normal -0 -1 0
  outer loop
    vertex -12.74994458968929 0 -0.2977732893398901
    vertex -13.16267123418315 0 0.364319101845533
    vertex -13.74988917937859 0 -0.5955465786797802
  endloop
endfacet
facet normal 0 -1 0
  outer loop
    vertex -14.75 0 -3
    vertex -14.75 0 -4.5
    vertex -14 0 -3.75
  endloop
endfacet
facet normal 0 -1 0
  outer loop
    vertex -14.75 0 -4.5
    vertex -14 0 -5.25
    vertex -14 0 -3.75
  endloop
endfacet
facet normal 0 -1 0
  outer loop
    vertex -14.75 0 -4.5
    vertex -14.75 0 -6
    vertex -14 0 -5.25
  endloop
endfacet
facet normal 0 -1 0
  outer loop
    vertex -14 0 -3.75
    vertex -14 0 -5.25
    vertex -13.25 0 -4.5
  endloop
endfacet
facet normal 0 -1 0
  outer loop
    vertex -14.75 0 -6
    vertex -13.25 0 -6
    vertex -14 0 -5.25
  endloop
endfacet
facet normal 0 -1 0
  outer loop
    vertex -13.25 0 -6
    vertex -12.5 0 -5.25
    vertex -14 0 -5.25
  endloop
endfacet
facet normal 0 -1 0
  outer loop
    vertex -13.25 0 -6
    vertex -11.75 0 -6
    vertex -12.5 0 -5.25
  endloop
endfacet
facet normal 0 -1 0
  outer loop
    vertex -14 0 -5.25
    vertex -12.5 0 -5.25
    vertex -13.25 0 -4.5
  endloop
endfacet
facet normal -0 -1 0
  outer loop
    vertex -11.75 0 -3
    vertex -13.25 0 -3
    vertex -12.5 0 -3.75
  endloop
endfacet
facet normal 0 -1 -0
  outer loop
    vertex -13.25 0 -3
    vertex -14 0 -3.75
    vertex -12.5 0 -3.75
  endloop
endfacet
facet normal -0 -1 0
  outer loop
    vertex -13.25 0 -3
    vertex -14.75 0 -3
    vertex -14 0 -3.75
  endloop
endfacet
facet normal -0 -1 0
  outer loop
    vertex -12.5 0 -3.75
    vertex -14 0 -3.75
    vertex -13.25 0 -4.5
  endloop
endfacet
facet normal 0 -1 0
  outer loop
    vertex -11.75 0 0
    vertex -11.12893527653772 0 0
    vertex -11.39962713059685 0 0.3892326410201719
  endloop
endfacet
facet normal 0 -1 0
  outer loop
    vertex -11.12893527653772 0 0
    vertex -10.77856240713456 0 0.3892326410201719
    vertex -11.39962713059685 0 0.3892326410201719
  endloop
endfacet
facet normal 0 -1 0
  outer loop
    vertex -11.12893527653772 0 0
    vertex -10.50787055307543 0 0
    vertex -10.77856240713456 0 0.3892326410201719
  endloop
endfacet
facet normal 0 -1 0
  outer loop
    vertex -11.39962713059685 0 0.3892326410201719
    vertex -10.77856240713456 0 0.3892326410201719
    vertex -11.04925426119369 0 0.7784652820403437
  endloop
endfacet
facet normal 0 -1 0
  outer loop
    vertex -13.74988917937859 0 -0.5955465786797802
    vertex -13.16267123418315 0 0.364319101845533
    vertex -14.1996856636193 0 0.2544523196705448
  endloop
endfacet
facet normal -0 -1 0
  outer loop
    vertex -13.16267123418315 0 0.364319101845533
    vertex -13.61246771842386 0 1.214318000195858
    vertex -14.1996856636193 0 0.2544523196705448
  endloop
endfacet
facet normal 0 -1 0
  outer loop
    vertex -13.16267123418315 0 0.364319101845533
    vertex -12.57545328898771 0 1.324184782370846
    vertex -13.61246771842386 0 1.214318000195858
  endloop
endfacet
facet normal 0 -1 0
  outer loop
    vertex -14.1996856636193 0 0.2544523196705448
    vertex -13.61246771842386 0 1.214318000195858
    vertex -14.64948214786002 0 1.10445121802087
  endloop
endfacet
facet normal 0 -1 0
  outer loop
    vertex -10.50787055307543 0 0
    vertex -10.27744512541299 0 0.3215148938733368
    vertex -10.77856240713456 0 0.3892326410201719
  endloop
endfacet
facet normal 0 -1 0
  outer loop
    vertex -10.27744512541299 0 0.3215148938733368
    vertex -10.54813697947212 0 0.7107475348935086
    vertex -10.77856240713456 0 0.3892326410201719
  endloop
endfacet
facet normal 0 -1 0
  outer loop
    vertex -10.27744512541299 0 0.3215148938733368
    vertex -10.04701969775054 0 0.6430297877466735
    vertex -10.54813697947212 0 0.7107475348935086
  endloop
endfacet
facet normal 0 -1 0
  outer loop
    vertex -10.77856240713456 0 0.3892326410201719
    vertex -10.54813697947212 0 0.7107475348935086
    vertex -11.04925426119369 0 0.7784652820403437
  endloop
endfacet
facet normal 0 -1 0
  outer loop
    vertex -11.04925426119369 0 0.7784652820403437
    vertex -10.54813697947212 0 0.7107475348935086
    vertex -10.80527464422297 0 1.345712972323426
  endloop
endfacet
facet normal 0 -1 0
  outer loop
    vertex -10.54813697947212 0 0.7107475348935086
    vertex -10.3041573625014 0 1.277995225176591
    vertex -10.80527464422297 0 1.345712972323426
  endloop
endfacet
facet normal 0 -1 0
  outer loop
    vertex -10.54813697947212 0 0.7107475348935086
    vertex -10.04701969775054 0 0.6430297877466735
    vertex -10.3041573625014 0 1.277995225176591
  endloop
endfacet
facet normal 0 -1 0
  outer loop
    vertex -10.80527464422297 0 1.345712972323426
    vertex -10.3041573625014 0 1.277995225176591
    vertex -10.56129502725226 0 1.912960662606507
  endloop
endfacet
facet normal 0 -1 0
  outer loop
    vertex -16.12206827111083 0 1.79361793136149
    vertex -16.08603413546689 0 0.8968089432066408
    vertex -15.38577520948542 0 1.44903457469118
  endloop
endfacet
facet normal 0 -1 0
  outer loop
    vertex -16.08603413546689 0 0.8968089432066408
    vertex -15.34974107384148 0 0.5522255865363306
    vertex -15.38577520948542 0 1.44903457469118
  endloop
endfacet
facet normal 0 -1 0
  outer loop
    vertex -16.08603413546689 0 0.8968089432066408
    vertex -16.04999999982295 0 -4.494820828211676e-08
    vertex -15.34974107384148 0 0.5522255865363306
  endloop
endfacet
facet normal 0 -1 0
  outer loop
    vertex -15.38577520948542 0 1.44903457469118
    vertex -15.34974107384148 0 0.5522255865363306
    vertex -14.64948214786002 0 1.10445121802087
  endloop
endfacet
facet normal 0 -1 -0
  outer loop
    vertex -11.75 0 -3
    vertex -12.5 0 -3.75
    vertex -11.125 0 -3.75
  endloop
endfacet
facet normal 0 -1 0
  outer loop
    vertex -12.5 0 -3.75
    vertex -11.875 0 -4.5
    vertex -11.125 0 -3.75
  endloop
endfacet
facet normal 0 -1 -0
  outer loop
    vertex -12.5 0 -3.75
    vertex -13.25 0 -4.5
    vertex -11.875 0 -4.5
  endloop
endfacet
facet normal 0 -1 -0
  outer loop
    vertex -11.125 0 -3.75
    vertex -11.875 0 -4.5
    vertex -10.5 0 -4.5
  endloop
endfacet
facet normal 0 -1 0
  outer loop
    vertex -13.25 0 -4.5
    vertex -12.5 0 -5.25
    vertex -11.875 0 -4.5
  endloop
endfacet
facet normal 0 -1 0
  outer loop
    vertex -12.5 0 -5.25
    vertex -11.125 0 -5.25
    vertex -11.875 0 -4.5
  endloop
endfacet
facet normal 0 -1 0
  outer loop
    vertex -12.5 0 -5.25
    vertex -11.75 0 -6
    vertex -11.125 0 -5.25
  endloop
endfacet
facet normal 0 -1 0
  outer loop
    vertex -11.875 0 -4.5
    vertex -11.125 0 -5.25
    vertex -10.5 0 -4.5
  endloop
endfacet
facet normal 0 -1 0
  outer loop
    vertex -11.75 0 0
    vertex -11.39962713059685 0 0.3892326410201719
    vertex -12.16272664449385 0 0.6620923911854231
  endloop
endfacet
facet normal 0 -1 0
  outer loop
    vertex -11.39962713059685 0 0.3892326410201719
    vertex -11.8123537750907 0 1.051325032205595
    vertex -12.16272664449385 0 0.6620923911854231
  endloop
endfacet
facet normal 0 -1 0
  outer loop
    vertex -11.39962713059685 0 0.3892326410201719
    vertex -11.04925426119369 0 0.7784652820403437
    vertex -11.8123537750907 0 1.051325032205595
  endloop
endfacet
facet normal 0 -1 0
  outer loop
    vertex -12.16272664449385 0 0.6620923911854231
    vertex -11.8123537750907 0 1.051325032205595
    vertex -12.57545328898771 0 1.324184782370846
  endloop
endfacet
facet normal 0 -1 -0
  outer loop
    vertex -14.75 0 3
    vertex -15.43603413555542 0 2.396808965680744
    vertex -14.69974107393001 0 2.052225609010435
  endloop
endfacet
facet normal 0 -1 0
  outer loop
    vertex -15.43603413555542 0 2.396808965680744
    vertex -15.38577520948542 0 1.44903457469118
    vertex -14.69974107393001 0 2.052225609010435
  endloop
endfacet
facet normal 0 -1 -0
  outer loop
    vertex -15.43603413555542 0 2.396808965680744
    vertex -16.12206827111083 0 1.79361793136149
    vertex -15.38577520948542 0 1.44903457469118
  endloop
endfacet
facet normal 0 -1 -0
  outer loop
    vertex -14.69974107393001 0 2.052225609010435
    vertex -15.38577520948542 0 1.44903457469118
    vertex -14.64948214786002 0 1.10445121802087
  endloop
endfacet
facet normal 0 -1 0
  outer loop
    vertex -8.75 0 0
    vertex -9.5 0 1.795075131049185
    vertex -9.655647513626128 0 0.9564803313032542
  endloop
endfacet
facet normal -0 -1 0
  outer loop
    vertex -9.5 0 1.795075131049185
    vertex -10.40564751362613 0 2.751555462352439
    vertex -9.655647513626128 0 0.9564803313032542
  endloop
endfacet
facet normal 0 -1 0
  outer loop
    vertex -9.5 0 1.795075131049185
    vertex -10.25 0 3.590150262098371
    vertex -10.40564751362613 0 2.751555462352439
  endloop
endfacet
facet normal 0 -1 0
  outer loop
    vertex -9.655647513626128 0 0.9564803313032542
    vertex -10.40564751362613 0 2.751555462352439
    vertex -10.56129502725226 0 1.912960662606507
  endloop
endfacet
facet normal 0 -1 0
  outer loop
    vertex -19.45000000017705 0 -2.60561267735604e-08
    vertex -18.95208194069393 0 1.202081115260552
    vertex -19.39597979744406 0 0.7959797768089594
  endloop
endfacet
facet normal -0 -1 0
  outer loop
    vertex -18.95208194069393 0 1.202081115260552
    vertex -18.54597979735554 0 1.645979789837023
    vertex -19.39597979744406 0 0.7959797768089594
  endloop
endfacet
facet normal 2.97424e-16 -1 -2.72099e-16
  outer loop
    vertex -18.95208194069393 0 1.202081115260552
    vertex -17.75 2.220446049250313e-16 1.7
    vertex -18.54597979735554 0 1.645979789837023
  endloop
endfacet
facet normal 0 -1 0
  outer loop
    vertex -19.39597979744406 0 0.7959797768089594
    vertex -18.54597979735554 0 1.645979789837023
    vertex -19.34195959471108 0 1.591959579674045
  endloop
endfacet
facet normal 0 -1 0
  outer loop
    vertex -17.74999999403577 0 -1.7
    vertex -18.95216779456687 0 -1.20199525231616
    vertex -18.54597979000865 0 -1.645979802207067
  endloop
endfacet
facet normal -0 -1 -0
  outer loop
    vertex -18.95216779456687 0 -1.20199525231616
    vertex -19.39597979307929 0 -0.7959798152351301
    vertex -18.54597979000865 0 -1.645979802207067
  endloop
endfacet
facet normal 0 -1 0
  outer loop
    vertex -18.95216779456687 0 -1.20199525231616
    vertex -19.45000000017705 0 -2.60561267735604e-08
    vertex -19.39597979307929 0 -0.7959798152351301
  endloop
endfacet
facet normal 0 -1 0
  outer loop
    vertex -18.54597979000865 0 -1.645979802207067
    vertex -19.39597979307929 0 -0.7959798152351301
    vertex -19.34195958598153 0 -1.591959604414134
  endloop
endfacet
facet normal 0 -1 0
  outer loop
    vertex -11.75 0 -3
    vertex -11.75 0 -1.5
    vertex -12.74994458968929 0 -1.79777328933989
  endloop
endfacet
facet normal -0 -1 0
  outer loop
    vertex -11.75 0 -1.5
    vertex -12.74994458968929 0 -0.2977732893398901
    vertex -12.74994458968929 0 -1.79777328933989
  endloop
endfacet
facet normal 0 -1 0
  outer loop
    vertex -11.75 0 -1.5
    vertex -11.75 0 0
    vertex -12.74994458968929 0 -0.2977732893398901
  endloop
endfacet
facet normal 0 -1 0
  outer loop
    vertex -12.74994458968929 0 -1.79777328933989
    vertex -12.74994458968929 0 -0.2977732893398901
    vertex -13.74988917937859 0 -0.5955465786797802
  endloop
endfacet
facet normal 0 -1 0
  outer loop
    vertex -8.75 0 0
    vertex -8.75 0 3
    vertex -9.5 0 1.795075131049185
  endloop
endfacet
facet normal -0 -1 0
  outer loop
    vertex -8.75 0 3
    vertex -9.5 0 4.795075131049185
    vertex -9.5 0 1.795075131049185
  endloop
endfacet
facet normal 0 -1 0
  outer loop
    vertex -8.75 0 3
    vertex -8.75 0 6
    vertex -9.5 0 4.795075131049185
  endloop
endfacet
facet normal 0 -1 0
  outer loop
    vertex -9.5 0 1.795075131049185
    vertex -9.5 0 4.795075131049185
    vertex -10.25 0 3.590150262098371
  endloop
endfacet
facet normal 0 -1 0
  outer loop
    vertex -10.04701969775054 0 0.6430297877466735
    vertex -9.398509848875269 0 0.3215148938733368
    vertex -10.3041573625014 0 1.277995225176591
  endloop
endfacet
facet normal 0 -1 0
  outer loop
    vertex -9.398509848875269 0 0.3215148938733368
    vertex -9.655647513626128 0 0.9564803313032542
    vertex -10.3041573625014 0 1.277995225176591
  endloop
endfacet
facet normal 0 -1 0
  outer loop
    vertex -9.398509848875269 0 0.3215148938733368
    vertex -8.75 0 0
    vertex -9.655647513626128 0 0.9564803313032542
  endloop
endfacet
facet normal 0 -1 0
  outer loop
    vertex -10.3041573625014 0 1.277995225176591
    vertex -9.655647513626128 0 0.9564803313032542
    vertex -10.56129502725226 0 1.912960662606507
  endloop
endfacet
facet normal 0 -1 0
  outer loop
    vertex -12.57545328898771 0 1.324184782370846
    vertex -11.8123537750907 0 1.051325032205595
    vertex -11.56837415811998 0 1.618572722488677
  endloop
endfacet
facet normal 0 -1 0
  outer loop
    vertex -11.8123537750907 0 1.051325032205595
    vertex -10.80527464422297 0 1.345712972323426
    vertex -11.56837415811998 0 1.618572722488677
  endloop
endfacet
facet normal 0 -1 0
  outer loop
    vertex -11.8123537750907 0 1.051325032205595
    vertex -11.04925426119369 0 0.7784652820403437
    vertex -10.80527464422297 0 1.345712972323426
  endloop
endfacet
facet normal 0 -1 0
  outer loop
    vertex -11.56837415811998 0 1.618572722488677
    vertex -10.80527464422297 0 1.345712972323426
    vertex -10.56129502725226 0 1.912960662606507
  endloop
endfacet
facet normal -0 0 -1
  outer loop
    vertex -14.75 1.5 -3
    vertex -16.25 0.75 -3
    vertex -16.25 2.25 -3
  endloop
endfacet
facet normal 0 0 -1
  outer loop
    vertex -16.25 0.75 -3
    vertex -17.75 1.5 -3
    vertex -16.25 2.25 -3
  endloop
endfacet
facet normal -0 0 -1
  outer loop
    vertex -16.25 0.75 -3
    vertex -17.75 0 -3
    vertex -17.75 1.5 -3
  endloop
endfacet
facet normal -0 0 -1
  outer loop
    vertex -16.25 2.25 -3
    vertex -17.75 1.5 -3
    vertex -17.75 3 -3
  endloop
endfacet
facet normal 0 -0 -1
  outer loop
    vertex -17.75 3 -3
    vertex -17.75 1.5 -3
    vertex -19.25 2.25 -3
  endloop
endfacet
facet normal -0 0 -1
  outer loop
    vertex -17.75 1.5 -3
    vertex -19.25 0.75 -3
    vertex -19.25 2.25 -3
  endloop
endfacet
facet normal 0 -0 -1
  outer loop
    vertex -17.75 1.5 -3
    vertex -17.75 0 -3
    vertex -19.25 0.75 -3
  endloop
endfacet
facet normal 0 -0 -1
  outer loop
    vertex -19.25 2.25 -3
    vertex -19.25 0.75 -3
    vertex -20.75 1.5 -3
  endloop
endfacet
facet normal 0 -0 -1
  outer loop
    vertex -14.75 1.5 -3
    vertex -14.75 0.75 -3
    vertex -16.25 0.75 -3
  endloop
endfacet
facet normal -0 0 -1
  outer loop
    vertex -14.75 0.75 -3
    vertex -16.25 0 -3
    vertex -16.25 0.75 -3
  endloop
endfacet
facet normal 0 -0 -1
  outer loop
    vertex -14.75 0.75 -3
    vertex -14.75 0 -3
    vertex -16.25 0 -3
  endloop
endfacet
facet normal 0 -0 -1
  outer loop
    vertex -16.25 0.75 -3
    vertex -16.25 0 -3
    vertex -17.75 0 -3
  endloop
endfacet
facet normal 0 0 -1
  outer loop
    vertex -17.75 3 -3
    vertex -16.25 3 -3
    vertex -16.25 2.25 -3
  endloop
endfacet
facet normal 0 0 -1
  outer loop
    vertex -16.25 3 -3
    vertex -14.75 2.25 -3
    vertex -16.25 2.25 -3
  endloop
endfacet
facet normal 0 0 -1
  outer loop
    vertex -16.25 3 -3
    vertex -14.75 3 -3
    vertex -14.75 2.25 -3
  endloop
endfacet
facet normal 0 0 -1
  outer loop
    vertex -16.25 2.25 -3
    vertex -14.75 2.25 -3
    vertex -14.75 1.5 -3
  endloop
endfacet
facet normal 0 0 -1
  outer loop
    vertex -20.75 1.5 -3
    vertex -19.25 0.75 -3
    vertex -20.75 0.75 -3
  endloop
endfacet
facet normal -0 -0 -1
  outer loop
    vertex -19.25 0.75 -3
    vertex -19.25 0 -3
    vertex -20.75 0.75 -3
  endloop
endfacet
facet normal 0 0 -1
  outer loop
    vertex -19.25 0.75 -3
    vertex -17.75 0 -3
    vertex -19.25 0 -3
  endloop
endfacet
facet normal 0 0 -1
  outer loop
    vertex -20.75 0.75 -3
    vertex -19.25 0 -3
    vertex -20.75 0 -3
  endloop
endfacet
facet normal 0 0 -1
  outer loop
    vertex -20.75 1.5 -3
    vertex -20.75 2.25 -3
    vertex -19.25 2.25 -3
  endloop
endfacet
facet normal 0 0 -1
  outer loop
    vertex -20.75 2.25 -3
    vertex -19.25 3 -3
    vertex -19.25 2.25 -3
  endloop
endfacet
facet normal 0 0 -1
  outer loop
    vertex -20.75 2.25 -3
    vertex -20.75 3 -3
    vertex -19.25 3 -3
  endloop
endfacet
facet normal 0 0 -1
  outer loop
    vertex -19.25 2.25 -3
    vertex -19.25 3 -3
    vertex -17.75 3 -3
  endloop
endfacet
facet normal 0 1 0
  outer loop
    vertex -17.75 3 -3
    vertex -19.25 3 -3
    vertex -18.54597979236459 3 -2.295979806476821
  endloop
endfacet
facet normal 0 1 -0
  outer loop
    vertex -19.25 3 -3
    vertex -20.04597979236459 3 -2.295979806476821
    vertex -18.54597979236459 3 -2.295979806476821
  endloop
endfacet
facet normal 0 1 0
  outer loop
    vertex -19.25 3 -3
    vertex -20.75 3 -3
    vertex -20.04597979236459 3 -2.295979806476821
  endloop
endfacet
facet normal 0 1 0
  outer loop
    vertex -18.54597979236459 3 -2.295979806476821
    vertex -20.04597979236459 3 -2.295979806476821
    vertex -19.34195958472918 3 -1.591959612953643
  endloop
endfacet
facet normal 0 1 0
  outer loop
    vertex -14.75 3 -3
    vertex -16.25 3 -3
    vertex -15.4540202063701 3 -2.295979803012639
  endloop
endfacet
facet normal 0 1 -0
  outer loop
    vertex -16.25 3 -3
    vertex -16.9540202063701 3 -2.295979803012639
    vertex -15.4540202063701 3 -2.295979803012639
  endloop
endfacet
facet normal 0 1 0
  outer loop
    vertex -16.25 3 -3
    vertex -17.75 3 -3
    vertex -16.9540202063701 3 -2.295979803012639
  endloop
endfacet
facet normal 0 1 0
  outer loop
    vertex -15.4540202063701 3 -2.295979803012639
    vertex -16.9540202063701 3 -2.295979803012639
    vertex -16.15804041274019 3 -1.591959606025276
  endloop
endfacet
facet normal 0 1 0
  outer loop
    vertex -14.75 3 2.220446049250313e-16
    vertex -14.75 3 -1.5
    vertex -15.4540202063701 3 -0.7959798030126386
  endloop
endfacet
facet normal 0 1 0
  outer loop
    vertex -14.75 3 -1.5
    vertex -15.4540202063701 3 -2.295979803012639
    vertex -15.4540202063701 3 -0.7959798030126386
  endloop
endfacet
facet normal 0 1 0
  outer loop
    vertex -14.75 3 -1.5
    vertex -14.75 3 -3
    vertex -15.4540202063701 3 -2.295979803012639
  endloop
endfacet
facet normal 0 1 0
  outer loop
    vertex -15.4540202063701 3 -0.7959798030126386
    vertex -15.4540202063701 3 -2.295979803012639
    vertex -16.15804041274019 3 -1.591959606025276
  endloop
endfacet
facet normal 0 1 0
  outer loop
    vertex -20.75 3 -3
    vertex -20.75 3 -1.5
    vertex -20.04597979236459 3 -2.295979806476821
  endloop
endfacet
facet normal -0 1 0
  outer loop
    vertex -20.75 3 -1.5
    vertex -20.04597979236459 3 -0.7959798064768213
    vertex -20.04597979236459 3 -2.295979806476821
  endloop
endfacet
facet normal 0 1 0
  outer loop
    vertex -20.75 3 -1.5
    vertex -20.75 3 2.220446049250313e-16
    vertex -20.04597979236459 3 -0.7959798064768213
  endloop
endfacet
facet normal 0 1 0
  outer loop
    vertex -20.04597979236459 3 -2.295979806476821
    vertex -20.04597979236459 3 -0.7959798064768213
    vertex -19.34195958472918 3 -1.591959612953643
  endloop
endfacet
facet normal 0 1 0
  outer loop
    vertex -20.75 3 2.220446049250313e-16
    vertex -20.75 3 1.5
    vertex -20.04597979757576 3 0.7959797889657061
  endloop
endfacet
facet normal -0 1 0
  outer loop
    vertex -20.75 3 1.5
    vertex -20.04597979757576 3 2.295979788965706
    vertex -20.04597979757576 3 0.7959797889657061
  endloop
endfacet
facet normal 0 1 0
  outer loop
    vertex -20.75 3 1.5
    vertex -20.75 3 3
    vertex -20.04597979757576 3 2.295979788965706
  endloop
endfacet
facet normal 0 1 0
  outer loop
    vertex -20.04597979757576 3 0.7959797889657061
    vertex -20.04597979757576 3 2.295979788965706
    vertex -19.34195959515154 3 1.591959577931412
  endloop
endfacet
facet normal 0 1 0
  outer loop
    vertex -14.75 3 3
    vertex -14.75 3 1.5
    vertex -15.45402020324043 3 2.295979792312188
  endloop
endfacet
facet normal 0 1 0
  outer loop
    vertex -14.75 3 1.5
    vertex -15.45402020324043 3 0.7959797923121879
    vertex -15.45402020324043 3 2.295979792312188
  endloop
endfacet
facet normal 0 1 0
  outer loop
    vertex -14.75 3 1.5
    vertex -14.75 3 2.220446049250313e-16
    vertex -15.45402020324043 3 0.7959797923121879
  endloop
endfacet
facet normal 0 1 0
  outer loop
    vertex -15.45402020324043 3 2.295979792312188
    vertex -15.45402020324043 3 0.7959797923121879
    vertex -16.15804040648086 3 1.591959584624376
  endloop
endfacet
facet normal -0 1 0
  outer loop
    vertex -17.75 3 3
    vertex -16.25 3 3
    vertex -16.95402020324043 3 2.295979792312188
  endloop
endfacet
facet normal 0 1 0
  outer loop
    vertex -16.25 3 3
    vertex -15.45402020324043 3 2.295979792312188
    vertex -16.95402020324043 3 2.295979792312188
  endloop
endfacet
facet normal -0 1 0
  outer loop
    vertex -16.25 3 3
    vertex -14.75 3 3
    vertex -15.45402020324043 3 2.295979792312188
  endloop
endfacet
facet normal -0 1 0
  outer loop
    vertex -16.95402020324043 3 2.295979792312188
    vertex -15.45402020324043 3 2.295979792312188
    vertex -16.15804040648086 3 1.591959584624376
  endloop
endfacet
facet normal -0 1 0
  outer loop
    vertex -20.75 3 3
    vertex -19.25 3 3
    vertex -20.04597979757576 3 2.295979788965706
  endloop
endfacet
facet normal 0 1 0
  outer loop
    vertex -19.25 3 3
    vertex -18.54597979757577 3 2.295979788965706
    vertex -20.04597979757576 3 2.295979788965706
  endloop
endfacet
facet normal -0 1 0
  outer loop
    vertex -19.25 3 3
    vertex -17.75 3 3
    vertex -18.54597979757577 3 2.295979788965706
  endloop
endfacet
facet normal -0 1 0
  outer loop
    vertex -20.04597979757576 3 2.295979788965706
    vertex -18.54597979757577 3 2.295979788965706
    vertex -19.34195959515154 3 1.591959577931412
  endloop
endfacet
facet normal 0 1 0
  outer loop
    vertex -17.75 3 -3
    vertex -17.74999999955035 3 -2.350000044872631
    vertex -16.9540202063701 3 -2.295979803012639
  endloop
endfacet
facet normal 0 1 0
  outer loop
    vertex -17.74999999955035 3 -2.350000044872631
    vertex -16.95402020592044 3 -1.64597984788527
    vertex -16.9540202063701 3 -2.295979803012639
  endloop
endfacet
facet normal 0 1 0
  outer loop
    vertex -17.74999999955035 3 -2.350000044872631
    vertex -17.74999999910069 3 -1.700000089745263
    vertex -16.95402020592044 3 -1.64597984788527
  endloop
endfacet
facet normal 0 1 0
  outer loop
    vertex -16.9540202063701 3 -2.295979803012639
    vertex -16.95402020592044 3 -1.64597984788527
    vertex -16.15804041274019 3 -1.591959606025276
  endloop
endfacet
facet normal 0 1 0
  outer loop
    vertex -20.75 3 2.220446049250313e-16
    vertex -20.10000000013974 3 -1.491166390366061e-08
    vertex -20.04597979236459 3 -0.7959798064768213
  endloop
endfacet
facet normal 0 1 0
  outer loop
    vertex -20.10000000013974 3 -1.491166390366061e-08
    vertex -19.39597979250432 3 -0.7959798213884852
    vertex -20.04597979236459 3 -0.7959798064768213
  endloop
endfacet
facet normal 0 1 0
  outer loop
    vertex -20.10000000013974 3 -1.491166390366061e-08
    vertex -19.45000000027947 3 -2.982332791313935e-08
    vertex -19.39597979250432 3 -0.7959798213884852
  endloop
endfacet
facet normal 0 1 0
  outer loop
    vertex -20.04597979236459 3 -0.7959798064768213
    vertex -19.39597979250432 3 -0.7959798213884852
    vertex -19.34195958472918 3 -1.591959612953643
  endloop
endfacet
facet normal 0 1 0
  outer loop
    vertex -17.74999999910069 3 -1.700000089745263
    vertex -17.74999999955035 3 -2.350000044872631
    vertex -18.54597979191494 3 -1.645979851349453
  endloop
endfacet
facet normal 0 1 0
  outer loop
    vertex -17.74999999955035 3 -2.350000044872631
    vertex -18.54597979236459 3 -2.295979806476821
    vertex -18.54597979191494 3 -1.645979851349453
  endloop
endfacet
facet normal 0 1 0
  outer loop
    vertex -17.74999999955035 3 -2.350000044872631
    vertex -17.75 3 -3
    vertex -18.54597979236459 3 -2.295979806476821
  endloop
endfacet
facet normal 0 1 0
  outer loop
    vertex -18.54597979191494 3 -1.645979851349453
    vertex -18.54597979236459 3 -2.295979806476821
    vertex -19.34195958472918 3 -1.591959612953643
  endloop
endfacet
facet normal -0 1 0
  outer loop
    vertex -16.04999999930768 3 -1.529293763673223e-08
    vertex -15.39999999965384 3 -7.646468791477901e-09
    vertex -16.10402020602394 3 -0.7959798106591069
  endloop
endfacet
facet normal 0 1 0
  outer loop
    vertex -15.39999999965384 3 -7.646468791477901e-09
    vertex -15.4540202063701 3 -0.7959798030126386
    vertex -16.10402020602394 3 -0.7959798106591069
  endloop
endfacet
facet normal -0 1 0
  outer loop
    vertex -15.39999999965384 3 -7.646468791477901e-09
    vertex -14.75 3 2.220446049250313e-16
    vertex -15.4540202063701 3 -0.7959798030126386
  endloop
endfacet
facet normal -0 1 0
  outer loop
    vertex -16.10402020602394 3 -0.7959798106591069
    vertex -15.4540202063701 3 -0.7959798030126386
    vertex -16.15804041274019 3 -1.591959606025276
  endloop
endfacet
facet normal 0 1 0
  outer loop
    vertex -17.75 3 3
    vertex -17.75 3 2.35
    vertex -18.54597979757577 3 2.295979788965706
  endloop
endfacet
facet normal 0 1 0
  outer loop
    vertex -17.75 3 2.35
    vertex -18.54597979757577 3 1.645979788965706
    vertex -18.54597979757577 3 2.295979788965706
  endloop
endfacet
facet normal 0 1 0
  outer loop
    vertex -17.75 3 2.35
    vertex -17.75 3 1.7
    vertex -18.54597979757577 3 1.645979788965706
  endloop
endfacet
facet normal 0 1 0
  outer loop
    vertex -18.54597979757577 3 2.295979788965706
    vertex -18.54597979757577 3 1.645979788965706
    vertex -19.34195959515154 3 1.591959577931412
  endloop
endfacet
facet normal -0 1 0
  outer loop
    vertex -17.75 3 1.7
    vertex -17.75 3 2.35
    vertex -16.95402020324044 3 1.645979792312188
  endloop
endfacet
facet normal 0 1 0
  outer loop
    vertex -17.75 3 2.35
    vertex -16.95402020324043 3 2.295979792312188
    vertex -16.95402020324044 3 1.645979792312188
  endloop
endfacet
facet normal -0 1 0
  outer loop
    vertex -17.75 3 2.35
    vertex -17.75 3 3
    vertex -16.95402020324043 3 2.295979792312188
  endloop
endfacet
facet normal -0 1 0
  outer loop
    vertex -16.95402020324044 3 1.645979792312188
    vertex -16.95402020324043 3 2.295979792312188
    vertex -16.15804040648086 3 1.591959584624376
  endloop
endfacet
facet normal 0 1 0
  outer loop
    vertex -14.75 3 2.220446049250313e-16
    vertex -15.39999999965384 3 -7.646468791477901e-09
    vertex -15.45402020324043 3 0.7959797923121879
  endloop
endfacet
facet normal 0 1 0
  outer loop
    vertex -15.39999999965384 3 -7.646468791477901e-09
    vertex -16.10402020289427 3 0.7959797846657191
    vertex -15.45402020324043 3 0.7959797923121879
  endloop
endfacet
facet normal 0 1 0
  outer loop
    vertex -15.39999999965384 3 -7.646468791477901e-09
    vertex -16.04999999930768 3 -1.529293763673223e-08
    vertex -16.10402020289427 3 0.7959797846657191
  endloop
endfacet
facet normal 0 1 0
  outer loop
    vertex -15.45402020324043 3 0.7959797923121879
    vertex -16.10402020289427 3 0.7959797846657191
    vertex -16.15804040648086 3 1.591959584624376
  endloop
endfacet
facet normal 0 1 -0
  outer loop
    vertex -19.45000000027947 3 -2.982332791313935e-08
    vertex -20.10000000013974 3 -1.491166390366061e-08
    vertex -19.3959797977155 3 0.7959797740540422
  endloop
endfacet
facet normal 0 1 0
  outer loop
    vertex -20.10000000013974 3 -1.491166390366061e-08
    vertex -20.04597979757576 3 0.7959797889657061
    vertex -19.3959797977155 3 0.7959797740540422
  endloop
endfacet
facet normal 0 1 -0
  outer loop
    vertex -20.10000000013974 3 -1.491166390366061e-08
    vertex -20.75 3 2.220446049250313e-16
    vertex -20.04597979757576 3 0.7959797889657061
  endloop
endfacet
facet normal 0 1 -0
  outer loop
    vertex -19.3959797977155 3 0.7959797740540422
    vertex -20.04597979757576 3 0.7959797889657061
    vertex -19.34195959515154 3 1.591959577931412
  endloop
endfacet
facet normal 0 1 0
  outer loop
    vertex -17.75 3 1.7
    vertex -18.95208170937157 3 1.202081370919261
    vertex -18.54597979757577 3 1.645979788965706
  endloop
endfacet
facet normal 0 1 -0
  outer loop
    vertex -18.95208170937157 3 1.202081370919261
    vertex -19.3959797977155 3 0.7959797740540422
    vertex -18.54597979757577 3 1.645979788965706
  endloop
endfacet
facet normal 0 1 0
  outer loop
    vertex -18.95208170937157 3 1.202081370919261
    vertex -19.45000000027947 3 -2.982332791313935e-08
    vertex -19.3959797977155 3 0.7959797740540422
  endloop
endfacet
facet normal 0 1 0
  outer loop
    vertex -18.54597979757577 3 1.645979788965706
    vertex -19.3959797977155 3 0.7959797740540422
    vertex -19.34195959515154 3 1.591959577931412
  endloop
endfacet
facet normal 0 1 0
  outer loop
    vertex -16.04999999930768 3 -1.529293763673223e-08
    vertex -16.54791834336416 3 1.202081423319941
    vertex -16.10402020289427 3 0.7959797846657191
  endloop
endfacet
facet normal -0 1 -0
  outer loop
    vertex -16.54791834336416 3 1.202081423319941
    vertex -16.95402020324044 3 1.645979792312188
    vertex -16.10402020289427 3 0.7959797846657191
  endloop
endfacet
facet normal 0 1 0
  outer loop
    vertex -16.54791834336416 3 1.202081423319941
    vertex -17.75 3 1.7
    vertex -16.95402020324044 3 1.645979792312188
  endloop
endfacet
facet normal 0 1 0
  outer loop
    vertex -16.10402020289427 3 0.7959797846657191
    vertex -16.95402020324044 3 1.645979792312188
    vertex -16.15804040648086 3 1.591959584624376
  endloop
endfacet
facet normal 0 1 0
  outer loop
    vertex -19.45000000027947 3 -2.982332791313935e-08
    vertex -18.95214179037516 3 -1.202021266818474
    vertex -19.39597979250432 3 -0.7959798213884852
  endloop
endfacet
facet normal 0 1 0
  outer loop
    vertex -18.95214179037516 3 -1.202021266818474
    vertex -18.54597979191494 3 -1.645979851349453
    vertex -19.39597979250432 3 -0.7959798213884852
  endloop
endfacet
facet normal 0 1 0
  outer loop
    vertex -18.95214179037516 3 -1.202021266818474
    vertex -17.74999999910069 3 -1.700000089745263
    vertex -18.54597979191494 3 -1.645979851349453
  endloop
endfacet
facet normal 0 1 0
  outer loop
    vertex -19.39597979250432 3 -0.7959798213884852
    vertex -18.54597979191494 3 -1.645979851349453
    vertex -19.34195958472918 3 -1.591959612953643
  endloop
endfacet
facet normal 0 1 0
  outer loop
    vertex -17.74999999910069 3 -1.700000089745263
    vertex -16.54785952072318 3 -1.202022568545358
    vertex -16.95402020592044 3 -1.64597984788527
  endloop
endfacet
facet normal -0 1 0
  outer loop
    vertex -16.54785952072318 3 -1.202022568545358
    vertex -16.10402020602394 3 -0.7959798106591069
    vertex -16.95402020592044 3 -1.64597984788527
  endloop
endfacet
facet normal 0 1 0
  outer loop
    vertex -16.54785952072318 3 -1.202022568545358
    vertex -16.04999999930768 3 -1.529293763673223e-08
    vertex -16.10402020602394 3 -0.7959798106591069
  endloop
endfacet
facet normal 0 1 0
  outer loop
    vertex -16.95402020592044 3 -1.64597984788527
    vertex -16.10402020602394 3 -0.7959798106591069
    vertex -16.15804041274019 3 -1.591959606025276
  endloop
endfacet
facet normal 0 0 1
  outer loop
    vertex -17.75 3 3
    vertex -17.75 1.5 3
    vertex -16.25 2.25 3
  endloop
endfacet
facet normal -0 0 1
  outer loop
    vertex -17.75 1.5 3
    vertex -16.25 0.75 3
    vertex -16.25 2.25 3
  endloop
endfacet
facet normal 0 0 1
  outer loop
    vertex -17.75 1.5 3
    vertex -17.75 0 3
    vertex -16.25 0.75 3
  endloop
endfacet
facet normal 0 0 1
  outer loop
    vertex -16.25 2.25 3
    vertex -16.25 0.75 3
    vertex -14.75 1.5 3
  endloop
endfacet
facet normal 0 0 1
  outer loop
    vertex -17.75 3 3
    vertex -19.25 2.25 3
    vertex -17.75 1.5 3
  endloop
endfacet
facet normal 0 0 1
  outer loop
    vertex -19.25 2.25 3
    vertex -19.25 0.75 3
    vertex -17.75 1.5 3
  endloop
endfacet
facet normal 0 0 1
  outer loop
    vertex -19.25 2.25 3
    vertex -20.75 1.5 3
    vertex -19.25 0.75 3
  endloop
endfacet
facet normal 0 0 1
  outer loop
    vertex -17.75 1.5 3
    vertex -19.25 0.75 3
    vertex -17.75 0 3
  endloop
endfacet
facet normal -0 0 1
  outer loop
    vertex -17.75 3 3
    vertex -16.25 2.25 3
    vertex -16.25 3 3
  endloop
endfacet
facet normal 0 0 1
  outer loop
    vertex -16.25 2.25 3
    vertex -14.75 2.25 3
    vertex -16.25 3 3
  endloop
endfacet
facet normal -0 0 1
  outer loop
    vertex -16.25 2.25 3
    vertex -14.75 1.5 3
    vertex -14.75 2.25 3
  endloop
endfacet
facet normal -0 0 1
  outer loop
    vertex -16.25 3 3
    vertex -14.75 2.25 3
    vertex -14.75 3 3
  endloop
endfacet
facet normal 0 0 1
  outer loop
    vertex -14.75 1.5 3
    vertex -16.25 0.75 3
    vertex -14.75 0.75 3
  endloop
endfacet
facet normal -0 0 1
  outer loop
    vertex -16.25 0.75 3
    vertex -16.25 0 3
    vertex -14.75 0.75 3
  endloop
endfacet
facet normal 0 0 1
  outer loop
    vertex -16.25 0.75 3
    vertex -17.75 0 3
    vertex -16.25 0 3
  endloop
endfacet
facet normal 0 0 1
  outer loop
    vertex -14.75 0.75 3
    vertex -16.25 0 3
    vertex -14.75 0 3
  endloop
endfacet
facet normal 0 0 1
  outer loop
    vertex -17.75 0 3
    vertex -19.25 0.75 3
    vertex -19.25 0 3
  endloop
endfacet
facet normal 0 0 1
  outer loop
    vertex -19.25 0.75 3
    vertex -20.75 0.75 3
    vertex -19.25 0 3
  endloop
endfacet
facet normal 0 0 1
  outer loop
    vertex -19.25 0.75 3
    vertex -20.75 1.5 3
    vertex -20.75 0.75 3
  endloop
endfacet
facet normal 0 0 1
  outer loop
    vertex -19.25 0 3
    vertex -20.75 0.75 3
    vertex -20.75 0 3
  endloop
endfacet
facet normal 0 0 1
  outer loop
    vertex -17.75 3 3
    vertex -19.25 3 3
    vertex -19.25 2.25 3
  endloop
endfacet
facet normal 0 0 1
  outer loop
    vertex -19.25 3 3
    vertex -20.75 2.25 3
    vertex -19.25 2.25 3
  endloop
endfacet
facet normal 0 0 1
  outer loop
    vertex -19.25 3 3
    vertex -20.75 3 3
    vertex -20.75 2.25 3
  endloop
endfacet
facet normal 0 0 1
  outer loop
    vertex -19.25 2.25 3
    vertex -20.75 2.25 3
    vertex -20.75 1.5 3
  endloop
endfacet
facet normal 0 0 1
  outer loop
    vertex -11.49214273798999 11.12859800931776 6
    vertex -9.732142397422471 12.06429900465888 6
    vertex -11.38013312496757 13.02719451509713 6
  endloop
endfacet
facet normal 0 -0 1
  outer loop
    vertex -9.732142397422471 12.06429900465888 6
    vertex -9.620132784400056 13.96289551043825 6
    vertex -11.38013312496757 13.02719451509713 6
  endloop
endfacet
facet normal 0 0 1
  outer loop
    vertex -9.732142397422471 12.06429900465888 6
    vertex -7.972142056854953 13 6
    vertex -9.620132784400056 13.96289551043825 6
  endloop
endfacet
facet normal 0 0 1
  outer loop
    vertex -11.38013312496757 13.02719451509713 6
    vertex -9.620132784400056 13.96289551043825 6
    vertex -11.26812351194516 14.9257910208765 6
  endloop
endfacet
facet normal -0 0 1
  outer loop
    vertex -7.520072540573118 21.8528233712176 6
    vertex -6.218369603619895 20.12898627084856 6
    vertex -5.380093573075362 21.93293212624388 6
  endloop
endfacet
facet normal 0 0 1
  outer loop
    vertex -6.218369603619895 20.12898627084856 6
    vertex -4.078390636122139 20.20909502587484 6
    vertex -5.380093573075362 21.93293212624388 6
  endloop
endfacet
facet normal -0 0 1
  outer loop
    vertex -6.218369603619895 20.12898627084856 6
    vertex -4.916666666666671 18.40514917047952 6
    vertex -4.078390636122139 20.20909502587484 6
  endloop
endfacet
facet normal -0 0 1
  outer loop
    vertex -5.380093573075362 21.93293212624388 6
    vertex -4.078390636122139 20.20909502587484 6
    vertex -3.240114605577606 22.01304088127016 6
  endloop
endfacet
facet normal 0 0 1
  outer loop
    vertex 6.11497578580553 8.675935324992297 6
    vertex 4.814933362134816 9.19050399502591 6
    vertex 4.596500412499175 8.404539419982582 6
  endloop
endfacet
facet normal 0 0 1
  outer loop
    vertex 4.814933362134816 9.19050399502591 6
    vertex 3.296457988828465 8.919108090016195 6
    vertex 4.596500412499175 8.404539419982582 6
  endloop
endfacet
facet normal 0 0 1
  outer loop
    vertex 4.814933362134816 9.19050399502591 6
    vertex 3.514890938464106 9.705072665059522 6
    vertex 3.296457988828465 8.919108090016195 6
  endloop
endfacet
facet normal 0 0 1
  outer loop
    vertex 4.596500412499175 8.404539419982582 6
    vertex 3.296457988828465 8.919108090016195 6
    vertex 3.078025039192823 8.133143514972867 6
  endloop
endfacet
facet normal 0 -0 1
  outer loop
    vertex -4.804641916597705 14.95205304305836 6
    vertex -3.868965030528081 15.79421284111275 6
    vertex -4.860654291632187 16.67860110676894 6
  endloop
endfacet
facet normal 0 0 1
  outer loop
    vertex -3.868965030528081 15.79421284111275 6
    vertex -3.924977405562565 17.52076090482333 6
    vertex -4.860654291632187 16.67860110676894 6
  endloop
endfacet
facet normal 0 -0 1
  outer loop
    vertex -3.868965030528081 15.79421284111275 6
    vertex -2.933288144458459 16.63637263916713 6
    vertex -3.924977405562565 17.52076090482333 6
  endloop
endfacet
facet normal 0 -0 1
  outer loop
    vertex -4.860654291632187 16.67860110676894 6
    vertex -3.924977405562565 17.52076090482333 6
    vertex -4.916666666666671 18.40514917047952 6
  endloop
endfacet
facet normal 0 0 1
  outer loop
    vertex 4.473535004995288 10.88249658192053 6
    vertex 3.994212971729695 10.29378462349003 6
    vertex 5.294255395400409 9.779215953456415 6
  endloop
endfacet
facet normal 0 0 1
  outer loop
    vertex 3.994212971729695 10.29378462349003 6
    vertex 4.814933362134816 9.19050399502591 6
    vertex 5.294255395400409 9.779215953456415 6
  endloop
endfacet
facet normal 0 0 1
  outer loop
    vertex 3.994212971729695 10.29378462349003 6
    vertex 3.514890938464106 9.705072665059522 6
    vertex 4.814933362134816 9.19050399502591 6
  endloop
endfacet
facet normal 0 0 1
  outer loop
    vertex 5.294255395400409 9.779215953456415 6
    vertex 4.814933362134816 9.19050399502591 6
    vertex 6.11497578580553 8.675935324992297 6
  endloop
endfacet
facet normal 0 0 1
  outer loop
    vertex 2.531075988656379 16.08951637209799 6
    vertex 2.771556058330493 14.91927402371105 6
    vertex 3.971699504566352 15.30990382186818 6
  endloop
endfacet
facet normal -0 0 1
  outer loop
    vertex 2.771556058330493 14.91927402371105 6
    vertex 4.212179574240466 14.13966147348124 6
    vertex 3.971699504566352 15.30990382186818 6
  endloop
endfacet
facet normal 0 0 1
  outer loop
    vertex 2.771556058330493 14.91927402371105 6
    vertex 3.012036128004606 13.74903167532412 6
    vertex 4.212179574240466 14.13966147348124 6
  endloop
endfacet
facet normal 0 0 1
  outer loop
    vertex 3.971699504566352 15.30990382186818 6
    vertex 4.212179574240466 14.13966147348124 6
    vertex 5.412323020476322 14.53029127163837 6
  endloop
endfacet
facet normal 0 -0 1
  outer loop
    vertex -3.226278283846039 13.29112126697954 6
    vertex -2.769241343923849 14.06559947796249 6
    vertex -4.015460100221873 14.12158715501895 6
  endloop
endfacet
facet normal 0 0 1
  outer loop
    vertex -2.769241343923849 14.06559947796249 6
    vertex -3.558423160299682 14.8960653660019 6
    vertex -4.015460100221873 14.12158715501895 6
  endloop
endfacet
facet normal 0 -0 1
  outer loop
    vertex -2.769241343923849 14.06559947796249 6
    vertex -2.31220440400166 14.84007768894544 6
    vertex -3.558423160299682 14.8960653660019 6
  endloop
endfacet
facet normal 0 -0 1
  outer loop
    vertex -4.015460100221873 14.12158715501895 6
    vertex -3.558423160299682 14.8960653660019 6
    vertex -4.804641916597705 14.95205304305836 6
  endloop
endfacet
facet normal 0 0 1
  outer loop
    vertex -2.780587709028268 8.161885858374761 6
    vertex -3.763494799512859 8.545123785973658 6
    vertex -3.577793854514136 6.580942929187381 6
  endloop
endfacet
facet normal 0 0 1
  outer loop
    vertex -3.763494799512859 8.545123785973658 6
    vertex -4.560700944998727 6.964180856786276 6
    vertex -3.577793854514136 6.580942929187381 6
  endloop
endfacet
facet normal 0 0 1
  outer loop
    vertex -3.763494799512859 8.545123785973658 6
    vertex -4.74640188999745 8.928361713572553 6
    vertex -4.560700944998727 6.964180856786276 6
  endloop
endfacet
facet normal 0 0 1
  outer loop
    vertex -3.577793854514136 6.580942929187381 6
    vertex -4.560700944998727 6.964180856786276 6
    vertex -4.375000000000004 5 6
  endloop
endfacet
facet normal 0 -0 1
  outer loop
    vertex -11.75 0 6
    vertex -11.70325717833948 1.515102386297149 6
    vertex -13.25 0 6
  endloop
endfacet
facet normal 0 0 1
  outer loop
    vertex -11.70325717833948 1.515102386297149 6
    vertex -13.20325717833948 1.515102386297149 6
    vertex -13.25 0 6
  endloop
endfacet
facet normal 0 -0 1
  outer loop
    vertex -11.70325717833948 1.515102386297149 6
    vertex -11.65651435667895 3.030204772594297 6
    vertex -13.20325717833948 1.515102386297149 6
  endloop
endfacet
facet normal 0 -0 1
  outer loop
    vertex -13.25 0 6
    vertex -13.20325717833948 1.515102386297149 6
    vertex -14.75 0 6
  endloop
endfacet
facet normal 0 0 1
  outer loop
    vertex -6.683763532202189 8.032202529400754 6
    vertex -7.753495610450051 8.626405246775089 6
    vertex -7.716881766101094 6.516101264700377 6
  endloop
endfacet
facet normal 0 0 1
  outer loop
    vertex -7.753495610450051 8.626405246775089 6
    vertex -8.786613844348956 7.110303982074711 6
    vertex -7.716881766101094 6.516101264700377 6
  endloop
endfacet
facet normal 0 0 1
  outer loop
    vertex -7.753495610450051 8.626405246775089 6
    vertex -8.823227688697914 9.220607964149423 6
    vertex -8.786613844348956 7.110303982074711 6
  endloop
endfacet
facet normal 0 0 1
  outer loop
    vertex -7.716881766101094 6.516101264700377 6
    vertex -8.786613844348956 7.110303982074711 6
    vertex -8.75 5 6
  endloop
endfacet
facet normal 0 0 1
  outer loop
    vertex 5.130430146115661 18.27159202011149 6
    vertex 3.83075306738602 17.18055419610474 6
    vertex 5.271376583295989 16.40094164587493 6
  endloop
endfacet
facet normal 0 0 1
  outer loop
    vertex 3.83075306738602 17.18055419610474 6
    vertex 3.971699504566352 15.30990382186818 6
    vertex 5.271376583295989 16.40094164587493 6
  endloop
endfacet
facet normal 0 0 1
  outer loop
    vertex 3.83075306738602 17.18055419610474 6
    vertex 2.531075988656379 16.08951637209799 6
    vertex 3.971699504566352 15.30990382186818 6
  endloop
endfacet
facet normal 0 0 1
  outer loop
    vertex 5.271376583295989 16.40094164587493 6
    vertex 3.971699504566352 15.30990382186818 6
    vertex 5.412323020476322 14.53029127163837 6
  endloop
endfacet
facet normal 0 0 1
  outer loop
    vertex 6.11497578580553 8.675935324992297 6
    vertex 4.596500412499175 8.404539419982582 6
    vertex 5.24498789290276 6.837967662496149 6
  endloop
endfacet
facet normal 0 0 1
  outer loop
    vertex 4.596500412499175 8.404539419982582 6
    vertex 3.726512519596405 6.566571757486433 6
    vertex 5.24498789290276 6.837967662496149 6
  endloop
endfacet
facet normal 0 0 1
  outer loop
    vertex 4.596500412499175 8.404539419982582 6
    vertex 3.078025039192823 8.133143514972867 6
    vertex 3.726512519596405 6.566571757486433 6
  endloop
endfacet
facet normal 0 0 1
  outer loop
    vertex 5.24498789290276 6.837967662496149 6
    vertex 3.726512519596405 6.566571757486433 6
    vertex 4.374999999999989 5 6
  endloop
endfacet
facet normal 0 0 1
  outer loop
    vertex 1.564474160002302 12.97806343937016 6
    vertex 0.7663564012941677 13.11687874258606 6
    vertex 1.1042645128895 12.66683663884584 6
  endloop
endfacet
facet normal 0 0 1
  outer loop
    vertex 0.7663564012941677 13.11687874258606 6
    vertex 0.3061467541813663 12.80565194206174 6
    vertex 1.1042645128895 12.66683663884584 6
  endloop
endfacet
facet normal 0 0 1
  outer loop
    vertex 0.7663564012941677 13.11687874258606 6
    vertex -0.03176135741396813 13.25569404580196 6
    vertex 0.3061467541813663 12.80565194206174 6
  endloop
endfacet
facet normal 0 0 1
  outer loop
    vertex 1.1042645128895 12.66683663884584 6
    vertex 0.3061467541813663 12.80565194206174 6
    vertex 0.6440548657766989 12.35560983832152 6
  endloop
endfacet
facet normal 0 -0 1
  outer loop
    vertex 0.8242423194980546 10.21643282272634 6
    vertex 1.073242163776492 10.58997009396492 6
    vertex 0.7725087069099956 10.55966291571615 6
  endloop
endfacet
facet normal 0 0 1
  outer loop
    vertex 1.073242163776492 10.58997009396492 6
    vertex 1.021508551188433 10.93320018695473 6
    vertex 0.7725087069099956 10.55966291571615 6
  endloop
endfacet
facet normal 0 -0 1
  outer loop
    vertex 1.073242163776492 10.58997009396492 6
    vertex 1.322242008054928 10.9635073652035 6
    vertex 1.021508551188433 10.93320018695473 6
  endloop
endfacet
facet normal 0 -0 1
  outer loop
    vertex 0.7725087069099956 10.55966291571615 6
    vertex 1.021508551188433 10.93320018695473 6
    vertex 0.7207750943219374 10.90289300870596 6
  endloop
endfacet
facet normal 0 0 1
  outer loop
    vertex -2.780587709028268 8.161885858374761 6
    vertex -1.788598762639024 8.623458921314054 6
    vertex -2.338384895706216 9.07583678338386 6
  endloop
endfacet
facet normal 0 -0 1
  outer loop
    vertex -1.788598762639024 8.623458921314054 6
    vertex -1.346395949316975 9.537409846323152 6
    vertex -2.338384895706216 9.07583678338386 6
  endloop
endfacet
facet normal 0 0 1
  outer loop
    vertex -1.788598762639024 8.623458921314054 6
    vertex -0.7966098162497808 9.085031984253344 6
    vertex -1.346395949316975 9.537409846323152 6
  endloop
endfacet
facet normal 0 0 1
  outer loop
    vertex -2.338384895706216 9.07583678338386 6
    vertex -1.346395949316975 9.537409846323152 6
    vertex -1.896182082384167 9.98978770839296 6
  endloop
endfacet
facet normal 0 0 1
  outer loop
    vertex -4.916666666666673 26 6
    vertex -6.218369603619895 23.9264116856088 6
    vertex -4.07839063612214 24.00652044063508 6
  endloop
endfacet
facet normal -0 0 1
  outer loop
    vertex -6.218369603619895 23.9264116856088 6
    vertex -5.380093573075362 21.93293212624388 6
    vertex -4.07839063612214 24.00652044063508 6
  endloop
endfacet
facet normal 0 0 1
  outer loop
    vertex -6.218369603619895 23.9264116856088 6
    vertex -7.520072540573118 21.8528233712176 6
    vertex -5.380093573075362 21.93293212624388 6
  endloop
endfacet
facet normal 0 0 1
  outer loop
    vertex -4.07839063612214 24.00652044063508 6
    vertex -5.380093573075362 21.93293212624388 6
    vertex -3.240114605577606 22.01304088127016 6
  endloop
endfacet
facet normal 0 0 1
  outer loop
    vertex -8.75 5 6
    vertex -10.20325717833948 4.015102386297149 6
    vertex -8.75 2.5 6
  endloop
endfacet
facet normal 0 0 1
  outer loop
    vertex -10.20325717833948 4.015102386297149 6
    vertex -10.20325717833948 1.515102386297149 6
    vertex -8.75 2.5 6
  endloop
endfacet
facet normal 0 0 1
  outer loop
    vertex -10.20325717833948 4.015102386297149 6
    vertex -11.65651435667895 3.030204772594297 6
    vertex -10.20325717833948 1.515102386297149 6
  endloop
endfacet
facet normal 0 0 1
  outer loop
    vertex -8.75 2.5 6
    vertex -10.20325717833948 1.515102386297149 6
    vertex -8.75 0 6
  endloop
endfacet
facet normal 0 0 1
  outer loop
    vertex 0.2000600324004189 18.49351644223556 6
    vertex -0.2096803186986769 17.36755242896525 6
    vertex 1.365568010528399 17.29151640716678 6
  endloop
endfacet
facet normal 0 0 1
  outer loop
    vertex -0.2096803186986769 17.36755242896525 6
    vertex 0.9558276594293034 16.16555239389647 6
    vertex 1.365568010528399 17.29151640716678 6
  endloop
endfacet
facet normal 0 0 1
  outer loop
    vertex -0.2096803186986769 17.36755242896525 6
    vertex -0.6194206697977727 16.24158841569495 6
    vertex 0.9558276594293034 16.16555239389647 6
  endloop
endfacet
facet normal 0 0 1
  outer loop
    vertex 1.365568010528399 17.29151640716678 6
    vertex 0.9558276594293034 16.16555239389647 6
    vertex 2.531075988656379 16.08951637209799 6
  endloop
endfacet
facet normal -0 0 1
  outer loop
    vertex -7.934676457543167 16.24743853021652 6
    vertex -6.369659187070436 15.59974578663744 6
    vertex -6.42567156210492 17.32629385034802 6
  endloop
endfacet
facet normal 0 -0 1
  outer loop
    vertex -6.369659187070436 15.59974578663744 6
    vertex -4.860654291632187 16.67860110676894 6
    vertex -6.42567156210492 17.32629385034802 6
  endloop
endfacet
facet normal -0 0 1
  outer loop
    vertex -6.369659187070436 15.59974578663744 6
    vertex -4.804641916597705 14.95205304305836 6
    vertex -4.860654291632187 16.67860110676894 6
  endloop
endfacet
facet normal -0 0 1
  outer loop
    vertex -6.42567156210492 17.32629385034802 6
    vertex -4.860654291632187 16.67860110676894 6
    vertex -4.916666666666671 18.40514917047952 6
  endloop
endfacet
facet normal 0 0 1
  outer loop
    vertex -4.375000000000004 5 6
    vertex -4.560700944998727 6.964180856786276 6
    vertex -5.529381766101096 6.516101264700377 6
  endloop
endfacet
facet normal 0 0 1
  outer loop
    vertex -4.560700944998727 6.964180856786276 6
    vertex -5.71508271109982 8.480282121486653 6
    vertex -5.529381766101096 6.516101264700377 6
  endloop
endfacet
facet normal 0 0 1
  outer loop
    vertex -4.560700944998727 6.964180856786276 6
    vertex -4.74640188999745 8.928361713572553 6
    vertex -5.71508271109982 8.480282121486653 6
  endloop
endfacet
facet normal 0 0 1
  outer loop
    vertex -5.529381766101096 6.516101264700377 6
    vertex -5.71508271109982 8.480282121486653 6
    vertex -6.683763532202189 8.032202529400754 6
  endloop
endfacet
facet normal 0 0 1
  outer loop
    vertex 11.19981994418614 14.8657531912945 6
    vertex 9.830642176378394 14.04530926236612 6
    vertex 11.20119763215442 13.12391314396234 6
  endloop
endfacet
facet normal 0 0 1
  outer loop
    vertex 9.830642176378394 14.04530926236612 6
    vertex 9.832019864346677 12.30346921503396 6
    vertex 11.20119763215442 13.12391314396234 6
  endloop
endfacet
facet normal 0 0 1
  outer loop
    vertex 9.830642176378394 14.04530926236612 6
    vertex 8.461464408570652 13.22486533343775 6
    vertex 9.832019864346677 12.30346921503396 6
  endloop
endfacet
facet normal 0 0 1
  outer loop
    vertex 11.20119763215442 13.12391314396234 6
    vertex 9.832019864346677 12.30346921503396 6
    vertex 11.2025753201227 11.38207309663017 6
  endloop
endfacet
facet normal -0 0 1
  outer loop
    vertex -14.75 13 6
    vertex -13.12107136899499 12.06429900465888 6
    vertex -13.00906175597258 13.96289551043825 6
  endloop
endfacet
facet normal 0 0 1
  outer loop
    vertex -13.12107136899499 12.06429900465888 6
    vertex -11.38013312496757 13.02719451509713 6
    vertex -13.00906175597258 13.96289551043825 6
  endloop
endfacet
facet normal -0 0 1
  outer loop
    vertex -13.12107136899499 12.06429900465888 6
    vertex -11.49214273798999 11.12859800931776 6
    vertex -11.38013312496757 13.02719451509713 6
  endloop
endfacet
facet normal -0 0 1
  outer loop
    vertex -13.00906175597258 13.96289551043825 6
    vertex -11.38013312496757 13.02719451509713 6
    vertex -11.26812351194516 14.9257910208765 6
  endloop
endfacet
facet normal 0 0 1
  outer loop
    vertex 1.072308708127006 14.44261715473451 6
    vertex 1.318391434064655 13.71034029705234 6
    vertex 2.042172418065807 14.09582441502931 6
  endloop
endfacet
facet normal -0 0 1
  outer loop
    vertex 1.318391434064655 13.71034029705234 6
    vertex 2.288255144003454 13.36354755734714 6
    vertex 2.042172418065807 14.09582441502931 6
  endloop
endfacet
facet normal 0 0 1
  outer loop
    vertex 1.318391434064655 13.71034029705234 6
    vertex 1.564474160002302 12.97806343937016 6
    vertex 2.288255144003454 13.36354755734714 6
  endloop
endfacet
facet normal 0 0 1
  outer loop
    vertex 2.042172418065807 14.09582441502931 6
    vertex 2.288255144003454 13.36354755734714 6
    vertex 3.012036128004606 13.74903167532412 6
  endloop
endfacet
facet normal 0 0 1
  outer loop
    vertex 14.75 21.6666666666667 6
    vertex 12.79621118811328 20.07376182567092 6
    vertex 14.75 19.50000000000002 6
  endloop
endfacet
facet normal 0 0 1
  outer loop
    vertex 12.79621118811328 20.07376182567092 6
    vertex 12.79621118811328 17.90709515900425 6
    vertex 14.75 19.50000000000002 6
  endloop
endfacet
facet normal 0 0 1
  outer loop
    vertex 12.79621118811328 20.07376182567092 6
    vertex 10.84242237622655 18.48085698467514 6
    vertex 12.79621118811328 17.90709515900425 6
  endloop
endfacet
facet normal 0 0 1
  outer loop
    vertex 14.75 19.50000000000002 6
    vertex 12.79621118811328 17.90709515900425 6
    vertex 14.75 17.33333333333335 6
  endloop
endfacet
facet normal 0 0 1
  outer loop
    vertex -0.8973184649916544 12.54862466602274 6
    vertex -1.23010181831007 13.00047044378569 6
    vertex -1.489055032685197 12.35653589219048 6
  endloop
endfacet
facet normal 0 0 1
  outer loop
    vertex -1.23010181831007 13.00047044378569 6
    vertex -1.821838386003613 12.80838166995343 6
    vertex -1.489055032685197 12.35653589219048 6
  endloop
endfacet
facet normal 0 0 1
  outer loop
    vertex -1.23010181831007 13.00047044378569 6
    vertex -1.562885171628485 13.45231622154864 6
    vertex -1.821838386003613 12.80838166995343 6
  endloop
endfacet
facet normal 0 0 1
  outer loop
    vertex -1.489055032685197 12.35653589219048 6
    vertex -1.821838386003613 12.80838166995343 6
    vertex -2.080791600378738 12.16444711835822 6
  endloop
endfacet
facet normal 0 0 1
  outer loop
    vertex -0.8973184649916544 12.54862466602274 6
    vertex -1.489055032685197 12.35653589219048 6
    vertex -1.036314325397306 12.14486208163006 6
  endloop
endfacet
facet normal 0 0 1
  outer loop
    vertex -1.489055032685197 12.35653589219048 6
    vertex -1.628050893090847 11.95277330779779 6
    vertex -1.036314325397306 12.14486208163006 6
  endloop
endfacet
facet normal 0 0 1
  outer loop
    vertex -1.489055032685197 12.35653589219048 6
    vertex -2.080791600378738 12.16444711835822 6
    vertex -1.628050893090847 11.95277330779779 6
  endloop
endfacet
facet normal 0 0 1
  outer loop
    vertex -1.036314325397306 12.14486208163006 6
    vertex -1.628050893090847 11.95277330779779 6
    vertex -1.175310185802957 11.74109949723737 6
  endloop
endfacet
facet normal -0 0 1
  outer loop
    vertex 3.274422134104135 21.95358057830795 6
    vertex 4.2024261401099 20.11258629920972 6
    vertex 5.187714560902894 21.96130529680332 6
  endloop
endfacet
facet normal 0 0 1
  outer loop
    vertex 4.2024261401099 20.11258629920972 6
    vertex 6.115718566908654 20.12031101770508 6
    vertex 5.187714560902894 21.96130529680332 6
  endloop
endfacet
facet normal -0 0 1
  outer loop
    vertex 4.2024261401099 20.11258629920972 6
    vertex 5.130430146115661 18.27159202011149 6
    vertex 6.115718566908654 20.12031101770508 6
  endloop
endfacet
facet normal -0 0 1
  outer loop
    vertex 5.187714560902894 21.96130529680332 6
    vertex 6.115718566908654 20.12031101770508 6
    vertex 7.101006987701652 21.96903001529868 6
  endloop
endfacet
facet normal 0 0 1
  outer loop
    vertex -8.75 0 6
    vertex -10.20325717833948 1.515102386297149 6
    vertex -10.25 0 6
  endloop
endfacet
facet normal 0 0 1
  outer loop
    vertex -10.20325717833948 1.515102386297149 6
    vertex -11.70325717833948 1.515102386297149 6
    vertex -10.25 0 6
  endloop
endfacet
facet normal 0 0 1
  outer loop
    vertex -10.20325717833948 1.515102386297149 6
    vertex -11.65651435667895 3.030204772594297 6
    vertex -11.70325717833948 1.515102386297149 6
  endloop
endfacet
facet normal 0 0 1
  outer loop
    vertex -10.25 0 6
    vertex -11.70325717833948 1.515102386297149 6
    vertex -11.75 0 6
  endloop
endfacet
facet normal -0 0 1
  outer loop
    vertex -4.804641916597705 14.95205304305836 6
    vertex -3.558423160299682 14.8960653660019 6
    vertex -3.868965030528081 15.79421284111275 6
  endloop
endfacet
facet normal 0 -0 1
  outer loop
    vertex -3.558423160299682 14.8960653660019 6
    vertex -2.62274627423006 15.73822516405629 6
    vertex -3.868965030528081 15.79421284111275 6
  endloop
endfacet
facet normal -0 0 1
  outer loop
    vertex -3.558423160299682 14.8960653660019 6
    vertex -2.31220440400166 14.84007768894544 6
    vertex -2.62274627423006 15.73822516405629 6
  endloop
endfacet
facet normal -0 0 1
  outer loop
    vertex -3.868965030528081 15.79421284111275 6
    vertex -2.62274627423006 15.73822516405629 6
    vertex -2.933288144458459 16.63637263916713 6
  endloop
endfacet
facet normal 0 0 1
  outer loop
    vertex -0.03176135741396813 13.25569404580196 6
    vertex -0.7973232645212267 13.3540051336753 6
    vertex -0.4645399112028112 12.90215935591235 6
  endloop
endfacet
facet normal 0 0 1
  outer loop
    vertex -0.7973232645212267 13.3540051336753 6
    vertex -1.23010181831007 13.00047044378569 6
    vertex -0.4645399112028112 12.90215935591235 6
  endloop
endfacet
facet normal 0 0 1
  outer loop
    vertex -0.7973232645212267 13.3540051336753 6
    vertex -1.562885171628485 13.45231622154864 6
    vertex -1.23010181831007 13.00047044378569 6
  endloop
endfacet
facet normal 0 0 1
  outer loop
    vertex -0.4645399112028112 12.90215935591235 6
    vertex -1.23010181831007 13.00047044378569 6
    vertex -0.8973184649916544 12.54862466602274 6
  endloop
endfacet
facet normal 0 0 1
  outer loop
    vertex 5.130430146115661 18.27159202011149 6
    vertex 5.271376583295989 16.40094164587493 6
    vertex 6.584687405203766 17.32588370789055 6
  endloop
endfacet
facet normal -0 0 1
  outer loop
    vertex 5.271376583295989 16.40094164587493 6
    vertex 6.725633842384095 15.45523333365399 6
    vertex 6.584687405203766 17.32588370789055 6
  endloop
endfacet
facet normal 0 0 1
  outer loop
    vertex 5.271376583295989 16.40094164587493 6
    vertex 5.412323020476322 14.53029127163837 6
    vertex 6.725633842384095 15.45523333365399 6
  endloop
endfacet
facet normal 0 0 1
  outer loop
    vertex 6.584687405203766 17.32588370789055 6
    vertex 6.725633842384095 15.45523333365399 6
    vertex 8.038944664291868 16.38017539566961 6
  endloop
endfacet
facet normal -0 0 1
  outer loop
    vertex 0.8242423194980546 10.21643282272634 6
    vertex 1.404177092173754 9.99789200334639 6
    vertex 1.073242163776492 10.58997009396492 6
  endloop
endfacet
facet normal 0 -0 1
  outer loop
    vertex 1.404177092173754 9.99789200334639 6
    vertex 1.653176936452191 10.37142927458497 6
    vertex 1.073242163776492 10.58997009396492 6
  endloop
endfacet
facet normal -0 0 1
  outer loop
    vertex 1.404177092173754 9.99789200334639 6
    vertex 1.984111864849456 9.779351183966442 6
    vertex 1.653176936452191 10.37142927458497 6
  endloop
endfacet
facet normal -0 0 1
  outer loop
    vertex 1.073242163776492 10.58997009396492 6
    vertex 1.653176936452191 10.37142927458497 6
    vertex 1.322242008054928 10.9635073652035 6
  endloop
endfacet
facet normal 0 0 1
  outer loop
    vertex -8.881784197001252e-15 5 6
    vertex -1.390293854514137 6.580942929187381 6
    vertex -2.187500000000007 5 6
  endloop
endfacet
facet normal 0 0 1
  outer loop
    vertex -1.390293854514137 6.580942929187381 6
    vertex -3.577793854514136 6.580942929187381 6
    vertex -2.187500000000007 5 6
  endloop
endfacet
facet normal 0 0 1
  outer loop
    vertex -1.390293854514137 6.580942929187381 6
    vertex -2.780587709028268 8.161885858374761 6
    vertex -3.577793854514136 6.580942929187381 6
  endloop
endfacet
facet normal 0 0 1
  outer loop
    vertex -2.187500000000007 5 6
    vertex -3.577793854514136 6.580942929187381 6
    vertex -4.375000000000004 5 6
  endloop
endfacet
facet normal 0 0 1
  outer loop
    vertex 8.75 5 6
    vertex 7.432487892902763 6.837967662496149 6
    vertex 6.562499999999993 5 6
  endloop
endfacet
facet normal 0 0 1
  outer loop
    vertex 7.432487892902763 6.837967662496149 6
    vertex 5.24498789290276 6.837967662496149 6
    vertex 6.562499999999993 5 6
  endloop
endfacet
facet normal 0 0 1
  outer loop
    vertex 7.432487892902763 6.837967662496149 6
    vertex 6.11497578580553 8.675935324992297 6
    vertex 5.24498789290276 6.837967662496149 6
  endloop
endfacet
facet normal 0 0 1
  outer loop
    vertex 6.562499999999993 5 6
    vertex 5.24498789290276 6.837967662496149 6
    vertex 4.374999999999989 5 6
  endloop
endfacet
facet normal 0 0 1
  outer loop
    vertex -4.375000000000004 5 6
    vertex -5.529381766101096 6.516101264700377 6
    vertex -6.562500000000002 5 6
  endloop
endfacet
facet normal 0 0 1
  outer loop
    vertex -5.529381766101096 6.516101264700377 6
    vertex -7.716881766101094 6.516101264700377 6
    vertex -6.562500000000002 5 6
  endloop
endfacet
facet normal 0 0 1
  outer loop
    vertex -5.529381766101096 6.516101264700377 6
    vertex -6.683763532202189 8.032202529400754 6
    vertex -7.716881766101094 6.516101264700377 6
  endloop
endfacet
facet normal 0 0 1
  outer loop
    vertex -6.562500000000002 5 6
    vertex -7.716881766101094 6.516101264700377 6
    vertex -8.75 5 6
  endloop
endfacet
facet normal 0 0 1
  outer loop
    vertex 2.531075988656379 16.08951637209799 6
    vertex 1.801692348391693 15.26606676341625 6
    vertex 2.771556058330493 14.91927402371105 6
  endloop
endfacet
facet normal 0 0 1
  outer loop
    vertex 1.801692348391693 15.26606676341625 6
    vertex 2.042172418065807 14.09582441502931 6
    vertex 2.771556058330493 14.91927402371105 6
  endloop
endfacet
facet normal 0 0 1
  outer loop
    vertex 1.801692348391693 15.26606676341625 6
    vertex 1.072308708127006 14.44261715473451 6
    vertex 2.042172418065807 14.09582441502931 6
  endloop
endfacet
facet normal 0 0 1
  outer loop
    vertex 2.771556058330493 14.91927402371105 6
    vertex 2.042172418065807 14.09582441502931 6
    vertex 3.012036128004606 13.74903167532412 6
  endloop
endfacet
facet normal 0 -0 1
  outer loop
    vertex 6.11497578580553 8.675935324992297 6
    vertex 6.25474004110616 10.21743753103971 6
    vertex 5.294255395400409 9.779215953456415 6
  endloop
endfacet
facet normal 0 0 1
  outer loop
    vertex 6.25474004110616 10.21743753103971 6
    vertex 5.434019650701039 11.32071815950383 6
    vertex 5.294255395400409 9.779215953456415 6
  endloop
endfacet
facet normal 0 -0 1
  outer loop
    vertex 6.25474004110616 10.21743753103971 6
    vertex 6.39450429640679 11.75893973708713 6
    vertex 5.434019650701039 11.32071815950383 6
  endloop
endfacet
facet normal 0 -0 1
  outer loop
    vertex 5.294255395400409 9.779215953456415 6
    vertex 5.434019650701039 11.32071815950383 6
    vertex 4.473535004995288 10.88249658192053 6
  endloop
endfacet
facet normal 0 0 1
  outer loop
    vertex 14.75 21.6666666666667 6
    vertex 12.78091907753854 21.92447821932775 6
    vertex 12.79621118811328 20.07376182567092 6
  endloop
endfacet
facet normal 0 0 1
  outer loop
    vertex 12.78091907753854 21.92447821932775 6
    vertex 10.82713026565182 20.33157337833197 6
    vertex 12.79621118811328 20.07376182567092 6
  endloop
endfacet
facet normal 0 0 1
  outer loop
    vertex 12.78091907753854 21.92447821932775 6
    vertex 10.81183815507709 22.1822897719888 6
    vertex 10.82713026565182 20.33157337833197 6
  endloop
endfacet
facet normal 0 0 1
  outer loop
    vertex 12.79621118811328 20.07376182567092 6
    vertex 10.82713026565182 20.33157337833197 6
    vertex 10.84242237622655 18.48085698467514 6
  endloop
endfacet
facet normal 0 0 1
  outer loop
    vertex -14.75 0 6
    vertex -13.20325717833948 1.515102386297149 6
    vertex -14.75 2.166666666666666 6
  endloop
endfacet
facet normal 0 -0 1
  outer loop
    vertex -13.20325717833948 1.515102386297149 6
    vertex -13.20325717833948 3.681769052963814 6
    vertex -14.75 2.166666666666666 6
  endloop
endfacet
facet normal 0 0 1
  outer loop
    vertex -13.20325717833948 1.515102386297149 6
    vertex -11.65651435667895 3.030204772594297 6
    vertex -13.20325717833948 3.681769052963814 6
  endloop
endfacet
facet normal 0 0 1
  outer loop
    vertex -14.75 2.166666666666666 6
    vertex -13.20325717833948 3.681769052963814 6
    vertex -14.75 4.333333333333331 6
  endloop
endfacet
facet normal 0 0 1
  outer loop
    vertex 2.531075988656379 16.08951637209799 6
    vertex 0.9558276594293034 16.16555239389647 6
    vertex 1.801692348391693 15.26606676341625 6
  endloop
endfacet
facet normal 0 0 1
  outer loop
    vertex 0.9558276594293034 16.16555239389647 6
    vertex 0.2264440191646173 15.34210278521473 6
    vertex 1.801692348391693 15.26606676341625 6
  endloop
endfacet
facet normal 0 0 1
  outer loop
    vertex 0.9558276594293034 16.16555239389647 6
    vertex -0.6194206697977727 16.24158841569495 6
    vertex 0.2264440191646173 15.34210278521473 6
  endloop
endfacet
facet normal 0 0 1
  outer loop
    vertex 1.801692348391693 15.26606676341625 6
    vertex 0.2264440191646173 15.34210278521473 6
    vertex 1.072308708127006 14.44261715473451 6
  endloop
endfacet
facet normal 0 0 1
  outer loop
    vertex -0.03176135741396813 13.25569404580196 6
    vertex -0.09865757079980852 12.84131289933672 6
    vertex 0.3061467541813663 12.80565194206174 6
  endloop
endfacet
facet normal 0 0 1
  outer loop
    vertex -0.09865757079980852 12.84131289933672 6
    vertex 0.2392505407955241 12.3912707955965 6
    vertex 0.3061467541813663 12.80565194206174 6
  endloop
endfacet
facet normal 0 0 1
  outer loop
    vertex -0.09865757079980852 12.84131289933672 6
    vertex -0.1655537841856507 12.42693175287148 6
    vertex 0.2392505407955241 12.3912707955965 6
  endloop
endfacet
facet normal 0 0 1
  outer loop
    vertex 0.3061467541813663 12.80565194206174 6
    vertex 0.2392505407955241 12.3912707955965 6
    vertex 0.6440548657766989 12.35560983832152 6
  endloop
endfacet
facet normal 0 0 1
  outer loop
    vertex 11.2025753201227 11.38207309663017 6
    vertex 10.70725249996599 9.857543412129512 6
    vertex 12.97628766006135 10.02436988164841 6
  endloop
endfacet
facet normal -0 0 1
  outer loop
    vertex 10.70725249996599 9.857543412129512 6
    vertex 12.48096483990464 8.499840197147755 6
    vertex 12.97628766006135 10.02436988164841 6
  endloop
endfacet
facet normal 0 0 1
  outer loop
    vertex 10.70725249996599 9.857543412129512 6
    vertex 10.21192967980927 8.333013727628853 6
    vertex 12.48096483990464 8.499840197147755 6
  endloop
endfacet
facet normal 0 0 1
  outer loop
    vertex 12.97628766006135 10.02436988164841 6
    vertex 12.48096483990464 8.499840197147755 6
    vertex 14.75 8.666666666666659 6
  endloop
endfacet
facet normal 0 0 1
  outer loop
    vertex -11.26812351194516 14.9257910208765 6
    vertex -9.601399984744164 15.58661477554651 6
    vertex -11.00249767228889 17.01626508464421 6
  endloop
endfacet
facet normal 0 -0 1
  outer loop
    vertex -9.601399984744164 15.58661477554651 6
    vertex -9.335774145087891 17.67708883931422 6
    vertex -11.00249767228889 17.01626508464421 6
  endloop
endfacet
facet normal 0 0 1
  outer loop
    vertex -9.601399984744164 15.58661477554651 6
    vertex -7.934676457543167 16.24743853021652 6
    vertex -9.335774145087891 17.67708883931422 6
  endloop
endfacet
facet normal 0 0 1
  outer loop
    vertex -11.00249767228889 17.01626508464421 6
    vertex -9.335774145087891 17.67708883931422 6
    vertex -10.73687183263261 19.10673914841193 6
  endloop
endfacet
facet normal 0 -0 1
  outer loop
    vertex -7.972142056854953 13 6
    vertex -7.95340925719906 14.62371926510826 6
    vertex -9.620132784400056 13.96289551043825 6
  endloop
endfacet
facet normal 0 0 1
  outer loop
    vertex -7.95340925719906 14.62371926510826 6
    vertex -9.601399984744164 15.58661477554651 6
    vertex -9.620132784400056 13.96289551043825 6
  endloop
endfacet
facet normal 0 -0 1
  outer loop
    vertex -7.95340925719906 14.62371926510826 6
    vertex -7.934676457543167 16.24743853021652 6
    vertex -9.601399984744164 15.58661477554651 6
  endloop
endfacet
facet normal 0 -0 1
  outer loop
    vertex -9.620132784400056 13.96289551043825 6
    vertex -9.601399984744164 15.58661477554651 6
    vertex -11.26812351194516 14.9257910208765 6
  endloop
endfacet
facet normal -0 0 1
  outer loop
    vertex -4.916666666666673 26 6
    vertex -4.07839063612214 24.00652044063508 6
    vertex -2.458333333333339 26 6
  endloop
endfacet
facet normal 0 0 1
  outer loop
    vertex -4.07839063612214 24.00652044063508 6
    vertex -1.620057302788805 24.00652044063508 6
    vertex -2.458333333333339 26 6
  endloop
endfacet
facet normal -0 0 1
  outer loop
    vertex -4.07839063612214 24.00652044063508 6
    vertex -3.240114605577606 22.01304088127016 6
    vertex -1.620057302788805 24.00652044063508 6
  endloop
endfacet
facet normal -0 0 1
  outer loop
    vertex -2.458333333333339 26 6
    vertex -1.620057302788805 24.00652044063508 6
    vertex -5.329070518200751e-15 26 6
  endloop
endfacet
facet normal 0 0 1
  outer loop
    vertex 14.75 4.333333333333331 6
    vertex 13.88451512807415 3.339887853347607 6
    vertex 14.75 2.166666666666666 6
  endloop
endfacet
facet normal 0 0 1
  outer loop
    vertex 13.88451512807415 3.339887853347607 6
    vertex 13.88451512807415 1.173221186680942 6
    vertex 14.75 2.166666666666666 6
  endloop
endfacet
facet normal 0 0 1
  outer loop
    vertex 13.88451512807415 3.339887853347607 6
    vertex 13.0190302561483 2.346442373361883 6
    vertex 13.88451512807415 1.173221186680942 6
  endloop
endfacet
facet normal 0 0 1
  outer loop
    vertex 14.75 2.166666666666666 6
    vertex 13.88451512807415 1.173221186680942 6
    vertex 14.75 0 6
  endloop
endfacet
facet normal 0 0 1
  outer loop
    vertex 2.912816219950553 12.1488956619318 6
    vertex 2.637631488102819 11.49080920433414 6
    vertex 3.69317561247292 11.51569612192617 6
  endloop
endfacet
facet normal -0 0 1
  outer loop
    vertex 2.637631488102819 11.49080920433414 6
    vertex 3.417990880625187 10.8576096643285 6
    vertex 3.69317561247292 11.51569612192617 6
  endloop
endfacet
facet normal 0 0 1
  outer loop
    vertex 2.637631488102819 11.49080920433414 6
    vertex 2.362446756255085 10.83272274673648 6
    vertex 3.417990880625187 10.8576096643285 6
  endloop
endfacet
facet normal 0 0 1
  outer loop
    vertex 3.69317561247292 11.51569612192617 6
    vertex 3.417990880625187 10.8576096643285 6
    vertex 4.473535004995288 10.88249658192053 6
  endloop
endfacet
facet normal 0 0 1
  outer loop
    vertex 11.19981994418614 14.8657531912945 6
    vertex 11.20119763215442 13.12391314396234 6
    vertex 12.97490997209307 13.93287659564725 6
  endloop
endfacet
facet normal -0 0 1
  outer loop
    vertex 11.20119763215442 13.12391314396234 6
    vertex 12.97628766006135 12.19103654831509 6
    vertex 12.97490997209307 13.93287659564725 6
  endloop
endfacet
facet normal 0 0 1
  outer loop
    vertex 11.20119763215442 13.12391314396234 6
    vertex 11.2025753201227 11.38207309663017 6
    vertex 12.97628766006135 12.19103654831509 6
  endloop
endfacet
facet normal 0 0 1
  outer loop
    vertex 12.97490997209307 13.93287659564725 6
    vertex 12.97628766006135 12.19103654831509 6
    vertex 14.75 13 6
  endloop
endfacet
facet normal 0 0 1
  outer loop
    vertex -4.804641916597705 14.95205304305836 6
    vertex -4.937956287631302 13.7407766704822 6
    vertex -4.015460100221873 14.12158715501895 6
  endloop
endfacet
facet normal -0 0 1
  outer loop
    vertex -4.937956287631302 13.7407766704822 6
    vertex -4.148774471255468 12.91031078244279 6
    vertex -4.015460100221873 14.12158715501895 6
  endloop
endfacet
facet normal 0 0 1
  outer loop
    vertex -4.937956287631302 13.7407766704822 6
    vertex -5.071270658664897 12.52950029790604 6
    vertex -4.148774471255468 12.91031078244279 6
  endloop
endfacet
facet normal 0 0 1
  outer loop
    vertex -4.015460100221873 14.12158715501895 6
    vertex -4.148774471255468 12.91031078244279 6
    vertex -3.226278283846039 13.29112126697954 6
  endloop
endfacet
facet normal 0 0 1
  outer loop
    vertex -3.226278283846039 13.29112126697954 6
    vertex -4.148774471255468 12.91031078244279 6
    vertex -3.355382465640364 12.63579430805475 6
  endloop
endfacet
facet normal 0 0 1
  outer loop
    vertex -4.148774471255468 12.91031078244279 6
    vertex -4.277878653049793 12.254983823518 6
    vertex -3.355382465640364 12.63579430805475 6
  endloop
endfacet
facet normal 0 0 1
  outer loop
    vertex -4.148774471255468 12.91031078244279 6
    vertex -5.071270658664897 12.52950029790604 6
    vertex -4.277878653049793 12.254983823518 6
  endloop
endfacet
facet normal 0 0 1
  outer loop
    vertex -3.355382465640364 12.63579430805475 6
    vertex -4.277878653049793 12.254983823518 6
    vertex -3.484486647434688 11.98046734912996 6
  endloop
endfacet
facet normal -0 0 1
  outer loop
    vertex -0.8973184649916544 12.54862466602274 6
    vertex -0.5314361245886516 12.48777820944711 6
    vertex -0.4645399112028112 12.90215935591235 6
  endloop
endfacet
facet normal 0 0 1
  outer loop
    vertex -0.5314361245886516 12.48777820944711 6
    vertex -0.09865757079980852 12.84131289933672 6
    vertex -0.4645399112028112 12.90215935591235 6
  endloop
endfacet
facet normal -0 0 1
  outer loop
    vertex -0.5314361245886516 12.48777820944711 6
    vertex -0.1655537841856507 12.42693175287148 6
    vertex -0.09865757079980852 12.84131289933672 6
  endloop
endfacet
facet normal -0 0 1
  outer loop
    vertex -0.4645399112028112 12.90215935591235 6
    vertex -0.09865757079980852 12.84131289933672 6
    vertex -0.03176135741396813 13.25569404580196 6
  endloop
endfacet
facet normal -0 0 1
  outer loop
    vertex -3.240114605577606 22.01304088127016 6
    vertex -1.574498310132338 21.51200607429791 6
    vertex -1.620057302788805 24.00652044063508 6
  endloop
endfacet
facet normal 0 -0 1
  outer loop
    vertex -1.574498310132338 21.51200607429791 6
    vertex 0.04555899265646168 23.50548563366284 6
    vertex -1.620057302788805 24.00652044063508 6
  endloop
endfacet
facet normal -0 0 1
  outer loop
    vertex -1.574498310132338 21.51200607429791 6
    vertex 0.0911179853129287 21.01097126732568 6
    vertex 0.04555899265646168 23.50548563366284 6
  endloop
endfacet
facet normal -0 0 1
  outer loop
    vertex -1.620057302788805 24.00652044063508 6
    vertex 0.04555899265646168 23.50548563366284 6
    vertex -5.329070518200751e-15 26 6
  endloop
endfacet
facet normal 0 0 1
  outer loop
    vertex -4.916666666666671 18.40514917047952 6
    vertex -3.505831129663456 18.60465237990159 6
    vertex -4.078390636122139 20.20909502587484 6
  endloop
endfacet
facet normal 0 -0 1
  outer loop
    vertex -3.505831129663456 18.60465237990159 6
    vertex -2.667555099118925 20.40859823529691 6
    vertex -4.078390636122139 20.20909502587484 6
  endloop
endfacet
facet normal 0 0 1
  outer loop
    vertex -3.505831129663456 18.60465237990159 6
    vertex -2.094995592660242 18.80415558932367 6
    vertex -2.667555099118925 20.40859823529691 6
  endloop
endfacet
facet normal 0 0 1
  outer loop
    vertex -4.078390636122139 20.20909502587484 6
    vertex -2.667555099118925 20.40859823529691 6
    vertex -3.240114605577606 22.01304088127016 6
  endloop
endfacet
facet normal 0 0 1
  outer loop
    vertex 14.75 17.33333333333335 6
    vertex 12.97490997209307 16.09954326231393 6
    vertex 14.75 15.16666666666668 6
  endloop
endfacet
facet normal 0 0 1
  outer loop
    vertex 12.97490997209307 16.09954326231393 6
    vertex 12.97490997209307 13.93287659564725 6
    vertex 14.75 15.16666666666668 6
  endloop
endfacet
facet normal 0 0 1
  outer loop
    vertex 12.97490997209307 16.09954326231393 6
    vertex 11.19981994418614 14.8657531912945 6
    vertex 12.97490997209307 13.93287659564725 6
  endloop
endfacet
facet normal 0 0 1
  outer loop
    vertex 14.75 15.16666666666668 6
    vertex 12.97490997209307 13.93287659564725 6
    vertex 14.75 13 6
  endloop
endfacet
facet normal 0 0 1
  outer loop
    vertex 4.916666666666664 26 6
    vertex 4.0955444003854 23.97679028915397 6
    vertex 6.008836827184158 23.98451500764934 6
  endloop
endfacet
facet normal -0 0 1
  outer loop
    vertex 4.0955444003854 23.97679028915397 6
    vertex 5.187714560902894 21.96130529680332 6
    vertex 6.008836827184158 23.98451500764934 6
  endloop
endfacet
facet normal 0 0 1
  outer loop
    vertex 4.0955444003854 23.97679028915397 6
    vertex 3.274422134104135 21.95358057830795 6
    vertex 5.187714560902894 21.96130529680332 6
  endloop
endfacet
facet normal 0 0 1
  outer loop
    vertex 6.008836827184158 23.98451500764934 6
    vertex 5.187714560902894 21.96130529680332 6
    vertex 7.101006987701652 21.96903001529868 6
  endloop
endfacet
facet normal 0 0 1
  outer loop
    vertex 14.75 26 6
    vertex 12.78091907753854 24.0911448859944 6
    vertex 14.75 23.83333333333335 6
  endloop
endfacet
facet normal 0 0 1
  outer loop
    vertex 12.78091907753854 24.0911448859944 6
    vertex 12.78091907753854 21.92447821932775 6
    vertex 14.75 23.83333333333335 6
  endloop
endfacet
facet normal 0 0 1
  outer loop
    vertex 12.78091907753854 24.0911448859944 6
    vertex 10.81183815507709 22.1822897719888 6
    vertex 12.78091907753854 21.92447821932775 6
  endloop
endfacet
facet normal 0 0 1
  outer loop
    vertex 14.75 23.83333333333335 6
    vertex 12.78091907753854 21.92447821932775 6
    vertex 14.75 21.6666666666667 6
  endloop
endfacet
facet normal 0 0 1
  outer loop
    vertex -14.75 13 6
    vertex -13.00906175597258 13.96289551043825 6
    vertex -14.75 15.16666666666668 6
  endloop
endfacet
facet normal 0 -0 1
  outer loop
    vertex -13.00906175597258 13.96289551043825 6
    vertex -13.00906175597258 16.12956217710492 6
    vertex -14.75 15.16666666666668 6
  endloop
endfacet
facet normal 0 0 1
  outer loop
    vertex -13.00906175597258 13.96289551043825 6
    vertex -11.26812351194516 14.9257910208765 6
    vertex -13.00906175597258 16.12956217710492 6
  endloop
endfacet
facet normal 0 0 1
  outer loop
    vertex -14.75 15.16666666666668 6
    vertex -13.00906175597258 16.12956217710492 6
    vertex -14.75 17.33333333333335 6
  endloop
endfacet
facet normal -0 0 1
  outer loop
    vertex 9.833333333333329 26 6
    vertex 10.32258574420521 24.0911448859944 6
    vertex 12.29166666666666 26 6
  endloop
endfacet
facet normal 0 0 1
  outer loop
    vertex 10.32258574420521 24.0911448859944 6
    vertex 12.78091907753854 24.0911448859944 6
    vertex 12.29166666666666 26 6
  endloop
endfacet
facet normal -0 0 1
  outer loop
    vertex 10.32258574420521 24.0911448859944 6
    vertex 10.81183815507709 22.1822897719888 6
    vertex 12.78091907753854 24.0911448859944 6
  endloop
endfacet
facet normal -0 0 1
  outer loop
    vertex 12.29166666666666 26 6
    vertex 12.78091907753854 24.0911448859944 6
    vertex 14.75 26 6
  endloop
endfacet
facet normal 0 0 1
  outer loop
    vertex -0.2273569461388512 7.63850917067675 6
    vertex -0.511983381194316 8.361770577465048 6
    vertex -1.503972327583559 7.900197514525756 6
  endloop
endfacet
facet normal 0 0 1
  outer loop
    vertex -0.511983381194316 8.361770577465048 6
    vertex -1.788598762639024 8.623458921314054 6
    vertex -1.503972327583559 7.900197514525756 6
  endloop
endfacet
facet normal 0 0 1
  outer loop
    vertex -0.511983381194316 8.361770577465048 6
    vertex -0.7966098162497808 9.085031984253344 6
    vertex -1.788598762639024 8.623458921314054 6
  endloop
endfacet
facet normal 0 0 1
  outer loop
    vertex -1.503972327583559 7.900197514525756 6
    vertex -1.788598762639024 8.623458921314054 6
    vertex -2.780587709028268 8.161885858374761 6
  endloop
endfacet
facet normal 0 0 1
  outer loop
    vertex -7.972142056854953 13 6
    vertex -6.388391986726329 13.97602652152918 6
    vertex -7.95340925719906 14.62371926510826 6
  endloop
endfacet
facet normal 0 -0 1
  outer loop
    vertex -6.388391986726329 13.97602652152918 6
    vertex -6.369659187070436 15.59974578663744 6
    vertex -7.95340925719906 14.62371926510826 6
  endloop
endfacet
facet normal 0 0 1
  outer loop
    vertex -6.388391986726329 13.97602652152918 6
    vertex -4.804641916597705 14.95205304305836 6
    vertex -6.369659187070436 15.59974578663744 6
  endloop
endfacet
facet normal 0 0 1
  outer loop
    vertex -7.95340925719906 14.62371926510826 6
    vertex -6.369659187070436 15.59974578663744 6
    vertex -7.934676457543167 16.24743853021652 6
  endloop
endfacet
facet normal 0 0 1
  outer loop
    vertex 11.19981994418614 14.8657531912945 6
    vertex 9.619382304239004 15.62296429348205 6
    vertex 9.830642176378394 14.04530926236612 6
  endloop
endfacet
facet normal 0 0 1
  outer loop
    vertex 9.619382304239004 15.62296429348205 6
    vertex 8.250204536431262 14.80252036455368 6
    vertex 9.830642176378394 14.04530926236612 6
  endloop
endfacet
facet normal 0 0 1
  outer loop
    vertex 9.619382304239004 15.62296429348205 6
    vertex 8.038944664291868 16.38017539566961 6
    vertex 8.250204536431262 14.80252036455368 6
  endloop
endfacet
facet normal 0 0 1
  outer loop
    vertex 9.830642176378394 14.04530926236612 6
    vertex 8.250204536431262 14.80252036455368 6
    vertex 8.461464408570652 13.22486533343775 6
  endloop
endfacet
facet normal 0 0 1
  outer loop
    vertex 3.274422134104135 21.95358057830795 6
    vertex 2.840879038857501 20.37755734556234 6
    vertex 4.2024261401099 20.11258629920972 6
  endloop
endfacet
facet normal 0 0 1
  outer loop
    vertex 2.840879038857501 20.37755734556234 6
    vertex 3.768883044863266 18.53656306646411 6
    vertex 4.2024261401099 20.11258629920972 6
  endloop
endfacet
facet normal 0 0 1
  outer loop
    vertex 2.840879038857501 20.37755734556234 6
    vertex 2.407335943610867 18.80153411281673 6
    vertex 3.768883044863266 18.53656306646411 6
  endloop
endfacet
facet normal 0 0 1
  outer loop
    vertex 4.2024261401099 20.11258629920972 6
    vertex 3.768883044863266 18.53656306646411 6
    vertex 5.130430146115661 18.27159202011149 6
  endloop
endfacet
facet normal 0 0 1
  outer loop
    vertex -8.75 5 6
    vertex -8.786613844348956 7.110303982074711 6
    vertex -10.13459013155795 6.11950882475923 6
  endloop
endfacet
facet normal 0 0 1
  outer loop
    vertex -8.786613844348956 7.110303982074711 6
    vertex -10.17120397590691 8.229812806833941 6
    vertex -10.13459013155795 6.11950882475923 6
  endloop
endfacet
facet normal 0 0 1
  outer loop
    vertex -8.786613844348956 7.110303982074711 6
    vertex -8.823227688697914 9.220607964149423 6
    vertex -10.17120397590691 8.229812806833941 6
  endloop
endfacet
facet normal 0 0 1
  outer loop
    vertex -10.13459013155795 6.11950882475923 6
    vertex -10.17120397590691 8.229812806833941 6
    vertex -11.5191802631159 7.239017649518461 6
  endloop
endfacet
facet normal 0 0 1
  outer loop
    vertex 8.038944664291868 16.38017539566961 6
    vertex 6.725633842384095 15.45523333365399 6
    vertex 8.250204536431262 14.80252036455368 6
  endloop
endfacet
facet normal 0 0 1
  outer loop
    vertex 6.725633842384095 15.45523333365399 6
    vertex 6.936893714523485 13.87757830253806 6
    vertex 8.250204536431262 14.80252036455368 6
  endloop
endfacet
facet normal 0 0 1
  outer loop
    vertex 6.725633842384095 15.45523333365399 6
    vertex 5.412323020476322 14.53029127163837 6
    vertex 6.936893714523485 13.87757830253806 6
  endloop
endfacet
facet normal 0 0 1
  outer loop
    vertex 8.250204536431262 14.80252036455368 6
    vertex 6.936893714523485 13.87757830253806 6
    vertex 8.461464408570652 13.22486533343775 6
  endloop
endfacet
facet normal 0 0 1
  outer loop
    vertex 1.072308708127006 14.44261715473451 6
    vertex 0.5202736753565187 13.84915560026824 6
    vertex 1.318391434064655 13.71034029705234 6
  endloop
endfacet
facet normal 0 0 1
  outer loop
    vertex 0.5202736753565187 13.84915560026824 6
    vertex 0.7663564012941677 13.11687874258606 6
    vertex 1.318391434064655 13.71034029705234 6
  endloop
endfacet
facet normal 0 0 1
  outer loop
    vertex 0.5202736753565187 13.84915560026824 6
    vertex -0.03176135741396813 13.25569404580196 6
    vertex 0.7663564012941677 13.11687874258606 6
  endloop
endfacet
facet normal 0 0 1
  outer loop
    vertex 1.318391434064655 13.71034029705234 6
    vertex 0.7663564012941677 13.11687874258606 6
    vertex 1.564474160002302 12.97806343937016 6
  endloop
endfacet
facet normal -0 0 1
  outer loop
    vertex -9.833333333333339 26 6
    vertex -8.676702936953228 23.9264116856088 6
    vertex -7.375000000000007 26 6
  endloop
endfacet
facet normal 0 0 1
  outer loop
    vertex -8.676702936953228 23.9264116856088 6
    vertex -6.218369603619895 23.9264116856088 6
    vertex -7.375000000000007 26 6
  endloop
endfacet
facet normal -0 0 1
  outer loop
    vertex -8.676702936953228 23.9264116856088 6
    vertex -7.520072540573118 21.8528233712176 6
    vertex -6.218369603619895 23.9264116856088 6
  endloop
endfacet
facet normal -0 0 1
  outer loop
    vertex -7.375000000000007 26 6
    vertex -6.218369603619895 23.9264116856088 6
    vertex -4.916666666666673 26 6
  endloop
endfacet
facet normal 0 0 1
  outer loop
    vertex -14.75 8.666666666666659 6
    vertex -13.12107136899499 9.897632337992212 6
    vertex -14.75 10.83333333333333 6
  endloop
endfacet
facet normal 0 -0 1
  outer loop
    vertex -13.12107136899499 9.897632337992212 6
    vertex -13.12107136899499 12.06429900465888 6
    vertex -14.75 10.83333333333333 6
  endloop
endfacet
facet normal 0 0 1
  outer loop
    vertex -13.12107136899499 9.897632337992212 6
    vertex -11.49214273798999 11.12859800931776 6
    vertex -13.12107136899499 12.06429900465888 6
  endloop
endfacet
facet normal 0 0 1
  outer loop
    vertex -14.75 10.83333333333333 6
    vertex -13.12107136899499 12.06429900465888 6
    vertex -14.75 13 6
  endloop
endfacet
facet normal 0 0 1
  outer loop
    vertex 2.531075988656379 16.08951637209799 6
    vertex 2.469205966133622 17.44552524245736 6
    vertex 1.365568010528399 17.29151640716678 6
  endloop
endfacet
facet normal 0 0 1
  outer loop
    vertex 2.469205966133622 17.44552524245736 6
    vertex 1.303697988005645 18.64752527752615 6
    vertex 1.365568010528399 17.29151640716678 6
  endloop
endfacet
facet normal 0 0 1
  outer loop
    vertex 2.469205966133622 17.44552524245736 6
    vertex 2.407335943610867 18.80153411281673 6
    vertex 1.303697988005645 18.64752527752615 6
  endloop
endfacet
facet normal 0 0 1
  outer loop
    vertex 1.365568010528399 17.29151640716678 6
    vertex 1.303697988005645 18.64752527752615 6
    vertex 0.2000600324004189 18.49351644223556 6
  endloop
endfacet
facet normal -0 0 1
  outer loop
    vertex -2.933288144458459 16.63637263916713 6
    vertex -1.776354407128116 16.43898052743104 6
    vertex -2.514141868559349 17.7202641142454 6
  endloop
endfacet
facet normal 0 -0 1
  outer loop
    vertex -1.776354407128116 16.43898052743104 6
    vertex -1.357208131229008 17.52287200250931 6
    vertex -2.514141868559349 17.7202641142454 6
  endloop
endfacet
facet normal -0 0 1
  outer loop
    vertex -1.776354407128116 16.43898052743104 6
    vertex -0.6194206697977727 16.24158841569495 6
    vertex -1.357208131229008 17.52287200250931 6
  endloop
endfacet
facet normal -0 0 1
  outer loop
    vertex -2.514141868559349 17.7202641142454 6
    vertex -1.357208131229008 17.52287200250931 6
    vertex -2.094995592660242 18.80415558932367 6
  endloop
endfacet
facet normal 0 0 1
  outer loop
    vertex 14.75 17.33333333333335 6
    vertex 12.79621118811328 17.90709515900425 6
    vertex 12.97490997209307 16.09954326231393 6
  endloop
endfacet
facet normal 0 0 1
  outer loop
    vertex 12.79621118811328 17.90709515900425 6
    vertex 11.02112116020635 16.67330508798482 6
    vertex 12.97490997209307 16.09954326231393 6
  endloop
endfacet
facet normal 0 0 1
  outer loop
    vertex 12.79621118811328 17.90709515900425 6
    vertex 10.84242237622655 18.48085698467514 6
    vertex 11.02112116020635 16.67330508798482 6
  endloop
endfacet
facet normal 0 0 1
  outer loop
    vertex 12.97490997209307 16.09954326231393 6
    vertex 11.02112116020635 16.67330508798482 6
    vertex 11.19981994418614 14.8657531912945 6
  endloop
endfacet
facet normal 0 0 1
  outer loop
    vertex -5.329070518200751e-15 26 6
    vertex 0.04555899265646168 23.50548563366284 6
    vertex 1.637211067052064 23.97679028915397 6
  endloop
endfacet
facet normal -0 0 1
  outer loop
    vertex 0.04555899265646168 23.50548563366284 6
    vertex 1.682770059708531 21.48227592281681 6
    vertex 1.637211067052064 23.97679028915397 6
  endloop
endfacet
facet normal 0 0 1
  outer loop
    vertex 0.04555899265646168 23.50548563366284 6
    vertex 0.0911179853129287 21.01097126732568 6
    vertex 1.682770059708531 21.48227592281681 6
  endloop
endfacet
facet normal 0 0 1
  outer loop
    vertex 1.637211067052064 23.97679028915397 6
    vertex 1.682770059708531 21.48227592281681 6
    vertex 3.274422134104135 21.95358057830795 6
  endloop
endfacet
facet normal 0 0 1
  outer loop
    vertex 5.412323020476322 14.53029127163837 6
    vertex 5.903413658441558 13.14461550436275 6
    vertex 6.936893714523485 13.87757830253806 6
  endloop
endfacet
facet normal -0 0 1
  outer loop
    vertex 5.903413658441558 13.14461550436275 6
    vertex 7.427984352488721 12.49190253526244 6
    vertex 6.936893714523485 13.87757830253806 6
  endloop
endfacet
facet normal 0 0 1
  outer loop
    vertex 5.903413658441558 13.14461550436275 6
    vertex 6.39450429640679 11.75893973708713 6
    vertex 7.427984352488721 12.49190253526244 6
  endloop
endfacet
facet normal 0 0 1
  outer loop
    vertex 6.936893714523485 13.87757830253806 6
    vertex 7.427984352488721 12.49190253526244 6
    vertex 8.461464408570652 13.22486533343775 6
  endloop
endfacet
facet normal -0 0 1
  outer loop
    vertex -5.329070518200751e-15 26 6
    vertex 1.637211067052064 23.97679028915397 6
    vertex 2.458333333333329 26 6
  endloop
endfacet
facet normal 0 0 1
  outer loop
    vertex 1.637211067052064 23.97679028915397 6
    vertex 4.0955444003854 23.97679028915397 6
    vertex 2.458333333333329 26 6
  endloop
endfacet
facet normal -0 0 1
  outer loop
    vertex 1.637211067052064 23.97679028915397 6
    vertex 3.274422134104135 21.95358057830795 6
    vertex 4.0955444003854 23.97679028915397 6
  endloop
endfacet
facet normal -0 0 1
  outer loop
    vertex 2.458333333333329 26 6
    vertex 4.0955444003854 23.97679028915397 6
    vertex 4.916666666666664 26 6
  endloop
endfacet
facet normal 0 0 1
  outer loop
    vertex -0.6194206697977727 16.24158841569495 6
    vertex -1.465812536899715 15.54083305232019 6
    vertex -0.6730664537396347 15.35430148145949 6
  endloop
endfacet
facet normal 0 0 1
  outer loop
    vertex -1.465812536899715 15.54083305232019 6
    vertex -1.519458320841579 14.65354611808474 6
    vertex -0.6730664537396347 15.35430148145949 6
  endloop
endfacet
facet normal 0 0 1
  outer loop
    vertex -1.465812536899715 15.54083305232019 6
    vertex -2.31220440400166 14.84007768894544 6
    vertex -1.519458320841579 14.65354611808474 6
  endloop
endfacet
facet normal 0 0 1
  outer loop
    vertex -0.6730664537396347 15.35430148145949 6
    vertex -1.519458320841579 14.65354611808474 6
    vertex -0.7267122376814967 14.46701454722404 6
  endloop
endfacet
facet normal -0 0 1
  outer loop
    vertex 4.916666666666664 26 6
    vertex 6.008836827184158 23.98451500764934 6
    vertex 7.374999999999996 26 6
  endloop
endfacet
facet normal 0 0 1
  outer loop
    vertex 6.008836827184158 23.98451500764934 6
    vertex 8.46717016051749 23.98451500764934 6
    vertex 7.374999999999996 26 6
  endloop
endfacet
facet normal -0 0 1
  outer loop
    vertex 6.008836827184158 23.98451500764934 6
    vertex 7.101006987701652 21.96903001529868 6
    vertex 8.46717016051749 23.98451500764934 6
  endloop
endfacet
facet normal -0 0 1
  outer loop
    vertex 7.374999999999996 26 6
    vertex 8.46717016051749 23.98451500764934 6
    vertex 9.833333333333329 26 6
  endloop
endfacet
facet normal -0 0 1
  outer loop
    vertex -7.972142056854953 13 6
    vertex -6.521706357759925 12.76475014895302 6
    vertex -6.388391986726329 13.97602652152918 6
  endloop
endfacet
facet normal 0 0 1
  outer loop
    vertex -6.521706357759925 12.76475014895302 6
    vertex -4.937956287631302 13.7407766704822 6
    vertex -6.388391986726329 13.97602652152918 6
  endloop
endfacet
facet normal -0 0 1
  outer loop
    vertex -6.521706357759925 12.76475014895302 6
    vertex -5.071270658664897 12.52950029790604 6
    vertex -4.937956287631302 13.7407766704822 6
  endloop
endfacet
facet normal -0 0 1
  outer loop
    vertex -6.388391986726329 13.97602652152918 6
    vertex -4.937956287631302 13.7407766704822 6
    vertex -4.804641916597705 14.95205304305836 6
  endloop
endfacet
facet normal 0 -0 1
  outer loop
    vertex 1.586585110782362 11.80634468270687 6
    vertex 2.249700665366458 11.97762017231934 6
    vertex 1.575529635392332 12.39220406103852 6
  endloop
endfacet
facet normal 0 0 1
  outer loop
    vertex 2.249700665366458 11.97762017231934 6
    vertex 2.238645189976427 12.56347955065099 6
    vertex 1.575529635392332 12.39220406103852 6
  endloop
endfacet
facet normal 0 -0 1
  outer loop
    vertex 2.249700665366458 11.97762017231934 6
    vertex 2.912816219950553 12.1488956619318 6
    vertex 2.238645189976427 12.56347955065099 6
  endloop
endfacet
facet normal 0 -0 1
  outer loop
    vertex 1.575529635392332 12.39220406103852 6
    vertex 2.238645189976427 12.56347955065099 6
    vertex 1.564474160002302 12.97806343937016 6
  endloop
endfacet
facet normal 0 0 1
  outer loop
    vertex -2.094995592660242 18.80415558932367 6
    vertex -1.357208131229008 17.52287200250931 6
    vertex -0.9474677801299123 18.64883601577962 6
  endloop
endfacet
facet normal -0 0 1
  outer loop
    vertex -1.357208131229008 17.52287200250931 6
    vertex -0.2096803186986769 17.36755242896525 6
    vertex -0.9474677801299123 18.64883601577962 6
  endloop
endfacet
facet normal 0 0 1
  outer loop
    vertex -1.357208131229008 17.52287200250931 6
    vertex -0.6194206697977727 16.24158841569495 6
    vertex -0.2096803186986769 17.36755242896525 6
  endloop
endfacet
facet normal 0 0 1
  outer loop
    vertex -0.9474677801299123 18.64883601577962 6
    vertex -0.2096803186986769 17.36755242896525 6
    vertex 0.2000600324004189 18.49351644223556 6
  endloop
endfacet
facet normal 0 -0 1
  outer loop
    vertex -11.26812351194516 14.9257910208765 6
    vertex -11.00249767228889 17.01626508464421 6
    vertex -13.00906175597258 16.12956217710492 6
  endloop
endfacet
facet normal 0 0 1
  outer loop
    vertex -11.00249767228889 17.01626508464421 6
    vertex -12.74343591631631 18.22003624087264 6
    vertex -13.00906175597258 16.12956217710492 6
  endloop
endfacet
facet normal 0 -0 1
  outer loop
    vertex -11.00249767228889 17.01626508464421 6
    vertex -10.73687183263261 19.10673914841193 6
    vertex -12.74343591631631 18.22003624087264 6
  endloop
endfacet
facet normal 0 -0 1
  outer loop
    vertex -13.00906175597258 16.12956217710492 6
    vertex -12.74343591631631 18.22003624087264 6
    vertex -14.75 17.33333333333335 6
  endloop
endfacet
facet normal -0 0 1
  outer loop
    vertex 4.477820159663693 12.64471484553268 6
    vertex 5.436162228035244 12.2018272913099 6
    vertex 4.945071590070008 13.58750305858552 6
  endloop
endfacet
facet normal 0 -0 1
  outer loop
    vertex 5.436162228035244 12.2018272913099 6
    vertex 5.903413658441558 13.14461550436275 6
    vertex 4.945071590070008 13.58750305858552 6
  endloop
endfacet
facet normal -0 0 1
  outer loop
    vertex 5.436162228035244 12.2018272913099 6
    vertex 6.39450429640679 11.75893973708713 6
    vertex 5.903413658441558 13.14461550436275 6
  endloop
endfacet
facet normal -0 0 1
  outer loop
    vertex 4.945071590070008 13.58750305858552 6
    vertex 5.903413658441558 13.14461550436275 6
    vertex 5.412323020476322 14.53029127163837 6
  endloop
endfacet
facet normal 0 0 1
  outer loop
    vertex 14.75 13 6
    vertex 12.97628766006135 12.19103654831509 6
    vertex 14.75 10.83333333333333 6
  endloop
endfacet
facet normal 0 0 1
  outer loop
    vertex 12.97628766006135 12.19103654831509 6
    vertex 12.97628766006135 10.02436988164841 6
    vertex 14.75 10.83333333333333 6
  endloop
endfacet
facet normal 0 0 1
  outer loop
    vertex 12.97628766006135 12.19103654831509 6
    vertex 11.2025753201227 11.38207309663017 6
    vertex 12.97628766006135 10.02436988164841 6
  endloop
endfacet
facet normal 0 0 1
  outer loop
    vertex 14.75 10.83333333333333 6
    vertex 12.97628766006135 10.02436988164841 6
    vertex 14.75 8.666666666666659 6
  endloop
endfacet
facet normal -0 0 1
  outer loop
    vertex 10.21192967980927 8.333013727628853 6
    vertex 11.08763544379703 6.888765230140122 6
    vertex 12.48096483990464 8.499840197147755 6
  endloop
endfacet
facet normal 0 0 1
  outer loop
    vertex 11.08763544379703 6.888765230140122 6
    vertex 13.35667060389239 7.055591699659026 6
    vertex 12.48096483990464 8.499840197147755 6
  endloop
endfacet
facet normal -0 0 1
  outer loop
    vertex 11.08763544379703 6.888765230140122 6
    vertex 11.96334120778478 5.444516732651392 6
    vertex 13.35667060389239 7.055591699659026 6
  endloop
endfacet
facet normal -0 0 1
  outer loop
    vertex 12.48096483990464 8.499840197147755 6
    vertex 13.35667060389239 7.055591699659026 6
    vertex 14.75 8.666666666666659 6
  endloop
endfacet
facet normal 0 -0 1
  outer loop
    vertex -7.934676457543167 16.24743853021652 6
    vertex -7.85587416594853 17.57523804264896 6
    vertex -9.335774145087891 17.67708883931422 6
  endloop
endfacet
facet normal 0 0 1
  outer loop
    vertex -7.85587416594853 17.57523804264896 6
    vertex -9.256971853493253 19.00488835174666 6
    vertex -9.335774145087891 17.67708883931422 6
  endloop
endfacet
facet normal 0 -0 1
  outer loop
    vertex -7.85587416594853 17.57523804264896 6
    vertex -7.777071874353892 18.90303755508139 6
    vertex -9.256971853493253 19.00488835174666 6
  endloop
endfacet
facet normal 0 -0 1
  outer loop
    vertex -9.335774145087891 17.67708883931422 6
    vertex -9.256971853493253 19.00488835174666 6
    vertex -10.73687183263261 19.10673914841193 6
  endloop
endfacet
facet normal 0 -0 1
  outer loop
    vertex -2.080791600378738 12.16444711835822 6
    vertex -1.821838386003613 12.80838166995343 6
    vertex -2.653534942112389 12.72778419266888 6
  endloop
endfacet
facet normal 0 0 1
  outer loop
    vertex -1.821838386003613 12.80838166995343 6
    vertex -2.394581727737261 13.37171874426409 6
    vertex -2.653534942112389 12.72778419266888 6
  endloop
endfacet
facet normal 0 -0 1
  outer loop
    vertex -1.821838386003613 12.80838166995343 6
    vertex -1.562885171628485 13.45231622154864 6
    vertex -2.394581727737261 13.37171874426409 6
  endloop
endfacet
facet normal 0 -0 1
  outer loop
    vertex -2.653534942112389 12.72778419266888 6
    vertex -2.394581727737261 13.37171874426409 6
    vertex -3.226278283846039 13.29112126697954 6
  endloop
endfacet
facet normal 0 0 1
  outer loop
    vertex -0.6194206697977727 16.24158841569495 6
    vertex -0.6730664537396347 15.35430148145949 6
    vertex 0.2264440191646173 15.34210278521473 6
  endloop
endfacet
facet normal 0 0 1
  outer loop
    vertex -0.6730664537396347 15.35430148145949 6
    vertex 0.1727982352227535 14.45481585097928 6
    vertex 0.2264440191646173 15.34210278521473 6
  endloop
endfacet
facet normal 0 0 1
  outer loop
    vertex -0.6730664537396347 15.35430148145949 6
    vertex -0.7267122376814967 14.46701454722404 6
    vertex 0.1727982352227535 14.45481585097928 6
  endloop
endfacet
facet normal 0 0 1
  outer loop
    vertex 0.2264440191646173 15.34210278521473 6
    vertex 0.1727982352227535 14.45481585097928 6
    vertex 1.072308708127006 14.44261715473451 6
  endloop
endfacet
facet normal -0 0 1
  outer loop
    vertex -10.73687183263261 19.10673914841193 6
    vertex -9.256971853493253 19.00488835174666 6
    vertex -9.128472186602865 20.47978125981476 6
  endloop
endfacet
facet normal 0 0 1
  outer loop
    vertex -9.256971853493253 19.00488835174666 6
    vertex -7.648572207463505 20.3779304631495 6
    vertex -9.128472186602865 20.47978125981476 6
  endloop
endfacet
facet normal -0 0 1
  outer loop
    vertex -9.256971853493253 19.00488835174666 6
    vertex -7.777071874353892 18.90303755508139 6
    vertex -7.648572207463505 20.3779304631495 6
  endloop
endfacet
facet normal -0 0 1
  outer loop
    vertex -9.128472186602865 20.47978125981476 6
    vertex -7.648572207463505 20.3779304631495 6
    vertex -7.520072540573118 21.8528233712176 6
  endloop
endfacet
facet normal 0 -0 1
  outer loop
    vertex 8.75 5 6
    vertex 9.480964839904637 6.666506863814426 6
    vertex 7.432487892902763 6.837967662496149 6
  endloop
endfacet
facet normal 0 0 1
  outer loop
    vertex 9.480964839904637 6.666506863814426 6
    vertex 8.1634527328074 8.504474526310574 6
    vertex 7.432487892902763 6.837967662496149 6
  endloop
endfacet
facet normal 0 -0 1
  outer loop
    vertex 9.480964839904637 6.666506863814426 6
    vertex 10.21192967980927 8.333013727628853 6
    vertex 8.1634527328074 8.504474526310574 6
  endloop
endfacet
facet normal 0 -0 1
  outer loop
    vertex 7.432487892902763 6.837967662496149 6
    vertex 8.1634527328074 8.504474526310574 6
    vertex 6.11497578580553 8.675935324992297 6
  endloop
endfacet
facet normal 0 0 1
  outer loop
    vertex 2.407335943610867 18.80153411281673 6
    vertex 1.249226964461897 19.90625269007121 6
    vertex 1.303697988005645 18.64752527752615 6
  endloop
endfacet
facet normal 0 0 1
  outer loop
    vertex 1.249226964461897 19.90625269007121 6
    vertex 0.1455890088566747 19.75224385478062 6
    vertex 1.303697988005645 18.64752527752615 6
  endloop
endfacet
facet normal 0 0 1
  outer loop
    vertex 1.249226964461897 19.90625269007121 6
    vertex 0.0911179853129287 21.01097126732568 6
    vertex 0.1455890088566747 19.75224385478062 6
  endloop
endfacet
facet normal 0 0 1
  outer loop
    vertex 1.303697988005645 18.64752527752615 6
    vertex 0.1455890088566747 19.75224385478062 6
    vertex 0.2000600324004189 18.49351644223556 6
  endloop
endfacet
facet normal -0 0 1
  outer loop
    vertex -11.49214273798999 11.12859800931776 6
    vertex -10.15768521334395 10.17460298673359 6
    vertex -9.732142397422471 12.06429900465888 6
  endloop
endfacet
facet normal 0 0 1
  outer loop
    vertex -10.15768521334395 10.17460298673359 6
    vertex -8.397684872776434 11.11030398207471 6
    vertex -9.732142397422471 12.06429900465888 6
  endloop
endfacet
facet normal -0 0 1
  outer loop
    vertex -10.15768521334395 10.17460298673359 6
    vertex -8.823227688697914 9.220607964149423 6
    vertex -8.397684872776434 11.11030398207471 6
  endloop
endfacet
facet normal -0 0 1
  outer loop
    vertex -9.732142397422471 12.06429900465888 6
    vertex -8.397684872776434 11.11030398207471 6
    vertex -7.972142056854953 13 6
  endloop
endfacet
facet normal -0 0 1
  outer loop
    vertex 1.586585110782362 11.80634468270687 6
    vertex 1.974515933518724 11.31953371472167 6
    vertex 2.249700665366458 11.97762017231934 6
  endloop
endfacet
facet normal 0 0 1
  outer loop
    vertex 1.974515933518724 11.31953371472167 6
    vertex 2.637631488102819 11.49080920433414 6
    vertex 2.249700665366458 11.97762017231934 6
  endloop
endfacet
facet normal -0 0 1
  outer loop
    vertex 1.974515933518724 11.31953371472167 6
    vertex 2.362446756255085 10.83272274673648 6
    vertex 2.637631488102819 11.49080920433414 6
  endloop
endfacet
facet normal -0 0 1
  outer loop
    vertex 2.249700665366458 11.97762017231934 6
    vertex 2.637631488102819 11.49080920433414 6
    vertex 2.912816219950553 12.1488956619318 6
  endloop
endfacet
facet normal 0 0 1
  outer loop
    vertex 0.8942074107104272 8.779037578118922 6
    vertex 0.416610473804079 9.323419630837378 6
    vertex 0.04879879723032232 8.932034781186132 6
  endloop
endfacet
facet normal 0 0 1
  outer loop
    vertex 0.416610473804079 9.323419630837378 6
    vertex -0.4287981396760259 9.47641683390459 6
    vertex 0.04879879723032232 8.932034781186132 6
  endloop
endfacet
facet normal 0 0 1
  outer loop
    vertex 0.416610473804079 9.323419630837378 6
    vertex -0.06098646310226918 9.867801683555834 6
    vertex -0.4287981396760259 9.47641683390459 6
  endloop
endfacet
facet normal 0 0 1
  outer loop
    vertex 0.04879879723032232 8.932034781186132 6
    vertex -0.4287981396760259 9.47641683390459 6
    vertex -0.7966098162497808 9.085031984253344 6
  endloop
endfacet
facet normal 0 0 1
  outer loop
    vertex 1.322242008054928 10.9635073652035 6
    vertex 1.653176936452191 10.37142927458497 6
    vertex 1.842344382155005 10.89811505596999 6
  endloop
endfacet
facet normal -0 0 1
  outer loop
    vertex 1.653176936452191 10.37142927458497 6
    vertex 2.173279310552271 10.30603696535146 6
    vertex 1.842344382155005 10.89811505596999 6
  endloop
endfacet
facet normal 0 0 1
  outer loop
    vertex 1.653176936452191 10.37142927458497 6
    vertex 1.984111864849456 9.779351183966442 6
    vertex 2.173279310552271 10.30603696535146 6
  endloop
endfacet
facet normal 0 0 1
  outer loop
    vertex 1.842344382155005 10.89811505596999 6
    vertex 2.173279310552271 10.30603696535146 6
    vertex 2.362446756255085 10.83272274673648 6
  endloop
endfacet
facet normal 0 0 1
  outer loop
    vertex 5.130430146115661 18.27159202011149 6
    vertex 6.564047738811784 18.74673641929793 6
    vertex 6.115718566908654 20.12031101770508 6
  endloop
endfacet
facet normal 0 -0 1
  outer loop
    vertex 6.564047738811784 18.74673641929793 6
    vertex 7.549336159604778 20.59545541689153 6
    vertex 6.115718566908654 20.12031101770508 6
  endloop
endfacet
facet normal 0 0 1
  outer loop
    vertex 6.564047738811784 18.74673641929793 6
    vertex 7.997665331507907 19.22188081848437 6
    vertex 7.549336159604778 20.59545541689153 6
  endloop
endfacet
facet normal 0 0 1
  outer loop
    vertex 6.115718566908654 20.12031101770508 6
    vertex 7.549336159604778 20.59545541689153 6
    vertex 7.101006987701652 21.96903001529868 6
  endloop
endfacet
facet normal 0 0 1
  outer loop
    vertex 1.586585110782362 11.80634468270687 6
    vertex 1.454413559418647 11.38492602395519 6
    vertex 1.974515933518724 11.31953371472167 6
  endloop
endfacet
facet normal 0 0 1
  outer loop
    vertex 1.454413559418647 11.38492602395519 6
    vertex 1.842344382155005 10.89811505596999 6
    vertex 1.974515933518724 11.31953371472167 6
  endloop
endfacet
facet normal 0 0 1
  outer loop
    vertex 1.454413559418647 11.38492602395519 6
    vertex 1.322242008054928 10.9635073652035 6
    vertex 1.842344382155005 10.89811505596999 6
  endloop
endfacet
facet normal 0 0 1
  outer loop
    vertex 1.974515933518724 11.31953371472167 6
    vertex 1.842344382155005 10.89811505596999 6
    vertex 2.362446756255085 10.83272274673648 6
  endloop
endfacet
facet normal 0 0 1
  outer loop
    vertex 10.81183815507709 22.1822897719888 6
    vertex 9.404751743292497 20.70208529523659 6
    vertex 10.82713026565182 20.33157337833197 6
  endloop
endfacet
facet normal 0 0 1
  outer loop
    vertex 9.404751743292497 20.70208529523659 6
    vertex 9.420043853867231 18.85136890157976 6
    vertex 10.82713026565182 20.33157337833197 6
  endloop
endfacet
facet normal 0 0 1
  outer loop
    vertex 9.404751743292497 20.70208529523659 6
    vertex 7.997665331507907 19.22188081848437 6
    vertex 9.420043853867231 18.85136890157976 6
  endloop
endfacet
facet normal 0 0 1
  outer loop
    vertex 10.82713026565182 20.33157337833197 6
    vertex 9.420043853867231 18.85136890157976 6
    vertex 10.84242237622655 18.48085698467514 6
  endloop
endfacet
facet normal 0 0 1
  outer loop
    vertex -14.75 17.33333333333335 6
    vertex -12.74343591631631 18.22003624087264 6
    vertex -14.75 19.50000000000002 6
  endloop
endfacet
facet normal 0 -0 1
  outer loop
    vertex -12.74343591631631 18.22003624087264 6
    vertex -12.74343591631631 20.38670290753931 6
    vertex -14.75 19.50000000000002 6
  endloop
endfacet
facet normal 0 0 1
  outer loop
    vertex -12.74343591631631 18.22003624087264 6
    vertex -10.73687183263261 19.10673914841193 6
    vertex -12.74343591631631 20.38670290753931 6
  endloop
endfacet
facet normal 0 0 1
  outer loop
    vertex -14.75 19.50000000000002 6
    vertex -12.74343591631631 20.38670290753931 6
    vertex -14.75 21.6666666666667 6
  endloop
endfacet
facet normal 0 0 1
  outer loop
    vertex -7.520072540573118 21.8528233712176 6
    vertex -7.648572207463505 20.3779304631495 6
    vertex -6.218369603619895 20.12898627084856 6
  endloop
endfacet
facet normal 0 0 1
  outer loop
    vertex -7.648572207463505 20.3779304631495 6
    vertex -6.346869270510282 18.65409336278046 6
    vertex -6.218369603619895 20.12898627084856 6
  endloop
endfacet
facet normal 0 0 1
  outer loop
    vertex -7.648572207463505 20.3779304631495 6
    vertex -7.777071874353892 18.90303755508139 6
    vertex -6.346869270510282 18.65409336278046 6
  endloop
endfacet
facet normal 0 0 1
  outer loop
    vertex -6.218369603619895 20.12898627084856 6
    vertex -6.346869270510282 18.65409336278046 6
    vertex -4.916666666666671 18.40514917047952 6
  endloop
endfacet
facet normal 0 0 1
  outer loop
    vertex -7.520072540573118 21.8528233712176 6
    vertex -9.419818415673049 22.2915971967204 6
    vertex -9.128472186602865 20.47978125981476 6
  endloop
endfacet
facet normal 0 0 1
  outer loop
    vertex -9.419818415673049 22.2915971967204 6
    vertex -11.0282180617028 20.91855508531756 6
    vertex -9.128472186602865 20.47978125981476 6
  endloop
endfacet
facet normal 0 0 1
  outer loop
    vertex -9.419818415673049 22.2915971967204 6
    vertex -11.31956429077298 22.7303710222232 6
    vertex -11.0282180617028 20.91855508531756 6
  endloop
endfacet
facet normal 0 0 1
  outer loop
    vertex -9.128472186602865 20.47978125981476 6
    vertex -11.0282180617028 20.91855508531756 6
    vertex -10.73687183263261 19.10673914841193 6
  endloop
endfacet
facet normal -0 0 1
  outer loop
    vertex -14.75 26 6
    vertex -13.03478214538649 24.3651855111116 6
    vertex -12.29166666666667 26 6
  endloop
endfacet
facet normal 0 0 1
  outer loop
    vertex -13.03478214538649 24.3651855111116 6
    vertex -10.57644881205316 24.3651855111116 6
    vertex -12.29166666666667 26 6
  endloop
endfacet
facet normal -0 0 1
  outer loop
    vertex -13.03478214538649 24.3651855111116 6
    vertex -11.31956429077298 22.7303710222232 6
    vertex -10.57644881205316 24.3651855111116 6
  endloop
endfacet
facet normal -0 0 1
  outer loop
    vertex -12.29166666666667 26 6
    vertex -10.57644881205316 24.3651855111116 6
    vertex -9.833333333333339 26 6
  endloop
endfacet
facet normal -0 0 1
  outer loop
    vertex 3.012036128004606 13.74903167532412 6
    vertex 3.744928143834152 13.1968732604284 6
    vertex 4.212179574240466 14.13966147348124 6
  endloop
endfacet
facet normal 0 0 1
  outer loop
    vertex 3.744928143834152 13.1968732604284 6
    vertex 4.945071590070008 13.58750305858552 6
    vertex 4.212179574240466 14.13966147348124 6
  endloop
endfacet
facet normal -0 0 1
  outer loop
    vertex 3.744928143834152 13.1968732604284 6
    vertex 4.477820159663693 12.64471484553268 6
    vertex 4.945071590070008 13.58750305858552 6
  endloop
endfacet
facet normal -0 0 1
  outer loop
    vertex 4.212179574240466 14.13966147348124 6
    vertex 4.945071590070008 13.58750305858552 6
    vertex 5.412323020476322 14.53029127163837 6
  endloop
endfacet
facet normal 0 0 1
  outer loop
    vertex -14.75 21.6666666666667 6
    vertex -13.03478214538649 22.19851884444495 6
    vertex -14.75 23.83333333333335 6
  endloop
endfacet
facet normal 0 -0 1
  outer loop
    vertex -13.03478214538649 22.19851884444495 6
    vertex -13.03478214538649 24.3651855111116 6
    vertex -14.75 23.83333333333335 6
  endloop
endfacet
facet normal 0 0 1
  outer loop
    vertex -13.03478214538649 22.19851884444495 6
    vertex -11.31956429077298 22.7303710222232 6
    vertex -13.03478214538649 24.3651855111116 6
  endloop
endfacet
facet normal 0 0 1
  outer loop
    vertex -14.75 23.83333333333335 6
    vertex -13.03478214538649 24.3651855111116 6
    vertex -14.75 26 6
  endloop
endfacet
facet normal 0 0 1
  outer loop
    vertex 8.461464408570652 13.22486533343775 6
    vertex 8.469277153356821 11.94991538869649 6
    vertex 9.832019864346677 12.30346921503396 6
  endloop
endfacet
facet normal -0 0 1
  outer loop
    vertex 8.469277153356821 11.94991538869649 6
    vertex 9.839832609132849 11.02851927029271 6
    vertex 9.832019864346677 12.30346921503396 6
  endloop
endfacet
facet normal 0 0 1
  outer loop
    vertex 8.469277153356821 11.94991538869649 6
    vertex 8.477089898142992 10.67496544395524 6
    vertex 9.839832609132849 11.02851927029271 6
  endloop
endfacet
facet normal 0 0 1
  outer loop
    vertex 9.832019864346677 12.30346921503396 6
    vertex 9.839832609132849 11.02851927029271 6
    vertex 11.2025753201227 11.38207309663017 6
  endloop
endfacet
facet normal 0 0 1
  outer loop
    vertex -0.7267122376814967 14.46701454722404 6
    vertex -0.3792367975477333 13.861354296513 6
    vertex 0.1727982352227535 14.45481585097928 6
  endloop
endfacet
facet normal -0 0 1
  outer loop
    vertex -0.3792367975477333 13.861354296513 6
    vertex 0.5202736753565187 13.84915560026824 6
    vertex 0.1727982352227535 14.45481585097928 6
  endloop
endfacet
facet normal 0 0 1
  outer loop
    vertex -0.3792367975477333 13.861354296513 6
    vertex -0.03176135741396813 13.25569404580196 6
    vertex 0.5202736753565187 13.84915560026824 6
  endloop
endfacet
facet normal 0 0 1
  outer loop
    vertex 0.1727982352227535 14.45481585097928 6
    vertex 0.5202736753565187 13.84915560026824 6
    vertex 1.072308708127006 14.44261715473451 6
  endloop
endfacet
facet normal -0 0 1
  outer loop
    vertex 1.564474160002302 12.97806343937016 6
    vertex 2.238645189976427 12.56347955065099 6
    vertex 2.288255144003454 13.36354755734714 6
  endloop
endfacet
facet normal 0 0 1
  outer loop
    vertex 2.238645189976427 12.56347955065099 6
    vertex 2.96242617397758 12.94896366862796 6
    vertex 2.288255144003454 13.36354755734714 6
  endloop
endfacet
facet normal -0 0 1
  outer loop
    vertex 2.238645189976427 12.56347955065099 6
    vertex 2.912816219950553 12.1488956619318 6
    vertex 2.96242617397758 12.94896366862796 6
  endloop
endfacet
facet normal -0 0 1
  outer loop
    vertex 2.288255144003454 13.36354755734714 6
    vertex 2.96242617397758 12.94896366862796 6
    vertex 3.012036128004606 13.74903167532412 6
  endloop
endfacet
facet normal 0 0 1
  outer loop
    vertex 0.8242423194980546 10.21643282272634 6
    vertex 0.3816279281978936 10.04211725314109 6
    vertex 0.8592248651042418 9.497735200422628 6
  endloop
endfacet
facet normal 0 0 1
  outer loop
    vertex 0.3816279281978936 10.04211725314109 6
    vertex 0.416610473804079 9.323419630837378 6
    vertex 0.8592248651042418 9.497735200422628 6
  endloop
endfacet
facet normal 0 0 1
  outer loop
    vertex 0.3816279281978936 10.04211725314109 6
    vertex -0.06098646310226918 9.867801683555834 6
    vertex 0.416610473804079 9.323419630837378 6
  endloop
endfacet
facet normal 0 0 1
  outer loop
    vertex 0.8592248651042418 9.497735200422628 6
    vertex 0.416610473804079 9.323419630837378 6
    vertex 0.8942074107104272 8.779037578118922 6
  endloop
endfacet
facet normal -0 0 1
  outer loop
    vertex 7.101006987701652 21.96903001529868 6
    vertex 7.549336159604778 20.59545541689153 6
    vertex 8.956422571389368 22.07565989364374 6
  endloop
endfacet
facet normal 0 0 1
  outer loop
    vertex 7.549336159604778 20.59545541689153 6
    vertex 9.404751743292497 20.70208529523659 6
    vertex 8.956422571389368 22.07565989364374 6
  endloop
endfacet
facet normal -0 0 1
  outer loop
    vertex 7.549336159604778 20.59545541689153 6
    vertex 7.997665331507907 19.22188081848437 6
    vertex 9.404751743292497 20.70208529523659 6
  endloop
endfacet
facet normal -0 0 1
  outer loop
    vertex 8.956422571389368 22.07565989364374 6
    vertex 9.404751743292497 20.70208529523659 6
    vertex 10.81183815507709 22.1822897719888 6
  endloop
endfacet
facet normal -0 0 1
  outer loop
    vertex 2.362446756255085 10.83272274673648 6
    vertex 2.938668847359594 10.268897705898 6
    vertex 3.417990880625187 10.8576096643285 6
  endloop
endfacet
facet normal 0 0 1
  outer loop
    vertex 2.938668847359594 10.268897705898 6
    vertex 3.994212971729695 10.29378462349003 6
    vertex 3.417990880625187 10.8576096643285 6
  endloop
endfacet
facet normal -0 0 1
  outer loop
    vertex 2.938668847359594 10.268897705898 6
    vertex 3.514890938464106 9.705072665059522 6
    vertex 3.994212971729695 10.29378462349003 6
  endloop
endfacet
facet normal -0 0 1
  outer loop
    vertex 3.417990880625187 10.8576096643285 6
    vertex 3.994212971729695 10.29378462349003 6
    vertex 4.473535004995288 10.88249658192053 6
  endloop
endfacet
facet normal 0 0 1
  outer loop
    vertex -14.75 4.333333333333331 6
    vertex -13.13459013155795 5.786175491425896 6
    vertex -14.75 6.499999999999996 6
  endloop
endfacet
facet normal 0 -0 1
  outer loop
    vertex -13.13459013155795 5.786175491425896 6
    vertex -13.13459013155795 7.95284215809256 6
    vertex -14.75 6.499999999999996 6
  endloop
endfacet
facet normal 0 0 1
  outer loop
    vertex -13.13459013155795 5.786175491425896 6
    vertex -11.5191802631159 7.239017649518461 6
    vertex -13.13459013155795 7.95284215809256 6
  endloop
endfacet
facet normal 0 0 1
  outer loop
    vertex -14.75 6.499999999999996 6
    vertex -13.13459013155795 7.95284215809256 6
    vertex -14.75 8.666666666666659 6
  endloop
endfacet
facet normal 0 0 1
  outer loop
    vertex 7.101006987701652 21.96903001529868 6
    vertex 8.956422571389368 22.07565989364374 6
    vertex 8.46717016051749 23.98451500764934 6
  endloop
endfacet
facet normal 0 -0 1
  outer loop
    vertex 8.956422571389368 22.07565989364374 6
    vertex 10.32258574420521 24.0911448859944 6
    vertex 8.46717016051749 23.98451500764934 6
  endloop
endfacet
facet normal 0 0 1
  outer loop
    vertex 8.956422571389368 22.07565989364374 6
    vertex 10.81183815507709 22.1822897719888 6
    vertex 10.32258574420521 24.0911448859944 6
  endloop
endfacet
facet normal 0 0 1
  outer loop
    vertex 8.46717016051749 23.98451500764934 6
    vertex 10.32258574420521 24.0911448859944 6
    vertex 9.833333333333329 26 6
  endloop
endfacet
facet normal 0 0 1
  outer loop
    vertex -9.833333333333339 26 6
    vertex -10.57644881205316 24.3651855111116 6
    vertex -8.676702936953228 23.9264116856088 6
  endloop
endfacet
facet normal 0 0 1
  outer loop
    vertex -10.57644881205316 24.3651855111116 6
    vertex -9.419818415673049 22.2915971967204 6
    vertex -8.676702936953228 23.9264116856088 6
  endloop
endfacet
facet normal 0 0 1
  outer loop
    vertex -10.57644881205316 24.3651855111116 6
    vertex -11.31956429077298 22.7303710222232 6
    vertex -9.419818415673049 22.2915971967204 6
  endloop
endfacet
facet normal 0 0 1
  outer loop
    vertex -8.676702936953228 23.9264116856088 6
    vertex -9.419818415673049 22.2915971967204 6
    vertex -7.520072540573118 21.8528233712176 6
  endloop
endfacet
facet normal 0 0 1
  outer loop
    vertex -0.7267122376814967 14.46701454722404 6
    vertex -1.144798704654992 13.95966538438634 6
    vertex -0.3792367975477333 13.861354296513 6
  endloop
endfacet
facet normal 0 0 1
  outer loop
    vertex -1.144798704654992 13.95966538438634 6
    vertex -0.7973232645212267 13.3540051336753 6
    vertex -0.3792367975477333 13.861354296513 6
  endloop
endfacet
facet normal 0 0 1
  outer loop
    vertex -1.144798704654992 13.95966538438634 6
    vertex -1.562885171628485 13.45231622154864 6
    vertex -0.7973232645212267 13.3540051336753 6
  endloop
endfacet
facet normal 0 0 1
  outer loop
    vertex -0.3792367975477333 13.861354296513 6
    vertex -0.7973232645212267 13.3540051336753 6
    vertex -0.03176135741396813 13.25569404580196 6
  endloop
endfacet
facet normal 0 0 1
  outer loop
    vertex -7.972142056854953 13 6
    vertex -7.247139799439704 11.96191479832978 6
    vertex -6.521706357759925 12.76475014895302 6
  endloop
endfacet
facet normal -0 0 1
  outer loop
    vertex -7.247139799439704 11.96191479832978 6
    vertex -5.796704100344677 11.7266649472828 6
    vertex -6.521706357759925 12.76475014895302 6
  endloop
endfacet
facet normal 0 0 1
  outer loop
    vertex -7.247139799439704 11.96191479832978 6
    vertex -6.522137542024456 10.92382959665956 6
    vertex -5.796704100344677 11.7266649472828 6
  endloop
endfacet
facet normal 0 0 1
  outer loop
    vertex -6.521706357759925 12.76475014895302 6
    vertex -5.796704100344677 11.7266649472828 6
    vertex -5.071270658664897 12.52950029790604 6
  endloop
endfacet
facet normal -0 0 1
  outer loop
    vertex -14.75 8.666666666666659 6
    vertex -13.13459013155795 7.95284215809256 6
    vertex -13.12107136899499 9.897632337992212 6
  endloop
endfacet
facet normal 0 0 1
  outer loop
    vertex -13.13459013155795 7.95284215809256 6
    vertex -11.50566150055294 9.183807829418113 6
    vertex -13.12107136899499 9.897632337992212 6
  endloop
endfacet
facet normal -0 0 1
  outer loop
    vertex -13.13459013155795 7.95284215809256 6
    vertex -11.5191802631159 7.239017649518461 6
    vertex -11.50566150055294 9.183807829418113 6
  endloop
endfacet
facet normal -0 0 1
  outer loop
    vertex -13.12107136899499 9.897632337992212 6
    vertex -11.50566150055294 9.183807829418113 6
    vertex -11.49214273798999 11.12859800931776 6
  endloop
endfacet
facet normal 0 0 1
  outer loop
    vertex -3.226278283846039 13.29112126697954 6
    vertex -3.355382465640364 12.63579430805475 6
    vertex -2.653534942112389 12.72778419266888 6
  endloop
endfacet
facet normal -0 0 1
  outer loop
    vertex -3.355382465640364 12.63579430805475 6
    vertex -2.782639123906712 12.07245723374409 6
    vertex -2.653534942112389 12.72778419266888 6
  endloop
endfacet
facet normal 0 0 1
  outer loop
    vertex -3.355382465640364 12.63579430805475 6
    vertex -3.484486647434688 11.98046734912996 6
    vertex -2.782639123906712 12.07245723374409 6
  endloop
endfacet
facet normal 0 0 1
  outer loop
    vertex -2.653534942112389 12.72778419266888 6
    vertex -2.782639123906712 12.07245723374409 6
    vertex -2.080791600378738 12.16444711835822 6
  endloop
endfacet
facet normal -0 0 1
  outer loop
    vertex -14.75 4.333333333333331 6
    vertex -13.20325717833948 3.681769052963814 6
    vertex -13.13459013155795 5.786175491425896 6
  endloop
endfacet
facet normal 0 0 1
  outer loop
    vertex -13.20325717833948 3.681769052963814 6
    vertex -11.58784730989742 5.134611211056379 6
    vertex -13.13459013155795 5.786175491425896 6
  endloop
endfacet
facet normal -0 0 1
  outer loop
    vertex -13.20325717833948 3.681769052963814 6
    vertex -11.65651435667895 3.030204772594297 6
    vertex -11.58784730989742 5.134611211056379 6
  endloop
endfacet
facet normal -0 0 1
  outer loop
    vertex -13.13459013155795 5.786175491425896 6
    vertex -11.58784730989742 5.134611211056379 6
    vertex -11.5191802631159 7.239017649518461 6
  endloop
endfacet
facet normal 0 -0 1
  outer loop
    vertex -2.933288144458459 16.63637263916713 6
    vertex -2.514141868559349 17.7202641142454 6
    vertex -3.924977405562565 17.52076090482333 6
  endloop
endfacet
facet normal 0 0 1
  outer loop
    vertex -2.514141868559349 17.7202641142454 6
    vertex -3.505831129663456 18.60465237990159 6
    vertex -3.924977405562565 17.52076090482333 6
  endloop
endfacet
facet normal 0 -0 1
  outer loop
    vertex -2.514141868559349 17.7202641142454 6
    vertex -2.094995592660242 18.80415558932367 6
    vertex -3.505831129663456 18.60465237990159 6
  endloop
endfacet
facet normal 0 -0 1
  outer loop
    vertex -3.924977405562565 17.52076090482333 6
    vertex -3.505831129663456 18.60465237990159 6
    vertex -4.916666666666671 18.40514917047952 6
  endloop
endfacet
facet normal 0 0 1
  outer loop
    vertex 0.2000600324004189 18.49351644223556 6
    vertex 0.1455890088566747 19.75224385478062 6
    vertex -0.9474677801299123 18.64883601577962 6
  endloop
endfacet
facet normal 0 0 1
  outer loop
    vertex 0.1455890088566747 19.75224385478062 6
    vertex -1.001938803673657 19.90756342832467 6
    vertex -0.9474677801299123 18.64883601577962 6
  endloop
endfacet
facet normal 0 0 1
  outer loop
    vertex 0.1455890088566747 19.75224385478062 6
    vertex 0.0911179853129287 21.01097126732568 6
    vertex -1.001938803673657 19.90756342832467 6
  endloop
endfacet
facet normal 0 0 1
  outer loop
    vertex -0.9474677801299123 18.64883601577962 6
    vertex -1.001938803673657 19.90756342832467 6
    vertex -2.094995592660242 18.80415558932367 6
  endloop
endfacet
facet normal 0 0 1
  outer loop
    vertex -7.972142056854953 13 6
    vertex -8.397684872776434 11.11030398207471 6
    vertex -7.247139799439704 11.96191479832978 6
  endloop
endfacet
facet normal -0 0 1
  outer loop
    vertex -8.397684872776434 11.11030398207471 6
    vertex -7.672682615361185 10.07221878040449 6
    vertex -7.247139799439704 11.96191479832978 6
  endloop
endfacet
facet normal 0 0 1
  outer loop
    vertex -8.397684872776434 11.11030398207471 6
    vertex -8.823227688697914 9.220607964149423 6
    vertex -7.672682615361185 10.07221878040449 6
  endloop
endfacet
facet normal 0 0 1
  outer loop
    vertex -7.247139799439704 11.96191479832978 6
    vertex -7.672682615361185 10.07221878040449 6
    vertex -6.522137542024456 10.92382959665956 6
  endloop
endfacet
facet normal 0 0 1
  outer loop
    vertex 4.374999999999989 5 6
    vertex 2.988097570047323 5.934200167534044 6
    vertex 2.187499999999989 5 6
  endloop
endfacet
facet normal 0 0 1
  outer loop
    vertex 2.988097570047323 5.934200167534044 6
    vertex 0.8005975700473229 5.934200167534044 6
    vertex 2.187499999999989 5 6
  endloop
endfacet
facet normal 0 0 1
  outer loop
    vertex 2.988097570047323 5.934200167534044 6
    vertex 1.601195140094653 6.868400335068088 6
    vertex 0.8005975700473229 5.934200167534044 6
  endloop
endfacet
facet normal 0 0 1
  outer loop
    vertex 2.187499999999989 5 6
    vertex 0.8005975700473229 5.934200167534044 6
    vertex -8.881784197001252e-15 5 6
  endloop
endfacet
facet normal 0 0 1
  outer loop
    vertex -4.916666666666671 18.40514917047952 6
    vertex -6.346869270510282 18.65409336278046 6
    vertex -6.42567156210492 17.32629385034802 6
  endloop
endfacet
facet normal 0 0 1
  outer loop
    vertex -6.346869270510282 18.65409336278046 6
    vertex -7.85587416594853 17.57523804264896 6
    vertex -6.42567156210492 17.32629385034802 6
  endloop
endfacet
facet normal 0 0 1
  outer loop
    vertex -6.346869270510282 18.65409336278046 6
    vertex -7.777071874353892 18.90303755508139 6
    vertex -7.85587416594853 17.57523804264896 6
  endloop
endfacet
facet normal 0 0 1
  outer loop
    vertex -6.42567156210492 17.32629385034802 6
    vertex -7.85587416594853 17.57523804264896 6
    vertex -7.934676457543167 16.24743853021652 6
  endloop
endfacet
facet normal 0 0 1
  outer loop
    vertex 6.11497578580553 8.675935324992297 6
    vertex 7.296032841974259 9.67545038447377 6
    vertex 6.25474004110616 10.21743753103971 6
  endloop
endfacet
facet normal 0 -0 1
  outer loop
    vertex 7.296032841974259 9.67545038447377 6
    vertex 7.435797097274893 11.21695259052118 6
    vertex 6.25474004110616 10.21743753103971 6
  endloop
endfacet
facet normal 0 0 1
  outer loop
    vertex 7.296032841974259 9.67545038447377 6
    vertex 8.477089898142992 10.67496544395524 6
    vertex 7.435797097274893 11.21695259052118 6
  endloop
endfacet
facet normal 0 0 1
  outer loop
    vertex 6.25474004110616 10.21743753103971 6
    vertex 7.435797097274893 11.21695259052118 6
    vertex 6.39450429640679 11.75893973708713 6
  endloop
endfacet
facet normal 0 0 1
  outer loop
    vertex 3.274422134104135 21.95358057830795 6
    vertex 1.682770059708531 21.48227592281681 6
    vertex 2.840879038857501 20.37755734556234 6
  endloop
endfacet
facet normal 0 0 1
  outer loop
    vertex 1.682770059708531 21.48227592281681 6
    vertex 1.249226964461897 19.90625269007121 6
    vertex 2.840879038857501 20.37755734556234 6
  endloop
endfacet
facet normal 0 0 1
  outer loop
    vertex 1.682770059708531 21.48227592281681 6
    vertex 0.0911179853129287 21.01097126732568 6
    vertex 1.249226964461897 19.90625269007121 6
  endloop
endfacet
facet normal 0 0 1
  outer loop
    vertex 2.840879038857501 20.37755734556234 6
    vertex 1.249226964461897 19.90625269007121 6
    vertex 2.407335943610867 18.80153411281673 6
  endloop
endfacet
facet normal 0 0 1
  outer loop
    vertex 5.130430146115661 18.27159202011149 6
    vertex 3.768883044863266 18.53656306646411 6
    vertex 3.83075306738602 17.18055419610474 6
  endloop
endfacet
facet normal 0 0 1
  outer loop
    vertex 3.768883044863266 18.53656306646411 6
    vertex 2.469205966133622 17.44552524245736 6
    vertex 3.83075306738602 17.18055419610474 6
  endloop
endfacet
facet normal 0 0 1
  outer loop
    vertex 3.768883044863266 18.53656306646411 6
    vertex 2.407335943610867 18.80153411281673 6
    vertex 2.469205966133622 17.44552524245736 6
  endloop
endfacet
facet normal 0 0 1
  outer loop
    vertex 3.83075306738602 17.18055419610474 6
    vertex 2.469205966133622 17.44552524245736 6
    vertex 2.531075988656379 16.08951637209799 6
  endloop
endfacet
facet normal 0 -0 1
  outer loop
    vertex 4.473535004995288 10.88249658192053 6
    vertex 4.475677582329489 11.76360571372661 6
    vertex 3.69317561247292 11.51569612192617 6
  endloop
endfacet
facet normal 0 0 1
  outer loop
    vertex 4.475677582329489 11.76360571372661 6
    vertex 3.695318189807125 12.39680525373224 6
    vertex 3.69317561247292 11.51569612192617 6
  endloop
endfacet
facet normal 0 -0 1
  outer loop
    vertex 4.475677582329489 11.76360571372661 6
    vertex 4.477820159663693 12.64471484553268 6
    vertex 3.695318189807125 12.39680525373224 6
  endloop
endfacet
facet normal 0 -0 1
  outer loop
    vertex 3.69317561247292 11.51569612192617 6
    vertex 3.695318189807125 12.39680525373224 6
    vertex 2.912816219950553 12.1488956619318 6
  endloop
endfacet
facet normal 0 0 1
  outer loop
    vertex -2.933288144458459 16.63637263916713 6
    vertex -2.62274627423006 15.73822516405629 6
    vertex -1.776354407128116 16.43898052743104 6
  endloop
endfacet
facet normal -0 0 1
  outer loop
    vertex -2.62274627423006 15.73822516405629 6
    vertex -1.465812536899715 15.54083305232019 6
    vertex -1.776354407128116 16.43898052743104 6
  endloop
endfacet
facet normal 0 0 1
  outer loop
    vertex -2.62274627423006 15.73822516405629 6
    vertex -2.31220440400166 14.84007768894544 6
    vertex -1.465812536899715 15.54083305232019 6
  endloop
endfacet
facet normal 0 0 1
  outer loop
    vertex -1.776354407128116 16.43898052743104 6
    vertex -1.465812536899715 15.54083305232019 6
    vertex -0.6194206697977727 16.24158841569495 6
  endloop
endfacet
facet normal 0 0 1
  outer loop
    vertex 14.75 8.666666666666659 6
    vertex 13.35667060389239 7.055591699659026 6
    vertex 14.75 6.499999999999996 6
  endloop
endfacet
facet normal 0 0 1
  outer loop
    vertex 13.35667060389239 7.055591699659026 6
    vertex 13.35667060389239 4.888925032992361 6
    vertex 14.75 6.499999999999996 6
  endloop
endfacet
facet normal 0 0 1
  outer loop
    vertex 13.35667060389239 7.055591699659026 6
    vertex 11.96334120778478 5.444516732651392 6
    vertex 13.35667060389239 4.888925032992361 6
  endloop
endfacet
facet normal 0 0 1
  outer loop
    vertex 14.75 6.499999999999996 6
    vertex 13.35667060389239 4.888925032992361 6
    vertex 14.75 4.333333333333331 6
  endloop
endfacet
facet normal 0 0 1
  outer loop
    vertex 3.078025039192823 8.133143514972867 6
    vertex 2.339610089643738 7.500771925020477 6
    vertex 3.726512519596405 6.566571757486433 6
  endloop
endfacet
facet normal 0 0 1
  outer loop
    vertex 2.339610089643738 7.500771925020477 6
    vertex 2.988097570047323 5.934200167534044 6
    vertex 3.726512519596405 6.566571757486433 6
  endloop
endfacet
facet normal 0 0 1
  outer loop
    vertex 2.339610089643738 7.500771925020477 6
    vertex 1.601195140094653 6.868400335068088 6
    vertex 2.988097570047323 5.934200167534044 6
  endloop
endfacet
facet normal 0 0 1
  outer loop
    vertex 3.726512519596405 6.566571757486433 6
    vertex 2.988097570047323 5.934200167534044 6
    vertex 4.374999999999989 5 6
  endloop
endfacet
facet normal 0 0 1
  outer loop
    vertex 11.19981994418614 14.8657531912945 6
    vertex 11.02112116020635 16.67330508798482 6
    vertex 9.619382304239004 15.62296429348205 6
  endloop
endfacet
facet normal 0 0 1
  outer loop
    vertex 11.02112116020635 16.67330508798482 6
    vertex 9.440683520259213 17.43051619017238 6
    vertex 9.619382304239004 15.62296429348205 6
  endloop
endfacet
facet normal 0 0 1
  outer loop
    vertex 11.02112116020635 16.67330508798482 6
    vertex 10.84242237622655 18.48085698467514 6
    vertex 9.440683520259213 17.43051619017238 6
  endloop
endfacet
facet normal 0 0 1
  outer loop
    vertex 9.619382304239004 15.62296429348205 6
    vertex 9.440683520259213 17.43051619017238 6
    vertex 8.038944664291868 16.38017539566961 6
  endloop
endfacet
facet normal 0 0 1
  outer loop
    vertex -2.644498654015266 10.94461115906806 6
    vertex -3.064492650724976 11.46253925409901 6
    vertex -3.490817292220191 10.93010716621416 6
  endloop
endfacet
facet normal 0 0 1
  outer loop
    vertex -3.064492650724976 11.46253925409901 6
    vertex -3.910811288929903 11.44803526124511 6
    vertex -3.490817292220191 10.93010716621416 6
  endloop
endfacet
facet normal 0 0 1
  outer loop
    vertex -3.064492650724976 11.46253925409901 6
    vertex -3.484486647434688 11.98046734912996 6
    vertex -3.910811288929903 11.44803526124511 6
  endloop
endfacet
facet normal 0 0 1
  outer loop
    vertex -3.490817292220191 10.93010716621416 6
    vertex -3.910811288929903 11.44803526124511 6
    vertex -4.337135930425116 10.91560317336026 6
  endloop
endfacet
facet normal 0 0 1
  outer loop
    vertex -1.896182082384167 9.98978770839296 6
    vertex -2.605467778043536 9.878535283869549 6
    vertex -2.338384895706216 9.07583678338386 6
  endloop
endfacet
facet normal 0 0 1
  outer loop
    vertex -2.605467778043536 9.878535283869549 6
    vertex -3.047670591365586 8.964584358860449 6
    vertex -2.338384895706216 9.07583678338386 6
  endloop
endfacet
facet normal 0 0 1
  outer loop
    vertex -2.605467778043536 9.878535283869549 6
    vertex -3.314753473702904 9.767282859346137 6
    vertex -3.047670591365586 8.964584358860449 6
  endloop
endfacet
facet normal 0 0 1
  outer loop
    vertex -2.338384895706216 9.07583678338386 6
    vertex -3.047670591365586 8.964584358860449 6
    vertex -2.780587709028268 8.161885858374761 6
  endloop
endfacet
facet normal 0 0 1
  outer loop
    vertex 8.038944664291868 16.38017539566961 6
    vertex 8.018304997899889 17.80102810707699 6
    vertex 6.584687405203766 17.32588370789055 6
  endloop
endfacet
facet normal 0 0 1
  outer loop
    vertex 8.018304997899889 17.80102810707699 6
    vertex 6.564047738811784 18.74673641929793 6
    vertex 6.584687405203766 17.32588370789055 6
  endloop
endfacet
facet normal 0 0 1
  outer loop
    vertex 8.018304997899889 17.80102810707699 6
    vertex 7.997665331507907 19.22188081848437 6
    vertex 6.564047738811784 18.74673641929793 6
  endloop
endfacet
facet normal 0 0 1
  outer loop
    vertex 6.584687405203766 17.32588370789055 6
    vertex 6.564047738811784 18.74673641929793 6
    vertex 5.130430146115661 18.27159202011149 6
  endloop
endfacet
facet normal 0 0 1
  outer loop
    vertex 11.75 0 6
    vertex 11.31137470918777 1.285705716023316 6
    vertex 10.25 0 6
  endloop
endfacet
facet normal 0 0 1
  outer loop
    vertex 11.31137470918777 1.285705716023316 6
    vertex 9.811374709187774 1.285705716023316 6
    vertex 10.25 0 6
  endloop
endfacet
facet normal 0 0 1
  outer loop
    vertex 11.31137470918777 1.285705716023316 6
    vertex 10.87274941837555 2.571411432046633 6
    vertex 9.811374709187774 1.285705716023316 6
  endloop
endfacet
facet normal 0 0 1
  outer loop
    vertex 10.25 0 6
    vertex 9.811374709187774 1.285705716023316 6
    vertex 8.75 0 6
  endloop
endfacet
facet normal 0 0 1
  outer loop
    vertex -1.896182082384167 9.98978770839296 6
    vertex -1.520937117623241 10.28779342965156 6
    vertex -1.761911142534821 10.54111235133486 6
  endloop
endfacet
facet normal 0 -0 1
  outer loop
    vertex -1.520937117623241 10.28779342965156 6
    vertex -1.386666177773897 10.83911807259347 6
    vertex -1.761911142534821 10.54111235133486 6
  endloop
endfacet
facet normal 0 0 1
  outer loop
    vertex -1.520937117623241 10.28779342965156 6
    vertex -1.145692152862315 10.58579915091017 6
    vertex -1.386666177773897 10.83911807259347 6
  endloop
endfacet
facet normal 0 0 1
  outer loop
    vertex -1.761911142534821 10.54111235133486 6
    vertex -1.386666177773897 10.83911807259347 6
    vertex -1.627640202685477 11.09243699427677 6
  endloop
endfacet
facet normal 0 0 1
  outer loop
    vertex 4.473535004995288 10.88249658192053 6
    vertex 5.434019650701039 11.32071815950383 6
    vertex 4.475677582329489 11.76360571372661 6
  endloop
endfacet
facet normal 0 -0 1
  outer loop
    vertex 5.434019650701039 11.32071815950383 6
    vertex 5.436162228035244 12.2018272913099 6
    vertex 4.475677582329489 11.76360571372661 6
  endloop
endfacet
facet normal 0 0 1
  outer loop
    vertex 5.434019650701039 11.32071815950383 6
    vertex 6.39450429640679 11.75893973708713 6
    vertex 5.436162228035244 12.2018272913099 6
  endloop
endfacet
facet normal 0 0 1
  outer loop
    vertex 4.475677582329489 11.76360571372661 6
    vertex 5.436162228035244 12.2018272913099 6
    vertex 4.477820159663693 12.64471484553268 6
  endloop
endfacet
facet normal 0 0 1
  outer loop
    vertex 13.0190302561483 2.346442373361883 6
    vertex 12.49118573196654 3.895479553006638 6
    vertex 11.94588983726192 2.458926902704258 6
  endloop
endfacet
facet normal 0 0 1
  outer loop
    vertex 12.49118573196654 3.895479553006638 6
    vertex 11.41804531308016 4.007964082349012 6
    vertex 11.94588983726192 2.458926902704258 6
  endloop
endfacet
facet normal 0 0 1
  outer loop
    vertex 12.49118573196654 3.895479553006638 6
    vertex 11.96334120778478 5.444516732651392 6
    vertex 11.41804531308016 4.007964082349012 6
  endloop
endfacet
facet normal 0 0 1
  outer loop
    vertex 11.94588983726192 2.458926902704258 6
    vertex 11.41804531308016 4.007964082349012 6
    vertex 10.87274941837555 2.571411432046633 6
  endloop
endfacet
facet normal -0 0 1
  outer loop
    vertex -4.337135930425116 10.91560317336026 6
    vertex -3.82594470206401 10.3414430163532 6
    vertex -3.490817292220191 10.93010716621416 6
  endloop
endfacet
facet normal 0 0 1
  outer loop
    vertex -3.82594470206401 10.3414430163532 6
    vertex -2.979626063859085 10.3559470092071 6
    vertex -3.490817292220191 10.93010716621416 6
  endloop
endfacet
facet normal -0 0 1
  outer loop
    vertex -3.82594470206401 10.3414430163532 6
    vertex -3.314753473702904 9.767282859346137 6
    vertex -2.979626063859085 10.3559470092071 6
  endloop
endfacet
facet normal -0 0 1
  outer loop
    vertex -3.490817292220191 10.93010716621416 6
    vertex -2.979626063859085 10.3559470092071 6
    vertex -2.644498654015266 10.94461115906806 6
  endloop
endfacet
facet normal 0 0 1
  outer loop
    vertex -11.5191802631159 7.239017649518461 6
    vertex -10.17120397590691 8.229812806833941 6
    vertex -11.50566150055294 9.183807829418113 6
  endloop
endfacet
facet normal 0 -0 1
  outer loop
    vertex -10.17120397590691 8.229812806833941 6
    vertex -10.15768521334395 10.17460298673359 6
    vertex -11.50566150055294 9.183807829418113 6
  endloop
endfacet
facet normal 0 0 1
  outer loop
    vertex -10.17120397590691 8.229812806833941 6
    vertex -8.823227688697914 9.220607964149423 6
    vertex -10.15768521334395 10.17460298673359 6
  endloop
endfacet
facet normal 0 0 1
  outer loop
    vertex -11.50566150055294 9.183807829418113 6
    vertex -10.15768521334395 10.17460298673359 6
    vertex -11.49214273798999 11.12859800931776 6
  endloop
endfacet
facet normal 0 0 1
  outer loop
    vertex -10.73687183263261 19.10673914841193 6
    vertex -11.0282180617028 20.91855508531756 6
    vertex -12.74343591631631 20.38670290753931 6
  endloop
endfacet
facet normal 0 0 1
  outer loop
    vertex -11.0282180617028 20.91855508531756 6
    vertex -13.03478214538649 22.19851884444495 6
    vertex -12.74343591631631 20.38670290753931 6
  endloop
endfacet
facet normal 0 0 1
  outer loop
    vertex -11.0282180617028 20.91855508531756 6
    vertex -11.31956429077298 22.7303710222232 6
    vertex -13.03478214538649 22.19851884444495 6
  endloop
endfacet
facet normal 0 0 1
  outer loop
    vertex -12.74343591631631 20.38670290753931 6
    vertex -13.03478214538649 22.19851884444495 6
    vertex -14.75 21.6666666666667 6
  endloop
endfacet
facet normal 0 0 1
  outer loop
    vertex -0.4987918414869879 11.87546518597442 6
    vertex -0.837051013644972 11.8082823416059 6
    vertex -0.7207750943219356 11.59710699129405 6
  endloop
endfacet
facet normal 0 0 1
  outer loop
    vertex -0.837051013644972 11.8082823416059 6
    vertex -0.9876550929014787 11.49554974861869 6
    vertex -0.7207750943219356 11.59710699129405 6
  endloop
endfacet
facet normal 0 0 1
  outer loop
    vertex -0.837051013644972 11.8082823416059 6
    vertex -1.175310185802957 11.74109949723737 6
    vertex -0.9876550929014787 11.49554974861869 6
  endloop
endfacet
facet normal 0 0 1
  outer loop
    vertex -0.7207750943219356 11.59710699129405 6
    vertex -0.9876550929014787 11.49554974861869 6
    vertex -0.8 11.25 6
  endloop
endfacet
facet normal 0 0 1
  outer loop
    vertex 0.7207750943219335 11.59710699129405 6
    vertex 0.682414980049316 11.97635841480779 6
    vertex 0.4987918414869843 11.87546518597443 6
  endloop
endfacet
facet normal 0 0 1
  outer loop
    vertex 0.682414980049316 11.97635841480779 6
    vertex 0.4110358064708741 12.19277608403349 6
    vertex 0.4987918414869843 11.87546518597443 6
  endloop
endfacet
facet normal 0 0 1
  outer loop
    vertex 0.682414980049316 11.97635841480779 6
    vertex 0.6440548657766989 12.35560983832152 6
    vertex 0.4110358064708741 12.19277608403349 6
  endloop
endfacet
facet normal 0 0 1
  outer loop
    vertex 0.4987918414869843 11.87546518597443 6
    vertex 0.4110358064708741 12.19277608403349 6
    vertex 0.1780167471650491 12.02994232974546 6
  endloop
endfacet
facet normal 0 -0 1
  outer loop
    vertex -2.094995592660242 18.80415558932367 6
    vertex -1.001938803673657 19.90756342832467 6
    vertex -2.667555099118925 20.40859823529691 6
  endloop
endfacet
facet normal 0 0 1
  outer loop
    vertex -1.001938803673657 19.90756342832467 6
    vertex -1.574498310132338 21.51200607429791 6
    vertex -2.667555099118925 20.40859823529691 6
  endloop
endfacet
facet normal 0 -0 1
  outer loop
    vertex -1.001938803673657 19.90756342832467 6
    vertex 0.0911179853129287 21.01097126732568 6
    vertex -1.574498310132338 21.51200607429791 6
  endloop
endfacet
facet normal 0 -0 1
  outer loop
    vertex -2.667555099118925 20.40859823529691 6
    vertex -1.574498310132338 21.51200607429791 6
    vertex -3.240114605577606 22.01304088127016 6
  endloop
endfacet
facet normal -0 0 1
  outer loop
    vertex -2.644498654015266 10.94461115906806 6
    vertex -2.270340368199715 10.46719943373051 6
    vertex -2.136069428350371 11.01852407667242 6
  endloop
endfacet
facet normal 0 0 1
  outer loop
    vertex -2.270340368199715 10.46719943373051 6
    vertex -1.761911142534821 10.54111235133486 6
    vertex -2.136069428350371 11.01852407667242 6
  endloop
endfacet
facet normal -0 0 1
  outer loop
    vertex -2.270340368199715 10.46719943373051 6
    vertex -1.896182082384167 9.98978770839296 6
    vertex -1.761911142534821 10.54111235133486 6
  endloop
endfacet
facet normal -0 0 1
  outer loop
    vertex -2.136069428350371 11.01852407667242 6
    vertex -1.761911142534821 10.54111235133486 6
    vertex -1.627640202685477 11.09243699427677 6
  endloop
endfacet
facet normal 0 0 1
  outer loop
    vertex -0.7966098162497808 9.085031984253344 6
    vertex -0.8478189487670154 9.536229231625565 6
    vertex -1.346395949316975 9.537409846323152 6
  endloop
endfacet
facet normal 0 0 1
  outer loop
    vertex -0.8478189487670154 9.536229231625565 6
    vertex -1.397605081834207 9.988607093695375 6
    vertex -1.346395949316975 9.537409846323152 6
  endloop
endfacet
facet normal 0 0 1
  outer loop
    vertex -0.8478189487670154 9.536229231625565 6
    vertex -0.8990280812842499 9.987426478997788 6
    vertex -1.397605081834207 9.988607093695375 6
  endloop
endfacet
facet normal 0 0 1
  outer loop
    vertex -1.346395949316975 9.537409846323152 6
    vertex -1.397605081834207 9.988607093695375 6
    vertex -1.896182082384167 9.98978770839296 6
  endloop
endfacet
facet normal 0 0 1
  outer loop
    vertex -6.522137542024456 10.92382959665956 6
    vertex -5.634269716010953 9.926095655116058 6
    vertex -5.429636736224786 10.91971638500991 6
  endloop
endfacet
facet normal -0 0 1
  outer loop
    vertex -5.634269716010953 9.926095655116058 6
    vertex -4.541768910211283 9.921982443466405 6
    vertex -5.429636736224786 10.91971638500991 6
  endloop
endfacet
facet normal 0 0 1
  outer loop
    vertex -5.634269716010953 9.926095655116058 6
    vertex -4.74640188999745 8.928361713572553 6
    vertex -4.541768910211283 9.921982443466405 6
  endloop
endfacet
facet normal 0 0 1
  outer loop
    vertex -5.429636736224786 10.91971638500991 6
    vertex -4.541768910211283 9.921982443466405 6
    vertex -4.337135930425116 10.91560317336026 6
  endloop
endfacet
facet normal 0 0 1
  outer loop
    vertex 10.21192967980927 8.333013727628853 6
    vertex 9.344509788976133 9.503989585792047 6
    vertex 8.1634527328074 8.504474526310574 6
  endloop
endfacet
facet normal 0 0 1
  outer loop
    vertex 9.344509788976133 9.503989585792047 6
    vertex 7.296032841974259 9.67545038447377 6
    vertex 8.1634527328074 8.504474526310574 6
  endloop
endfacet
facet normal 0 0 1
  outer loop
    vertex 9.344509788976133 9.503989585792047 6
    vertex 8.477089898142992 10.67496544395524 6
    vertex 7.296032841974259 9.67545038447377 6
  endloop
endfacet
facet normal 0 0 1
  outer loop
    vertex 8.1634527328074 8.504474526310574 6
    vertex 7.296032841974259 9.67545038447377 6
    vertex 6.11497578580553 8.675935324992297 6
  endloop
endfacet
facet normal 0 0 1
  outer loop
    vertex -0.4987918414869862 10.62453481402558 6
    vertex -0.2798891522946274 10.24616824879071 6
    vertex -0.17801674716505 10.47005767025454 6
  endloop
endfacet
facet normal -0 0 1
  outer loop
    vertex -0.2798891522946274 10.24616824879071 6
    vertex 0.05851514203139274 10.16892967690519 6
    vertex -0.17801674716505 10.47005767025454 6
  endloop
endfacet
facet normal 0 0 1
  outer loop
    vertex -0.2798891522946274 10.24616824879071 6
    vertex -0.06098646310226918 9.867801683555834 6
    vertex 0.05851514203139274 10.16892967690519 6
  endloop
endfacet
facet normal -0 0 1
  outer loop
    vertex -0.17801674716505 10.47005767025454 6
    vertex 0.05851514203139274 10.16892967690519 6
    vertex 0.1780167471650544 10.47005767025454 6
  endloop
endfacet
facet normal 0 0 1
  outer loop
    vertex 3.078025039192823 8.133143514972867 6
    vertex 2.531068452021138 8.956247349469654 6
    vertex 1.986116224951626 8.456090546545894 6
  endloop
endfacet
facet normal 0 0 1
  outer loop
    vertex 2.531068452021138 8.956247349469654 6
    vertex 1.439159637779941 9.279194381042682 6
    vertex 1.986116224951626 8.456090546545894 6
  endloop
endfacet
facet normal 0 0 1
  outer loop
    vertex 2.531068452021138 8.956247349469654 6
    vertex 1.984111864849456 9.779351183966442 6
    vertex 1.439159637779941 9.279194381042682 6
  endloop
endfacet
facet normal 0 0 1
  outer loop
    vertex 1.986116224951626 8.456090546545894 6
    vertex 1.439159637779941 9.279194381042682 6
    vertex 0.8942074107104272 8.779037578118922 6
  endloop
endfacet
facet normal 0 0 1
  outer loop
    vertex -11.5191802631159 7.239017649518461 6
    vertex -11.58784730989742 5.134611211056379 6
    vertex -10.13459013155795 6.11950882475923 6
  endloop
endfacet
facet normal -0 0 1
  outer loop
    vertex -11.58784730989742 5.134611211056379 6
    vertex -10.20325717833948 4.015102386297149 6
    vertex -10.13459013155795 6.11950882475923 6
  endloop
endfacet
facet normal 0 0 1
  outer loop
    vertex -11.58784730989742 5.134611211056379 6
    vertex -11.65651435667895 3.030204772594297 6
    vertex -10.20325717833948 4.015102386297149 6
  endloop
endfacet
facet normal 0 0 1
  outer loop
    vertex -10.13459013155795 6.11950882475923 6
    vertex -10.20325717833948 4.015102386297149 6
    vertex -8.75 5 6
  endloop
endfacet
facet normal 0 0 1
  outer loop
    vertex -1.175310185802957 11.74109949723737 6
    vertex -1.401475194244217 11.41676824575707 6
    vertex -0.9876550929014787 11.49554974861869 6
  endloop
endfacet
facet normal -0 0 1
  outer loop
    vertex -1.401475194244217 11.41676824575707 6
    vertex -1.213820101342739 11.17121849713838 6
    vertex -0.9876550929014787 11.49554974861869 6
  endloop
endfacet
facet normal 0 0 1
  outer loop
    vertex -1.401475194244217 11.41676824575707 6
    vertex -1.627640202685477 11.09243699427677 6
    vertex -1.213820101342739 11.17121849713838 6
  endloop
endfacet
facet normal 0 0 1
  outer loop
    vertex -0.9876550929014787 11.49554974861869 6
    vertex -1.213820101342739 11.17121849713838 6
    vertex -0.8 11.25 6
  endloop
endfacet
facet normal 0 -0 1
  outer loop
    vertex 0.7207750943219335 11.59710699129405 6
    vertex 1.153680102552148 11.70172583700046 6
    vertex 0.682414980049316 11.97635841480779 6
  endloop
endfacet
facet normal 0 0 1
  outer loop
    vertex 1.153680102552148 11.70172583700046 6
    vertex 1.115319988279531 12.0809772605142 6
    vertex 0.682414980049316 11.97635841480779 6
  endloop
endfacet
facet normal 0 -0 1
  outer loop
    vertex 1.153680102552148 11.70172583700046 6
    vertex 1.586585110782362 11.80634468270687 6
    vertex 1.115319988279531 12.0809772605142 6
  endloop
endfacet
facet normal 0 -0 1
  outer loop
    vertex 0.682414980049316 11.97635841480779 6
    vertex 1.115319988279531 12.0809772605142 6
    vertex 0.6440548657766989 12.35560983832152 6
  endloop
endfacet
facet normal 0 0 1
  outer loop
    vertex 14.75 0 6
    vertex 13.88451512807415 1.173221186680942 6
    vertex 13.25 0 6
  endloop
endfacet
facet normal 0 0 1
  outer loop
    vertex 13.88451512807415 1.173221186680942 6
    vertex 12.38451512807415 1.173221186680942 6
    vertex 13.25 0 6
  endloop
endfacet
facet normal 0 0 1
  outer loop
    vertex 13.88451512807415 1.173221186680942 6
    vertex 13.0190302561483 2.346442373361883 6
    vertex 12.38451512807415 1.173221186680942 6
  endloop
endfacet
facet normal 0 0 1
  outer loop
    vertex 13.25 0 6
    vertex 12.38451512807415 1.173221186680942 6
    vertex 11.75 0 6
  endloop
endfacet
facet normal 0 0 1
  outer loop
    vertex 2.912816219950553 12.1488956619318 6
    vertex 3.695318189807125 12.39680525373224 6
    vertex 2.96242617397758 12.94896366862796 6
  endloop
endfacet
facet normal 0 -0 1
  outer loop
    vertex 3.695318189807125 12.39680525373224 6
    vertex 3.744928143834152 13.1968732604284 6
    vertex 2.96242617397758 12.94896366862796 6
  endloop
endfacet
facet normal 0 0 1
  outer loop
    vertex 3.695318189807125 12.39680525373224 6
    vertex 4.477820159663693 12.64471484553268 6
    vertex 3.744928143834152 13.1968732604284 6
  endloop
endfacet
facet normal 0 0 1
  outer loop
    vertex 2.96242617397758 12.94896366862796 6
    vertex 3.744928143834152 13.1968732604284 6
    vertex 3.012036128004606 13.74903167532412 6
  endloop
endfacet
facet normal 0 0 1
  outer loop
    vertex -5.071270658664897 12.52950029790604 6
    vertex -5.796704100344677 11.7266649472828 6
    vertex -4.704203294545007 11.72255173563315 6
  endloop
endfacet
facet normal 0 0 1
  outer loop
    vertex -5.796704100344677 11.7266649472828 6
    vertex -5.429636736224786 10.91971638500991 6
    vertex -4.704203294545007 11.72255173563315 6
  endloop
endfacet
facet normal 0 0 1
  outer loop
    vertex -5.796704100344677 11.7266649472828 6
    vertex -6.522137542024456 10.92382959665956 6
    vertex -5.429636736224786 10.91971638500991 6
  endloop
endfacet
facet normal 0 0 1
  outer loop
    vertex -4.704203294545007 11.72255173563315 6
    vertex -5.429636736224786 10.91971638500991 6
    vertex -4.337135930425116 10.91560317336026 6
  endloop
endfacet
facet normal 0 -0 1
  outer loop
    vertex -0.2273569461388512 7.63850917067675 6
    vertex 0.3334252322857871 8.208773374397836 6
    vertex -0.511983381194316 8.361770577465048 6
  endloop
endfacet
facet normal 0 0 1
  outer loop
    vertex 0.3334252322857871 8.208773374397836 6
    vertex 0.04879879723032232 8.932034781186132 6
    vertex -0.511983381194316 8.361770577465048 6
  endloop
endfacet
facet normal 0 -0 1
  outer loop
    vertex 0.3334252322857871 8.208773374397836 6
    vertex 0.8942074107104272 8.779037578118922 6
    vertex 0.04879879723032232 8.932034781186132 6
  endloop
endfacet
facet normal 0 -0 1
  outer loop
    vertex -0.511983381194316 8.361770577465048 6
    vertex 0.04879879723032232 8.932034781186132 6
    vertex -0.7966098162497808 9.085031984253344 6
  endloop
endfacet
facet normal 0 0 1
  outer loop
    vertex -3.484486647434688 11.98046734912996 6
    vertex -4.277878653049793 12.254983823518 6
    vertex -3.910811288929903 11.44803526124511 6
  endloop
endfacet
facet normal 0 0 1
  outer loop
    vertex -4.277878653049793 12.254983823518 6
    vertex -4.704203294545007 11.72255173563315 6
    vertex -3.910811288929903 11.44803526124511 6
  endloop
endfacet
facet normal 0 0 1
  outer loop
    vertex -4.277878653049793 12.254983823518 6
    vertex -5.071270658664897 12.52950029790604 6
    vertex -4.704203294545007 11.72255173563315 6
  endloop
endfacet
facet normal 0 0 1
  outer loop
    vertex -3.910811288929903 11.44803526124511 6
    vertex -4.704203294545007 11.72255173563315 6
    vertex -4.337135930425116 10.91560317336026 6
  endloop
endfacet
facet normal -0 0 1
  outer loop
    vertex 6.39450429640679 11.75893973708713 6
    vertex 7.435797097274893 11.21695259052118 6
    vertex 7.427984352488721 12.49190253526244 6
  endloop
endfacet
facet normal 0 -0 1
  outer loop
    vertex 7.435797097274893 11.21695259052118 6
    vertex 8.469277153356821 11.94991538869649 6
    vertex 7.427984352488721 12.49190253526244 6
  endloop
endfacet
facet normal -0 0 1
  outer loop
    vertex 7.435797097274893 11.21695259052118 6
    vertex 8.477089898142992 10.67496544395524 6
    vertex 8.469277153356821 11.94991538869649 6
  endloop
endfacet
facet normal -0 0 1
  outer loop
    vertex 7.427984352488721 12.49190253526244 6
    vertex 8.469277153356821 11.94991538869649 6
    vertex 8.461464408570652 13.22486533343775 6
  endloop
endfacet
facet normal 0 0 1
  outer loop
    vertex -0.8 11.25 6
    vertex -0.9728460764311571 10.91789957545508 6
    vertex -0.7207750943219349 10.90289300870595 6
  endloop
endfacet
facet normal 0 0 1
  outer loop
    vertex -0.9728460764311571 10.91789957545508 6
    vertex -0.8222419971746504 10.60516698246787 6
    vertex -0.7207750943219349 10.90289300870595 6
  endloop
endfacet
facet normal 0 0 1
  outer loop
    vertex -0.9728460764311571 10.91789957545508 6
    vertex -1.145692152862315 10.58579915091017 6
    vertex -0.8222419971746504 10.60516698246787 6
  endloop
endfacet
facet normal 0 0 1
  outer loop
    vertex -0.7207750943219349 10.90289300870595 6
    vertex -0.8222419971746504 10.60516698246787 6
    vertex -0.4987918414869862 10.62453481402558 6
  endloop
endfacet
facet normal 0 0 1
  outer loop
    vertex -2.080791600378738 12.16444711835822 6
    vertex -2.362645127197002 11.55452913871314 6
    vertex -1.854215901532108 11.62844205631749 6
  endloop
endfacet
facet normal -0 0 1
  outer loop
    vertex -2.362645127197002 11.55452913871314 6
    vertex -2.136069428350371 11.01852407667242 6
    vertex -1.854215901532108 11.62844205631749 6
  endloop
endfacet
facet normal 0 0 1
  outer loop
    vertex -2.362645127197002 11.55452913871314 6
    vertex -2.644498654015266 10.94461115906806 6
    vertex -2.136069428350371 11.01852407667242 6
  endloop
endfacet
facet normal 0 0 1
  outer loop
    vertex -1.854215901532108 11.62844205631749 6
    vertex -2.136069428350371 11.01852407667242 6
    vertex -1.627640202685477 11.09243699427677 6
  endloop
endfacet
facet normal 0 0 1
  outer loop
    vertex -0.4987918414869879 11.87546518597442 6
    vertex -0.69805515323932 12.21204492599858 6
    vertex -0.837051013644972 11.8082823416059 6
  endloop
endfacet
facet normal 0 0 1
  outer loop
    vertex -0.69805515323932 12.21204492599858 6
    vertex -1.036314325397306 12.14486208163006 6
    vertex -0.837051013644972 11.8082823416059 6
  endloop
endfacet
facet normal 0 0 1
  outer loop
    vertex -0.69805515323932 12.21204492599858 6
    vertex -0.8973184649916544 12.54862466602274 6
    vertex -1.036314325397306 12.14486208163006 6
  endloop
endfacet
facet normal 0 0 1
  outer loop
    vertex -0.837051013644972 11.8082823416059 6
    vertex -1.036314325397306 12.14486208163006 6
    vertex -1.175310185802957 11.74109949723737 6
  endloop
endfacet
facet normal 0 0 1
  outer loop
    vertex 0.7207750943219374 10.90289300870596 6
    vertex 1.021508551188433 10.93320018695473 6
    vertex 0.8 11.25 6
  endloop
endfacet
facet normal 0 0 1
  outer loop
    vertex 1.021508551188433 10.93320018695473 6
    vertex 1.021508551188431 11.28030717824878 6
    vertex 0.8 11.25 6
  endloop
endfacet
facet normal 0 -0 1
  outer loop
    vertex 1.021508551188433 10.93320018695473 6
    vertex 1.322242008054928 10.9635073652035 6
    vertex 1.021508551188431 11.28030717824878 6
  endloop
endfacet
facet normal 0 -0 1
  outer loop
    vertex 0.8 11.25 6
    vertex 1.021508551188431 11.28030717824878 6
    vertex 0.7207750943219335 11.59710699129405 6
  endloop
endfacet
facet normal -0 0 1
  outer loop
    vertex 0.1780167471650544 10.47005767025454 6
    vertex 0.5011295333315537 10.34324524649044 6
    vertex 0.4987918414869897 10.62453481402558 6
  endloop
endfacet
facet normal 0 -0 1
  outer loop
    vertex 0.5011295333315537 10.34324524649044 6
    vertex 0.7725087069099956 10.55966291571615 6
    vertex 0.4987918414869897 10.62453481402558 6
  endloop
endfacet
facet normal -0 0 1
  outer loop
    vertex 0.5011295333315537 10.34324524649044 6
    vertex 0.8242423194980546 10.21643282272634 6
    vertex 0.7725087069099956 10.55966291571615 6
  endloop
endfacet
facet normal -0 0 1
  outer loop
    vertex 0.4987918414869897 10.62453481402558 6
    vertex 0.7725087069099956 10.55966291571615 6
    vertex 0.7207750943219374 10.90289300870596 6
  endloop
endfacet
facet normal 0 0 1
  outer loop
    vertex 0.1780167471650544 10.47005767025454 6
    vertex 0.05851514203139274 10.16892967690519 6
    vertex 0.5011295333315537 10.34324524649044 6
  endloop
endfacet
facet normal -0 0 1
  outer loop
    vertex 0.05851514203139274 10.16892967690519 6
    vertex 0.3816279281978936 10.04211725314109 6
    vertex 0.5011295333315537 10.34324524649044 6
  endloop
endfacet
facet normal 0 0 1
  outer loop
    vertex 0.05851514203139274 10.16892967690519 6
    vertex -0.06098646310226918 9.867801683555834 6
    vertex 0.3816279281978936 10.04211725314109 6
  endloop
endfacet
facet normal 0 0 1
  outer loop
    vertex 0.5011295333315537 10.34324524649044 6
    vertex 0.3816279281978936 10.04211725314109 6
    vertex 0.8242423194980546 10.21643282272634 6
  endloop
endfacet
facet normal 0 0 1
  outer loop
    vertex 0.1780167471650491 12.02994232974546 6
    vertex 0.00623148148969932 12.22843704130847 6
    vertex -0.1780167471650535 12.02994232974546 6
  endloop
endfacet
facet normal 0 0 1
  outer loop
    vertex 0.00623148148969932 12.22843704130847 6
    vertex -0.3321728128363191 12.15119846942295 6
    vertex -0.1780167471650535 12.02994232974546 6
  endloop
endfacet
facet normal 0 0 1
  outer loop
    vertex 0.00623148148969932 12.22843704130847 6
    vertex -0.1655537841856507 12.42693175287148 6
    vertex -0.3321728128363191 12.15119846942295 6
  endloop
endfacet
facet normal 0 0 1
  outer loop
    vertex -0.1780167471650535 12.02994232974546 6
    vertex -0.3321728128363191 12.15119846942295 6
    vertex -0.4987918414869879 11.87546518597442 6
  endloop
endfacet
facet normal 0 -0 1
  outer loop
    vertex 11.75 0 6
    vertex 12.38451512807415 1.173221186680942 6
    vertex 11.31137470918777 1.285705716023316 6
  endloop
endfacet
facet normal 0 0 1
  outer loop
    vertex 12.38451512807415 1.173221186680942 6
    vertex 11.94588983726192 2.458926902704258 6
    vertex 11.31137470918777 1.285705716023316 6
  endloop
endfacet
facet normal 0 -0 1
  outer loop
    vertex 12.38451512807415 1.173221186680942 6
    vertex 13.0190302561483 2.346442373361883 6
    vertex 11.94588983726192 2.458926902704258 6
  endloop
endfacet
facet normal 0 -0 1
  outer loop
    vertex 11.31137470918777 1.285705716023316 6
    vertex 11.94588983726192 2.458926902704258 6
    vertex 10.87274941837555 2.571411432046633 6
  endloop
endfacet
facet normal 0 0 1
  outer loop
    vertex 1.586585110782362 11.80634468270687 6
    vertex 1.575529635392332 12.39220406103852 6
    vertex 1.115319988279531 12.0809772605142 6
  endloop
endfacet
facet normal 0 0 1
  outer loop
    vertex 1.575529635392332 12.39220406103852 6
    vertex 1.1042645128895 12.66683663884584 6
    vertex 1.115319988279531 12.0809772605142 6
  endloop
endfacet
facet normal 0 0 1
  outer loop
    vertex 1.575529635392332 12.39220406103852 6
    vertex 1.564474160002302 12.97806343937016 6
    vertex 1.1042645128895 12.66683663884584 6
  endloop
endfacet
facet normal 0 0 1
  outer loop
    vertex 1.115319988279531 12.0809772605142 6
    vertex 1.1042645128895 12.66683663884584 6
    vertex 0.6440548657766989 12.35560983832152 6
  endloop
endfacet
facet normal 0 0 1
  outer loop
    vertex 11.2025753201227 11.38207309663017 6
    vertex 9.839832609132849 11.02851927029271 6
    vertex 10.70725249996599 9.857543412129512 6
  endloop
endfacet
facet normal 0 0 1
  outer loop
    vertex 9.839832609132849 11.02851927029271 6
    vertex 9.344509788976133 9.503989585792047 6
    vertex 10.70725249996599 9.857543412129512 6
  endloop
endfacet
facet normal 0 0 1
  outer loop
    vertex 9.839832609132849 11.02851927029271 6
    vertex 8.477089898142992 10.67496544395524 6
    vertex 9.344509788976133 9.503989585792047 6
  endloop
endfacet
facet normal 0 0 1
  outer loop
    vertex 10.70725249996599 9.857543412129512 6
    vertex 9.344509788976133 9.503989585792047 6
    vertex 10.21192967980927 8.333013727628853 6
  endloop
endfacet
facet normal 0 0 1
  outer loop
    vertex -2.644498654015266 10.94461115906806 6
    vertex -2.979626063859085 10.3559470092071 6
    vertex -2.270340368199715 10.46719943373051 6
  endloop
endfacet
facet normal -0 0 1
  outer loop
    vertex -2.979626063859085 10.3559470092071 6
    vertex -2.605467778043536 9.878535283869549 6
    vertex -2.270340368199715 10.46719943373051 6
  endloop
endfacet
facet normal 0 0 1
  outer loop
    vertex -2.979626063859085 10.3559470092071 6
    vertex -3.314753473702904 9.767282859346137 6
    vertex -2.605467778043536 9.878535283869549 6
  endloop
endfacet
facet normal 0 0 1
  outer loop
    vertex -2.270340368199715 10.46719943373051 6
    vertex -2.605467778043536 9.878535283869549 6
    vertex -1.896182082384167 9.98978770839296 6
  endloop
endfacet
facet normal 0 0 1
  outer loop
    vertex -2.080791600378738 12.16444711835822 6
    vertex -2.782639123906712 12.07245723374409 6
    vertex -2.362645127197002 11.55452913871314 6
  endloop
endfacet
facet normal 0 0 1
  outer loop
    vertex -2.782639123906712 12.07245723374409 6
    vertex -3.064492650724976 11.46253925409901 6
    vertex -2.362645127197002 11.55452913871314 6
  endloop
endfacet
facet normal 0 0 1
  outer loop
    vertex -2.782639123906712 12.07245723374409 6
    vertex -3.484486647434688 11.98046734912996 6
    vertex -3.064492650724976 11.46253925409901 6
  endloop
endfacet
facet normal 0 0 1
  outer loop
    vertex -2.362645127197002 11.55452913871314 6
    vertex -3.064492650724976 11.46253925409901 6
    vertex -2.644498654015266 10.94461115906806 6
  endloop
endfacet
facet normal 0 0 1
  outer loop
    vertex -1.175310185802957 11.74109949723737 6
    vertex -1.628050893090847 11.95277330779779 6
    vertex -1.401475194244217 11.41676824575707 6
  endloop
endfacet
facet normal 0 0 1
  outer loop
    vertex -1.628050893090847 11.95277330779779 6
    vertex -1.854215901532108 11.62844205631749 6
    vertex -1.401475194244217 11.41676824575707 6
  endloop
endfacet
facet normal 0 0 1
  outer loop
    vertex -1.628050893090847 11.95277330779779 6
    vertex -2.080791600378738 12.16444711835822 6
    vertex -1.854215901532108 11.62844205631749 6
  endloop
endfacet
facet normal 0 0 1
  outer loop
    vertex -1.401475194244217 11.41676824575707 6
    vertex -1.854215901532108 11.62844205631749 6
    vertex -1.627640202685477 11.09243699427677 6
  endloop
endfacet
facet normal 0 0 1
  outer loop
    vertex 0.8942074107104272 8.779037578118922 6
    vertex 1.247701275402541 7.823718956593505 6
    vertex 1.986116224951626 8.456090546545894 6
  endloop
endfacet
facet normal -0 0 1
  outer loop
    vertex 1.247701275402541 7.823718956593505 6
    vertex 2.339610089643738 7.500771925020477 6
    vertex 1.986116224951626 8.456090546545894 6
  endloop
endfacet
facet normal 0 0 1
  outer loop
    vertex 1.247701275402541 7.823718956593505 6
    vertex 1.601195140094653 6.868400335068088 6
    vertex 2.339610089643738 7.500771925020477 6
  endloop
endfacet
facet normal 0 0 1
  outer loop
    vertex 1.986116224951626 8.456090546545894 6
    vertex 2.339610089643738 7.500771925020477 6
    vertex 3.078025039192823 8.133143514972867 6
  endloop
endfacet
facet normal 0 0 1
  outer loop
    vertex 10.84242237622655 18.48085698467514 6
    vertex 9.420043853867231 18.85136890157976 6
    vertex 9.440683520259213 17.43051619017238 6
  endloop
endfacet
facet normal 0 0 1
  outer loop
    vertex 9.420043853867231 18.85136890157976 6
    vertex 8.018304997899889 17.80102810707699 6
    vertex 9.440683520259213 17.43051619017238 6
  endloop
endfacet
facet normal 0 0 1
  outer loop
    vertex 9.420043853867231 18.85136890157976 6
    vertex 7.997665331507907 19.22188081848437 6
    vertex 8.018304997899889 17.80102810707699 6
  endloop
endfacet
facet normal 0 0 1
  outer loop
    vertex 9.440683520259213 17.43051619017238 6
    vertex 8.018304997899889 17.80102810707699 6
    vertex 8.038944664291868 16.38017539566961 6
  endloop
endfacet
facet normal 0 0 1
  outer loop
    vertex 14.75 4.333333333333331 6
    vertex 13.35667060389239 4.888925032992361 6
    vertex 13.88451512807415 3.339887853347607 6
  endloop
endfacet
facet normal 0 0 1
  outer loop
    vertex 13.35667060389239 4.888925032992361 6
    vertex 12.49118573196654 3.895479553006638 6
    vertex 13.88451512807415 3.339887853347607 6
  endloop
endfacet
facet normal 0 0 1
  outer loop
    vertex 13.35667060389239 4.888925032992361 6
    vertex 11.96334120778478 5.444516732651392 6
    vertex 12.49118573196654 3.895479553006638 6
  endloop
endfacet
facet normal 0 0 1
  outer loop
    vertex 13.88451512807415 3.339887853347607 6
    vertex 12.49118573196654 3.895479553006638 6
    vertex 13.0190302561483 2.346442373361883 6
  endloop
endfacet
facet normal -0 0 1
  outer loop
    vertex -1.627640202685477 11.09243699427677 6
    vertex -1.386666177773897 10.83911807259347 6
    vertex -1.213820101342739 11.17121849713838 6
  endloop
endfacet
facet normal 0 0 1
  outer loop
    vertex -1.386666177773897 10.83911807259347 6
    vertex -0.9728460764311571 10.91789957545508 6
    vertex -1.213820101342739 11.17121849713838 6
  endloop
endfacet
facet normal -0 0 1
  outer loop
    vertex -1.386666177773897 10.83911807259347 6
    vertex -1.145692152862315 10.58579915091017 6
    vertex -0.9728460764311571 10.91789957545508 6
  endloop
endfacet
facet normal -0 0 1
  outer loop
    vertex -1.213820101342739 11.17121849713838 6
    vertex -0.9728460764311571 10.91789957545508 6
    vertex -0.8 11.25 6
  endloop
endfacet
facet normal 0 -0 1
  outer loop
    vertex 10.87274941837555 2.571411432046633 6
    vertex 11.41804531308016 4.007964082349012 6
    vertex 9.811374709187774 3.785705716023316 6
  endloop
endfacet
facet normal 0 0 1
  outer loop
    vertex 11.41804531308016 4.007964082349012 6
    vertex 10.35667060389239 5.222258366325696 6
    vertex 9.811374709187774 3.785705716023316 6
  endloop
endfacet
facet normal 0 -0 1
  outer loop
    vertex 11.41804531308016 4.007964082349012 6
    vertex 11.96334120778478 5.444516732651392 6
    vertex 10.35667060389239 5.222258366325696 6
  endloop
endfacet
facet normal 0 -0 1
  outer loop
    vertex 9.811374709187774 3.785705716023316 6
    vertex 10.35667060389239 5.222258366325696 6
    vertex 8.75 5 6
  endloop
endfacet
facet normal -0 0 1
  outer loop
    vertex -0.2273569461388512 7.63850917067675 6
    vertex 0.6869190969779009 7.253454752872419 6
    vertex 0.3334252322857871 8.208773374397836 6
  endloop
endfacet
facet normal 0 -0 1
  outer loop
    vertex 0.6869190969779009 7.253454752872419 6
    vertex 1.247701275402541 7.823718956593505 6
    vertex 0.3334252322857871 8.208773374397836 6
  endloop
endfacet
facet normal -0 0 1
  outer loop
    vertex 0.6869190969779009 7.253454752872419 6
    vertex 1.601195140094653 6.868400335068088 6
    vertex 1.247701275402541 7.823718956593505 6
  endloop
endfacet
facet normal -0 0 1
  outer loop
    vertex 0.3334252322857871 8.208773374397836 6
    vertex 1.247701275402541 7.823718956593505 6
    vertex 0.8942074107104272 8.779037578118922 6
  endloop
endfacet
facet normal -0 0 1
  outer loop
    vertex 0.7207750943219335 11.59710699129405 6
    vertex 1.021508551188431 11.28030717824878 6
    vertex 1.153680102552148 11.70172583700046 6
  endloop
endfacet
facet normal 0 0 1
  outer loop
    vertex 1.021508551188431 11.28030717824878 6
    vertex 1.454413559418647 11.38492602395519 6
    vertex 1.153680102552148 11.70172583700046 6
  endloop
endfacet
facet normal -0 0 1
  outer loop
    vertex 1.021508551188431 11.28030717824878 6
    vertex 1.322242008054928 10.9635073652035 6
    vertex 1.454413559418647 11.38492602395519 6
  endloop
endfacet
facet normal -0 0 1
  outer loop
    vertex 1.153680102552148 11.70172583700046 6
    vertex 1.454413559418647 11.38492602395519 6
    vertex 1.586585110782362 11.80634468270687 6
  endloop
endfacet
facet normal 0 0 1
  outer loop
    vertex -6.683763532202189 8.032202529400754 6
    vertex -5.71508271109982 8.480282121486653 6
    vertex -6.602950537113323 9.478016063030157 6
  endloop
endfacet
facet normal 0 -0 1
  outer loop
    vertex -5.71508271109982 8.480282121486653 6
    vertex -5.634269716010953 9.926095655116058 6
    vertex -6.602950537113323 9.478016063030157 6
  endloop
endfacet
facet normal 0 0 1
  outer loop
    vertex -5.71508271109982 8.480282121486653 6
    vertex -4.74640188999745 8.928361713572553 6
    vertex -5.634269716010953 9.926095655116058 6
  endloop
endfacet
facet normal 0 0 1
  outer loop
    vertex -6.602950537113323 9.478016063030157 6
    vertex -5.634269716010953 9.926095655116058 6
    vertex -6.522137542024456 10.92382959665956 6
  endloop
endfacet
facet normal -0 0 1
  outer loop
    vertex -1.896182082384167 9.98978770839296 6
    vertex -1.397605081834207 9.988607093695375 6
    vertex -1.520937117623241 10.28779342965156 6
  endloop
endfacet
facet normal 0 -0 1
  outer loop
    vertex -1.397605081834207 9.988607093695375 6
    vertex -1.022360117073283 10.28661281495398 6
    vertex -1.520937117623241 10.28779342965156 6
  endloop
endfacet
facet normal -0 0 1
  outer loop
    vertex -1.397605081834207 9.988607093695375 6
    vertex -0.8990280812842499 9.987426478997788 6
    vertex -1.022360117073283 10.28661281495398 6
  endloop
endfacet
facet normal -0 0 1
  outer loop
    vertex -1.520937117623241 10.28779342965156 6
    vertex -1.022360117073283 10.28661281495398 6
    vertex -1.145692152862315 10.58579915091017 6
  endloop
endfacet
facet normal 0 -0 1
  outer loop
    vertex 0.8942074107104272 8.779037578118922 6
    vertex 1.439159637779941 9.279194381042682 6
    vertex 0.8592248651042418 9.497735200422628 6
  endloop
endfacet
facet normal 0 0 1
  outer loop
    vertex 1.439159637779941 9.279194381042682 6
    vertex 1.404177092173754 9.99789200334639 6
    vertex 0.8592248651042418 9.497735200422628 6
  endloop
endfacet
facet normal 0 -0 1
  outer loop
    vertex 1.439159637779941 9.279194381042682 6
    vertex 1.984111864849456 9.779351183966442 6
    vertex 1.404177092173754 9.99789200334639 6
  endloop
endfacet
facet normal 0 -0 1
  outer loop
    vertex 0.8592248651042418 9.497735200422628 6
    vertex 1.404177092173754 9.99789200334639 6
    vertex 0.8242423194980546 10.21643282272634 6
  endloop
endfacet
facet normal 0 0 1
  outer loop
    vertex -6.522137542024456 10.92382959665956 6
    vertex -7.672682615361185 10.07221878040449 6
    vertex -6.602950537113323 9.478016063030157 6
  endloop
endfacet
facet normal 0 0 1
  outer loop
    vertex -7.672682615361185 10.07221878040449 6
    vertex -7.753495610450051 8.626405246775089 6
    vertex -6.602950537113323 9.478016063030157 6
  endloop
endfacet
facet normal 0 0 1
  outer loop
    vertex -7.672682615361185 10.07221878040449 6
    vertex -8.823227688697914 9.220607964149423 6
    vertex -7.753495610450051 8.626405246775089 6
  endloop
endfacet
facet normal 0 0 1
  outer loop
    vertex -6.602950537113323 9.478016063030157 6
    vertex -7.753495610450051 8.626405246775089 6
    vertex -6.683763532202189 8.032202529400754 6
  endloop
endfacet
facet normal 0 0 1
  outer loop
    vertex -0.7267122376814967 14.46701454722404 6
    vertex -1.519458320841579 14.65354611808474 6
    vertex -1.144798704654992 13.95966538438634 6
  endloop
endfacet
facet normal 0 0 1
  outer loop
    vertex -1.519458320841579 14.65354611808474 6
    vertex -1.937544787815073 14.14619695524704 6
    vertex -1.144798704654992 13.95966538438634 6
  endloop
endfacet
facet normal 0 0 1
  outer loop
    vertex -1.519458320841579 14.65354611808474 6
    vertex -2.31220440400166 14.84007768894544 6
    vertex -1.937544787815073 14.14619695524704 6
  endloop
endfacet
facet normal 0 0 1
  outer loop
    vertex -1.144798704654992 13.95966538438634 6
    vertex -1.937544787815073 14.14619695524704 6
    vertex -1.562885171628485 13.45231622154864 6
  endloop
endfacet
facet normal 0 -0 1
  outer loop
    vertex 3.078025039192823 8.133143514972867 6
    vertex 3.296457988828465 8.919108090016195 6
    vertex 2.531068452021138 8.956247349469654 6
  endloop
endfacet
facet normal 0 0 1
  outer loop
    vertex 3.296457988828465 8.919108090016195 6
    vertex 2.749501401656779 9.742211924512983 6
    vertex 2.531068452021138 8.956247349469654 6
  endloop
endfacet
facet normal 0 -0 1
  outer loop
    vertex 3.296457988828465 8.919108090016195 6
    vertex 3.514890938464106 9.705072665059522 6
    vertex 2.749501401656779 9.742211924512983 6
  endloop
endfacet
facet normal 0 -0 1
  outer loop
    vertex 2.531068452021138 8.956247349469654 6
    vertex 2.749501401656779 9.742211924512983 6
    vertex 1.984111864849456 9.779351183966442 6
  endloop
endfacet
facet normal -0 0 1
  outer loop
    vertex 1.984111864849456 9.779351183966442 6
    vertex 2.749501401656779 9.742211924512983 6
    vertex 2.173279310552271 10.30603696535146 6
  endloop
endfacet
facet normal 0 -0 1
  outer loop
    vertex 2.749501401656779 9.742211924512983 6
    vertex 2.938668847359594 10.268897705898 6
    vertex 2.173279310552271 10.30603696535146 6
  endloop
endfacet
facet normal -0 0 1
  outer loop
    vertex 2.749501401656779 9.742211924512983 6
    vertex 3.514890938464106 9.705072665059522 6
    vertex 2.938668847359594 10.268897705898 6
  endloop
endfacet
facet normal -0 0 1
  outer loop
    vertex 2.173279310552271 10.30603696535146 6
    vertex 2.938668847359594 10.268897705898 6
    vertex 2.362446756255085 10.83272274673648 6
  endloop
endfacet
facet normal 0 0 1
  outer loop
    vertex -0.4987918414869862 10.62453481402558 6
    vertex -0.6989099613856169 10.30598064651168 6
    vertex -0.2798891522946274 10.24616824879071 6
  endloop
endfacet
facet normal 0 0 1
  outer loop
    vertex -0.6989099613856169 10.30598064651168 6
    vertex -0.4800072721932587 9.927614081276811 6
    vertex -0.2798891522946274 10.24616824879071 6
  endloop
endfacet
facet normal 0 0 1
  outer loop
    vertex -0.6989099613856169 10.30598064651168 6
    vertex -0.8990280812842499 9.987426478997788 6
    vertex -0.4800072721932587 9.927614081276811 6
  endloop
endfacet
facet normal 0 0 1
  outer loop
    vertex -0.2798891522946274 10.24616824879071 6
    vertex -0.4800072721932587 9.927614081276811 6
    vertex -0.06098646310226918 9.867801683555834 6
  endloop
endfacet
facet normal 0 0 1
  outer loop
    vertex 8.75 5 6
    vertex 10.35667060389239 5.222258366325696 6
    vertex 9.480964839904637 6.666506863814426 6
  endloop
endfacet
facet normal 0 -0 1
  outer loop
    vertex 10.35667060389239 5.222258366325696 6
    vertex 11.08763544379703 6.888765230140122 6
    vertex 9.480964839904637 6.666506863814426 6
  endloop
endfacet
facet normal 0 0 1
  outer loop
    vertex 10.35667060389239 5.222258366325696 6
    vertex 11.96334120778478 5.444516732651392 6
    vertex 11.08763544379703 6.888765230140122 6
  endloop
endfacet
facet normal 0 0 1
  outer loop
    vertex 9.480964839904637 6.666506863814426 6
    vertex 11.08763544379703 6.888765230140122 6
    vertex 10.21192967980927 8.333013727628853 6
  endloop
endfacet
facet normal 0 0 1
  outer loop
    vertex -3.314753473702904 9.767282859346137 6
    vertex -4.030577681850177 9.347822286459344 6
    vertex -3.047670591365586 8.964584358860449 6
  endloop
endfacet
facet normal 0 0 1
  outer loop
    vertex -4.030577681850177 9.347822286459344 6
    vertex -3.763494799512859 8.545123785973658 6
    vertex -3.047670591365586 8.964584358860449 6
  endloop
endfacet
facet normal 0 0 1
  outer loop
    vertex -4.030577681850177 9.347822286459344 6
    vertex -4.74640188999745 8.928361713572553 6
    vertex -3.763494799512859 8.545123785973658 6
  endloop
endfacet
facet normal 0 0 1
  outer loop
    vertex -3.047670591365586 8.964584358860449 6
    vertex -3.763494799512859 8.545123785973658 6
    vertex -2.780587709028268 8.161885858374761 6
  endloop
endfacet
facet normal 0 -0 1
  outer loop
    vertex -0.4987918414869879 11.87546518597442 6
    vertex -0.3321728128363191 12.15119846942295 6
    vertex -0.69805515323932 12.21204492599858 6
  endloop
endfacet
facet normal 0 0 1
  outer loop
    vertex -0.3321728128363191 12.15119846942295 6
    vertex -0.5314361245886516 12.48777820944711 6
    vertex -0.69805515323932 12.21204492599858 6
  endloop
endfacet
facet normal 0 -0 1
  outer loop
    vertex -0.3321728128363191 12.15119846942295 6
    vertex -0.1655537841856507 12.42693175287148 6
    vertex -0.5314361245886516 12.48777820944711 6
  endloop
endfacet
facet normal 0 -0 1
  outer loop
    vertex -0.69805515323932 12.21204492599858 6
    vertex -0.5314361245886516 12.48777820944711 6
    vertex -0.8973184649916544 12.54862466602274 6
  endloop
endfacet
facet normal 0 0 1
  outer loop
    vertex -4.337135930425116 10.91560317336026 6
    vertex -4.541768910211283 9.921982443466405 6
    vertex -3.82594470206401 10.3414430163532 6
  endloop
endfacet
facet normal -0 0 1
  outer loop
    vertex -4.541768910211283 9.921982443466405 6
    vertex -4.030577681850177 9.347822286459344 6
    vertex -3.82594470206401 10.3414430163532 6
  endloop
endfacet
facet normal 0 0 1
  outer loop
    vertex -4.541768910211283 9.921982443466405 6
    vertex -4.74640188999745 8.928361713572553 6
    vertex -4.030577681850177 9.347822286459344 6
  endloop
endfacet
facet normal 0 0 1
  outer loop
    vertex -3.82594470206401 10.3414430163532 6
    vertex -4.030577681850177 9.347822286459344 6
    vertex -3.314753473702904 9.767282859346137 6
  endloop
endfacet
facet normal 0 0 1
  outer loop
    vertex -1.562885171628485 13.45231622154864 6
    vertex -1.937544787815073 14.14619695524704 6
    vertex -2.394581727737261 13.37171874426409 6
  endloop
endfacet
facet normal 0 0 1
  outer loop
    vertex -1.937544787815073 14.14619695524704 6
    vertex -2.769241343923849 14.06559947796249 6
    vertex -2.394581727737261 13.37171874426409 6
  endloop
endfacet
facet normal 0 0 1
  outer loop
    vertex -1.937544787815073 14.14619695524704 6
    vertex -2.31220440400166 14.84007768894544 6
    vertex -2.769241343923849 14.06559947796249 6
  endloop
endfacet
facet normal 0 0 1
  outer loop
    vertex -2.394581727737261 13.37171874426409 6
    vertex -2.769241343923849 14.06559947796249 6
    vertex -3.226278283846039 13.29112126697954 6
  endloop
endfacet
facet normal -0 0 1
  outer loop
    vertex -1.145692152862315 10.58579915091017 6
    vertex -1.022360117073283 10.28661281495398 6
    vertex -0.8222419971746504 10.60516698246787 6
  endloop
endfacet
facet normal 0 0 1
  outer loop
    vertex -1.022360117073283 10.28661281495398 6
    vertex -0.6989099613856169 10.30598064651168 6
    vertex -0.8222419971746504 10.60516698246787 6
  endloop
endfacet
facet normal -0 0 1
  outer loop
    vertex -1.022360117073283 10.28661281495398 6
    vertex -0.8990280812842499 9.987426478997788 6
    vertex -0.6989099613856169 10.30598064651168 6
  endloop
endfacet
facet normal -0 0 1
  outer loop
    vertex -0.8222419971746504 10.60516698246787 6
    vertex -0.6989099613856169 10.30598064651168 6
    vertex -0.4987918414869862 10.62453481402558 6
  endloop
endfacet
facet normal 0 -0 1
  outer loop
    vertex -8.881784197001252e-15 5 6
    vertex 0.8005975700473229 5.934200167534044 6
    vertex -0.1136784730694309 6.319254585338375 6
  endloop
endfacet
facet normal 0 0 1
  outer loop
    vertex 0.8005975700473229 5.934200167534044 6
    vertex 0.6869190969779009 7.253454752872419 6
    vertex -0.1136784730694309 6.319254585338375 6
  endloop
endfacet
facet normal 0 -0 1
  outer loop
    vertex 0.8005975700473229 5.934200167534044 6
    vertex 1.601195140094653 6.868400335068088 6
    vertex 0.6869190969779009 7.253454752872419 6
  endloop
endfacet
facet normal 0 -0 1
  outer loop
    vertex -0.1136784730694309 6.319254585338375 6
    vertex 0.6869190969779009 7.253454752872419 6
    vertex -0.2273569461388512 7.63850917067675 6
  endloop
endfacet
facet normal 0 0 1
  outer loop
    vertex -0.06098646310226918 9.867801683555834 6
    vertex -0.4800072721932587 9.927614081276811 6
    vertex -0.4287981396760259 9.47641683390459 6
  endloop
endfacet
facet normal 0 0 1
  outer loop
    vertex -0.4800072721932587 9.927614081276811 6
    vertex -0.8478189487670154 9.536229231625565 6
    vertex -0.4287981396760259 9.47641683390459 6
  endloop
endfacet
facet normal 0 0 1
  outer loop
    vertex -0.4800072721932587 9.927614081276811 6
    vertex -0.8990280812842499 9.987426478997788 6
    vertex -0.8478189487670154 9.536229231625565 6
  endloop
endfacet
facet normal 0 0 1
  outer loop
    vertex -0.4287981396760259 9.47641683390459 6
    vertex -0.8478189487670154 9.536229231625565 6
    vertex -0.7966098162497808 9.085031984253344 6
  endloop
endfacet
facet normal 0 0 1
  outer loop
    vertex 8.75 0 6
    vertex 9.811374709187774 1.285705716023316 6
    vertex 8.75 2.5 6
  endloop
endfacet
facet normal 0 -0 1
  outer loop
    vertex 9.811374709187774 1.285705716023316 6
    vertex 9.811374709187774 3.785705716023316 6
    vertex 8.75 2.5 6
  endloop
endfacet
facet normal 0 0 1
  outer loop
    vertex 9.811374709187774 1.285705716023316 6
    vertex 10.87274941837555 2.571411432046633 6
    vertex 9.811374709187774 3.785705716023316 6
  endloop
endfacet
facet normal 0 0 1
  outer loop
    vertex 8.75 2.5 6
    vertex 9.811374709187774 3.785705716023316 6
    vertex 8.75 5 6
  endloop
endfacet
facet normal 0 0 1
  outer loop
    vertex -8.881784197001252e-15 5 6
    vertex -0.1136784730694309 6.319254585338375 6
    vertex -1.390293854514137 6.580942929187381 6
  endloop
endfacet
facet normal 0 0 1
  outer loop
    vertex -0.1136784730694309 6.319254585338375 6
    vertex -1.503972327583559 7.900197514525756 6
    vertex -1.390293854514137 6.580942929187381 6
  endloop
endfacet
facet normal 0 0 1
  outer loop
    vertex -0.1136784730694309 6.319254585338375 6
    vertex -0.2273569461388512 7.63850917067675 6
    vertex -1.503972327583559 7.900197514525756 6
  endloop
endfacet
facet normal 0 0 1
  outer loop
    vertex -1.390293854514137 6.580942929187381 6
    vertex -1.503972327583559 7.900197514525756 6
    vertex -2.780587709028268 8.161885858374761 6
  endloop
endfacet
facet normal 0 0 1
  outer loop
    vertex 0.6440548657766989 12.35560983832152 6
    vertex 0.2392505407955241 12.3912707955965 6
    vertex 0.4110358064708741 12.19277608403349 6
  endloop
endfacet
facet normal 0 0 1
  outer loop
    vertex 0.2392505407955241 12.3912707955965 6
    vertex 0.00623148148969932 12.22843704130847 6
    vertex 0.4110358064708741 12.19277608403349 6
  endloop
endfacet
facet normal 0 0 1
  outer loop
    vertex 0.2392505407955241 12.3912707955965 6
    vertex -0.1655537841856507 12.42693175287148 6
    vertex 0.00623148148969932 12.22843704130847 6
  endloop
endfacet
facet normal 0 0 1
  outer loop
    vertex 0.4110358064708741 12.19277608403349 6
    vertex 0.00623148148969932 12.22843704130847 6
    vertex 0.1780167471650491 12.02994232974546 6
  endloop
endfacet
facet normal 0 1 -0
  outer loop
    vertex 7.187848224403673 26 -1.874423865865346
    vertex 5.282355131176264 26 0.1422092324945297
    vertex 7.59983878343078 26 0.4526477714639245
  endloop
endfacet
facet normal 0 1 0
  outer loop
    vertex 5.282355131176264 26 0.1422092324945297
    vertex 5.69434569020337 26 2.4692808698238
    vertex 7.59983878343078 26 0.4526477714639245
  endloop
endfacet
facet normal 0 1 -0
  outer loop
    vertex 5.282355131176264 26 0.1422092324945297
    vertex 3.376862037948854 26 2.158842330854405
    vertex 5.69434569020337 26 2.4692808698238
  endloop
endfacet
facet normal 0 1 -0
  outer loop
    vertex 7.59983878343078 26 0.4526477714639245
    vertex 5.69434569020337 26 2.4692808698238
    vertex 8.011829342457887 26 2.779719408793195
  endloop
endfacet
facet normal 0 1 0
  outer loop
    vertex -7.167158510951548 26 1.881246500465142
    vertex -5.245860775503761 26 -0.1301748631309998
    vertex -7.587769783917047 26 -0.4486679012807118
  endloop
endfacet
facet normal 0 1 0
  outer loop
    vertex -5.245860775503761 26 -0.1301748631309998
    vertex -5.666472048469259 26 -2.460089264876853
    vertex -7.587769783917047 26 -0.4486679012807118
  endloop
endfacet
facet normal 0 1 0
  outer loop
    vertex -5.245860775503761 26 -0.1301748631309998
    vertex -3.324563040055974 26 -2.141596226727141
    vertex -5.666472048469259 26 -2.460089264876853
  endloop
endfacet
facet normal 0 1 0
  outer loop
    vertex -7.587769783917047 26 -0.4486679012807118
    vertex -5.666472048469259 26 -2.460089264876853
    vertex -8.008381056882545 26 -2.778582303026566
  endloop
endfacet
facet normal 0 1 0
  outer loop
    vertex -1.589365368343628 26 2.028592417918027
    vertex -2.456964204199801 26 -0.05650190440455738
    vertex -4.378261939647588 26 1.954919459191585
  endloop
endfacet
facet normal 0 1 0
  outer loop
    vertex -2.456964204199801 26 -0.05650190440455738
    vertex -5.245860775503761 26 -0.1301748631309998
    vertex -4.378261939647588 26 1.954919459191585
  endloop
endfacet
facet normal 0 1 0
  outer loop
    vertex -2.456964204199801 26 -0.05650190440455738
    vertex -3.324563040055974 26 -2.141596226727141
    vertex -5.245860775503761 26 -0.1301748631309998
  endloop
endfacet
facet normal 0 1 0
  outer loop
    vertex -4.378261939647588 26 1.954919459191585
    vertex -5.245860775503761 26 -0.1301748631309998
    vertex -7.167158510951548 26 1.881246500465142
  endloop
endfacet
facet normal 0 1 0
  outer loop
    vertex 1.734193362508563 26 -1.980833975719442
    vertex 2.555527700228708 26 0.08900417756748169
    vertex 4.461020793456118 26 -1.927628920792394
  endloop
endfacet
facet normal -0 1 0
  outer loop
    vertex 2.555527700228708 26 0.08900417756748169
    vertex 5.282355131176264 26 0.1422092324945297
    vertex 4.461020793456118 26 -1.927628920792394
  endloop
endfacet
facet normal 0 1 0
  outer loop
    vertex 2.555527700228708 26 0.08900417756748169
    vertex 3.376862037948854 26 2.158842330854405
    vertex 5.282355131176264 26 0.1422092324945297
  endloop
endfacet
facet normal 0 1 0
  outer loop
    vertex 4.461020793456118 26 -1.927628920792394
    vertex 5.282355131176264 26 0.1422092324945297
    vertex 7.187848224403673 26 -1.874423865865346
  endloop
endfacet
facet normal -0 1 0
  outer loop
    vertex -1.589365368343628 26 2.028592417918027
    vertex 0.8937483348026127 26 2.093717374386216
    vertex 0.07241399708246732 26 0.02387922109929264
  endloop
endfacet
facet normal 0 1 0
  outer loop
    vertex 0.8937483348026127 26 2.093717374386216
    vertex 2.555527700228708 26 0.08900417756748169
    vertex 0.07241399708246732 26 0.02387922109929264
  endloop
endfacet
facet normal -0 1 0
  outer loop
    vertex 0.8937483348026127 26 2.093717374386216
    vertex 3.376862037948854 26 2.158842330854405
    vertex 2.555527700228708 26 0.08900417756748169
  endloop
endfacet
facet normal -0 1 0
  outer loop
    vertex 0.07241399708246732 26 0.02387922109929264
    vertex 2.555527700228708 26 0.08900417756748169
    vertex 1.734193362508563 26 -1.980833975719442
  endloop
endfacet
facet normal 0 1 0
  outer loop
    vertex 1.734193362508563 26 -1.980833975719442
    vertex -0.7951848387737055 26 -2.061215101223291
    vertex 0.07241399708246732 26 0.02387922109929264
  endloop
endfacet
facet normal 0 1 -0
  outer loop
    vertex -0.7951848387737055 26 -2.061215101223291
    vertex -2.456964204199801 26 -0.05650190440455738
    vertex 0.07241399708246732 26 0.02387922109929264
  endloop
endfacet
facet normal 0 1 0
  outer loop
    vertex -0.7951848387737055 26 -2.061215101223291
    vertex -3.324563040055974 26 -2.141596226727141
    vertex -2.456964204199801 26 -0.05650190440455738
  endloop
endfacet
facet normal 0 1 0
  outer loop
    vertex 0.07241399708246732 26 0.02387922109929264
    vertex -2.456964204199801 26 -0.05650190440455738
    vertex -1.589365368343628 26 2.028592417918027
  endloop
endfacet
facet normal 0 1 0
  outer loop
    vertex 11.38312783034369 26 0.03346346290840074
    vertex 11.48199485397991 26 -1.567364308841494
    vertex 9.285488027373681 26 -0.9204802014784725
  endloop
endfacet
facet normal 0 1 0
  outer loop
    vertex 11.48199485397991 26 -1.567364308841494
    vertex 9.384355051009905 26 -2.521307973228367
    vertex 9.285488027373681 26 -0.9204802014784725
  endloop
endfacet
facet normal 0 1 0
  outer loop
    vertex 11.48199485397991 26 -1.567364308841494
    vertex 11.58086187761613 26 -3.168192080591389
    vertex 9.384355051009905 26 -2.521307973228367
  endloop
endfacet
facet normal 0 1 0
  outer loop
    vertex 9.285488027373681 26 -0.9204802014784725
    vertex 9.384355051009905 26 -2.521307973228367
    vertex 7.187848224403673 26 -1.874423865865346
  endloop
endfacet
facet normal 0 1 -0
  outer loop
    vertex -11.38312783034369 26 -0.03346346290840518
    vertex -11.4799258826347 26 1.568046572301469
    vertex -9.27514317064762 26 0.9238915187783689
  endloop
endfacet
facet normal -0 1 0
  outer loop
    vertex -11.4799258826347 26 1.568046572301469
    vertex -9.371941222938633 26 2.525401553988242
    vertex -9.27514317064762 26 0.9238915187783689
  endloop
endfacet
facet normal 0 1 -0
  outer loop
    vertex -11.4799258826347 26 1.568046572301469
    vertex -11.57672393492572 26 3.169556607511344
    vertex -9.371941222938633 26 2.525401553988242
  endloop
endfacet
facet normal 0 1 -0
  outer loop
    vertex -9.27514317064762 26 0.9238915187783689
    vertex -9.371941222938633 26 2.525401553988242
    vertex -7.167158510951548 26 1.881246500465142
  endloop
endfacet
facet normal 0 1 0
  outer loop
    vertex 7.187848224403673 26 -1.874423865865346
    vertex 9.384355051009905 26 -2.521307973228367
    vertex 8.510590778868501 26 -3.937211932932673
  endloop
endfacet
facet normal 0 1 0
  outer loop
    vertex 9.384355051009905 26 -2.521307973228367
    vertex 10.70709760547473 26 -4.584096040295695
    vertex 8.510590778868501 26 -3.937211932932673
  endloop
endfacet
facet normal 0 1 0
  outer loop
    vertex 9.384355051009905 26 -2.521307973228367
    vertex 11.58086187761613 26 -3.168192080591389
    vertex 10.70709760547473 26 -4.584096040295695
  endloop
endfacet
facet normal 0 1 0
  outer loop
    vertex 8.510590778868501 26 -3.937211932932673
    vertex 10.70709760547473 26 -4.584096040295695
    vertex 9.833333333333329 26 -6
  endloop
endfacet
facet normal 0 1 0
  outer loop
    vertex -7.167158510951548 26 1.881246500465142
    vertex -9.371941222938633 26 2.525401553988242
    vertex -8.500245922142444 26 3.940623250232571
  endloop
endfacet
facet normal 0 1 -0
  outer loop
    vertex -9.371941222938633 26 2.525401553988242
    vertex -10.70502863412953 26 4.584778303755673
    vertex -8.500245922142444 26 3.940623250232571
  endloop
endfacet
facet normal 0 1 0
  outer loop
    vertex -9.371941222938633 26 2.525401553988242
    vertex -11.57672393492572 26 3.169556607511344
    vertex -10.70502863412953 26 4.584778303755673
  endloop
endfacet
facet normal 0 1 0
  outer loop
    vertex -8.500245922142444 26 3.940623250232571
    vertex -10.70502863412953 26 4.584778303755673
    vertex -9.833333333333339 26 6
  endloop
endfacet
facet normal 0 1 0
  outer loop
    vertex -5.329070518200751e-15 26 -6
    vertex 0.867096681254278 26 -3.990416987859721
    vertex 2.458333333333329 26 -6
  endloop
endfacet
facet normal -0 1 0
  outer loop
    vertex 0.867096681254278 26 -3.990416987859721
    vertex 3.325430014587614 26 -3.990416987859721
    vertex 2.458333333333329 26 -6
  endloop
endfacet
facet normal 0 1 0
  outer loop
    vertex 0.867096681254278 26 -3.990416987859721
    vertex 1.734193362508563 26 -1.980833975719442
    vertex 3.325430014587614 26 -3.990416987859721
  endloop
endfacet
facet normal 0 1 0
  outer loop
    vertex 2.458333333333329 26 -6
    vertex 3.325430014587614 26 -3.990416987859721
    vertex 4.916666666666664 26 -6
  endloop
endfacet
facet normal 0 1 0
  outer loop
    vertex -5.329070518200751e-15 26 6
    vertex -0.7946826841718178 26 4.014296208959014
    vertex -2.458333333333339 26 6
  endloop
endfacet
facet normal 0 1 0
  outer loop
    vertex -0.7946826841718178 26 4.014296208959014
    vertex -3.25301601750515 26 4.014296208959014
    vertex -2.458333333333339 26 6
  endloop
endfacet
facet normal 0 1 0
  outer loop
    vertex -0.7946826841718178 26 4.014296208959014
    vertex -1.589365368343628 26 2.028592417918027
    vertex -3.25301601750515 26 4.014296208959014
  endloop
endfacet
facet normal 0 1 0
  outer loop
    vertex -2.458333333333339 26 6
    vertex -3.25301601750515 26 4.014296208959014
    vertex -4.916666666666673 26 6
  endloop
endfacet
facet normal 0 1 0
  outer loop
    vertex 4.916666666666664 26 -6
    vertex 6.052257445535169 26 -3.937211932932673
    vertex 7.374999999999996 26 -6
  endloop
endfacet
facet normal -0 1 0
  outer loop
    vertex 6.052257445535169 26 -3.937211932932673
    vertex 8.510590778868501 26 -3.937211932932673
    vertex 7.374999999999996 26 -6
  endloop
endfacet
facet normal 0 1 0
  outer loop
    vertex 6.052257445535169 26 -3.937211932932673
    vertex 7.187848224403673 26 -1.874423865865346
    vertex 8.510590778868501 26 -3.937211932932673
  endloop
endfacet
facet normal 0 1 0
  outer loop
    vertex 7.374999999999996 26 -6
    vertex 8.510590778868501 26 -3.937211932932673
    vertex 9.833333333333329 26 -6
  endloop
endfacet
facet normal 0 1 0
  outer loop
    vertex -4.916666666666673 26 6
    vertex -6.041912588809112 26 3.940623250232571
    vertex -7.375000000000007 26 6
  endloop
endfacet
facet normal 0 1 0
  outer loop
    vertex -6.041912588809112 26 3.940623250232571
    vertex -8.500245922142444 26 3.940623250232571
    vertex -7.375000000000007 26 6
  endloop
endfacet
facet normal 0 1 0
  outer loop
    vertex -6.041912588809112 26 3.940623250232571
    vertex -7.167158510951548 26 1.881246500465142
    vertex -8.500245922142444 26 3.940623250232571
  endloop
endfacet
facet normal 0 1 0
  outer loop
    vertex -7.375000000000007 26 6
    vertex -8.500245922142444 26 3.940623250232571
    vertex -9.833333333333339 26 6
  endloop
endfacet
facet normal 0 1 0
  outer loop
    vertex 9.833333333333329 26 -6
    vertex 10.70709760547473 26 -4.584096040295695
    vertex 12.29166666666666 26 -6
  endloop
endfacet
facet normal -0 1 0
  outer loop
    vertex 10.70709760547473 26 -4.584096040295695
    vertex 13.16543093880806 26 -4.584096040295695
    vertex 12.29166666666666 26 -6
  endloop
endfacet
facet normal 0 1 0
  outer loop
    vertex 10.70709760547473 26 -4.584096040295695
    vertex 11.58086187761613 26 -3.168192080591389
    vertex 13.16543093880806 26 -4.584096040295695
  endloop
endfacet
facet normal 0 1 0
  outer loop
    vertex 12.29166666666666 26 -6
    vertex 13.16543093880806 26 -4.584096040295695
    vertex 14.75 26 -6
  endloop
endfacet
facet normal 0 1 0
  outer loop
    vertex 14.75 26 6
    vertex 13.24782905061349 26 4.681318287170159
    vertex 12.29166666666666 26 6
  endloop
endfacet
facet normal 0 1 0
  outer loop
    vertex 13.24782905061349 26 4.681318287170159
    vertex 10.78949571728015 26 4.681318287170159
    vertex 12.29166666666666 26 6
  endloop
endfacet
facet normal 0 1 0
  outer loop
    vertex 13.24782905061349 26 4.681318287170159
    vertex 11.74565810122698 26 3.362636574340318
    vertex 10.78949571728015 26 4.681318287170159
  endloop
endfacet
facet normal 0 1 0
  outer loop
    vertex 12.29166666666666 26 6
    vertex 10.78949571728015 26 4.681318287170159
    vertex 9.833333333333329 26 6
  endloop
endfacet
facet normal 0 1 0
  outer loop
    vertex -14.75 26 -6
    vertex -13.24748422205596 26 -4.681204576593497
    vertex -12.29166666666667 26 -6
  endloop
endfacet
facet normal -0 1 0
  outer loop
    vertex -13.24748422205596 26 -4.681204576593497
    vertex -10.78915088872263 26 -4.681204576593497
    vertex -12.29166666666667 26 -6
  endloop
endfacet
facet normal 0 1 0
  outer loop
    vertex -13.24748422205596 26 -4.681204576593497
    vertex -11.74496844411192 26 -3.362409153186993
    vertex -10.78915088872263 26 -4.681204576593497
  endloop
endfacet
facet normal 0 1 0
  outer loop
    vertex -12.29166666666667 26 -6
    vertex -10.78915088872263 26 -4.681204576593497
    vertex -9.833333333333339 26 -6
  endloop
endfacet
facet normal 0 1 0
  outer loop
    vertex -9.833333333333339 26 6
    vertex -10.70502863412953 26 4.584778303755673
    vertex -12.29166666666667 26 6
  endloop
endfacet
facet normal 0 1 0
  outer loop
    vertex -10.70502863412953 26 4.584778303755673
    vertex -13.16336196746286 26 4.584778303755673
    vertex -12.29166666666667 26 6
  endloop
endfacet
facet normal 0 1 0
  outer loop
    vertex -10.70502863412953 26 4.584778303755673
    vertex -11.57672393492572 26 3.169556607511344
    vertex -13.16336196746286 26 4.584778303755673
  endloop
endfacet
facet normal 0 1 0
  outer loop
    vertex -12.29166666666667 26 6
    vertex -13.16336196746286 26 4.584778303755673
    vertex -14.75 26 6
  endloop
endfacet
facet normal 0 1 0
  outer loop
    vertex 8.011829342457887 26 2.779719408793195
    vertex 5.69434569020337 26 2.4692808698238
    vertex 6.464248004562275 26 4.389859704396597
  endloop
endfacet
facet normal 0 1 -0
  outer loop
    vertex 5.69434569020337 26 2.4692808698238
    vertex 4.146764352307759 26 4.079421165427203
    vertex 6.464248004562275 26 4.389859704396597
  endloop
endfacet
facet normal 0 1 0
  outer loop
    vertex 5.69434569020337 26 2.4692808698238
    vertex 3.376862037948854 26 2.158842330854405
    vertex 4.146764352307759 26 4.079421165427203
  endloop
endfacet
facet normal 0 1 0
  outer loop
    vertex 6.464248004562275 26 4.389859704396597
    vertex 4.146764352307759 26 4.079421165427203
    vertex 4.916666666666664 26 6
  endloop
endfacet
facet normal -0 1 0
  outer loop
    vertex -8.008381056882545 26 -2.778582303026566
    vertex -5.666472048469259 26 -2.460089264876853
    vertex -6.462523861774608 26 -4.389291151513283
  endloop
endfacet
facet normal 0 1 0
  outer loop
    vertex -5.666472048469259 26 -2.460089264876853
    vertex -4.120614853361324 26 -4.070798113363571
    vertex -6.462523861774608 26 -4.389291151513283
  endloop
endfacet
facet normal -0 1 0
  outer loop
    vertex -5.666472048469259 26 -2.460089264876853
    vertex -3.324563040055974 26 -2.141596226727141
    vertex -4.120614853361324 26 -4.070798113363571
  endloop
endfacet
facet normal -0 1 0
  outer loop
    vertex -6.462523861774608 26 -4.389291151513283
    vertex -4.120614853361324 26 -4.070798113363571
    vertex -4.916666666666673 26 -6
  endloop
endfacet
facet normal 0 1 0
  outer loop
    vertex -1.589365368343628 26 2.028592417918027
    vertex -4.378261939647588 26 1.954919459191585
    vertex -3.25301601750515 26 4.014296208959014
  endloop
endfacet
facet normal 0 1 -0
  outer loop
    vertex -4.378261939647588 26 1.954919459191585
    vertex -6.041912588809112 26 3.940623250232571
    vertex -3.25301601750515 26 4.014296208959014
  endloop
endfacet
facet normal 0 1 0
  outer loop
    vertex -4.378261939647588 26 1.954919459191585
    vertex -7.167158510951548 26 1.881246500465142
    vertex -6.041912588809112 26 3.940623250232571
  endloop
endfacet
facet normal 0 1 0
  outer loop
    vertex -3.25301601750515 26 4.014296208959014
    vertex -6.041912588809112 26 3.940623250232571
    vertex -4.916666666666673 26 6
  endloop
endfacet
facet normal -0 1 0
  outer loop
    vertex 1.734193362508563 26 -1.980833975719442
    vertex 4.461020793456118 26 -1.927628920792394
    vertex 3.325430014587614 26 -3.990416987859721
  endloop
endfacet
facet normal 0 1 0
  outer loop
    vertex 4.461020793456118 26 -1.927628920792394
    vertex 6.052257445535169 26 -3.937211932932673
    vertex 3.325430014587614 26 -3.990416987859721
  endloop
endfacet
facet normal -0 1 0
  outer loop
    vertex 4.461020793456118 26 -1.927628920792394
    vertex 7.187848224403673 26 -1.874423865865346
    vertex 6.052257445535169 26 -3.937211932932673
  endloop
endfacet
facet normal -0 1 0
  outer loop
    vertex 3.325430014587614 26 -3.990416987859721
    vertex 6.052257445535169 26 -3.937211932932673
    vertex 4.916666666666664 26 -6
  endloop
endfacet
facet normal 0 1 0
  outer loop
    vertex -5.329070518200751e-15 26 6
    vertex 1.688431018974423 26 4.079421165427203
    vertex -0.7946826841718178 26 4.014296208959014
  endloop
endfacet
facet normal 0 1 0
  outer loop
    vertex 1.688431018974423 26 4.079421165427203
    vertex 0.8937483348026127 26 2.093717374386216
    vertex -0.7946826841718178 26 4.014296208959014
  endloop
endfacet
facet normal 0 1 0
  outer loop
    vertex 1.688431018974423 26 4.079421165427203
    vertex 3.376862037948854 26 2.158842330854405
    vertex 0.8937483348026127 26 2.093717374386216
  endloop
endfacet
facet normal 0 1 0
  outer loop
    vertex -0.7946826841718178 26 4.014296208959014
    vertex 0.8937483348026127 26 2.093717374386216
    vertex -1.589365368343628 26 2.028592417918027
  endloop
endfacet
facet normal 0 1 -0
  outer loop
    vertex -5.329070518200751e-15 26 -6
    vertex -1.662281520027989 26 -4.070798113363571
    vertex 0.867096681254278 26 -3.990416987859721
  endloop
endfacet
facet normal 0 1 0
  outer loop
    vertex -1.662281520027989 26 -4.070798113363571
    vertex -0.7951848387737055 26 -2.061215101223291
    vertex 0.867096681254278 26 -3.990416987859721
  endloop
endfacet
facet normal 0 1 -0
  outer loop
    vertex -1.662281520027989 26 -4.070798113363571
    vertex -3.324563040055974 26 -2.141596226727141
    vertex -0.7951848387737055 26 -2.061215101223291
  endloop
endfacet
facet normal 0 1 -0
  outer loop
    vertex 0.867096681254278 26 -3.990416987859721
    vertex -0.7951848387737055 26 -2.061215101223291
    vertex 1.734193362508563 26 -1.980833975719442
  endloop
endfacet
facet normal 0 1 0
  outer loop
    vertex -8.008381056882545 26 -2.778582303026566
    vertex -9.87667475049723 26 -3.07049572810678
    vertex -9.695754443613119 26 -1.406022882967486
  endloop
endfacet
facet normal 0 1 -0
  outer loop
    vertex -9.87667475049723 26 -3.07049572810678
    vertex -11.5640481372278 26 -1.6979363080477
    vertex -9.695754443613119 26 -1.406022882967486
  endloop
endfacet
facet normal 0 1 0
  outer loop
    vertex -9.87667475049723 26 -3.07049572810678
    vertex -11.74496844411192 26 -3.362409153186993
    vertex -11.5640481372278 26 -1.6979363080477
  endloop
endfacet
facet normal 0 1 0
  outer loop
    vertex -9.695754443613119 26 -1.406022882967486
    vertex -11.5640481372278 26 -1.6979363080477
    vertex -11.38312783034369 26 -0.03346346290840518
  endloop
endfacet
facet normal -0 1 0
  outer loop
    vertex 8.011829342457887 26 2.779719408793195
    vertex 9.878743721842433 26 3.071177991566756
    vertex 9.697478586400784 26 1.406591435850798
  endloop
endfacet
facet normal 0 1 0
  outer loop
    vertex 9.878743721842433 26 3.071177991566756
    vertex 11.56439296578533 26 1.698050018624359
    vertex 9.697478586400784 26 1.406591435850798
  endloop
endfacet
facet normal -0 1 0
  outer loop
    vertex 9.878743721842433 26 3.071177991566756
    vertex 11.74565810122698 26 3.362636574340318
    vertex 11.56439296578533 26 1.698050018624359
  endloop
endfacet
facet normal -0 1 0
  outer loop
    vertex 9.697478586400784 26 1.406591435850798
    vertex 11.56439296578533 26 1.698050018624359
    vertex 11.38312783034369 26 0.03346346290840074
  endloop
endfacet
facet normal 0 1 0
  outer loop
    vertex -14.75 26 1.999999999999993
    vertex -13.06656391517185 26 0.9832682685457943
    vertex -14.75 26 -2.664535259100376e-15
  endloop
endfacet
facet normal 0 1 0
  outer loop
    vertex -13.06656391517185 26 0.9832682685457943
    vertex -13.06656391517185 26 -1.016731731454202
    vertex -14.75 26 -2.664535259100376e-15
  endloop
endfacet
facet normal 0 1 0
  outer loop
    vertex -13.06656391517185 26 0.9832682685457943
    vertex -11.38312783034369 26 -0.03346346290840518
    vertex -13.06656391517185 26 -1.016731731454202
  endloop
endfacet
facet normal 0 1 0
  outer loop
    vertex -14.75 26 -2.664535259100376e-15
    vertex -13.06656391517185 26 -1.016731731454202
    vertex -14.75 26 -1.999999999999998
  endloop
endfacet
facet normal 0 1 -0
  outer loop
    vertex 14.75 26 -1.999999999999998
    vertex 13.06656391517184 26 -0.9832682685457987
    vertex 14.75 26 -2.664535259100376e-15
  endloop
endfacet
facet normal 0 1 0
  outer loop
    vertex 13.06656391517184 26 -0.9832682685457987
    vertex 13.06656391517184 26 1.016731731454197
    vertex 14.75 26 -2.664535259100376e-15
  endloop
endfacet
facet normal 0 1 -0
  outer loop
    vertex 13.06656391517184 26 -0.9832682685457987
    vertex 11.38312783034369 26 0.03346346290840074
    vertex 13.06656391517184 26 1.016731731454197
  endloop
endfacet
facet normal 0 1 -0
  outer loop
    vertex 14.75 26 -2.664535259100376e-15
    vertex 13.06656391517184 26 1.016731731454197
    vertex 14.75 26 1.999999999999993
  endloop
endfacet
facet normal 0 1 0
  outer loop
    vertex -9.833333333333339 26 -6
    vertex -8.920857195107942 26 -4.389291151513283
    vertex -7.375000000000007 26 -6
  endloop
endfacet
facet normal -0 1 0
  outer loop
    vertex -8.920857195107942 26 -4.389291151513283
    vertex -6.462523861774608 26 -4.389291151513283
    vertex -7.375000000000007 26 -6
  endloop
endfacet
facet normal 0 1 0
  outer loop
    vertex -8.920857195107942 26 -4.389291151513283
    vertex -8.008381056882545 26 -2.778582303026566
    vertex -6.462523861774608 26 -4.389291151513283
  endloop
endfacet
facet normal 0 1 0
  outer loop
    vertex -7.375000000000007 26 -6
    vertex -6.462523861774608 26 -4.389291151513283
    vertex -4.916666666666673 26 -6
  endloop
endfacet
facet normal 0 1 0
  outer loop
    vertex 9.833333333333329 26 6
    vertex 8.922581337895608 26 4.389859704396597
    vertex 7.374999999999996 26 6
  endloop
endfacet
facet normal 0 1 0
  outer loop
    vertex 8.922581337895608 26 4.389859704396597
    vertex 6.464248004562275 26 4.389859704396597
    vertex 7.374999999999996 26 6
  endloop
endfacet
facet normal 0 1 0
  outer loop
    vertex 8.922581337895608 26 4.389859704396597
    vertex 8.011829342457887 26 2.779719408793195
    vertex 6.464248004562275 26 4.389859704396597
  endloop
endfacet
facet normal 0 1 0
  outer loop
    vertex 7.374999999999996 26 6
    vertex 6.464248004562275 26 4.389859704396597
    vertex 4.916666666666664 26 6
  endloop
endfacet
facet normal 0 1 0
  outer loop
    vertex 7.187848224403673 26 -1.874423865865346
    vertex 7.59983878343078 26 0.4526477714639245
    vertex 9.285488027373681 26 -0.9204802014784725
  endloop
endfacet
facet normal -0 1 0
  outer loop
    vertex 7.59983878343078 26 0.4526477714639245
    vertex 9.697478586400784 26 1.406591435850798
    vertex 9.285488027373681 26 -0.9204802014784725
  endloop
endfacet
facet normal 0 1 0
  outer loop
    vertex 7.59983878343078 26 0.4526477714639245
    vertex 8.011829342457887 26 2.779719408793195
    vertex 9.697478586400784 26 1.406591435850798
  endloop
endfacet
facet normal 0 1 0
  outer loop
    vertex 9.285488027373681 26 -0.9204802014784725
    vertex 9.697478586400784 26 1.406591435850798
    vertex 11.38312783034369 26 0.03346346290840074
  endloop
endfacet
facet normal 0 1 0
  outer loop
    vertex -7.167158510951548 26 1.881246500465142
    vertex -7.587769783917047 26 -0.4486679012807118
    vertex -9.27514317064762 26 0.9238915187783689
  endloop
endfacet
facet normal 0 1 0
  outer loop
    vertex -7.587769783917047 26 -0.4486679012807118
    vertex -9.695754443613119 26 -1.406022882967486
    vertex -9.27514317064762 26 0.9238915187783689
  endloop
endfacet
facet normal 0 1 0
  outer loop
    vertex -7.587769783917047 26 -0.4486679012807118
    vertex -8.008381056882545 26 -2.778582303026566
    vertex -9.695754443613119 26 -1.406022882967486
  endloop
endfacet
facet normal 0 1 0
  outer loop
    vertex -9.27514317064762 26 0.9238915187783689
    vertex -9.695754443613119 26 -1.406022882967486
    vertex -11.38312783034369 26 -0.03346346290840518
  endloop
endfacet
facet normal 0 1 0
  outer loop
    vertex 4.916666666666664 26 6
    vertex 4.146764352307759 26 4.079421165427203
    vertex 2.458333333333329 26 6
  endloop
endfacet
facet normal 0 1 0
  outer loop
    vertex 4.146764352307759 26 4.079421165427203
    vertex 1.688431018974423 26 4.079421165427203
    vertex 2.458333333333329 26 6
  endloop
endfacet
facet normal 0 1 0
  outer loop
    vertex 4.146764352307759 26 4.079421165427203
    vertex 3.376862037948854 26 2.158842330854405
    vertex 1.688431018974423 26 4.079421165427203
  endloop
endfacet
facet normal 0 1 0
  outer loop
    vertex 2.458333333333329 26 6
    vertex 1.688431018974423 26 4.079421165427203
    vertex -5.329070518200751e-15 26 6
  endloop
endfacet
facet normal 0 1 0
  outer loop
    vertex -4.916666666666673 26 -6
    vertex -4.120614853361324 26 -4.070798113363571
    vertex -2.458333333333339 26 -6
  endloop
endfacet
facet normal -0 1 0
  outer loop
    vertex -4.120614853361324 26 -4.070798113363571
    vertex -1.662281520027989 26 -4.070798113363571
    vertex -2.458333333333339 26 -6
  endloop
endfacet
facet normal 0 1 0
  outer loop
    vertex -4.120614853361324 26 -4.070798113363571
    vertex -3.324563040055974 26 -2.141596226727141
    vertex -1.662281520027989 26 -4.070798113363571
  endloop
endfacet
facet normal 0 1 0
  outer loop
    vertex -2.458333333333339 26 -6
    vertex -1.662281520027989 26 -4.070798113363571
    vertex -5.329070518200751e-15 26 -6
  endloop
endfacet
facet normal 0 1 -0
  outer loop
    vertex -9.833333333333339 26 -6
    vertex -10.78915088872263 26 -4.681204576593497
    vertex -8.920857195107942 26 -4.389291151513283
  endloop
endfacet
facet normal 0 1 0
  outer loop
    vertex -10.78915088872263 26 -4.681204576593497
    vertex -9.87667475049723 26 -3.07049572810678
    vertex -8.920857195107942 26 -4.389291151513283
  endloop
endfacet
facet normal 0 1 -0
  outer loop
    vertex -10.78915088872263 26 -4.681204576593497
    vertex -11.74496844411192 26 -3.362409153186993
    vertex -9.87667475049723 26 -3.07049572810678
  endloop
endfacet
facet normal 0 1 -0
  outer loop
    vertex -8.920857195107942 26 -4.389291151513283
    vertex -9.87667475049723 26 -3.07049572810678
    vertex -8.008381056882545 26 -2.778582303026566
  endloop
endfacet
facet normal 0 1 0
  outer loop
    vertex 9.833333333333329 26 6
    vertex 10.78949571728015 26 4.681318287170159
    vertex 8.922581337895608 26 4.389859704396597
  endloop
endfacet
facet normal 0 1 0
  outer loop
    vertex 10.78949571728015 26 4.681318287170159
    vertex 9.878743721842433 26 3.071177991566756
    vertex 8.922581337895608 26 4.389859704396597
  endloop
endfacet
facet normal 0 1 0
  outer loop
    vertex 10.78949571728015 26 4.681318287170159
    vertex 11.74565810122698 26 3.362636574340318
    vertex 9.878743721842433 26 3.071177991566756
  endloop
endfacet
facet normal 0 1 0
  outer loop
    vertex 8.922581337895608 26 4.389859704396597
    vertex 9.878743721842433 26 3.071177991566756
    vertex 8.011829342457887 26 2.779719408793195
  endloop
endfacet
facet normal -0 1 0
  outer loop
    vertex -14.75 26 1.999999999999993
    vertex -13.16336196746286 26 2.58477830375567
    vertex -13.06656391517185 26 0.9832682685457943
  endloop
endfacet
facet normal 0 1 0
  outer loop
    vertex -13.16336196746286 26 2.58477830375567
    vertex -11.4799258826347 26 1.568046572301469
    vertex -13.06656391517185 26 0.9832682685457943
  endloop
endfacet
facet normal -0 1 0
  outer loop
    vertex -13.16336196746286 26 2.58477830375567
    vertex -11.57672393492572 26 3.169556607511344
    vertex -11.4799258826347 26 1.568046572301469
  endloop
endfacet
facet normal -0 1 0
  outer loop
    vertex -13.06656391517185 26 0.9832682685457943
    vertex -11.4799258826347 26 1.568046572301469
    vertex -11.38312783034369 26 -0.03346346290840518
  endloop
endfacet
facet normal 0 1 0
  outer loop
    vertex -11.38312783034369 26 -0.03346346290840518
    vertex -11.5640481372278 26 -1.6979363080477
    vertex -13.06656391517185 26 -1.016731731454202
  endloop
endfacet
facet normal 0 1 0
  outer loop
    vertex -11.5640481372278 26 -1.6979363080477
    vertex -13.24748422205596 26 -2.681204576593496
    vertex -13.06656391517185 26 -1.016731731454202
  endloop
endfacet
facet normal 0 1 0
  outer loop
    vertex -11.5640481372278 26 -1.6979363080477
    vertex -11.74496844411192 26 -3.362409153186993
    vertex -13.24748422205596 26 -2.681204576593496
  endloop
endfacet
facet normal 0 1 0
  outer loop
    vertex -13.06656391517185 26 -1.016731731454202
    vertex -13.24748422205596 26 -2.681204576593496
    vertex -14.75 26 -1.999999999999998
  endloop
endfacet
facet normal 0 1 0
  outer loop
    vertex 11.38312783034369 26 0.03346346290840074
    vertex 11.56439296578533 26 1.698050018624359
    vertex 13.06656391517184 26 1.016731731454197
  endloop
endfacet
facet normal -0 1 0
  outer loop
    vertex 11.56439296578533 26 1.698050018624359
    vertex 13.24782905061349 26 2.681318287170155
    vertex 13.06656391517184 26 1.016731731454197
  endloop
endfacet
facet normal 0 1 0
  outer loop
    vertex 11.56439296578533 26 1.698050018624359
    vertex 11.74565810122698 26 3.362636574340318
    vertex 13.24782905061349 26 2.681318287170155
  endloop
endfacet
facet normal 0 1 0
  outer loop
    vertex 13.06656391517184 26 1.016731731454197
    vertex 13.24782905061349 26 2.681318287170155
    vertex 14.75 26 1.999999999999993
  endloop
endfacet
facet normal 0 1 0
  outer loop
    vertex 14.75 26 -1.999999999999998
    vertex 13.16543093880806 26 -2.584096040295694
    vertex 13.06656391517184 26 -0.9832682685457987
  endloop
endfacet
facet normal 0 1 0
  outer loop
    vertex 13.16543093880806 26 -2.584096040295694
    vertex 11.48199485397991 26 -1.567364308841494
    vertex 13.06656391517184 26 -0.9832682685457987
  endloop
endfacet
facet normal 0 1 0
  outer loop
    vertex 13.16543093880806 26 -2.584096040295694
    vertex 11.58086187761613 26 -3.168192080591389
    vertex 11.48199485397991 26 -1.567364308841494
  endloop
endfacet
facet normal 0 1 0
  outer loop
    vertex 13.06656391517184 26 -0.9832682685457987
    vertex 11.48199485397991 26 -1.567364308841494
    vertex 11.38312783034369 26 0.03346346290840074
  endloop
endfacet
facet normal 0 1 -0
  outer loop
    vertex 14.75 26 1.999999999999993
    vertex 13.24782905061349 26 2.681318287170155
    vertex 14.75 26 3.999999999999996
  endloop
endfacet
facet normal 0 1 0
  outer loop
    vertex 13.24782905061349 26 2.681318287170155
    vertex 13.24782905061349 26 4.681318287170159
    vertex 14.75 26 3.999999999999996
  endloop
endfacet
facet normal 0 1 -0
  outer loop
    vertex 13.24782905061349 26 2.681318287170155
    vertex 11.74565810122698 26 3.362636574340318
    vertex 13.24782905061349 26 4.681318287170159
  endloop
endfacet
facet normal 0 1 -0
  outer loop
    vertex 14.75 26 3.999999999999996
    vertex 13.24782905061349 26 4.681318287170159
    vertex 14.75 26 6
  endloop
endfacet
facet normal 0 1 -0
  outer loop
    vertex 14.75 26 -6
    vertex 13.16543093880806 26 -4.584096040295695
    vertex 14.75 26 -3.999999999999999
  endloop
endfacet
facet normal 0 1 0
  outer loop
    vertex 13.16543093880806 26 -4.584096040295695
    vertex 13.16543093880806 26 -2.584096040295694
    vertex 14.75 26 -3.999999999999999
  endloop
endfacet
facet normal 0 1 -0
  outer loop
    vertex 13.16543093880806 26 -4.584096040295695
    vertex 11.58086187761613 26 -3.168192080591389
    vertex 13.16543093880806 26 -2.584096040295694
  endloop
endfacet
facet normal 0 1 -0
  outer loop
    vertex 14.75 26 -3.999999999999999
    vertex 13.16543093880806 26 -2.584096040295694
    vertex 14.75 26 -1.999999999999998
  endloop
endfacet
facet normal 0 1 0
  outer loop
    vertex -14.75 26 6
    vertex -13.16336196746286 26 4.584778303755673
    vertex -14.75 26 3.999999999999996
  endloop
endfacet
facet normal 0 1 0
  outer loop
    vertex -13.16336196746286 26 4.584778303755673
    vertex -13.16336196746286 26 2.58477830375567
    vertex -14.75 26 3.999999999999996
  endloop
endfacet
facet normal 0 1 0
  outer loop
    vertex -13.16336196746286 26 4.584778303755673
    vertex -11.57672393492572 26 3.169556607511344
    vertex -13.16336196746286 26 2.58477830375567
  endloop
endfacet
facet normal 0 1 0
  outer loop
    vertex -14.75 26 3.999999999999996
    vertex -13.16336196746286 26 2.58477830375567
    vertex -14.75 26 1.999999999999993
  endloop
endfacet
facet normal 0 1 0
  outer loop
    vertex -14.75 26 -1.999999999999998
    vertex -13.24748422205596 26 -2.681204576593496
    vertex -14.75 26 -3.999999999999999
  endloop
endfacet
facet normal 0 1 0
  outer loop
    vertex -13.24748422205596 26 -2.681204576593496
    vertex -13.24748422205596 26 -4.681204576593497
    vertex -14.75 26 -3.999999999999999
  endloop
endfacet
facet normal 0 1 0
  outer loop
    vertex -13.24748422205596 26 -2.681204576593496
    vertex -11.74496844411192 26 -3.362409153186993
    vertex -13.24748422205596 26 -4.681204576593497
  endloop
endfacet
facet normal 0 1 0
  outer loop
    vertex -14.75 26 -3.999999999999999
    vertex -13.24748422205596 26 -4.681204576593497
    vertex -14.75 26 -6
  endloop
endfacet
facet normal -0 0 -1
  outer loop
    vertex -8.75 15 -6
    vertex -11.75 14 -6
    vertex -10.10781185035206 16.34437272946893 -6
  endloop
endfacet
facet normal 0 0 -1
  outer loop
    vertex -11.75 14 -6
    vertex -13.10781185035206 15.34437272946893 -6
    vertex -10.10781185035206 16.34437272946893 -6
  endloop
endfacet
facet normal -0 0 -1
  outer loop
    vertex -11.75 14 -6
    vertex -14.75 13 -6
    vertex -13.10781185035206 15.34437272946893 -6
  endloop
endfacet
facet normal -0 0 -1
  outer loop
    vertex -10.10781185035206 16.34437272946893 -6
    vertex -13.10781185035206 15.34437272946893 -6
    vertex -11.46562370070411 17.68874545893786 -6
  endloop
endfacet
facet normal 0 0 -1
  outer loop
    vertex 14.75 13 -6
    vertex 11.75 14 -6
    vertex 13.10780278397618 15.34436983326552 -6
  endloop
endfacet
facet normal 0 0 -1
  outer loop
    vertex 11.75 14 -6
    vertex 10.10780278397618 16.34436983326552 -6
    vertex 13.10780278397618 15.34436983326552 -6
  endloop
endfacet
facet normal 0 0 -1
  outer loop
    vertex 11.75 14 -6
    vertex 8.75 15 -6
    vertex 10.10780278397618 16.34436983326552 -6
  endloop
endfacet
facet normal 0 0 -1
  outer loop
    vertex 13.10780278397618 15.34436983326552 -6
    vertex 10.10780278397618 16.34436983326552 -6
    vertex 11.46560556795236 17.68873966653105 -6
  endloop
endfacet
facet normal 0 0 -1
  outer loop
    vertex -11.75 0 -6
    vertex -13.25 0 -6
    vertex -11.73403849752971 1.492331886151158 -6
  endloop
endfacet
facet normal 0 0 -1
  outer loop
    vertex -13.25 0 -6
    vertex -13.23403849752971 1.492331886151158 -6
    vertex -11.73403849752971 1.492331886151158 -6
  endloop
endfacet
facet normal 0 0 -1
  outer loop
    vertex -13.25 0 -6
    vertex -14.75 0 -6
    vertex -13.23403849752971 1.492331886151158 -6
  endloop
endfacet
facet normal 0 0 -1
  outer loop
    vertex -11.73403849752971 1.492331886151158 -6
    vertex -13.23403849752971 1.492331886151158 -6
    vertex -11.71807699505941 2.984663772302316 -6
  endloop
endfacet
facet normal 0 0 -1
  outer loop
    vertex 14.75 0 -6
    vertex 13.25 0 -6
    vertex 13.23403849752971 1.492331886151158 -6
  endloop
endfacet
facet normal 0 0 -1
  outer loop
    vertex 13.25 0 -6
    vertex 11.73403849752971 1.492331886151158 -6
    vertex 13.23403849752971 1.492331886151158 -6
  endloop
endfacet
facet normal 0 0 -1
  outer loop
    vertex 13.25 0 -6
    vertex 11.75 0 -6
    vertex 11.73403849752971 1.492331886151158 -6
  endloop
endfacet
facet normal 0 0 -1
  outer loop
    vertex 13.23403849752971 1.492331886151158 -6
    vertex 11.73403849752971 1.492331886151158 -6
    vertex 11.71807699505942 2.984663772302315 -6
  endloop
endfacet
facet normal 0 0 -1
  outer loop
    vertex -14.75 13 -6
    vertex -11.75 14 -6
    vertex -13.30072162166271 11.88200957328112 -6
  endloop
endfacet
facet normal 0 -0 -1
  outer loop
    vertex -11.75 14 -6
    vertex -10.30072162166271 12.88200957328112 -6
    vertex -13.30072162166271 11.88200957328112 -6
  endloop
endfacet
facet normal 0 0 -1
  outer loop
    vertex -11.75 14 -6
    vertex -8.75 15 -6
    vertex -10.30072162166271 12.88200957328112 -6
  endloop
endfacet
facet normal 0 0 -1
  outer loop
    vertex -13.30072162166271 11.88200957328112 -6
    vertex -10.30072162166271 12.88200957328112 -6
    vertex -11.85144324332543 10.76401914656225 -6
  endloop
endfacet
facet normal 0 0 -1
  outer loop
    vertex 8.75 15 -6
    vertex 11.75 14 -6
    vertex 10.30072162166272 12.88200957328112 -6
  endloop
endfacet
facet normal 0 -0 -1
  outer loop
    vertex 11.75 14 -6
    vertex 13.30072162166272 11.88200957328112 -6
    vertex 10.30072162166272 12.88200957328112 -6
  endloop
endfacet
facet normal 0 0 -1
  outer loop
    vertex 11.75 14 -6
    vertex 14.75 13 -6
    vertex 13.30072162166272 11.88200957328112 -6
  endloop
endfacet
facet normal 0 0 -1
  outer loop
    vertex 10.30072162166272 12.88200957328112 -6
    vertex 13.30072162166272 11.88200957328112 -6
    vertex 11.85144324332543 10.76401914656225 -6
  endloop
endfacet
facet normal 0 0 -1
  outer loop
    vertex 11.75 0 -6
    vertex 10.25 0 -6
    vertex 11.73403849752971 1.492331886151158 -6
  endloop
endfacet
facet normal 0 0 -1
  outer loop
    vertex 10.25 0 -6
    vertex 10.23403849752971 1.492331886151158 -6
    vertex 11.73403849752971 1.492331886151158 -6
  endloop
endfacet
facet normal 0 0 -1
  outer loop
    vertex 10.25 0 -6
    vertex 8.75 0 -6
    vertex 10.23403849752971 1.492331886151158 -6
  endloop
endfacet
facet normal 0 0 -1
  outer loop
    vertex 11.73403849752971 1.492331886151158 -6
    vertex 10.23403849752971 1.492331886151158 -6
    vertex 11.71807699505942 2.984663772302315 -6
  endloop
endfacet
facet normal 0 0 -1
  outer loop
    vertex -8.75 0 -6
    vertex -10.25 0 -6
    vertex -10.23403849752971 1.492331886151158 -6
  endloop
endfacet
facet normal 0 0 -1
  outer loop
    vertex -10.25 0 -6
    vertex -11.73403849752971 1.492331886151158 -6
    vertex -10.23403849752971 1.492331886151158 -6
  endloop
endfacet
facet normal 0 0 -1
  outer loop
    vertex -10.25 0 -6
    vertex -11.75 0 -6
    vertex -11.73403849752971 1.492331886151158 -6
  endloop
endfacet
facet normal 0 0 -1
  outer loop
    vertex -10.23403849752971 1.492331886151158 -6
    vertex -11.73403849752971 1.492331886151158 -6
    vertex -11.71807699505941 2.984663772302316 -6
  endloop
endfacet
facet normal 0 0 -1
  outer loop
    vertex -14.75 13 -6
    vertex -14.75 15.16666666666668 -6
    vertex -13.10781185035206 15.34437272946893 -6
  endloop
endfacet
facet normal 0 0 -1
  outer loop
    vertex -14.75 15.16666666666668 -6
    vertex -13.10781185035206 17.5110393961356 -6
    vertex -13.10781185035206 15.34437272946893 -6
  endloop
endfacet
facet normal 0 0 -1
  outer loop
    vertex -14.75 15.16666666666668 -6
    vertex -14.75 17.33333333333335 -6
    vertex -13.10781185035206 17.5110393961356 -6
  endloop
endfacet
facet normal 0 0 -1
  outer loop
    vertex -13.10781185035206 15.34437272946893 -6
    vertex -13.10781185035206 17.5110393961356 -6
    vertex -11.46562370070411 17.68874545893786 -6
  endloop
endfacet
facet normal -0 -0 -1
  outer loop
    vertex 14.75 17.33333333333335 -6
    vertex 14.75 15.16666666666668 -6
    vertex 13.10780278397618 17.5110364999322 -6
  endloop
endfacet
facet normal 0 0 -1
  outer loop
    vertex 14.75 15.16666666666668 -6
    vertex 13.10780278397618 15.34436983326552 -6
    vertex 13.10780278397618 17.5110364999322 -6
  endloop
endfacet
facet normal -0 -0 -1
  outer loop
    vertex 14.75 15.16666666666668 -6
    vertex 14.75 13 -6
    vertex 13.10780278397618 15.34436983326552 -6
  endloop
endfacet
facet normal -0 -0 -1
  outer loop
    vertex 13.10780278397618 17.5110364999322 -6
    vertex 13.10780278397618 15.34436983326552 -6
    vertex 11.46560556795236 17.68873966653105 -6
  endloop
endfacet
facet normal 0 0 -1
  outer loop
    vertex 8.75 0 -6
    vertex 8.75 2.499999999999994 -6
    vertex 10.23403849752971 1.492331886151158 -6
  endloop
endfacet
facet normal 0 0 -1
  outer loop
    vertex 8.75 2.499999999999994 -6
    vertex 10.23403849752971 3.992331886151152 -6
    vertex 10.23403849752971 1.492331886151158 -6
  endloop
endfacet
facet normal 0 0 -1
  outer loop
    vertex 8.75 2.499999999999994 -6
    vertex 8.75 4.999999999999988 -6
    vertex 10.23403849752971 3.992331886151152 -6
  endloop
endfacet
facet normal 0 0 -1
  outer loop
    vertex 10.23403849752971 1.492331886151158 -6
    vertex 10.23403849752971 3.992331886151152 -6
    vertex 11.71807699505942 2.984663772302315 -6
  endloop
endfacet
facet normal 0 -0 -1
  outer loop
    vertex -8.75 4.999999999999988 -6
    vertex -8.75 2.499999999999994 -6
    vertex -10.23403849752971 3.992331886151152 -6
  endloop
endfacet
facet normal -0 0 -1
  outer loop
    vertex -8.75 2.499999999999994 -6
    vertex -10.23403849752971 1.492331886151158 -6
    vertex -10.23403849752971 3.992331886151152 -6
  endloop
endfacet
facet normal 0 -0 -1
  outer loop
    vertex -8.75 2.499999999999994 -6
    vertex -8.75 0 -6
    vertex -10.23403849752971 1.492331886151158 -6
  endloop
endfacet
facet normal 0 -0 -1
  outer loop
    vertex -10.23403849752971 3.992331886151152 -6
    vertex -10.23403849752971 1.492331886151158 -6
    vertex -11.71807699505941 2.984663772302316 -6
  endloop
endfacet
facet normal 0 0 -1
  outer loop
    vertex -14.75 0 -6
    vertex -14.75 2.166666666666666 -6
    vertex -13.23403849752971 1.492331886151158 -6
  endloop
endfacet
facet normal 0 0 -1
  outer loop
    vertex -14.75 2.166666666666666 -6
    vertex -13.23403849752971 3.658998552817823 -6
    vertex -13.23403849752971 1.492331886151158 -6
  endloop
endfacet
facet normal 0 0 -1
  outer loop
    vertex -14.75 2.166666666666666 -6
    vertex -14.75 4.333333333333331 -6
    vertex -13.23403849752971 3.658998552817823 -6
  endloop
endfacet
facet normal 0 0 -1
  outer loop
    vertex -13.23403849752971 1.492331886151158 -6
    vertex -13.23403849752971 3.658998552817823 -6
    vertex -11.71807699505941 2.984663772302316 -6
  endloop
endfacet
facet normal 0 -0 -1
  outer loop
    vertex 14.75 4.333333333333331 -6
    vertex 14.75 2.166666666666666 -6
    vertex 13.23403849752971 3.658998552817823 -6
  endloop
endfacet
facet normal -0 0 -1
  outer loop
    vertex 14.75 2.166666666666666 -6
    vertex 13.23403849752971 1.492331886151158 -6
    vertex 13.23403849752971 3.658998552817823 -6
  endloop
endfacet
facet normal 0 -0 -1
  outer loop
    vertex 14.75 2.166666666666666 -6
    vertex 14.75 0 -6
    vertex 13.23403849752971 1.492331886151158 -6
  endloop
endfacet
facet normal 0 -0 -1
  outer loop
    vertex 13.23403849752971 3.658998552817823 -6
    vertex 13.23403849752971 1.492331886151158 -6
    vertex 11.71807699505942 2.984663772302315 -6
  endloop
endfacet
facet normal 0 0 -1
  outer loop
    vertex 11.03535543240799 22.35037381767394 -6
    vertex 12.89267771620399 22.00852024217032 -6
    vertex 11.25048050018017 20.01955674210249 -6
  endloop
endfacet
facet normal 0 -0 -1
  outer loop
    vertex 12.89267771620399 22.00852024217032 -6
    vertex 13.10780278397618 19.67770316659887 -6
    vertex 11.25048050018017 20.01955674210249 -6
  endloop
endfacet
facet normal 0 0 -1
  outer loop
    vertex 12.89267771620399 22.00852024217032 -6
    vertex 14.75 21.6666666666667 -6
    vertex 13.10780278397618 19.67770316659887 -6
  endloop
endfacet
facet normal 0 0 -1
  outer loop
    vertex 11.25048050018017 20.01955674210249 -6
    vertex 13.10780278397618 19.67770316659887 -6
    vertex 11.46560556795236 17.68873966653105 -6
  endloop
endfacet
facet normal 0 0 -1
  outer loop
    vertex -14.75 21.6666666666667 -6
    vertex -12.89288669254145 22.00858699850033 -6
    vertex -13.10781185035206 19.67770606280228 -6
  endloop
endfacet
facet normal 0 -0 -1
  outer loop
    vertex -12.89288669254145 22.00858699850033 -6
    vertex -11.2506985428935 20.01962639463591 -6
    vertex -13.10781185035206 19.67770606280228 -6
  endloop
endfacet
facet normal 0 0 -1
  outer loop
    vertex -12.89288669254145 22.00858699850033 -6
    vertex -11.03577338508289 22.35050733033397 -6
    vertex -11.2506985428935 20.01962639463591 -6
  endloop
endfacet
facet normal 0 0 -1
  outer loop
    vertex -13.10781185035206 19.67770606280228 -6
    vertex -11.2506985428935 20.01962639463591 -6
    vertex -11.46562370070411 17.68874545893786 -6
  endloop
endfacet
facet normal 0 0 -1
  outer loop
    vertex -14.75 17.33333333333335 -6
    vertex -14.75 19.50000000000002 -6
    vertex -13.10781185035206 17.5110393961356 -6
  endloop
endfacet
facet normal 0 0 -1
  outer loop
    vertex -14.75 19.50000000000002 -6
    vertex -13.10781185035206 19.67770606280228 -6
    vertex -13.10781185035206 17.5110393961356 -6
  endloop
endfacet
facet normal 0 0 -1
  outer loop
    vertex -14.75 19.50000000000002 -6
    vertex -14.75 21.6666666666667 -6
    vertex -13.10781185035206 19.67770606280228 -6
  endloop
endfacet
facet normal 0 0 -1
  outer loop
    vertex -13.10781185035206 17.5110393961356 -6
    vertex -13.10781185035206 19.67770606280228 -6
    vertex -11.46562370070411 17.68874545893786 -6
  endloop
endfacet
facet normal 0 -0 -1
  outer loop
    vertex 14.75 21.6666666666667 -6
    vertex 14.75 19.50000000000002 -6
    vertex 13.10780278397618 19.67770316659887 -6
  endloop
endfacet
facet normal -0 0 -1
  outer loop
    vertex 14.75 19.50000000000002 -6
    vertex 13.10780278397618 17.5110364999322 -6
    vertex 13.10780278397618 19.67770316659887 -6
  endloop
endfacet
facet normal 0 -0 -1
  outer loop
    vertex 14.75 19.50000000000002 -6
    vertex 14.75 17.33333333333335 -6
    vertex 13.10780278397618 17.5110364999322 -6
  endloop
endfacet
facet normal 0 -0 -1
  outer loop
    vertex 13.10780278397618 19.67770316659887 -6
    vertex 13.10780278397618 17.5110364999322 -6
    vertex 11.46560556795236 17.68873966653105 -6
  endloop
endfacet
facet normal 0 -0 -1
  outer loop
    vertex -11.03577338508289 22.35050733033397 -6
    vertex -9.892886692541445 21.17525366516698 -6
    vertex -11.2506985428935 20.01962639463591 -6
  endloop
endfacet
facet normal 0 0 -1
  outer loop
    vertex -9.892886692541445 21.17525366516698 -6
    vertex -10.10781185035206 18.84437272946893 -6
    vertex -11.2506985428935 20.01962639463591 -6
  endloop
endfacet
facet normal 0 -0 -1
  outer loop
    vertex -9.892886692541445 21.17525366516698 -6
    vertex -8.75 20 -6
    vertex -10.10781185035206 18.84437272946893 -6
  endloop
endfacet
facet normal 0 -0 -1
  outer loop
    vertex -11.2506985428935 20.01962639463591 -6
    vertex -10.10781185035206 18.84437272946893 -6
    vertex -11.46562370070411 17.68874545893786 -6
  endloop
endfacet
facet normal 0 0 -1
  outer loop
    vertex 8.75 20 -6
    vertex 9.892677716203995 21.17518690883697 -6
    vertex 10.10780278397618 18.84436983326552 -6
  endloop
endfacet
facet normal 0 0 -1
  outer loop
    vertex 9.892677716203995 21.17518690883697 -6
    vertex 11.25048050018017 20.01955674210249 -6
    vertex 10.10780278397618 18.84436983326552 -6
  endloop
endfacet
facet normal 0 0 -1
  outer loop
    vertex 9.892677716203995 21.17518690883697 -6
    vertex 11.03535543240799 22.35037381767394 -6
    vertex 11.25048050018017 20.01955674210249 -6
  endloop
endfacet
facet normal 0 0 -1
  outer loop
    vertex 10.10780278397618 18.84436983326552 -6
    vertex 11.25048050018017 20.01955674210249 -6
    vertex 11.46560556795236 17.68873966653105 -6
  endloop
endfacet
facet normal 0 0 -1
  outer loop
    vertex 9.833333333333329 26 -6
    vertex 12.29166666666666 26 -6
    vertex 10.43434438287066 24.17518690883697 -6
  endloop
endfacet
facet normal 0 -0 -1
  outer loop
    vertex 12.29166666666666 26 -6
    vertex 12.89267771620399 24.17518690883697 -6
    vertex 10.43434438287066 24.17518690883697 -6
  endloop
endfacet
facet normal 0 0 -1
  outer loop
    vertex 12.29166666666666 26 -6
    vertex 14.75 26 -6
    vertex 12.89267771620399 24.17518690883697 -6
  endloop
endfacet
facet normal 0 0 -1
  outer loop
    vertex 10.43434438287066 24.17518690883697 -6
    vertex 12.89267771620399 24.17518690883697 -6
    vertex 11.03535543240799 22.35037381767394 -6
  endloop
endfacet
facet normal 0 0 -1
  outer loop
    vertex -14.75 26 -6
    vertex -12.29166666666667 26 -6
    vertex -12.89288669254145 24.17525366516698 -6
  endloop
endfacet
facet normal 0 -0 -1
  outer loop
    vertex -12.29166666666667 26 -6
    vertex -10.43455335920811 24.17525366516698 -6
    vertex -12.89288669254145 24.17525366516698 -6
  endloop
endfacet
facet normal 0 0 -1
  outer loop
    vertex -12.29166666666667 26 -6
    vertex -9.833333333333339 26 -6
    vertex -10.43455335920811 24.17525366516698 -6
  endloop
endfacet
facet normal 0 0 -1
  outer loop
    vertex -12.89288669254145 24.17525366516698 -6
    vertex -10.43455335920811 24.17525366516698 -6
    vertex -11.03577338508289 22.35050733033397 -6
  endloop
endfacet
facet normal 0 0 -1
  outer loop
    vertex -14.75 21.6666666666667 -6
    vertex -14.75 23.83333333333335 -6
    vertex -12.89288669254145 22.00858699850033 -6
  endloop
endfacet
facet normal 0 0 -1
  outer loop
    vertex -14.75 23.83333333333335 -6
    vertex -12.89288669254145 24.17525366516698 -6
    vertex -12.89288669254145 22.00858699850033 -6
  endloop
endfacet
facet normal 0 0 -1
  outer loop
    vertex -14.75 23.83333333333335 -6
    vertex -14.75 26 -6
    vertex -12.89288669254145 24.17525366516698 -6
  endloop
endfacet
facet normal 0 0 -1
  outer loop
    vertex -12.89288669254145 22.00858699850033 -6
    vertex -12.89288669254145 24.17525366516698 -6
    vertex -11.03577338508289 22.35050733033397 -6
  endloop
endfacet
facet normal 0 -0 -1
  outer loop
    vertex 14.75 26 -6
    vertex 14.75 23.83333333333335 -6
    vertex 12.89267771620399 24.17518690883697 -6
  endloop
endfacet
facet normal -0 0 -1
  outer loop
    vertex 14.75 23.83333333333335 -6
    vertex 12.89267771620399 22.00852024217032 -6
    vertex 12.89267771620399 24.17518690883697 -6
  endloop
endfacet
facet normal 0 -0 -1
  outer loop
    vertex 14.75 23.83333333333335 -6
    vertex 14.75 21.6666666666667 -6
    vertex 12.89267771620399 22.00852024217032 -6
  endloop
endfacet
facet normal 0 -0 -1
  outer loop
    vertex 12.89267771620399 24.17518690883697 -6
    vertex 12.89267771620399 22.00852024217032 -6
    vertex 11.03535543240799 22.35037381767394 -6
  endloop
endfacet
facet normal 0 -0 -1
  outer loop
    vertex -8.75 15 -6
    vertex -8.75 12.49999999999999 -6
    vertex -10.30072162166271 12.88200957328112 -6
  endloop
endfacet
facet normal -0 0 -1
  outer loop
    vertex -8.75 12.49999999999999 -6
    vertex -10.30072162166271 10.38200957328112 -6
    vertex -10.30072162166271 12.88200957328112 -6
  endloop
endfacet
facet normal 0 -0 -1
  outer loop
    vertex -8.75 12.49999999999999 -6
    vertex -8.75 9.999999999999993 -6
    vertex -10.30072162166271 10.38200957328112 -6
  endloop
endfacet
facet normal 0 -0 -1
  outer loop
    vertex -10.30072162166271 12.88200957328112 -6
    vertex -10.30072162166271 10.38200957328112 -6
    vertex -11.85144324332543 10.76401914656225 -6
  endloop
endfacet
facet normal 0 0 -1
  outer loop
    vertex 8.75 9.999999999999993 -6
    vertex 8.75 12.49999999999999 -6
    vertex 10.30072162166272 10.38200957328112 -6
  endloop
endfacet
facet normal 0 0 -1
  outer loop
    vertex 8.75 12.49999999999999 -6
    vertex 10.30072162166272 12.88200957328112 -6
    vertex 10.30072162166272 10.38200957328112 -6
  endloop
endfacet
facet normal 0 0 -1
  outer loop
    vertex 8.75 12.49999999999999 -6
    vertex 8.75 15 -6
    vertex 10.30072162166272 12.88200957328112 -6
  endloop
endfacet
facet normal 0 0 -1
  outer loop
    vertex 10.30072162166272 10.38200957328112 -6
    vertex 10.30072162166272 12.88200957328112 -6
    vertex 11.85144324332543 10.76401914656225 -6
  endloop
endfacet
facet normal 0 -0 -1
  outer loop
    vertex -8.75 20 -6
    vertex -8.75 17.5 -6
    vertex -10.10781185035206 18.84437272946893 -6
  endloop
endfacet
facet normal -0 0 -1
  outer loop
    vertex -8.75 17.5 -6
    vertex -10.10781185035206 16.34437272946893 -6
    vertex -10.10781185035206 18.84437272946893 -6
  endloop
endfacet
facet normal 0 -0 -1
  outer loop
    vertex -8.75 17.5 -6
    vertex -8.75 15 -6
    vertex -10.10781185035206 16.34437272946893 -6
  endloop
endfacet
facet normal 0 -0 -1
  outer loop
    vertex -10.10781185035206 18.84437272946893 -6
    vertex -10.10781185035206 16.34437272946893 -6
    vertex -11.46562370070411 17.68874545893786 -6
  endloop
endfacet
facet normal 0 0 -1
  outer loop
    vertex 8.75 15 -6
    vertex 8.75 17.5 -6
    vertex 10.10780278397618 16.34436983326552 -6
  endloop
endfacet
facet normal 0 0 -1
  outer loop
    vertex 8.75 17.5 -6
    vertex 10.10780278397618 18.84436983326552 -6
    vertex 10.10780278397618 16.34436983326552 -6
  endloop
endfacet
facet normal 0 0 -1
  outer loop
    vertex 8.75 17.5 -6
    vertex 8.75 20 -6
    vertex 10.10780278397618 18.84436983326552 -6
  endloop
endfacet
facet normal 0 0 -1
  outer loop
    vertex 10.10780278397618 16.34436983326552 -6
    vertex 10.10780278397618 18.84436983326552 -6
    vertex 11.46560556795236 17.68873966653105 -6
  endloop
endfacet
facet normal 0 -0 -1
  outer loop
    vertex -8.75 9.999999999999993 -6
    vertex -8.75 7.499999999999991 -6
    vertex -10.27171801830566 8.507400346301202 -6
  endloop
endfacet
facet normal -0 0 -1
  outer loop
    vertex -8.75 7.499999999999991 -6
    vertex -10.27171801830566 6.0074003463012 -6
    vertex -10.27171801830566 8.507400346301202 -6
  endloop
endfacet
facet normal 0 -0 -1
  outer loop
    vertex -8.75 7.499999999999991 -6
    vertex -8.75 4.999999999999988 -6
    vertex -10.27171801830566 6.0074003463012 -6
  endloop
endfacet
facet normal 0 -0 -1
  outer loop
    vertex -10.27171801830566 8.507400346301202 -6
    vertex -10.27171801830566 6.0074003463012 -6
    vertex -11.79343603661133 7.014800692602411 -6
  endloop
endfacet
facet normal 0 0 -1
  outer loop
    vertex 8.75 4.999999999999988 -6
    vertex 8.75 7.499999999999991 -6
    vertex 10.27171801830566 6.0074003463012 -6
  endloop
endfacet
facet normal 0 0 -1
  outer loop
    vertex 8.75 7.499999999999991 -6
    vertex 10.27171801830566 8.507400346301202 -6
    vertex 10.27171801830566 6.0074003463012 -6
  endloop
endfacet
facet normal 0 0 -1
  outer loop
    vertex 8.75 7.499999999999991 -6
    vertex 8.75 9.999999999999993 -6
    vertex 10.27171801830566 8.507400346301202 -6
  endloop
endfacet
facet normal 0 0 -1
  outer loop
    vertex 10.27171801830566 6.0074003463012 -6
    vertex 10.27171801830566 8.507400346301202 -6
    vertex 11.79343603661133 7.014800692602411 -6
  endloop
endfacet
facet normal 0 0 -1
  outer loop
    vertex 6.897317779633131 22.93557623937694 -6
    vertex 8.365325556483228 24.46778811968847 -6
    vertex 8.966336606020562 22.64297502852544 -6
  endloop
endfacet
facet normal 0 0 -1
  outer loop
    vertex 8.365325556483228 24.46778811968847 -6
    vertex 10.43434438287066 24.17518690883697 -6
    vertex 8.966336606020562 22.64297502852544 -6
  endloop
endfacet
facet normal 0 0 -1
  outer loop
    vertex 8.365325556483228 24.46778811968847 -6
    vertex 9.833333333333329 26 -6
    vertex 10.43434438287066 24.17518690883697 -6
  endloop
endfacet
facet normal 0 0 -1
  outer loop
    vertex 8.966336606020562 22.64297502852544 -6
    vertex 10.43434438287066 24.17518690883697 -6
    vertex 11.03535543240799 22.35037381767394 -6
  endloop
endfacet
facet normal 0 -0 -1
  outer loop
    vertex -9.833333333333339 26 -6
    vertex -8.366579414507934 24.46818865766858 -6
    vertex -10.43455335920811 24.17525366516698 -6
  endloop
endfacet
facet normal 0 0 -1
  outer loop
    vertex -8.366579414507934 24.46818865766858 -6
    vertex -8.967799440382709 22.64344232283556 -6
    vertex -10.43455335920811 24.17525366516698 -6
  endloop
endfacet
facet normal 0 -0 -1
  outer loop
    vertex -8.366579414507934 24.46818865766858 -6
    vertex -6.899825495682526 22.93637731533715 -6
    vertex -8.967799440382709 22.64344232283556 -6
  endloop
endfacet
facet normal 0 -0 -1
  outer loop
    vertex -10.43455335920811 24.17525366516698 -6
    vertex -8.967799440382709 22.64344232283556 -6
    vertex -11.03577338508289 22.35050733033397 -6
  endloop
endfacet
facet normal 0 0 -1
  outer loop
    vertex 4.916666666666664 26 -6
    vertex 7.374999999999996 26 -6
    vertex 5.906992223149899 24.46778811968847 -6
  endloop
endfacet
facet normal 0 -0 -1
  outer loop
    vertex 7.374999999999996 26 -6
    vertex 8.365325556483228 24.46778811968847 -6
    vertex 5.906992223149899 24.46778811968847 -6
  endloop
endfacet
facet normal 0 0 -1
  outer loop
    vertex 7.374999999999996 26 -6
    vertex 9.833333333333329 26 -6
    vertex 8.365325556483228 24.46778811968847 -6
  endloop
endfacet
facet normal 0 0 -1
  outer loop
    vertex 5.906992223149899 24.46778811968847 -6
    vertex 8.365325556483228 24.46778811968847 -6
    vertex 6.897317779633131 22.93557623937694 -6
  endloop
endfacet
facet normal 0 0 -1
  outer loop
    vertex -9.833333333333339 26 -6
    vertex -7.375000000000007 26 -6
    vertex -8.366579414507934 24.46818865766858 -6
  endloop
endfacet
facet normal 0 -0 -1
  outer loop
    vertex -7.375000000000007 26 -6
    vertex -5.9082460811746 24.46818865766858 -6
    vertex -8.366579414507934 24.46818865766858 -6
  endloop
endfacet
facet normal 0 0 -1
  outer loop
    vertex -7.375000000000007 26 -6
    vertex -4.916666666666673 26 -6
    vertex -5.9082460811746 24.46818865766858 -6
  endloop
endfacet
facet normal 0 0 -1
  outer loop
    vertex -8.366579414507934 24.46818865766858 -6
    vertex -5.9082460811746 24.46818865766858 -6
    vertex -6.899825495682526 22.93637731533715 -6
  endloop
endfacet
facet normal 0 0 -1
  outer loop
    vertex -6.899825495682526 22.93637731533715 -6
    vertex -7.824912747841263 21.46818865766858 -6
    vertex -8.967799440382709 22.64344232283556 -6
  endloop
endfacet
facet normal -0 0 -1
  outer loop
    vertex -7.824912747841263 21.46818865766858 -6
    vertex -9.892886692541445 21.17525366516698 -6
    vertex -8.967799440382709 22.64344232283556 -6
  endloop
endfacet
facet normal 0 0 -1
  outer loop
    vertex -7.824912747841263 21.46818865766858 -6
    vertex -8.75 20 -6
    vertex -9.892886692541445 21.17525366516698 -6
  endloop
endfacet
facet normal 0 0 -1
  outer loop
    vertex -8.967799440382709 22.64344232283556 -6
    vertex -9.892886692541445 21.17525366516698 -6
    vertex -11.03577338508289 22.35050733033397 -6
  endloop
endfacet
facet normal 0 0 -1
  outer loop
    vertex 8.75 20 -6
    vertex 7.823658889816564 21.46778811968847 -6
    vertex 9.892677716203995 21.17518690883697 -6
  endloop
endfacet
facet normal 0 0 -1
  outer loop
    vertex 7.823658889816564 21.46778811968847 -6
    vertex 8.966336606020562 22.64297502852544 -6
    vertex 9.892677716203995 21.17518690883697 -6
  endloop
endfacet
facet normal 0 0 -1
  outer loop
    vertex 7.823658889816564 21.46778811968847 -6
    vertex 6.897317779633131 22.93557623937694 -6
    vertex 8.966336606020562 22.64297502852544 -6
  endloop
endfacet
facet normal 0 0 -1
  outer loop
    vertex 9.892677716203995 21.17518690883697 -6
    vertex 8.966336606020562 22.64297502852544 -6
    vertex 11.03535543240799 22.35037381767394 -6
  endloop
endfacet
facet normal 0 0 -1
  outer loop
    vertex -4.916666666666673 26 -6
    vertex -2.458333333333339 26 -6
    vertex -3.597222222222229 24.48558063271605 -6
  endloop
endfacet
facet normal 0 -0 -1
  outer loop
    vertex -2.458333333333339 26 -6
    vertex -1.138888888888895 24.48558063271605 -6
    vertex -3.597222222222229 24.48558063271605 -6
  endloop
endfacet
facet normal 0 0 -1
  outer loop
    vertex -2.458333333333339 26 -6
    vertex -5.329070518200751e-15 26 -6
    vertex -1.138888888888895 24.48558063271605 -6
  endloop
endfacet
facet normal 0 0 -1
  outer loop
    vertex -3.597222222222229 24.48558063271605 -6
    vertex -1.138888888888895 24.48558063271605 -6
    vertex -2.277777777777784 22.97116126543209 -6
  endloop
endfacet
facet normal 0 0 -1
  outer loop
    vertex -5.329070518200751e-15 26 -6
    vertex 2.458333333333329 26 -6
    vertex 1.131365740740733 24.48317740483539 -6
  endloop
endfacet
facet normal 0 -0 -1
  outer loop
    vertex 2.458333333333329 26 -6
    vertex 3.589699074074069 24.48317740483539 -6
    vertex 1.131365740740733 24.48317740483539 -6
  endloop
endfacet
facet normal 0 0 -1
  outer loop
    vertex 2.458333333333329 26 -6
    vertex 4.916666666666664 26 -6
    vertex 3.589699074074069 24.48317740483539 -6
  endloop
endfacet
facet normal 0 0 -1
  outer loop
    vertex 1.131365740740733 24.48317740483539 -6
    vertex 3.589699074074069 24.48317740483539 -6
    vertex 2.26273148148147 22.96635480967078 -6
  endloop
endfacet
facet normal 0 0 -1
  outer loop
    vertex 11.79343603661133 7.014800692602411 -6
    vertex 10.27171801830566 8.507400346301202 -6
    vertex 11.82243963996838 8.889409919582329 -6
  endloop
endfacet
facet normal 0 0 -1
  outer loop
    vertex 10.27171801830566 8.507400346301202 -6
    vertex 10.30072162166272 10.38200957328112 -6
    vertex 11.82243963996838 8.889409919582329 -6
  endloop
endfacet
facet normal 0 0 -1
  outer loop
    vertex 10.27171801830566 8.507400346301202 -6
    vertex 8.75 9.999999999999993 -6
    vertex 10.30072162166272 10.38200957328112 -6
  endloop
endfacet
facet normal 0 0 -1
  outer loop
    vertex 11.82243963996838 8.889409919582329 -6
    vertex 10.30072162166272 10.38200957328112 -6
    vertex 11.85144324332543 10.76401914656225 -6
  endloop
endfacet
facet normal -0 0 -1
  outer loop
    vertex -8.75 9.999999999999993 -6
    vertex -10.27171801830566 8.507400346301202 -6
    vertex -10.30072162166271 10.38200957328112 -6
  endloop
endfacet
facet normal 0 0 -1
  outer loop
    vertex -10.27171801830566 8.507400346301202 -6
    vertex -11.82243963996838 8.889409919582329 -6
    vertex -10.30072162166271 10.38200957328112 -6
  endloop
endfacet
facet normal -0 0 -1
  outer loop
    vertex -10.27171801830566 8.507400346301202 -6
    vertex -11.79343603661133 7.014800692602411 -6
    vertex -11.82243963996838 8.889409919582329 -6
  endloop
endfacet
facet normal -0 0 -1
  outer loop
    vertex -10.30072162166271 10.38200957328112 -6
    vertex -11.82243963996838 8.889409919582329 -6
    vertex -11.85144324332543 10.76401914656225 -6
  endloop
endfacet
facet normal 0 0 -1
  outer loop
    vertex 4.374999999999989 20 -6
    vertex 2.187499999999989 20 -6
    vertex 3.31886574074073 21.48317740483539 -6
  endloop
endfacet
facet normal 0 0 -1
  outer loop
    vertex 2.187499999999989 20 -6
    vertex 1.13136574074073 21.48317740483539 -6
    vertex 3.31886574074073 21.48317740483539 -6
  endloop
endfacet
facet normal 0 0 -1
  outer loop
    vertex 2.187499999999989 20 -6
    vertex -8.881784197001252e-15 20 -6
    vertex 1.13136574074073 21.48317740483539 -6
  endloop
endfacet
facet normal 0 0 -1
  outer loop
    vertex 3.31886574074073 21.48317740483539 -6
    vertex 1.13136574074073 21.48317740483539 -6
    vertex 2.26273148148147 22.96635480967078 -6
  endloop
endfacet
facet normal 0 0 -1
  outer loop
    vertex -8.881784197001252e-15 20 -6
    vertex -2.187500000000007 20 -6
    vertex -1.138888888888896 21.48558063271605 -6
  endloop
endfacet
facet normal 0 0 -1
  outer loop
    vertex -2.187500000000007 20 -6
    vertex -3.326388888888893 21.48558063271605 -6
    vertex -1.138888888888896 21.48558063271605 -6
  endloop
endfacet
facet normal 0 0 -1
  outer loop
    vertex -2.187500000000007 20 -6
    vertex -4.375000000000004 20 -6
    vertex -3.326388888888893 21.48558063271605 -6
  endloop
endfacet
facet normal 0 0 -1
  outer loop
    vertex -1.138888888888896 21.48558063271605 -6
    vertex -3.326388888888893 21.48558063271605 -6
    vertex -2.277777777777784 22.97116126543209 -6
  endloop
endfacet
facet normal 0 0 -1
  outer loop
    vertex 8.75 20 -6
    vertex 6.562499999999993 20 -6
    vertex 7.823658889816564 21.46778811968847 -6
  endloop
endfacet
facet normal 0 0 -1
  outer loop
    vertex 6.562499999999993 20 -6
    vertex 5.63615888981656 21.46778811968847 -6
    vertex 7.823658889816564 21.46778811968847 -6
  endloop
endfacet
facet normal 0 0 -1
  outer loop
    vertex 6.562499999999993 20 -6
    vertex 4.374999999999989 20 -6
    vertex 5.63615888981656 21.46778811968847 -6
  endloop
endfacet
facet normal 0 0 -1
  outer loop
    vertex 7.823658889816564 21.46778811968847 -6
    vertex 5.63615888981656 21.46778811968847 -6
    vertex 6.897317779633131 22.93557623937694 -6
  endloop
endfacet
facet normal 0 0 -1
  outer loop
    vertex -4.375000000000004 20 -6
    vertex -6.562500000000002 20 -6
    vertex -5.637412747841264 21.46818865766858 -6
  endloop
endfacet
facet normal 0 0 -1
  outer loop
    vertex -6.562500000000002 20 -6
    vertex -7.824912747841263 21.46818865766858 -6
    vertex -5.637412747841264 21.46818865766858 -6
  endloop
endfacet
facet normal 0 0 -1
  outer loop
    vertex -6.562500000000002 20 -6
    vertex -8.75 20 -6
    vertex -7.824912747841263 21.46818865766858 -6
  endloop
endfacet
facet normal 0 0 -1
  outer loop
    vertex -5.637412747841264 21.46818865766858 -6
    vertex -7.824912747841263 21.46818865766858 -6
    vertex -6.899825495682526 22.93637731533715 -6
  endloop
endfacet
facet normal 0 0 -1
  outer loop
    vertex -8.881784197001252e-15 20 -6
    vertex -1.138888888888896 21.48558063271605 -6
    vertex 1.13136574074073 21.48317740483539 -6
  endloop
endfacet
facet normal 0 0 -1
  outer loop
    vertex -1.138888888888896 21.48558063271605 -6
    vertex -0.007523148148155911 22.96875803755144 -6
    vertex 1.13136574074073 21.48317740483539 -6
  endloop
endfacet
facet normal 0 0 -1
  outer loop
    vertex -1.138888888888896 21.48558063271605 -6
    vertex -2.277777777777784 22.97116126543209 -6
    vertex -0.007523148148155911 22.96875803755144 -6
  endloop
endfacet
facet normal 0 0 -1
  outer loop
    vertex 1.13136574074073 21.48317740483539 -6
    vertex -0.007523148148155911 22.96875803755144 -6
    vertex 2.26273148148147 22.96635480967078 -6
  endloop
endfacet
facet normal 0 -0 -1
  outer loop
    vertex 14.75 8.666666666666659 -6
    vertex 14.75 6.499999999999996 -6
    vertex 13.27171801830566 7.840733679634535 -6
  endloop
endfacet
facet normal -0 0 -1
  outer loop
    vertex 14.75 6.499999999999996 -6
    vertex 13.27171801830566 5.674067012967871 -6
    vertex 13.27171801830566 7.840733679634535 -6
  endloop
endfacet
facet normal 0 -0 -1
  outer loop
    vertex 14.75 6.499999999999996 -6
    vertex 14.75 4.333333333333331 -6
    vertex 13.27171801830566 5.674067012967871 -6
  endloop
endfacet
facet normal 0 -0 -1
  outer loop
    vertex 13.27171801830566 7.840733679634535 -6
    vertex 13.27171801830566 5.674067012967871 -6
    vertex 11.79343603661133 7.014800692602411 -6
  endloop
endfacet
facet normal 0 0 -1
  outer loop
    vertex -14.75 4.333333333333331 -6
    vertex -14.75 6.499999999999996 -6
    vertex -13.27171801830566 5.674067012967871 -6
  endloop
endfacet
facet normal 0 0 -1
  outer loop
    vertex -14.75 6.499999999999996 -6
    vertex -13.27171801830566 7.840733679634535 -6
    vertex -13.27171801830566 5.674067012967871 -6
  endloop
endfacet
facet normal 0 0 -1
  outer loop
    vertex -14.75 6.499999999999996 -6
    vertex -14.75 8.666666666666659 -6
    vertex -13.27171801830566 7.840733679634535 -6
  endloop
endfacet
facet normal 0 0 -1
  outer loop
    vertex -13.27171801830566 5.674067012967871 -6
    vertex -13.27171801830566 7.840733679634535 -6
    vertex -11.79343603661133 7.014800692602411 -6
  endloop
endfacet
facet normal 0 0 -1
  outer loop
    vertex 4.374999999999989 20 -6
    vertex 3.31886574074073 21.48317740483539 -6
    vertex 5.63615888981656 21.46778811968847 -6
  endloop
endfacet
facet normal 0 0 -1
  outer loop
    vertex 3.31886574074073 21.48317740483539 -6
    vertex 4.5800246305573 22.95096552452386 -6
    vertex 5.63615888981656 21.46778811968847 -6
  endloop
endfacet
facet normal 0 0 -1
  outer loop
    vertex 3.31886574074073 21.48317740483539 -6
    vertex 2.26273148148147 22.96635480967078 -6
    vertex 4.5800246305573 22.95096552452386 -6
  endloop
endfacet
facet normal 0 0 -1
  outer loop
    vertex 5.63615888981656 21.46778811968847 -6
    vertex 4.5800246305573 22.95096552452386 -6
    vertex 6.897317779633131 22.93557623937694 -6
  endloop
endfacet
facet normal 0 0 -1
  outer loop
    vertex -2.277777777777784 22.97116126543209 -6
    vertex -3.326388888888893 21.48558063271605 -6
    vertex -4.588801636730155 22.95376929038462 -6
  endloop
endfacet
facet normal -0 0 -1
  outer loop
    vertex -3.326388888888893 21.48558063271605 -6
    vertex -5.637412747841264 21.46818865766858 -6
    vertex -4.588801636730155 22.95376929038462 -6
  endloop
endfacet
facet normal 0 0 -1
  outer loop
    vertex -3.326388888888893 21.48558063271605 -6
    vertex -4.375000000000004 20 -6
    vertex -5.637412747841264 21.46818865766858 -6
  endloop
endfacet
facet normal 0 0 -1
  outer loop
    vertex -4.588801636730155 22.95376929038462 -6
    vertex -5.637412747841264 21.46818865766858 -6
    vertex -6.899825495682526 22.93637731533715 -6
  endloop
endfacet
facet normal 0 0 -1
  outer loop
    vertex -14.75 8.666666666666659 -6
    vertex -14.75 10.83333333333333 -6
    vertex -13.30072162166271 9.715342906614453 -6
  endloop
endfacet
facet normal 0 0 -1
  outer loop
    vertex -14.75 10.83333333333333 -6
    vertex -13.30072162166271 11.88200957328112 -6
    vertex -13.30072162166271 9.715342906614453 -6
  endloop
endfacet
facet normal 0 0 -1
  outer loop
    vertex -14.75 10.83333333333333 -6
    vertex -14.75 13 -6
    vertex -13.30072162166271 11.88200957328112 -6
  endloop
endfacet
facet normal 0 0 -1
  outer loop
    vertex -13.30072162166271 9.715342906614453 -6
    vertex -13.30072162166271 11.88200957328112 -6
    vertex -11.85144324332543 10.76401914656225 -6
  endloop
endfacet
facet normal 0 -0 -1
  outer loop
    vertex 14.75 13 -6
    vertex 14.75 10.83333333333333 -6
    vertex 13.30072162166272 11.88200957328112 -6
  endloop
endfacet
facet normal -0 0 -1
  outer loop
    vertex 14.75 10.83333333333333 -6
    vertex 13.30072162166272 9.715342906614453 -6
    vertex 13.30072162166272 11.88200957328112 -6
  endloop
endfacet
facet normal 0 -0 -1
  outer loop
    vertex 14.75 10.83333333333333 -6
    vertex 14.75 8.666666666666659 -6
    vertex 13.30072162166272 9.715342906614453 -6
  endloop
endfacet
facet normal 0 -0 -1
  outer loop
    vertex 13.30072162166272 11.88200957328112 -6
    vertex 13.30072162166272 9.715342906614453 -6
    vertex 11.85144324332543 10.76401914656225 -6
  endloop
endfacet
facet normal 0 0 -1
  outer loop
    vertex 2.26273148148147 22.96635480967078 -6
    vertex 3.589699074074069 24.48317740483539 -6
    vertex 4.5800246305573 22.95096552452386 -6
  endloop
endfacet
facet normal 0 0 -1
  outer loop
    vertex 3.589699074074069 24.48317740483539 -6
    vertex 5.906992223149899 24.46778811968847 -6
    vertex 4.5800246305573 22.95096552452386 -6
  endloop
endfacet
facet normal 0 0 -1
  outer loop
    vertex 3.589699074074069 24.48317740483539 -6
    vertex 4.916666666666664 26 -6
    vertex 5.906992223149899 24.46778811968847 -6
  endloop
endfacet
facet normal 0 0 -1
  outer loop
    vertex 4.5800246305573 22.95096552452386 -6
    vertex 5.906992223149899 24.46778811968847 -6
    vertex 6.897317779633131 22.93557623937694 -6
  endloop
endfacet
facet normal 0 -0 -1
  outer loop
    vertex -4.916666666666673 26 -6
    vertex -3.597222222222229 24.48558063271605 -6
    vertex -5.9082460811746 24.46818865766858 -6
  endloop
endfacet
facet normal 0 0 -1
  outer loop
    vertex -3.597222222222229 24.48558063271605 -6
    vertex -4.588801636730155 22.95376929038462 -6
    vertex -5.9082460811746 24.46818865766858 -6
  endloop
endfacet
facet normal 0 -0 -1
  outer loop
    vertex -3.597222222222229 24.48558063271605 -6
    vertex -2.277777777777784 22.97116126543209 -6
    vertex -4.588801636730155 22.95376929038462 -6
  endloop
endfacet
facet normal 0 -0 -1
  outer loop
    vertex -5.9082460811746 24.46818865766858 -6
    vertex -4.588801636730155 22.95376929038462 -6
    vertex -6.899825495682526 22.93637731533715 -6
  endloop
endfacet
facet normal -0 0 -1
  outer loop
    vertex 14.75 8.666666666666659 -6
    vertex 13.27171801830566 7.840733679634535 -6
    vertex 13.30072162166272 9.715342906614453 -6
  endloop
endfacet
facet normal 0 0 -1
  outer loop
    vertex 13.27171801830566 7.840733679634535 -6
    vertex 11.82243963996838 8.889409919582329 -6
    vertex 13.30072162166272 9.715342906614453 -6
  endloop
endfacet
facet normal -0 0 -1
  outer loop
    vertex 13.27171801830566 7.840733679634535 -6
    vertex 11.79343603661133 7.014800692602411 -6
    vertex 11.82243963996838 8.889409919582329 -6
  endloop
endfacet
facet normal -0 0 -1
  outer loop
    vertex 13.30072162166272 9.715342906614453 -6
    vertex 11.82243963996838 8.889409919582329 -6
    vertex 11.85144324332543 10.76401914656225 -6
  endloop
endfacet
facet normal 0 0 -1
  outer loop
    vertex -11.79343603661133 7.014800692602411 -6
    vertex -13.27171801830566 7.840733679634535 -6
    vertex -11.82243963996838 8.889409919582329 -6
  endloop
endfacet
facet normal 0 0 -1
  outer loop
    vertex -13.27171801830566 7.840733679634535 -6
    vertex -13.30072162166271 9.715342906614453 -6
    vertex -11.82243963996838 8.889409919582329 -6
  endloop
endfacet
facet normal 0 0 -1
  outer loop
    vertex -13.27171801830566 7.840733679634535 -6
    vertex -14.75 8.666666666666659 -6
    vertex -13.30072162166271 9.715342906614453 -6
  endloop
endfacet
facet normal 0 0 -1
  outer loop
    vertex -11.82243963996838 8.889409919582329 -6
    vertex -13.30072162166271 9.715342906614453 -6
    vertex -11.85144324332543 10.76401914656225 -6
  endloop
endfacet
facet normal 0 0 -1
  outer loop
    vertex -2.277777777777784 22.97116126543209 -6
    vertex -1.138888888888895 24.48558063271605 -6
    vertex -0.007523148148155911 22.96875803755144 -6
  endloop
endfacet
facet normal 0 0 -1
  outer loop
    vertex -1.138888888888895 24.48558063271605 -6
    vertex 1.131365740740733 24.48317740483539 -6
    vertex -0.007523148148155911 22.96875803755144 -6
  endloop
endfacet
facet normal 0 0 -1
  outer loop
    vertex -1.138888888888895 24.48558063271605 -6
    vertex -5.329070518200751e-15 26 -6
    vertex 1.131365740740733 24.48317740483539 -6
  endloop
endfacet
facet normal 0 0 -1
  outer loop
    vertex -0.007523148148155911 22.96875803755144 -6
    vertex 1.131365740740733 24.48317740483539 -6
    vertex 2.26273148148147 22.96635480967078 -6
  endloop
endfacet
facet normal 0 -0 -1
  outer loop
    vertex 11.79343603661133 7.014800692602411 -6
    vertex 13.27171801830566 5.674067012967871 -6
    vertex 11.75575651583537 4.999732232452363 -6
  endloop
endfacet
facet normal 0 0 -1
  outer loop
    vertex 13.27171801830566 5.674067012967871 -6
    vertex 13.23403849752971 3.658998552817823 -6
    vertex 11.75575651583537 4.999732232452363 -6
  endloop
endfacet
facet normal 0 -0 -1
  outer loop
    vertex 13.27171801830566 5.674067012967871 -6
    vertex 14.75 4.333333333333331 -6
    vertex 13.23403849752971 3.658998552817823 -6
  endloop
endfacet
facet normal 0 -0 -1
  outer loop
    vertex 11.75575651583537 4.999732232452363 -6
    vertex 13.23403849752971 3.658998552817823 -6
    vertex 11.71807699505942 2.984663772302315 -6
  endloop
endfacet
facet normal 0 0 -1
  outer loop
    vertex -14.75 4.333333333333331 -6
    vertex -13.27171801830566 5.674067012967871 -6
    vertex -13.23403849752971 3.658998552817823 -6
  endloop
endfacet
facet normal 0 0 -1
  outer loop
    vertex -13.27171801830566 5.674067012967871 -6
    vertex -11.75575651583537 4.999732232452363 -6
    vertex -13.23403849752971 3.658998552817823 -6
  endloop
endfacet
facet normal 0 0 -1
  outer loop
    vertex -13.27171801830566 5.674067012967871 -6
    vertex -11.79343603661133 7.014800692602411 -6
    vertex -11.75575651583537 4.999732232452363 -6
  endloop
endfacet
facet normal 0 0 -1
  outer loop
    vertex -13.23403849752971 3.658998552817823 -6
    vertex -11.75575651583537 4.999732232452363 -6
    vertex -11.71807699505941 2.984663772302316 -6
  endloop
endfacet
facet normal 0 0 -1
  outer loop
    vertex 8.75 4.999999999999988 -6
    vertex 10.27171801830566 6.0074003463012 -6
    vertex 10.23403849752971 3.992331886151152 -6
  endloop
endfacet
facet normal 0 -0 -1
  outer loop
    vertex 10.27171801830566 6.0074003463012 -6
    vertex 11.75575651583537 4.999732232452363 -6
    vertex 10.23403849752971 3.992331886151152 -6
  endloop
endfacet
facet normal 0 0 -1
  outer loop
    vertex 10.27171801830566 6.0074003463012 -6
    vertex 11.79343603661133 7.014800692602411 -6
    vertex 11.75575651583537 4.999732232452363 -6
  endloop
endfacet
facet normal 0 0 -1
  outer loop
    vertex 10.23403849752971 3.992331886151152 -6
    vertex 11.75575651583537 4.999732232452363 -6
    vertex 11.71807699505942 2.984663772302315 -6
  endloop
endfacet
facet normal 0 0 -1
  outer loop
    vertex -11.79343603661133 7.014800692602411 -6
    vertex -10.27171801830566 6.0074003463012 -6
    vertex -11.75575651583537 4.999732232452363 -6
  endloop
endfacet
facet normal 0 -0 -1
  outer loop
    vertex -10.27171801830566 6.0074003463012 -6
    vertex -10.23403849752971 3.992331886151152 -6
    vertex -11.75575651583537 4.999732232452363 -6
  endloop
endfacet
facet normal 0 0 -1
  outer loop
    vertex -10.27171801830566 6.0074003463012 -6
    vertex -8.75 4.999999999999988 -6
    vertex -10.23403849752971 3.992331886151152 -6
  endloop
endfacet
facet normal 0 0 -1
  outer loop
    vertex -11.75575651583537 4.999732232452363 -6
    vertex -10.23403849752971 3.992331886151152 -6
    vertex -11.71807699505941 2.984663772302316 -6
  endloop
endfacet
facet normal 1 0 0
  outer loop
    vertex -8.75 5.000000000000005 -3
    vertex -8.75 3.768138275718453 -3.749999999999996
    vertex -8.75 4.999999999999996 -4.5
  endloop
endfacet
facet normal 1 0 0
  outer loop
    vertex -8.75 3.768138275718453 -3.749999999999996
    vertex -8.75 3.768138275718444 -5.249999999999996
    vertex -8.75 4.999999999999996 -4.5
  endloop
endfacet
facet normal 1 0 0
  outer loop
    vertex -8.75 3.768138275718453 -3.749999999999996
    vertex -8.75 2.536276551436901 -4.499999999999993
    vertex -8.75 3.768138275718444 -5.249999999999996
  endloop
endfacet
facet normal 1 0 0
  outer loop
    vertex -8.75 4.999999999999996 -4.5
    vertex -8.75 3.768138275718444 -5.249999999999996
    vertex -8.75 4.999999999999988 -6
  endloop
endfacet
facet normal 1 0 0
  outer loop
    vertex -8.75 15 -6
    vertex -8.75 16.23186172428155 -5.250000000000004
    vertex -8.75 15.00000000000001 -4.5
  endloop
endfacet
facet normal 1 0 -0
  outer loop
    vertex -8.75 16.23186172428155 -5.250000000000004
    vertex -8.75 16.23186172428156 -3.750000000000004
    vertex -8.75 15.00000000000001 -4.5
  endloop
endfacet
facet normal 1 0 0
  outer loop
    vertex -8.75 16.23186172428155 -5.250000000000004
    vertex -8.75 17.4637234485631 -4.500000000000007
    vertex -8.75 16.23186172428156 -3.750000000000004
  endloop
endfacet
facet normal 1 0 0
  outer loop
    vertex -8.75 15.00000000000001 -4.5
    vertex -8.75 16.23186172428156 -3.750000000000004
    vertex -8.75 15.00000000000001 -3
  endloop
endfacet
facet normal 1 0 0
  outer loop
    vertex -8.75 4.999999999999988 -6
    vertex -8.75 6.249999999999993 -5.25
    vertex -8.75 4.999999999999996 -4.5
  endloop
endfacet
facet normal 1 0 -0
  outer loop
    vertex -8.75 6.249999999999993 -5.25
    vertex -8.75 6.250000000000002 -3.75
    vertex -8.75 4.999999999999996 -4.5
  endloop
endfacet
facet normal 1 0 0
  outer loop
    vertex -8.75 6.249999999999993 -5.25
    vertex -8.75 7.499999999999998 -4.5
    vertex -8.75 6.250000000000002 -3.75
  endloop
endfacet
facet normal 1 0 0
  outer loop
    vertex -8.75 4.999999999999996 -4.5
    vertex -8.75 6.250000000000002 -3.75
    vertex -8.75 5.000000000000005 -3
  endloop
endfacet
facet normal 1 0 0
  outer loop
    vertex -8.75 15.00000000000001 -3
    vertex -8.75 13.75000000000001 -3.75
    vertex -8.75 15.00000000000001 -4.5
  endloop
endfacet
facet normal 1 0 0
  outer loop
    vertex -8.75 13.75000000000001 -3.75
    vertex -8.75 13.75 -5.250000000000002
    vertex -8.75 15.00000000000001 -4.5
  endloop
endfacet
facet normal 1 0 0
  outer loop
    vertex -8.75 13.75000000000001 -3.75
    vertex -8.75 12.5 -4.500000000000004
    vertex -8.75 13.75 -5.250000000000002
  endloop
endfacet
facet normal 1 0 0
  outer loop
    vertex -8.75 15.00000000000001 -4.5
    vertex -8.75 13.75 -5.250000000000002
    vertex -8.75 15 -6
  endloop
endfacet
facet normal 1 0 0
  outer loop
    vertex -8.75 10.00000000000001 -3
    vertex -8.75 8.750000000000004 -3.75
    vertex -8.75 10 -4.5
  endloop
endfacet
facet normal 1 0 0
  outer loop
    vertex -8.75 8.750000000000004 -3.75
    vertex -8.75 8.749999999999995 -5.25
    vertex -8.75 10 -4.5
  endloop
endfacet
facet normal 1 0 0
  outer loop
    vertex -8.75 8.750000000000004 -3.75
    vertex -8.75 7.499999999999998 -4.5
    vertex -8.75 8.749999999999995 -5.25
  endloop
endfacet
facet normal 1 0 0
  outer loop
    vertex -8.75 10 -4.5
    vertex -8.75 8.749999999999995 -5.25
    vertex -8.75 9.999999999999993 -6
  endloop
endfacet
facet normal 1 0 0
  outer loop
    vertex -8.75 9.999999999999993 -6
    vertex -8.75 11.25 -5.250000000000002
    vertex -8.75 10 -4.5
  endloop
endfacet
facet normal 1 0 -0
  outer loop
    vertex -8.75 11.25 -5.250000000000002
    vertex -8.75 11.25 -3.75
    vertex -8.75 10 -4.5
  endloop
endfacet
facet normal 1 0 0
  outer loop
    vertex -8.75 11.25 -5.250000000000002
    vertex -8.75 12.5 -4.500000000000004
    vertex -8.75 11.25 -3.75
  endloop
endfacet
facet normal 1 0 0
  outer loop
    vertex -8.75 10 -4.5
    vertex -8.75 11.25 -3.75
    vertex -8.75 10.00000000000001 -3
  endloop
endfacet
facet normal 1 0 0
  outer loop
    vertex -8.75 4.999999999999988 -6
    vertex -8.75 3.768138275718444 -5.249999999999996
    vertex -8.75 2.499999999999994 -6
  endloop
endfacet
facet normal 1 0 0
  outer loop
    vertex -8.75 3.768138275718444 -5.249999999999996
    vertex -8.75 1.26813827571845 -5.249999999999996
    vertex -8.75 2.499999999999994 -6
  endloop
endfacet
facet normal 1 0 0
  outer loop
    vertex -8.75 3.768138275718444 -5.249999999999996
    vertex -8.75 2.536276551436901 -4.499999999999993
    vertex -8.75 1.26813827571845 -5.249999999999996
  endloop
endfacet
facet normal 1 0 0
  outer loop
    vertex -8.75 2.499999999999994 -6
    vertex -8.75 1.26813827571845 -5.249999999999996
    vertex -8.75 0 -6
  endloop
endfacet
facet normal 1 -0 0
  outer loop
    vertex -8.75 15.00000000000001 -3
    vertex -8.75 16.23186172428156 -3.750000000000004
    vertex -8.75 17.50000000000001 -3
  endloop
endfacet
facet normal 1 0 0
  outer loop
    vertex -8.75 16.23186172428156 -3.750000000000004
    vertex -8.75 18.73186172428155 -3.750000000000004
    vertex -8.75 17.50000000000001 -3
  endloop
endfacet
facet normal 1 -0 0
  outer loop
    vertex -8.75 16.23186172428156 -3.750000000000004
    vertex -8.75 17.4637234485631 -4.500000000000007
    vertex -8.75 18.73186172428155 -3.750000000000004
  endloop
endfacet
facet normal 1 -0 0
  outer loop
    vertex -8.75 17.50000000000001 -3
    vertex -8.75 18.73186172428155 -3.750000000000004
    vertex -8.75 20 -3
  endloop
endfacet
facet normal 1 0 0
  outer loop
    vertex -8.75 9.999999999999993 -6
    vertex -8.75 8.749999999999995 -5.25
    vertex -8.75 7.499999999999991 -6
  endloop
endfacet
facet normal 1 0 0
  outer loop
    vertex -8.75 8.749999999999995 -5.25
    vertex -8.75 6.249999999999993 -5.25
    vertex -8.75 7.499999999999991 -6
  endloop
endfacet
facet normal 1 0 0
  outer loop
    vertex -8.75 8.749999999999995 -5.25
    vertex -8.75 7.499999999999998 -4.5
    vertex -8.75 6.249999999999993 -5.25
  endloop
endfacet
facet normal 1 0 0
  outer loop
    vertex -8.75 7.499999999999991 -6
    vertex -8.75 6.249999999999993 -5.25
    vertex -8.75 4.999999999999988 -6
  endloop
endfacet
facet normal 1 0 0
  outer loop
    vertex -8.75 15 -6
    vertex -8.75 13.75 -5.250000000000002
    vertex -8.75 12.49999999999999 -6
  endloop
endfacet
facet normal 1 0 0
  outer loop
    vertex -8.75 13.75 -5.250000000000002
    vertex -8.75 11.25 -5.250000000000002
    vertex -8.75 12.49999999999999 -6
  endloop
endfacet
facet normal 1 0 0
  outer loop
    vertex -8.75 13.75 -5.250000000000002
    vertex -8.75 12.5 -4.500000000000004
    vertex -8.75 11.25 -5.250000000000002
  endloop
endfacet
facet normal 1 0 0
  outer loop
    vertex -8.75 12.49999999999999 -6
    vertex -8.75 11.25 -5.250000000000002
    vertex -8.75 9.999999999999993 -6
  endloop
endfacet
facet normal 1 -0 0
  outer loop
    vertex -8.75 10.00000000000001 -3
    vertex -8.75 11.25 -3.75
    vertex -8.75 12.50000000000001 -3
  endloop
endfacet
facet normal 1 0 0
  outer loop
    vertex -8.75 11.25 -3.75
    vertex -8.75 13.75000000000001 -3.75
    vertex -8.75 12.50000000000001 -3
  endloop
endfacet
facet normal 1 -0 0
  outer loop
    vertex -8.75 11.25 -3.75
    vertex -8.75 12.5 -4.500000000000004
    vertex -8.75 13.75000000000001 -3.75
  endloop
endfacet
facet normal 1 -0 0
  outer loop
    vertex -8.75 12.50000000000001 -3
    vertex -8.75 13.75000000000001 -3.75
    vertex -8.75 15.00000000000001 -3
  endloop
endfacet
facet normal 1 -0 0
  outer loop
    vertex -8.75 5.000000000000005 -3
    vertex -8.75 6.250000000000002 -3.75
    vertex -8.75 7.500000000000007 -3
  endloop
endfacet
facet normal 1 0 0
  outer loop
    vertex -8.75 6.250000000000002 -3.75
    vertex -8.75 8.750000000000004 -3.75
    vertex -8.75 7.500000000000007 -3
  endloop
endfacet
facet normal 1 -0 0
  outer loop
    vertex -8.75 6.250000000000002 -3.75
    vertex -8.75 7.499999999999998 -4.5
    vertex -8.75 8.750000000000004 -3.75
  endloop
endfacet
facet normal 1 -0 0
  outer loop
    vertex -8.75 7.500000000000007 -3
    vertex -8.75 8.750000000000004 -3.75
    vertex -8.75 10.00000000000001 -3
  endloop
endfacet
facet normal 1 0 0
  outer loop
    vertex -8.75 0 -6
    vertex -8.75 1.26813827571845 -5.249999999999996
    vertex -8.75 0 -5.25
  endloop
endfacet
facet normal 1 0 -0
  outer loop
    vertex -8.75 1.26813827571845 -5.249999999999996
    vertex -8.75 1.26813827571845 -4.499999999999996
    vertex -8.75 0 -5.25
  endloop
endfacet
facet normal 1 0 0
  outer loop
    vertex -8.75 1.26813827571845 -5.249999999999996
    vertex -8.75 2.536276551436901 -4.499999999999993
    vertex -8.75 1.26813827571845 -4.499999999999996
  endloop
endfacet
facet normal 1 0 0
  outer loop
    vertex -8.75 0 -5.25
    vertex -8.75 1.26813827571845 -4.499999999999996
    vertex -8.75 0 -4.5
  endloop
endfacet
facet normal 1 0 0
  outer loop
    vertex -8.75 0 -4.5
    vertex -8.75 1.26813827571845 -4.499999999999996
    vertex -8.75 0 -3.75
  endloop
endfacet
facet normal 1 0 -0
  outer loop
    vertex -8.75 1.26813827571845 -4.499999999999996
    vertex -8.75 1.26813827571845 -3.749999999999996
    vertex -8.75 0 -3.75
  endloop
endfacet
facet normal 1 0 0
  outer loop
    vertex -8.75 1.26813827571845 -4.499999999999996
    vertex -8.75 2.536276551436901 -4.499999999999993
    vertex -8.75 1.26813827571845 -3.749999999999996
  endloop
endfacet
facet normal 1 0 0
  outer loop
    vertex -8.75 0 -3.75
    vertex -8.75 1.26813827571845 -3.749999999999996
    vertex -8.75 0 -3
  endloop
endfacet
facet normal 1 -0 0
  outer loop
    vertex -8.75 0 -3
    vertex -8.75 1.26813827571845 -3.749999999999996
    vertex -8.75 2.500000000000004 -3
  endloop
endfacet
facet normal 1 0 0
  outer loop
    vertex -8.75 1.26813827571845 -3.749999999999996
    vertex -8.75 3.768138275718453 -3.749999999999996
    vertex -8.75 2.500000000000004 -3
  endloop
endfacet
facet normal 1 -0 0
  outer loop
    vertex -8.75 1.26813827571845 -3.749999999999996
    vertex -8.75 2.536276551436901 -4.499999999999993
    vertex -8.75 3.768138275718453 -3.749999999999996
  endloop
endfacet
facet normal 1 -0 0
  outer loop
    vertex -8.75 2.500000000000004 -3
    vertex -8.75 3.768138275718453 -3.749999999999996
    vertex -8.75 5.000000000000005 -3
  endloop
endfacet
facet normal 1 0 0
  outer loop
    vertex -8.75 20 -6
    vertex -8.75 18.73186172428155 -5.250000000000004
    vertex -8.75 17.5 -6
  endloop
endfacet
facet normal 1 0 0
  outer loop
    vertex -8.75 18.73186172428155 -5.250000000000004
    vertex -8.75 16.23186172428155 -5.250000000000004
    vertex -8.75 17.5 -6
  endloop
endfacet
facet normal 1 0 0
  outer loop
    vertex -8.75 18.73186172428155 -5.250000000000004
    vertex -8.75 17.4637234485631 -4.500000000000007
    vertex -8.75 16.23186172428155 -5.250000000000004
  endloop
endfacet
facet normal 1 0 0
  outer loop
    vertex -8.75 17.5 -6
    vertex -8.75 16.23186172428155 -5.250000000000004
    vertex -8.75 15 -6
  endloop
endfacet
facet normal 1 0 0
  outer loop
    vertex -8.75 20 -4.5
    vertex -8.75 18.73186172428155 -4.500000000000004
    vertex -8.75 20 -5.25
  endloop
endfacet
facet normal 1 0 0
  outer loop
    vertex -8.75 18.73186172428155 -4.500000000000004
    vertex -8.75 18.73186172428155 -5.250000000000004
    vertex -8.75 20 -5.25
  endloop
endfacet
facet normal 1 0 0
  outer loop
    vertex -8.75 18.73186172428155 -4.500000000000004
    vertex -8.75 17.4637234485631 -4.500000000000007
    vertex -8.75 18.73186172428155 -5.250000000000004
  endloop
endfacet
facet normal 1 0 0
  outer loop
    vertex -8.75 20 -5.25
    vertex -8.75 18.73186172428155 -5.250000000000004
    vertex -8.75 20 -6
  endloop
endfacet
facet normal 1 0 0
  outer loop
    vertex -8.75 20 -3
    vertex -8.75 18.73186172428155 -3.750000000000004
    vertex -8.75 20 -3.75
  endloop
endfacet
facet normal 1 -0 0
  outer loop
    vertex -8.75 18.73186172428155 -3.750000000000004
    vertex -8.75 18.73186172428155 -4.500000000000004
    vertex -8.75 20 -3.75
  endloop
endfacet
facet normal 1 0 0
  outer loop
    vertex -8.75 18.73186172428155 -3.750000000000004
    vertex -8.75 17.4637234485631 -4.500000000000007
    vertex -8.75 18.73186172428155 -4.500000000000004
  endloop
endfacet
facet normal 1 0 0
  outer loop
    vertex -8.75 20 -3.75
    vertex -8.75 18.73186172428155 -4.500000000000004
    vertex -8.75 20 -4.5
  endloop
endfacet
facet normal 0 -0 1
  outer loop
    vertex -4.37499999999999 20 -3
    vertex -3.362499999999995 21.5 -3
    vertex -5.712499999999995 21.5 -3
  endloop
endfacet
facet normal 0 0 1
  outer loop
    vertex -3.362499999999995 21.5 -3
    vertex -4.7 23 -3
    vertex -5.712499999999995 21.5 -3
  endloop
endfacet
facet normal 0 -0 1
  outer loop
    vertex -3.362499999999995 21.5 -3
    vertex -2.35 23 -3
    vertex -4.7 23 -3
  endloop
endfacet
facet normal 0 -0 1
  outer loop
    vertex -5.712499999999995 21.5 -3
    vertex -4.7 23 -3
    vertex -7.05 23 -3
  endloop
endfacet
facet normal -0 0 1
  outer loop
    vertex 2.35 23 -3
    vertex 3.362500000000004 21.5 -3
    vertex 4.699999999999999 23 -3
  endloop
endfacet
facet normal 0 0 1
  outer loop
    vertex 3.362500000000004 21.5 -3
    vertex 5.712500000000006 21.5 -3
    vertex 4.699999999999999 23 -3
  endloop
endfacet
facet normal -0 0 1
  outer loop
    vertex 3.362500000000004 21.5 -3
    vertex 4.375000000000005 20 -3
    vertex 5.712500000000006 21.5 -3
  endloop
endfacet
facet normal -0 0 1
  outer loop
    vertex 4.699999999999999 23 -3
    vertex 5.712500000000006 21.5 -3
    vertex 7.050000000000001 23 -3
  endloop
endfacet
facet normal 0 0 1
  outer loop
    vertex -7.05 23 -3
    vertex -7.9 21.5 -3
    vertex -5.712499999999995 21.5 -3
  endloop
endfacet
facet normal -0 0 1
  outer loop
    vertex -7.9 21.5 -3
    vertex -6.562499999999995 20 -3
    vertex -5.712499999999995 21.5 -3
  endloop
endfacet
facet normal 0 0 1
  outer loop
    vertex -7.9 21.5 -3
    vertex -8.75 20 -3
    vertex -6.562499999999995 20 -3
  endloop
endfacet
facet normal 0 0 1
  outer loop
    vertex -5.712499999999995 21.5 -3
    vertex -6.562499999999995 20 -3
    vertex -4.37499999999999 20 -3
  endloop
endfacet
facet normal 0 0 1
  outer loop
    vertex 7.050000000000001 23 -3
    vertex 5.712500000000006 21.5 -3
    vertex 7.899999999999999 21.5 -3
  endloop
endfacet
facet normal -0 0 1
  outer loop
    vertex 5.712500000000006 21.5 -3
    vertex 6.562500000000004 20 -3
    vertex 7.899999999999999 21.5 -3
  endloop
endfacet
facet normal 0 0 1
  outer loop
    vertex 5.712500000000006 21.5 -3
    vertex 4.375000000000005 20 -3
    vertex 6.562500000000004 20 -3
  endloop
endfacet
facet normal 0 0 1
  outer loop
    vertex 7.899999999999999 21.5 -3
    vertex 6.562500000000004 20 -3
    vertex 8.75 20 -3
  endloop
endfacet
facet normal 0 0 1
  outer loop
    vertex 11.75 23 -3
    vertex 9.399999999999999 23 -3
    vertex 10.25 21.5 -3
  endloop
endfacet
facet normal 0 0 1
  outer loop
    vertex 9.399999999999999 23 -3
    vertex 7.899999999999999 21.5 -3
    vertex 10.25 21.5 -3
  endloop
endfacet
facet normal 0 0 1
  outer loop
    vertex 9.399999999999999 23 -3
    vertex 7.050000000000001 23 -3
    vertex 7.899999999999999 21.5 -3
  endloop
endfacet
facet normal 0 0 1
  outer loop
    vertex 10.25 21.5 -3
    vertex 7.899999999999999 21.5 -3
    vertex 8.75 20 -3
  endloop
endfacet
facet normal -0 0 1
  outer loop
    vertex -11.75 23 -3
    vertex -10.25 21.5 -3
    vertex -9.4 23 -3
  endloop
endfacet
facet normal 0 0 1
  outer loop
    vertex -10.25 21.5 -3
    vertex -7.9 21.5 -3
    vertex -9.4 23 -3
  endloop
endfacet
facet normal -0 0 1
  outer loop
    vertex -10.25 21.5 -3
    vertex -8.75 20 -3
    vertex -7.9 21.5 -3
  endloop
endfacet
facet normal -0 0 1
  outer loop
    vertex -9.4 23 -3
    vertex -7.9 21.5 -3
    vertex -7.05 23 -3
  endloop
endfacet
facet normal 0 -0 1
  outer loop
    vertex 8.881784197001252e-15 20 -3
    vertex 1.175000000000004 21.5 -3
    vertex -1.174999999999995 21.5 -3
  endloop
endfacet
facet normal 0 0 1
  outer loop
    vertex 1.175000000000004 21.5 -3
    vertex 0 23 -3
    vertex -1.174999999999995 21.5 -3
  endloop
endfacet
facet normal 0 -0 1
  outer loop
    vertex 1.175000000000004 21.5 -3
    vertex 2.35 23 -3
    vertex 0 23 -3
  endloop
endfacet
facet normal 0 -0 1
  outer loop
    vertex -1.174999999999995 21.5 -3
    vertex 0 23 -3
    vertex -2.35 23 -3
  endloop
endfacet
facet normal 0 0 1
  outer loop
    vertex -11.75 18.40000000000001 -3
    vertex -10.25 19.20000000000001 -3
    vertex -11.75 20.70000000000001 -3
  endloop
endfacet
facet normal 0 -0 1
  outer loop
    vertex -10.25 19.20000000000001 -3
    vertex -10.25 21.5 -3
    vertex -11.75 20.70000000000001 -3
  endloop
endfacet
facet normal 0 0 1
  outer loop
    vertex -10.25 19.20000000000001 -3
    vertex -8.75 20 -3
    vertex -10.25 21.5 -3
  endloop
endfacet
facet normal 0 0 1
  outer loop
    vertex -11.75 20.70000000000001 -3
    vertex -10.25 21.5 -3
    vertex -11.75 23 -3
  endloop
endfacet
facet normal -0 0 1
  outer loop
    vertex 8.75 20 -3
    vertex 10.25 19.20000000000001 -3
    vertex 10.25 21.5 -3
  endloop
endfacet
facet normal 0 0 1
  outer loop
    vertex 10.25 19.20000000000001 -3
    vertex 11.75 20.70000000000001 -3
    vertex 10.25 21.5 -3
  endloop
endfacet
facet normal -0 0 1
  outer loop
    vertex 10.25 19.20000000000001 -3
    vertex 11.75 18.40000000000001 -3
    vertex 11.75 20.70000000000001 -3
  endloop
endfacet
facet normal -0 0 1
  outer loop
    vertex 10.25 21.5 -3
    vertex 11.75 20.70000000000001 -3
    vertex 11.75 23 -3
  endloop
endfacet
facet normal 0 0 1
  outer loop
    vertex 8.881784197001252e-15 20 -3
    vertex -1.174999999999995 21.5 -3
    vertex -2.187499999999991 20 -3
  endloop
endfacet
facet normal 0 0 1
  outer loop
    vertex -1.174999999999995 21.5 -3
    vertex -3.362499999999995 21.5 -3
    vertex -2.187499999999991 20 -3
  endloop
endfacet
facet normal 0 0 1
  outer loop
    vertex -1.174999999999995 21.5 -3
    vertex -2.35 23 -3
    vertex -3.362499999999995 21.5 -3
  endloop
endfacet
facet normal 0 0 1
  outer loop
    vertex -2.187499999999991 20 -3
    vertex -3.362499999999995 21.5 -3
    vertex -4.37499999999999 20 -3
  endloop
endfacet
facet normal 0 0 1
  outer loop
    vertex 8.881784197001252e-15 20 -3
    vertex 2.187500000000007 20 -3
    vertex 1.175000000000004 21.5 -3
  endloop
endfacet
facet normal 0 -0 1
  outer loop
    vertex 2.187500000000007 20 -3
    vertex 3.362500000000004 21.5 -3
    vertex 1.175000000000004 21.5 -3
  endloop
endfacet
facet normal 0 0 1
  outer loop
    vertex 2.187500000000007 20 -3
    vertex 4.375000000000005 20 -3
    vertex 3.362500000000004 21.5 -3
  endloop
endfacet
facet normal 0 0 1
  outer loop
    vertex 1.175000000000004 21.5 -3
    vertex 3.362500000000004 21.5 -3
    vertex 2.35 23 -3
  endloop
endfacet
facet normal -0 0 1
  outer loop
    vertex -11.75 4.599999999999999 -3
    vertex -11 3.5 -3
    vertex -10.25 4.800000000000002 -3
  endloop
endfacet
facet normal 0 0 1
  outer loop
    vertex -11 3.5 -3
    vertex -9.5 3.700000000000003 -3
    vertex -10.25 4.800000000000002 -3
  endloop
endfacet
facet normal -0 0 1
  outer loop
    vertex -11 3.5 -3
    vertex -10.25 2.400000000000001 -3
    vertex -9.5 3.700000000000003 -3
  endloop
endfacet
facet normal -0 0 1
  outer loop
    vertex -10.25 4.800000000000002 -3
    vertex -9.5 3.700000000000003 -3
    vertex -8.75 5.000000000000005 -3
  endloop
endfacet
facet normal 0 0 1
  outer loop
    vertex 8.75 4.999999999999987 -3
    vertex 9.5 3.699999999999991 -3
    vertex 10.25 4.799999999999993 -3
  endloop
endfacet
facet normal -0 0 1
  outer loop
    vertex 9.5 3.699999999999991 -3
    vertex 11 3.499999999999997 -3
    vertex 10.25 4.799999999999993 -3
  endloop
endfacet
facet normal 0 0 1
  outer loop
    vertex 9.5 3.699999999999991 -3
    vertex 10.25 2.399999999999996 -3
    vertex 11 3.499999999999997 -3
  endloop
endfacet
facet normal 0 0 1
  outer loop
    vertex 10.25 4.799999999999993 -3
    vertex 11 3.499999999999997 -3
    vertex 11.75 4.599999999999999 -3
  endloop
endfacet
facet normal 0 0 1
  outer loop
    vertex 11.75 0 -3
    vertex 11 1.199999999999998 -3
    vertex 10.25 0 -3
  endloop
endfacet
facet normal 0 0 1
  outer loop
    vertex 11 1.199999999999998 -3
    vertex 9.5 1.199999999999998 -3
    vertex 10.25 0 -3
  endloop
endfacet
facet normal 0 0 1
  outer loop
    vertex 11 1.199999999999998 -3
    vertex 10.25 2.399999999999996 -3
    vertex 9.5 1.199999999999998 -3
  endloop
endfacet
facet normal 0 0 1
  outer loop
    vertex 10.25 0 -3
    vertex 9.5 1.199999999999998 -3
    vertex 8.75 0 -3
  endloop
endfacet
facet normal 0 0 1
  outer loop
    vertex -8.75 0 -3
    vertex -9.5 1.200000000000001 -3
    vertex -10.25 0 -3
  endloop
endfacet
facet normal 0 0 1
  outer loop
    vertex -9.5 1.200000000000001 -3
    vertex -11 1.200000000000001 -3
    vertex -10.25 0 -3
  endloop
endfacet
facet normal 0 0 1
  outer loop
    vertex -9.5 1.200000000000001 -3
    vertex -10.25 2.400000000000001 -3
    vertex -11 1.200000000000001 -3
  endloop
endfacet
facet normal 0 0 1
  outer loop
    vertex -10.25 0 -3
    vertex -11 1.200000000000001 -3
    vertex -11.75 0 -3
  endloop
endfacet
facet normal 0 0 1
  outer loop
    vertex -8.75 5.000000000000005 -3
    vertex -9.5 3.700000000000003 -3
    vertex -8.75 2.500000000000004 -3
  endloop
endfacet
facet normal 0 0 1
  outer loop
    vertex -9.5 3.700000000000003 -3
    vertex -9.5 1.200000000000001 -3
    vertex -8.75 2.500000000000004 -3
  endloop
endfacet
facet normal 0 0 1
  outer loop
    vertex -9.5 3.700000000000003 -3
    vertex -10.25 2.400000000000001 -3
    vertex -9.5 1.200000000000001 -3
  endloop
endfacet
facet normal 0 0 1
  outer loop
    vertex -8.75 2.500000000000004 -3
    vertex -9.5 1.200000000000001 -3
    vertex -8.75 0 -3
  endloop
endfacet
facet normal 0 0 1
  outer loop
    vertex -11.75 0 -3
    vertex -11 1.200000000000001 -3
    vertex -11.75 2.299999999999999 -3
  endloop
endfacet
facet normal 0 -0 1
  outer loop
    vertex -11 1.200000000000001 -3
    vertex -11 3.5 -3
    vertex -11.75 2.299999999999999 -3
  endloop
endfacet
facet normal 0 0 1
  outer loop
    vertex -11 1.200000000000001 -3
    vertex -10.25 2.400000000000001 -3
    vertex -11 3.5 -3
  endloop
endfacet
facet normal 0 0 1
  outer loop
    vertex -11.75 2.299999999999999 -3
    vertex -11 3.5 -3
    vertex -11.75 4.599999999999999 -3
  endloop
endfacet
facet normal 0 0 1
  outer loop
    vertex 8.75 0 -3
    vertex 9.5 1.199999999999998 -3
    vertex 8.75 2.499999999999993 -3
  endloop
endfacet
facet normal 0 -0 1
  outer loop
    vertex 9.5 1.199999999999998 -3
    vertex 9.5 3.699999999999991 -3
    vertex 8.75 2.499999999999993 -3
  endloop
endfacet
facet normal 0 0 1
  outer loop
    vertex 9.5 1.199999999999998 -3
    vertex 10.25 2.399999999999996 -3
    vertex 9.5 3.699999999999991 -3
  endloop
endfacet
facet normal 0 0 1
  outer loop
    vertex 8.75 2.499999999999993 -3
    vertex 9.5 3.699999999999991 -3
    vertex 8.75 4.999999999999987 -3
  endloop
endfacet
facet normal 0 0 1
  outer loop
    vertex 11.75 4.599999999999999 -3
    vertex 11 3.499999999999997 -3
    vertex 11.75 2.299999999999999 -3
  endloop
endfacet
facet normal 0 0 1
  outer loop
    vertex 11 3.499999999999997 -3
    vertex 11 1.199999999999998 -3
    vertex 11.75 2.299999999999999 -3
  endloop
endfacet
facet normal 0 0 1
  outer loop
    vertex 11 3.499999999999997 -3
    vertex 10.25 2.399999999999996 -3
    vertex 11 1.199999999999998 -3
  endloop
endfacet
facet normal 0 0 1
  outer loop
    vertex 11.75 2.299999999999999 -3
    vertex 11 1.199999999999998 -3
    vertex 11.75 0 -3
  endloop
endfacet
facet normal 0 -0 1
  outer loop
    vertex -8.75 15.00000000000001 -3
    vertex -8.75 17.50000000000001 -3
    vertex -10.25 16.70000000000001 -3
  endloop
endfacet
facet normal 0 0 1
  outer loop
    vertex -8.75 17.50000000000001 -3
    vertex -10.25 19.20000000000001 -3
    vertex -10.25 16.70000000000001 -3
  endloop
endfacet
facet normal 0 -0 1
  outer loop
    vertex -8.75 17.50000000000001 -3
    vertex -8.75 20 -3
    vertex -10.25 19.20000000000001 -3
  endloop
endfacet
facet normal 0 -0 1
  outer loop
    vertex -10.25 16.70000000000001 -3
    vertex -10.25 19.20000000000001 -3
    vertex -11.75 18.40000000000001 -3
  endloop
endfacet
facet normal 0 0 1
  outer loop
    vertex 8.75 14.99999999999999 -3
    vertex 10.25 16.7 -3
    vertex 8.75 17.5 -3
  endloop
endfacet
facet normal 0 -0 1
  outer loop
    vertex 10.25 16.7 -3
    vertex 10.25 19.20000000000001 -3
    vertex 8.75 17.5 -3
  endloop
endfacet
facet normal 0 0 1
  outer loop
    vertex 10.25 16.7 -3
    vertex 11.75 18.40000000000001 -3
    vertex 10.25 19.20000000000001 -3
  endloop
endfacet
facet normal 0 0 1
  outer loop
    vertex 8.75 17.5 -3
    vertex 10.25 19.20000000000001 -3
    vertex 8.75 20 -3
  endloop
endfacet
facet normal 0 0 1
  outer loop
    vertex -8.75 15.00000000000001 -3
    vertex -10.25 14.40000000000001 -3
    vertex -8.75 12.50000000000001 -3
  endloop
endfacet
facet normal 0 0 1
  outer loop
    vertex -10.25 14.40000000000001 -3
    vertex -10.25 11.9 -3
    vertex -8.75 12.50000000000001 -3
  endloop
endfacet
facet normal 0 0 1
  outer loop
    vertex -10.25 14.40000000000001 -3
    vertex -11.75 13.8 -3
    vertex -10.25 11.9 -3
  endloop
endfacet
facet normal 0 0 1
  outer loop
    vertex -8.75 12.50000000000001 -3
    vertex -10.25 11.9 -3
    vertex -8.75 10.00000000000001 -3
  endloop
endfacet
facet normal 0 0 1
  outer loop
    vertex -8.75 15.00000000000001 -3
    vertex -10.25 16.70000000000001 -3
    vertex -10.25 14.40000000000001 -3
  endloop
endfacet
facet normal 0 0 1
  outer loop
    vertex -10.25 16.70000000000001 -3
    vertex -11.75 16.1 -3
    vertex -10.25 14.40000000000001 -3
  endloop
endfacet
facet normal 0 0 1
  outer loop
    vertex -10.25 16.70000000000001 -3
    vertex -11.75 18.40000000000001 -3
    vertex -11.75 16.1 -3
  endloop
endfacet
facet normal 0 0 1
  outer loop
    vertex -10.25 14.40000000000001 -3
    vertex -11.75 16.1 -3
    vertex -11.75 13.8 -3
  endloop
endfacet
facet normal 0 0 1
  outer loop
    vertex -8.75 10.00000000000001 -3
    vertex -10.25 9.599999999999998 -3
    vertex -8.75 7.500000000000007 -3
  endloop
endfacet
facet normal 0 0 1
  outer loop
    vertex -10.25 9.599999999999998 -3
    vertex -10.25 7.099999999999996 -3
    vertex -8.75 7.500000000000007 -3
  endloop
endfacet
facet normal 0 0 1
  outer loop
    vertex -10.25 9.599999999999998 -3
    vertex -11.75 9.199999999999987 -3
    vertex -10.25 7.099999999999996 -3
  endloop
endfacet
facet normal 0 0 1
  outer loop
    vertex -8.75 7.500000000000007 -3
    vertex -10.25 7.099999999999996 -3
    vertex -8.75 5.000000000000005 -3
  endloop
endfacet
facet normal 0 0 1
  outer loop
    vertex -8.75 10.00000000000001 -3
    vertex -10.25 11.9 -3
    vertex -10.25 9.599999999999998 -3
  endloop
endfacet
facet normal 0 0 1
  outer loop
    vertex -10.25 11.9 -3
    vertex -11.75 11.49999999999999 -3
    vertex -10.25 9.599999999999998 -3
  endloop
endfacet
facet normal 0 0 1
  outer loop
    vertex -10.25 11.9 -3
    vertex -11.75 13.8 -3
    vertex -11.75 11.49999999999999 -3
  endloop
endfacet
facet normal 0 0 1
  outer loop
    vertex -10.25 9.599999999999998 -3
    vertex -11.75 11.49999999999999 -3
    vertex -11.75 9.199999999999987 -3
  endloop
endfacet
facet normal 0 0 1
  outer loop
    vertex -8.75 5.000000000000005 -3
    vertex -10.25 7.099999999999996 -3
    vertex -10.25 4.800000000000002 -3
  endloop
endfacet
facet normal 0 0 1
  outer loop
    vertex -10.25 7.099999999999996 -3
    vertex -11.75 6.899999999999993 -3
    vertex -10.25 4.800000000000002 -3
  endloop
endfacet
facet normal 0 0 1
  outer loop
    vertex -10.25 7.099999999999996 -3
    vertex -11.75 9.199999999999987 -3
    vertex -11.75 6.899999999999993 -3
  endloop
endfacet
facet normal 0 0 1
  outer loop
    vertex -10.25 4.800000000000002 -3
    vertex -11.75 6.899999999999993 -3
    vertex -11.75 4.599999999999999 -3
  endloop
endfacet
facet normal 0 0 1
  outer loop
    vertex 11.75 9.199999999999987 -3
    vertex 10.25 9.599999999999989 -3
    vertex 10.25 7.099999999999987 -3
  endloop
endfacet
facet normal 0 0 1
  outer loop
    vertex 10.25 9.599999999999989 -3
    vertex 8.75 7.499999999999988 -3
    vertex 10.25 7.099999999999987 -3
  endloop
endfacet
facet normal 0 0 1
  outer loop
    vertex 10.25 9.599999999999989 -3
    vertex 8.75 9.999999999999991 -3
    vertex 8.75 7.499999999999988 -3
  endloop
endfacet
facet normal 0 0 1
  outer loop
    vertex 10.25 7.099999999999987 -3
    vertex 8.75 7.499999999999988 -3
    vertex 8.75 4.999999999999987 -3
  endloop
endfacet
facet normal 0 0 1
  outer loop
    vertex 11.75 9.199999999999987 -3
    vertex 10.25 7.099999999999987 -3
    vertex 11.75 6.899999999999993 -3
  endloop
endfacet
facet normal 0 0 1
  outer loop
    vertex 10.25 7.099999999999987 -3
    vertex 10.25 4.799999999999993 -3
    vertex 11.75 6.899999999999993 -3
  endloop
endfacet
facet normal 0 0 1
  outer loop
    vertex 10.25 7.099999999999987 -3
    vertex 8.75 4.999999999999987 -3
    vertex 10.25 4.799999999999993 -3
  endloop
endfacet
facet normal 0 0 1
  outer loop
    vertex 11.75 6.899999999999993 -3
    vertex 10.25 4.799999999999993 -3
    vertex 11.75 4.599999999999999 -3
  endloop
endfacet
facet normal 0 0 1
  outer loop
    vertex 8.75 14.99999999999999 -3
    vertex 8.75 12.49999999999999 -3
    vertex 10.25 14.4 -3
  endloop
endfacet
facet normal -0 0 1
  outer loop
    vertex 8.75 12.49999999999999 -3
    vertex 10.25 11.9 -3
    vertex 10.25 14.4 -3
  endloop
endfacet
facet normal 0 0 1
  outer loop
    vertex 8.75 12.49999999999999 -3
    vertex 8.75 9.999999999999991 -3
    vertex 10.25 11.9 -3
  endloop
endfacet
facet normal 0 0 1
  outer loop
    vertex 10.25 14.4 -3
    vertex 10.25 11.9 -3
    vertex 11.75 13.8 -3
  endloop
endfacet
facet normal 0 0 1
  outer loop
    vertex 11.75 13.8 -3
    vertex 10.25 11.9 -3
    vertex 11.75 11.49999999999999 -3
  endloop
endfacet
facet normal 0 0 1
  outer loop
    vertex 10.25 11.9 -3
    vertex 10.25 9.599999999999989 -3
    vertex 11.75 11.49999999999999 -3
  endloop
endfacet
facet normal 0 0 1
  outer loop
    vertex 10.25 11.9 -3
    vertex 8.75 9.999999999999991 -3
    vertex 10.25 9.599999999999989 -3
  endloop
endfacet
facet normal 0 0 1
  outer loop
    vertex 11.75 11.49999999999999 -3
    vertex 10.25 9.599999999999989 -3
    vertex 11.75 9.199999999999987 -3
  endloop
endfacet
facet normal 0 -0 1
  outer loop
    vertex 11.75 13.8 -3
    vertex 11.75 16.1 -3
    vertex 10.25 14.4 -3
  endloop
endfacet
facet normal 0 0 1
  outer loop
    vertex 11.75 16.1 -3
    vertex 10.25 16.7 -3
    vertex 10.25 14.4 -3
  endloop
endfacet
facet normal 0 -0 1
  outer loop
    vertex 11.75 16.1 -3
    vertex 11.75 18.40000000000001 -3
    vertex 10.25 16.7 -3
  endloop
endfacet
facet normal 0 -0 1
  outer loop
    vertex 10.25 14.4 -3
    vertex 10.25 16.7 -3
    vertex 8.75 14.99999999999999 -3
  endloop
endfacet
facet normal 1 0 0
  outer loop
    vertex -11.75 13.8 -3
    vertex -11.75 14.95 -2.25
    vertex -11.75 13.8 -1.5
  endloop
endfacet
facet normal 1 0 -0
  outer loop
    vertex -11.75 14.95 -2.25
    vertex -11.75 14.95 -0.75
    vertex -11.75 13.8 -1.5
  endloop
endfacet
facet normal 1 0 0
  outer loop
    vertex -11.75 14.95 -2.25
    vertex -11.75 16.1 -1.5
    vertex -11.75 14.95 -0.75
  endloop
endfacet
facet normal 1 0 0
  outer loop
    vertex -11.75 13.8 -1.5
    vertex -11.75 14.95 -0.75
    vertex -11.75 13.8 0
  endloop
endfacet
facet normal 1 0 0
  outer loop
    vertex -11.75 13.8 0
    vertex -11.75 12.65 -0.75
    vertex -11.75 13.8 -1.5
  endloop
endfacet
facet normal 1 0 0
  outer loop
    vertex -11.75 12.65 -0.75
    vertex -11.75 12.65 -2.25
    vertex -11.75 13.8 -1.5
  endloop
endfacet
facet normal 1 0 0
  outer loop
    vertex -11.75 12.65 -0.75
    vertex -11.75 11.49999999999999 -1.5
    vertex -11.75 12.65 -2.25
  endloop
endfacet
facet normal 1 0 0
  outer loop
    vertex -11.75 13.8 -1.5
    vertex -11.75 12.65 -2.25
    vertex -11.75 13.8 -3
  endloop
endfacet
facet normal 1 0 0
  outer loop
    vertex -11.75 18.40000000000001 0
    vertex -11.75 17.25000000000001 -0.75
    vertex -11.75 18.40000000000001 -1.5
  endloop
endfacet
facet normal 1 0 0
  outer loop
    vertex -11.75 17.25000000000001 -0.75
    vertex -11.75 17.25000000000001 -2.25
    vertex -11.75 18.40000000000001 -1.5
  endloop
endfacet
facet normal 1 0 0
  outer loop
    vertex -11.75 17.25000000000001 -0.75
    vertex -11.75 16.1 -1.5
    vertex -11.75 17.25000000000001 -2.25
  endloop
endfacet
facet normal 1 0 0
  outer loop
    vertex -11.75 18.40000000000001 -1.5
    vertex -11.75 17.25000000000001 -2.25
    vertex -11.75 18.40000000000001 -3
  endloop
endfacet
facet normal 1 0 0
  outer loop
    vertex -11.75 9.199999999999987 -3
    vertex -11.75 10.34999999999999 -2.25
    vertex -11.75 9.199999999999987 -1.5
  endloop
endfacet
facet normal 1 0 -0
  outer loop
    vertex -11.75 10.34999999999999 -2.25
    vertex -11.75 10.34999999999999 -0.75
    vertex -11.75 9.199999999999987 -1.5
  endloop
endfacet
facet normal 1 0 0
  outer loop
    vertex -11.75 10.34999999999999 -2.25
    vertex -11.75 11.49999999999999 -1.5
    vertex -11.75 10.34999999999999 -0.75
  endloop
endfacet
facet normal 1 0 0
  outer loop
    vertex -11.75 9.199999999999987 -1.5
    vertex -11.75 10.34999999999999 -0.75
    vertex -11.75 9.199999999999987 0
  endloop
endfacet
facet normal 1 0 0
  outer loop
    vertex -11.75 0 -3
    vertex -11.75 1.15 -2.25
    vertex -11.75 0 -1.5
  endloop
endfacet
facet normal 1 0 -0
  outer loop
    vertex -11.75 1.15 -2.25
    vertex -11.75 1.15 -0.75
    vertex -11.75 0 -1.5
  endloop
endfacet
facet normal 1 0 0
  outer loop
    vertex -11.75 1.15 -2.25
    vertex -11.75 2.299999999999999 -1.5
    vertex -11.75 1.15 -0.75
  endloop
endfacet
facet normal 1 0 0
  outer loop
    vertex -11.75 0 -1.5
    vertex -11.75 1.15 -0.75
    vertex -11.75 0 0
  endloop
endfacet
facet normal 1 0 0
  outer loop
    vertex -11.75 4.599999999999999 0
    vertex -11.75 3.449999999999999 -0.75
    vertex -11.75 4.599999999999999 -1.5
  endloop
endfacet
facet normal 1 0 0
  outer loop
    vertex -11.75 3.449999999999999 -0.75
    vertex -11.75 3.449999999999999 -2.25
    vertex -11.75 4.599999999999999 -1.5
  endloop
endfacet
facet normal 1 0 0
  outer loop
    vertex -11.75 3.449999999999999 -0.75
    vertex -11.75 2.299999999999999 -1.5
    vertex -11.75 3.449999999999999 -2.25
  endloop
endfacet
facet normal 1 0 0
  outer loop
    vertex -11.75 4.599999999999999 -1.5
    vertex -11.75 3.449999999999999 -2.25
    vertex -11.75 4.599999999999999 -3
  endloop
endfacet
facet normal 1 0 0
  outer loop
    vertex -11.75 23 0
    vertex -11.75 21.85 -0.75
    vertex -11.75 23 -1.5
  endloop
endfacet
facet normal 1 0 0
  outer loop
    vertex -11.75 21.85 -0.75
    vertex -11.75 21.85 -2.25
    vertex -11.75 23 -1.5
  endloop
endfacet
facet normal 1 0 0
  outer loop
    vertex -11.75 21.85 -0.75
    vertex -11.75 20.70000000000001 -1.5
    vertex -11.75 21.85 -2.25
  endloop
endfacet
facet normal 1 0 0
  outer loop
    vertex -11.75 23 -1.5
    vertex -11.75 21.85 -2.25
    vertex -11.75 23 -3
  endloop
endfacet
facet normal 1 0 0
  outer loop
    vertex -11.75 4.599999999999999 -3
    vertex -11.75 5.749999999999995 -2.25
    vertex -11.75 4.599999999999999 -1.5
  endloop
endfacet
facet normal 1 0 -0
  outer loop
    vertex -11.75 5.749999999999995 -2.25
    vertex -11.75 5.749999999999995 -0.75
    vertex -11.75 4.599999999999999 -1.5
  endloop
endfacet
facet normal 1 0 0
  outer loop
    vertex -11.75 5.749999999999995 -2.25
    vertex -11.75 6.899999999999991 -1.5
    vertex -11.75 5.749999999999995 -0.75
  endloop
endfacet
facet normal 1 0 0
  outer loop
    vertex -11.75 4.599999999999999 -1.5
    vertex -11.75 5.749999999999995 -0.75
    vertex -11.75 4.599999999999999 0
  endloop
endfacet
facet normal 1 0 0
  outer loop
    vertex -11.75 9.199999999999987 0
    vertex -11.75 8.04999999999999 -0.75
    vertex -11.75 9.199999999999987 -1.5
  endloop
endfacet
facet normal 1 0 0
  outer loop
    vertex -11.75 8.04999999999999 -0.75
    vertex -11.75 8.04999999999999 -2.25
    vertex -11.75 9.199999999999987 -1.5
  endloop
endfacet
facet normal 1 0 0
  outer loop
    vertex -11.75 8.04999999999999 -0.75
    vertex -11.75 6.899999999999991 -1.5
    vertex -11.75 8.04999999999999 -2.25
  endloop
endfacet
facet normal 1 0 0
  outer loop
    vertex -11.75 9.199999999999987 -1.5
    vertex -11.75 8.04999999999999 -2.25
    vertex -11.75 9.199999999999987 -3
  endloop
endfacet
facet normal 1 0 0
  outer loop
    vertex -11.75 18.40000000000001 -3
    vertex -11.75 19.55000000000001 -2.25
    vertex -11.75 18.40000000000001 -1.5
  endloop
endfacet
facet normal 1 0 -0
  outer loop
    vertex -11.75 19.55000000000001 -2.25
    vertex -11.75 19.55000000000001 -0.75
    vertex -11.75 18.40000000000001 -1.5
  endloop
endfacet
facet normal 1 0 0
  outer loop
    vertex -11.75 19.55000000000001 -2.25
    vertex -11.75 20.70000000000001 -1.5
    vertex -11.75 19.55000000000001 -0.75
  endloop
endfacet
facet normal 1 0 0
  outer loop
    vertex -11.75 18.40000000000001 -1.5
    vertex -11.75 19.55000000000001 -0.75
    vertex -11.75 18.40000000000001 0
  endloop
endfacet
facet normal 1 0 0
  outer loop
    vertex -11.75 4.599999999999999 -3
    vertex -11.75 3.449999999999999 -2.25
    vertex -11.75 2.299999999999999 -3
  endloop
endfacet
facet normal 1 0 0
  outer loop
    vertex -11.75 3.449999999999999 -2.25
    vertex -11.75 1.15 -2.25
    vertex -11.75 2.299999999999999 -3
  endloop
endfacet
facet normal 1 0 0
  outer loop
    vertex -11.75 3.449999999999999 -2.25
    vertex -11.75 2.299999999999999 -1.5
    vertex -11.75 1.15 -2.25
  endloop
endfacet
facet normal 1 0 0
  outer loop
    vertex -11.75 2.299999999999999 -3
    vertex -11.75 1.15 -2.25
    vertex -11.75 0 -3
  endloop
endfacet
facet normal 1 -0 0
  outer loop
    vertex -11.75 0 0
    vertex -11.75 1.15 -0.75
    vertex -11.75 2.299999999999999 0
  endloop
endfacet
facet normal 1 0 0
  outer loop
    vertex -11.75 1.15 -0.75
    vertex -11.75 3.449999999999999 -0.75
    vertex -11.75 2.299999999999999 0
  endloop
endfacet
facet normal 1 -0 0
  outer loop
    vertex -11.75 1.15 -0.75
    vertex -11.75 2.299999999999999 -1.5
    vertex -11.75 3.449999999999999 -0.75
  endloop
endfacet
facet normal 1 -0 0
  outer loop
    vertex -11.75 2.299999999999999 0
    vertex -11.75 3.449999999999999 -0.75
    vertex -11.75 4.599999999999999 0
  endloop
endfacet
facet normal 1 0 0
  outer loop
    vertex -11.75 23 -3
    vertex -11.75 21.85 -2.25
    vertex -11.75 20.70000000000001 -3
  endloop
endfacet
facet normal 1 0 0
  outer loop
    vertex -11.75 21.85 -2.25
    vertex -11.75 19.55000000000001 -2.25
    vertex -11.75 20.70000000000001 -3
  endloop
endfacet
facet normal 1 0 0
  outer loop
    vertex -11.75 21.85 -2.25
    vertex -11.75 20.70000000000001 -1.5
    vertex -11.75 19.55000000000001 -2.25
  endloop
endfacet
facet normal 1 0 0
  outer loop
    vertex -11.75 20.70000000000001 -3
    vertex -11.75 19.55000000000001 -2.25
    vertex -11.75 18.40000000000001 -3
  endloop
endfacet
facet normal 1 -0 0
  outer loop
    vertex -11.75 18.40000000000001 0
    vertex -11.75 19.55000000000001 -0.75
    vertex -11.75 20.70000000000001 0
  endloop
endfacet
facet normal 1 0 0
  outer loop
    vertex -11.75 19.55000000000001 -0.75
    vertex -11.75 21.85 -0.75
    vertex -11.75 20.70000000000001 0
  endloop
endfacet
facet normal 1 -0 0
  outer loop
    vertex -11.75 19.55000000000001 -0.75
    vertex -11.75 20.70000000000001 -1.5
    vertex -11.75 21.85 -0.75
  endloop
endfacet
facet normal 1 -0 0
  outer loop
    vertex -11.75 20.70000000000001 0
    vertex -11.75 21.85 -0.75
    vertex -11.75 23 0
  endloop
endfacet
facet normal 1 0 0
  outer loop
    vertex -11.75 9.199999999999987 -3
    vertex -11.75 8.04999999999999 -2.25
    vertex -11.75 6.899999999999993 -3
  endloop
endfacet
facet normal 1 0 0
  outer loop
    vertex -11.75 8.04999999999999 -2.25
    vertex -11.75 5.749999999999995 -2.25
    vertex -11.75 6.899999999999993 -3
  endloop
endfacet
facet normal 1 0 0
  outer loop
    vertex -11.75 8.04999999999999 -2.25
    vertex -11.75 6.899999999999991 -1.5
    vertex -11.75 5.749999999999995 -2.25
  endloop
endfacet
facet normal 1 0 0
  outer loop
    vertex -11.75 6.899999999999993 -3
    vertex -11.75 5.749999999999995 -2.25
    vertex -11.75 4.599999999999999 -3
  endloop
endfacet
facet normal 1 0 0
  outer loop
    vertex -11.75 13.8 -3
    vertex -11.75 12.65 -2.25
    vertex -11.75 11.49999999999999 -3
  endloop
endfacet
facet normal 1 0 0
  outer loop
    vertex -11.75 12.65 -2.25
    vertex -11.75 10.34999999999999 -2.25
    vertex -11.75 11.49999999999999 -3
  endloop
endfacet
facet normal 1 0 0
  outer loop
    vertex -11.75 12.65 -2.25
    vertex -11.75 11.49999999999999 -1.5
    vertex -11.75 10.34999999999999 -2.25
  endloop
endfacet
facet normal 1 0 0
  outer loop
    vertex -11.75 11.49999999999999 -3
    vertex -11.75 10.34999999999999 -2.25
    vertex -11.75 9.199999999999987 -3
  endloop
endfacet
facet normal 1 0 0
  outer loop
    vertex -11.75 18.40000000000001 -3
    vertex -11.75 17.25000000000001 -2.25
    vertex -11.75 16.1 -3
  endloop
endfacet
facet normal 1 0 0
  outer loop
    vertex -11.75 17.25000000000001 -2.25
    vertex -11.75 14.95 -2.25
    vertex -11.75 16.1 -3
  endloop
endfacet
facet normal 1 0 0
  outer loop
    vertex -11.75 17.25000000000001 -2.25
    vertex -11.75 16.1 -1.5
    vertex -11.75 14.95 -2.25
  endloop
endfacet
facet normal 1 0 0
  outer loop
    vertex -11.75 16.1 -3
    vertex -11.75 14.95 -2.25
    vertex -11.75 13.8 -3
  endloop
endfacet
facet normal 1 -0 0
  outer loop
    vertex -11.75 4.599999999999999 0
    vertex -11.75 5.749999999999995 -0.75
    vertex -11.75 6.899999999999993 0
  endloop
endfacet
facet normal 1 0 0
  outer loop
    vertex -11.75 5.749999999999995 -0.75
    vertex -11.75 8.04999999999999 -0.75
    vertex -11.75 6.899999999999993 0
  endloop
endfacet
facet normal 1 -0 0
  outer loop
    vertex -11.75 5.749999999999995 -0.75
    vertex -11.75 6.899999999999991 -1.5
    vertex -11.75 8.04999999999999 -0.75
  endloop
endfacet
facet normal 1 -0 0
  outer loop
    vertex -11.75 6.899999999999993 0
    vertex -11.75 8.04999999999999 -0.75
    vertex -11.75 9.199999999999987 0
  endloop
endfacet
facet normal 1 -0 0
  outer loop
    vertex -11.75 9.199999999999987 0
    vertex -11.75 10.34999999999999 -0.75
    vertex -11.75 11.49999999999999 0
  endloop
endfacet
facet normal 1 0 0
  outer loop
    vertex -11.75 10.34999999999999 -0.75
    vertex -11.75 12.65 -0.75
    vertex -11.75 11.49999999999999 0
  endloop
endfacet
facet normal 1 -0 0
  outer loop
    vertex -11.75 10.34999999999999 -0.75
    vertex -11.75 11.49999999999999 -1.5
    vertex -11.75 12.65 -0.75
  endloop
endfacet
facet normal 1 -0 0
  outer loop
    vertex -11.75 11.49999999999999 0
    vertex -11.75 12.65 -0.75
    vertex -11.75 13.8 0
  endloop
endfacet
facet normal 1 -0 0
  outer loop
    vertex -11.75 13.8 0
    vertex -11.75 14.95 -0.75
    vertex -11.75 16.1 0
  endloop
endfacet
facet normal 1 0 0
  outer loop
    vertex -11.75 14.95 -0.75
    vertex -11.75 17.25000000000001 -0.75
    vertex -11.75 16.1 0
  endloop
endfacet
facet normal 1 -0 0
  outer loop
    vertex -11.75 14.95 -0.75
    vertex -11.75 16.1 -1.5
    vertex -11.75 17.25000000000001 -0.75
  endloop
endfacet
facet normal 1 -0 0
  outer loop
    vertex -11.75 16.1 0
    vertex -11.75 17.25000000000001 -0.75
    vertex -11.75 18.40000000000001 0
  endloop
endfacet
facet normal 0 0 -1
  outer loop
    vertex 11.75 0 0
    vertex 10.89567931491105 0.3614514604882686 0
    vertex 10.95215742440914 1.17601734001931 0
  endloop
endfacet
facet normal 0 0 -1
  outer loop
    vertex 10.89567931491105 0.3614514604882686 0
    vertex 10.09783673932019 1.537468800507578 0
    vertex 10.95215742440914 1.17601734001931 0
  endloop
endfacet
facet normal 0 0 -1
  outer loop
    vertex 10.89567931491105 0.3614514604882686 0
    vertex 10.04135862982211 0.7229029209765363 0
    vertex 10.09783673932019 1.537468800507578 0
  endloop
endfacet
facet normal 0 0 -1
  outer loop
    vertex 10.95215742440914 1.17601734001931 0
    vertex 10.09783673932019 1.537468800507578 0
    vertex 10.15431484881828 2.35203468003862 0
  endloop
endfacet
facet normal -0 0 -1
  outer loop
    vertex -10.04135862982211 0.7229029209765363 0
    vertex -10.89567931491105 0.3614514604882686 0
    vertex -10.09783673932019 1.537468800507578 0
  endloop
endfacet
facet normal 0 0 -1
  outer loop
    vertex -10.89567931491105 0.3614514604882686 0
    vertex -10.95215742440914 1.17601734001931 0
    vertex -10.09783673932019 1.537468800507578 0
  endloop
endfacet
facet normal -0 0 -1
  outer loop
    vertex -10.89567931491105 0.3614514604882686 0
    vertex -11.75 0 0
    vertex -10.95215742440914 1.17601734001931 0
  endloop
endfacet
facet normal -0 0 -1
  outer loop
    vertex -10.09783673932019 1.537468800507578 0
    vertex -10.95215742440914 1.17601734001931 0
    vertex -10.15431484881828 2.35203468003862 0
  endloop
endfacet
facet normal 0 0 -1
  outer loop
    vertex -3.063537128757968 8.244123879286573 0
    vertex -3.913143111086331 9.412894785831975 0
    vertex -2.910410802394482 9.306415085989176 0
  endloop
endfacet
facet normal 0 0 -1
  outer loop
    vertex -3.913143111086331 9.412894785831975 0
    vertex -3.760016784722843 10.47518599253458 0
    vertex -2.910410802394482 9.306415085989176 0
  endloop
endfacet
facet normal 0 0 -1
  outer loop
    vertex -3.913143111086331 9.412894785831975 0
    vertex -4.762749093414692 10.58166569237738 0
    vertex -3.760016784722843 10.47518599253458 0
  endloop
endfacet
facet normal 0 0 -1
  outer loop
    vertex -2.910410802394482 9.306415085989176 0
    vertex -3.760016784722843 10.47518599253458 0
    vertex -2.757284476030996 10.36870629269178 0
  endloop
endfacet
facet normal 0 0 -1
  outer loop
    vertex -8.237984786718108 10.94853071302236 0
    vertex -9.993992393359054 12.37426535651118 0
    vertex -8.291184045034349 12.27552788937514 0
  endloop
endfacet
facet normal 0 0 -1
  outer loop
    vertex -9.993992393359054 12.37426535651118 0
    vertex -10.04719165167529 13.70126253286395 0
    vertex -8.291184045034349 12.27552788937514 0
  endloop
endfacet
facet normal 0 0 -1
  outer loop
    vertex -9.993992393359054 12.37426535651118 0
    vertex -11.75 13.8 0
    vertex -10.04719165167529 13.70126253286395 0
  endloop
endfacet
facet normal 0 0 -1
  outer loop
    vertex -8.291184045034349 12.27552788937514 0
    vertex -10.04719165167529 13.70126253286395 0
    vertex -8.344383303350586 13.60252506572791 0
  endloop
endfacet
facet normal 0 0 -1
  outer loop
    vertex 4.842177326142783 10.67730434355323 0
    vertex 4.150002904051011 9.56221012915737 0
    vertex 3.81016234566887 10.52234373421221 0
  endloop
endfacet
facet normal -0 0 -1
  outer loop
    vertex 4.150002904051011 9.56221012915737 0
    vertex 3.117987923577099 9.407249519816354 0
    vertex 3.81016234566887 10.52234373421221 0
  endloop
endfacet
facet normal 0 0 -1
  outer loop
    vertex 4.150002904051011 9.56221012915737 0
    vertex 3.457828481959238 8.447115914761511 0
    vertex 3.117987923577099 9.407249519816354 0
  endloop
endfacet
facet normal 0 0 -1
  outer loop
    vertex 3.81016234566887 10.52234373421221 0
    vertex 3.117987923577099 9.407249519816354 0
    vertex 2.778147365194958 10.3673831248712 0
  endloop
endfacet
facet normal 0 0 -1
  outer loop
    vertex 0.7207750943219335 11.59710699129405 0
    vertex 0.8100900037247492 11.90933005333448 0
    vertex 1.009400998958498 11.55217974785993 0
  endloop
endfacet
facet normal 0 0 -1
  outer loop
    vertex 0.8100900037247492 11.90933005333448 0
    vertex 1.098715908361314 11.86440280990036 0
    vertex 1.009400998958498 11.55217974785993 0
  endloop
endfacet
facet normal 0 0 -1
  outer loop
    vertex 0.8100900037247492 11.90933005333448 0
    vertex 0.8994049131275643 12.2215531153749 0
    vertex 1.098715908361314 11.86440280990036 0
  endloop
endfacet
facet normal 0 0 -1
  outer loop
    vertex 1.009400998958498 11.55217974785993 0
    vertex 1.098715908361314 11.86440280990036 0
    vertex 1.298026903595062 11.50725250442582 0
  endloop
endfacet
facet normal 0 0 -1
  outer loop
    vertex 0.2454314632548833 12.80826281074499 0
    vertex -0.04418624314982367 13.16199478312789 0
    vertex 0.6541239402953742 13.00552319564239 0
  endloop
endfacet
facet normal 0 0 -1
  outer loop
    vertex -0.04418624314982367 13.16199478312789 0
    vertex 0.3645062338906673 13.3592551680253 0
    vertex 0.6541239402953742 13.00552319564239 0
  endloop
endfacet
facet normal 0 0 -1
  outer loop
    vertex -0.04418624314982367 13.16199478312789 0
    vertex -0.3338039495545289 13.51572675551079 0
    vertex 0.3645062338906673 13.3592551680253 0
  endloop
endfacet
facet normal 0 0 -1
  outer loop
    vertex 0.6541239402953742 13.00552319564239 0
    vertex 0.3645062338906673 13.3592551680253 0
    vertex 1.062816417335863 13.2027835805398 0
  endloop
endfacet
facet normal 0 0 -1
  outer loop
    vertex -1.232486082473235 11.69517371347249 0
    vertex -1.016243041236617 11.47258685673624 0
    vertex -1.211775371726668 11.18579360169294 0
  endloop
endfacet
facet normal 0 -0 -1
  outer loop
    vertex -1.016243041236617 11.47258685673624 0
    vertex -0.9955323304900503 10.96320674495669 0
    vertex -1.211775371726668 11.18579360169294 0
  endloop
endfacet
facet normal 0 0 -1
  outer loop
    vertex -1.016243041236617 11.47258685673624 0
    vertex -0.8 11.25 0
    vertex -0.9955323304900503 10.96320674495669 0
  endloop
endfacet
facet normal 0 0 -1
  outer loop
    vertex -1.211775371726668 11.18579360169294 0
    vertex -0.9955323304900503 10.96320674495669 0
    vertex -1.191064660980102 10.67641348991339 0
  endloop
endfacet
facet normal 0 0 -1
  outer loop
    vertex 4.23434851894782 14.91191999098747 0
    vertex 6.038332433879012 15.26292707637497 0
    vertex 5.13785711341633 13.82377904492108 0
  endloop
endfacet
facet normal 0 -0 -1
  outer loop
    vertex 6.038332433879012 15.26292707637497 0
    vertex 6.941841028347522 14.17478613030859 0
    vertex 5.13785711341633 13.82377904492108 0
  endloop
endfacet
facet normal 0 0 -1
  outer loop
    vertex 6.038332433879012 15.26292707637497 0
    vertex 7.842316348810204 15.61393416176247 0
    vertex 6.941841028347522 14.17478613030859 0
  endloop
endfacet
facet normal 0 0 -1
  outer loop
    vertex 5.13785711341633 13.82377904492108 0
    vertex 6.941841028347522 14.17478613030859 0
    vertex 6.04136570788484 12.7356380988547 0
  endloop
endfacet
facet normal 0 0 -1
  outer loop
    vertex -5.623265284092668 13.56156954988928 0
    vertex -6.694774213342125 14.83078477494464 0
    vertex -5.168362759473403 15.12422274210684 0
  endloop
endfacet
facet normal 0 0 -1
  outer loop
    vertex -6.694774213342125 14.83078477494464 0
    vertex -6.239871688722861 16.39343796716221 0
    vertex -5.168362759473403 15.12422274210684 0
  endloop
endfacet
facet normal 0 0 -1
  outer loop
    vertex -6.694774213342125 14.83078477494464 0
    vertex -7.766283142591583 16.1 0
    vertex -6.239871688722861 16.39343796716221 0
  endloop
endfacet
facet normal 0 0 -1
  outer loop
    vertex -5.168362759473403 15.12422274210684 0
    vertex -6.239871688722861 16.39343796716221 0
    vertex -4.713460234854137 16.68687593432441 0
  endloop
endfacet
facet normal 0 0 -1
  outer loop
    vertex -11.75 9.199999999999987 0
    vertex -11.75 11.49999999999999 0
    vertex -9.993992393359054 10.07426535651118 0
  endloop
endfacet
facet normal 0 0 -1
  outer loop
    vertex -11.75 11.49999999999999 0
    vertex -9.993992393359054 12.37426535651118 0
    vertex -9.993992393359054 10.07426535651118 0
  endloop
endfacet
facet normal 0 0 -1
  outer loop
    vertex -11.75 11.49999999999999 0
    vertex -11.75 13.8 0
    vertex -9.993992393359054 12.37426535651118 0
  endloop
endfacet
facet normal 0 0 -1
  outer loop
    vertex -9.993992393359054 10.07426535651118 0
    vertex -9.993992393359054 12.37426535651118 0
    vertex -8.237984786718108 10.94853071302236 0
  endloop
endfacet
facet normal 0 0 -1
  outer loop
    vertex 6.397607004426044 8.042110845820176 0
    vertex 4.927717743192641 8.244613380290843 0
    vertex 5.619892165284413 9.359707594686702 0
  endloop
endfacet
facet normal 0 0 -1
  outer loop
    vertex 4.927717743192641 8.244613380290843 0
    vertex 4.150002904051011 9.56221012915737 0
    vertex 5.619892165284413 9.359707594686702 0
  endloop
endfacet
facet normal 0 0 -1
  outer loop
    vertex 4.927717743192641 8.244613380290843 0
    vertex 3.457828481959238 8.447115914761511 0
    vertex 4.150002904051011 9.56221012915737 0
  endloop
endfacet
facet normal 0 0 -1
  outer loop
    vertex 5.619892165284413 9.359707594686702 0
    vertex 4.150002904051011 9.56221012915737 0
    vertex 4.842177326142783 10.67730434355323 0
  endloop
endfacet
facet normal -0 0 -1
  outer loop
    vertex -3.063537128757968 8.244123879286573 0
    vertex -4.743622991568705 8.177173456445667 0
    vertex -3.913143111086331 9.412894785831975 0
  endloop
endfacet
facet normal 0 0 -1
  outer loop
    vertex -4.743622991568705 8.177173456445667 0
    vertex -5.593228973897066 9.345944362991069 0
    vertex -3.913143111086331 9.412894785831975 0
  endloop
endfacet
facet normal -0 0 -1
  outer loop
    vertex -4.743622991568705 8.177173456445667 0
    vertex -6.423708854379441 8.110223033604761 0
    vertex -5.593228973897066 9.345944362991069 0
  endloop
endfacet
facet normal -0 0 -1
  outer loop
    vertex -3.913143111086331 9.412894785831975 0
    vertex -5.593228973897066 9.345944362991069 0
    vertex -4.762749093414692 10.58166569237738 0
  endloop
endfacet
facet normal 0 0 -1
  outer loop
    vertex -3.063537128757968 8.244123879286573 0
    vertex -2.302776972691039 8.912813565382589 0
    vertex -1.88090318588976 8.381812885270117 0
  endloop
endfacet
facet normal 0 0 -1
  outer loop
    vertex -2.302776972691039 8.912813565382589 0
    vertex -1.120143029822831 9.050502571366133 0
    vertex -1.88090318588976 8.381812885270117 0
  endloop
endfacet
facet normal 0 0 -1
  outer loop
    vertex -2.302776972691039 8.912813565382589 0
    vertex -1.542016816624111 9.581503251478605 0
    vertex -1.120143029822831 9.050502571366133 0
  endloop
endfacet
facet normal 0 0 -1
  outer loop
    vertex -1.88090318588976 8.381812885270117 0
    vertex -1.120143029822831 9.050502571366133 0
    vertex -0.6982692430215529 8.519501891253659 0
  endloop
endfacet
facet normal 0 -0 -1
  outer loop
    vertex -2.35 23 0
    vertex -1.229879183224174 21.14244940156054 0
    vertex -2.362238798624745 20.83012453254295 0
  endloop
endfacet
facet normal 0 0 -1
  outer loop
    vertex -1.229879183224174 21.14244940156054 0
    vertex -1.242117981848919 18.97257393410349 0
    vertex -2.362238798624745 20.83012453254295 0
  endloop
endfacet
facet normal 0 -0 -1
  outer loop
    vertex -1.229879183224174 21.14244940156054 0
    vertex -0.1097583664483484 19.28489880312108 0
    vertex -1.242117981848919 18.97257393410349 0
  endloop
endfacet
facet normal 0 -0 -1
  outer loop
    vertex -2.362238798624745 20.83012453254295 0
    vertex -1.242117981848919 18.97257393410349 0
    vertex -2.37447759724949 18.66024906508591 0
  endloop
endfacet
facet normal -0 0 -1
  outer loop
    vertex -3.501000031443313 14.44873007352799 0
    vertex -4.562132657767989 14.00514981170864 0
    vertex -4.107230133148725 15.5678030039262 0
  endloop
endfacet
facet normal 0 0 -1
  outer loop
    vertex -4.562132657767989 14.00514981170864 0
    vertex -5.168362759473403 15.12422274210684 0
    vertex -4.107230133148725 15.5678030039262 0
  endloop
endfacet
facet normal -0 0 -1
  outer loop
    vertex -4.562132657767989 14.00514981170864 0
    vertex -5.623265284092668 13.56156954988928 0
    vertex -5.168362759473403 15.12422274210684 0
  endloop
endfacet
facet normal -0 0 -1
  outer loop
    vertex -4.107230133148725 15.5678030039262 0
    vertex -5.168362759473403 15.12422274210684 0
    vertex -4.713460234854137 16.68687593432441 0
  endloop
endfacet
facet normal -0 -0 -1
  outer loop
    vertex -0.4987918414869862 10.62453481402558 0
    vertex -0.3964802597288646 10.29284881244674 0
    vertex -0.8449282512335436 10.65047415196948 0
  endloop
endfacet
facet normal 0 0 -1
  outer loop
    vertex -0.3964802597288646 10.29284881244674 0
    vertex -0.7426166694754208 10.31878815039064 0
    vertex -0.8449282512335436 10.65047415196948 0
  endloop
endfacet
facet normal -0 -0 -1
  outer loop
    vertex -0.3964802597288646 10.29284881244674 0
    vertex -0.2941686779707418 9.961162810867901 0
    vertex -0.7426166694754208 10.31878815039064 0
  endloop
endfacet
facet normal -0 -0 -1
  outer loop
    vertex -0.8449282512335436 10.65047415196948 0
    vertex -0.7426166694754208 10.31878815039064 0
    vertex -1.191064660980102 10.67641348991339 0
  endloop
endfacet
facet normal 0 0 -1
  outer loop
    vertex 8.75 5 0
    vertex 6.562500000000002 5 0
    vertex 7.573803502213022 6.521055422910088 0
  endloop
endfacet
facet normal 0 0 -1
  outer loop
    vertex 6.562500000000002 5 0
    vertex 5.386303502213025 6.521055422910088 0
    vertex 7.573803502213022 6.521055422910088 0
  endloop
endfacet
facet normal 0 0 -1
  outer loop
    vertex 6.562500000000002 5 0
    vertex 4.375000000000005 5 0
    vertex 5.386303502213025 6.521055422910088 0
  endloop
endfacet
facet normal 0 0 -1
  outer loop
    vertex 7.573803502213022 6.521055422910088 0
    vertex 5.386303502213025 6.521055422910088 0
    vertex 6.397607004426044 8.042110845820176 0
  endloop
endfacet
facet normal 0 0 -1
  outer loop
    vertex -0.1097583664483484 19.28489880312108 0
    vertex -1.229879183224174 21.14244940156054 0
    vertex 0.9277259040978763 19.87073256304945 0
  endloop
endfacet
facet normal 0 0 -1
  outer loop
    vertex -1.229879183224174 21.14244940156054 0
    vertex -0.1923949126779494 21.72828316148891 0
    vertex 0.9277259040978763 19.87073256304945 0
  endloop
endfacet
facet normal 0 0 -1
  outer loop
    vertex -1.229879183224174 21.14244940156054 0
    vertex -2.35 23 0
    vertex -0.1923949126779494 21.72828316148891 0
  endloop
endfacet
facet normal 0 0 -1
  outer loop
    vertex 0.9277259040978763 19.87073256304945 0
    vertex -0.1923949126779494 21.72828316148891 0
    vertex 1.965210174644101 20.45656632297782 0
  endloop
endfacet
facet normal 0 0 -1
  outer loop
    vertex -11.75 13.8 0
    vertex -11.75 16.1 0
    vertex -9.758141571295791 14.95 0
  endloop
endfacet
facet normal 0 0 -1
  outer loop
    vertex -11.75 16.1 0
    vertex -9.758141571295791 17.25000000000001 0
    vertex -9.758141571295791 14.95 0
  endloop
endfacet
facet normal 0 0 -1
  outer loop
    vertex -11.75 16.1 0
    vertex -11.75 18.40000000000001 0
    vertex -9.758141571295791 17.25000000000001 0
  endloop
endfacet
facet normal 0 0 -1
  outer loop
    vertex -9.758141571295791 14.95 0
    vertex -9.758141571295791 17.25000000000001 0
    vertex -7.766283142591583 16.1 0
  endloop
endfacet
facet normal 0 -0 -1
  outer loop
    vertex 11.75 18.40000000000001 0
    vertex 11.75 16.1 0
    vertex 9.796158174405102 17.00696708088124 0
  endloop
endfacet
facet normal -0 0 -1
  outer loop
    vertex 11.75 16.1 0
    vertex 9.796158174405102 14.70696708088123 0
    vertex 9.796158174405102 17.00696708088124 0
  endloop
endfacet
facet normal 0 -0 -1
  outer loop
    vertex 11.75 16.1 0
    vertex 11.75 13.8 0
    vertex 9.796158174405102 14.70696708088123 0
  endloop
endfacet
facet normal 0 -0 -1
  outer loop
    vertex 9.796158174405102 17.00696708088124 0
    vertex 9.796158174405102 14.70696708088123 0
    vertex 7.842316348810204 15.61393416176247 0
  endloop
endfacet
facet normal 0 0 -1
  outer loop
    vertex -4.37499999999999 5 0
    vertex -6.562499999999995 5 0
    vertex -5.399354427189715 6.555111516802381 0
  endloop
endfacet
facet normal 0 0 -1
  outer loop
    vertex -6.562499999999995 5 0
    vertex -7.586854427189721 6.555111516802381 0
    vertex -5.399354427189715 6.555111516802381 0
  endloop
endfacet
facet normal 0 0 -1
  outer loop
    vertex -6.562499999999995 5 0
    vertex -8.75 5 0
    vertex -7.586854427189721 6.555111516802381 0
  endloop
endfacet
facet normal 0 0 -1
  outer loop
    vertex -5.399354427189715 6.555111516802381 0
    vertex -7.586854427189721 6.555111516802381 0
    vertex -6.423708854379441 8.110223033604761 0
  endloop
endfacet
facet normal 0 0 -1
  outer loop
    vertex 3.39298709421996 12.34590831958265 0
    vertex 3.085567229707459 11.35664572222692 0
    vertex 2.761815841541369 11.86956364573624 0
  endloop
endfacet
facet normal -0 0 -1
  outer loop
    vertex 3.085567229707459 11.35664572222692 0
    vertex 2.454395977028868 10.88030104838052 0
    vertex 2.761815841541369 11.86956364573624 0
  endloop
endfacet
facet normal 0 0 -1
  outer loop
    vertex 3.085567229707459 11.35664572222692 0
    vertex 2.778147365194958 10.3673831248712 0
    vertex 2.454395977028868 10.88030104838052 0
  endloop
endfacet
facet normal 0 0 -1
  outer loop
    vertex 2.761815841541369 11.86956364573624 0
    vertex 2.454395977028868 10.88030104838052 0
    vertex 2.130644588862778 11.39321897188984 0
  endloop
endfacet
facet normal 0 -0 -1
  outer loop
    vertex 8.850120941797021 12.43361648496033 0
    vertex 10.30006047089851 10.81680824248016 0
    vertex 8.344063902949689 11.26208499254757 0
  endloop
endfacet
facet normal -0 0 -1
  outer loop
    vertex 10.30006047089851 10.81680824248016 0
    vertex 9.794003432051179 9.645276750067399 0
    vertex 8.344063902949689 11.26208499254757 0
  endloop
endfacet
facet normal 0 -0 -1
  outer loop
    vertex 10.30006047089851 10.81680824248016 0
    vertex 11.75 9.199999999999987 0
    vertex 9.794003432051179 9.645276750067399 0
  endloop
endfacet
facet normal 0 -0 -1
  outer loop
    vertex 8.344063902949689 11.26208499254757 0
    vertex 9.794003432051179 9.645276750067399 0
    vertex 7.838006864102358 10.09055350013481 0
  endloop
endfacet
facet normal 0 0 -1
  outer loop
    vertex -11.75 18.40000000000001 0
    vertex -11.75 20.70000000000001 0
    vertex -9.856586310380408 18.97151303208235 0
  endloop
endfacet
facet normal 0 0 -1
  outer loop
    vertex -11.75 20.70000000000001 0
    vertex -9.856586310380408 21.27151303208234 0
    vertex -9.856586310380408 18.97151303208235 0
  endloop
endfacet
facet normal 0 0 -1
  outer loop
    vertex -11.75 20.70000000000001 0
    vertex -11.75 23 0
    vertex -9.856586310380408 21.27151303208234 0
  endloop
endfacet
facet normal 0 0 -1
  outer loop
    vertex -9.856586310380408 18.97151303208235 0
    vertex -9.856586310380408 21.27151303208234 0
    vertex -7.963172620760819 19.54302606416469 0
  endloop
endfacet
facet normal 0 -0 -1
  outer loop
    vertex 11.75 23 0
    vertex 11.75 20.70000000000001 0
    vertex 9.777368446913707 21.24055787757275 0
  endloop
endfacet
facet normal -0 0 -1
  outer loop
    vertex 11.75 20.70000000000001 0
    vertex 9.777368446913707 18.94055787757275 0
    vertex 9.777368446913707 21.24055787757275 0
  endloop
endfacet
facet normal 0 -0 -1
  outer loop
    vertex 11.75 20.70000000000001 0
    vertex 11.75 18.40000000000001 0
    vertex 9.777368446913707 18.94055787757275 0
  endloop
endfacet
facet normal 0 -0 -1
  outer loop
    vertex 9.777368446913707 21.24055787757275 0
    vertex 9.777368446913707 18.94055787757275 0
    vertex 7.804736893827414 19.4811157551455 0
  endloop
endfacet
facet normal -0 0 -1
  outer loop
    vertex -4.713460234854137 16.68687593432441 0
    vertex -6.239871688722861 16.39343796716221 0
    vertex -6.338316427807477 18.11495099924455 0
  endloop
endfacet
facet normal 0 0 -1
  outer loop
    vertex -6.239871688722861 16.39343796716221 0
    vertex -7.864727881676203 17.82151303208234 0
    vertex -6.338316427807477 18.11495099924455 0
  endloop
endfacet
facet normal -0 0 -1
  outer loop
    vertex -6.239871688722861 16.39343796716221 0
    vertex -7.766283142591583 16.1 0
    vertex -7.864727881676203 17.82151303208234 0
  endloop
endfacet
facet normal -0 0 -1
  outer loop
    vertex -6.338316427807477 18.11495099924455 0
    vertex -7.864727881676203 17.82151303208234 0
    vertex -7.963172620760819 19.54302606416469 0
  endloop
endfacet
facet normal 0 0 -1
  outer loop
    vertex -0.2941686779707418 9.961162810867901 0
    vertex -0.05807596540284266 10.21561024056122 0
    vertex 0.2650368207636582 10.08879781679712 0
  endloop
endfacet
facet normal 0 0 -1
  outer loop
    vertex -0.05807596540284266 10.21561024056122 0
    vertex 0.5011295333315555 10.34324524649044 0
    vertex 0.2650368207636582 10.08879781679712 0
  endloop
endfacet
facet normal 0 0 -1
  outer loop
    vertex -0.05807596540284266 10.21561024056122 0
    vertex 0.1780167471650544 10.47005767025454 0
    vertex 0.5011295333315555 10.34324524649044 0
  endloop
endfacet
facet normal 0 0 -1
  outer loop
    vertex 0.2650368207636582 10.08879781679712 0
    vertex 0.5011295333315555 10.34324524649044 0
    vertex 0.8242423194980573 10.21643282272634 0
  endloop
endfacet
facet normal 0 0 -1
  outer loop
    vertex -1.836921509202051 13.73212546066218 0
    vertex -2.071194471961125 14.90418380153463 0
    vertex -1.331868266323911 14.42841206947498 0
  endloop
endfacet
facet normal 0 0 -1
  outer loop
    vertex -2.071194471961125 14.90418380153463 0
    vertex -1.566141229082984 15.60047041034742 0
    vertex -1.331868266323911 14.42841206947498 0
  endloop
endfacet
facet normal 0 0 -1
  outer loop
    vertex -2.071194471961125 14.90418380153463 0
    vertex -2.3054674347202 16.07624214240707 0
    vertex -1.566141229082984 15.60047041034742 0
  endloop
endfacet
facet normal 0 0 -1
  outer loop
    vertex -1.331868266323911 14.42841206947498 0
    vertex -1.566141229082984 15.60047041034742 0
    vertex -0.8268150234457696 15.12469867828778 0
  endloop
endfacet
facet normal 0 -0 -1
  outer loop
    vertex 3.457828481959238 8.447115914761511 0
    vertex 3.916414240979622 6.723557957380756 0
    vertex 2.305429378121528 7.808935737277053 0
  endloop
endfacet
facet normal -0 0 -1
  outer loop
    vertex 3.916414240979622 6.723557957380756 0
    vertex 2.764015137141912 6.085377779896297 0
    vertex 2.305429378121528 7.808935737277053 0
  endloop
endfacet
facet normal 0 -0 -1
  outer loop
    vertex 3.916414240979622 6.723557957380756 0
    vertex 4.375000000000005 5 0
    vertex 2.764015137141912 6.085377779896297 0
  endloop
endfacet
facet normal 0 -0 -1
  outer loop
    vertex 2.305429378121528 7.808935737277053 0
    vertex 2.764015137141912 6.085377779896297 0
    vertex 1.153030274283818 7.170755559792594 0
  endloop
endfacet
facet normal -0 0 -1
  outer loop
    vertex 7.842316348810204 15.61393416176247 0
    vertex 6.038332433879012 15.26292707637497 0
    vertex 6.651767117436106 16.36126461701124 0
  endloop
endfacet
facet normal 0 0 -1
  outer loop
    vertex 6.038332433879012 15.26292707637497 0
    vertex 4.847783202504914 16.01025753162374 0
    vertex 6.651767117436106 16.36126461701124 0
  endloop
endfacet
facet normal -0 0 -1
  outer loop
    vertex 6.038332433879012 15.26292707637497 0
    vertex 4.23434851894782 14.91191999098747 0
    vertex 4.847783202504914 16.01025753162374 0
  endloop
endfacet
facet normal -0 0 -1
  outer loop
    vertex 6.651767117436106 16.36126461701124 0
    vertex 4.847783202504914 16.01025753162374 0
    vertex 5.461217886062007 17.10859507226002 0
  endloop
endfacet
facet normal 0 0 -1
  outer loop
    vertex 7.842316348810204 15.61393416176247 0
    vertex 9.796158174405102 14.70696708088123 0
    vertex 8.346218645303612 14.0237753233614 0
  endloop
endfacet
facet normal 0 -0 -1
  outer loop
    vertex 9.796158174405102 14.70696708088123 0
    vertex 10.30006047089851 13.11680824248016 0
    vertex 8.346218645303612 14.0237753233614 0
  endloop
endfacet
facet normal 0 0 -1
  outer loop
    vertex 9.796158174405102 14.70696708088123 0
    vertex 11.75 13.8 0
    vertex 10.30006047089851 13.11680824248016 0
  endloop
endfacet
facet normal 0 0 -1
  outer loop
    vertex 8.346218645303612 14.0237753233614 0
    vertex 10.30006047089851 13.11680824248016 0
    vertex 8.850120941797021 12.43361648496033 0
  endloop
endfacet
facet normal 0 0 -1
  outer loop
    vertex 2.682228372517087 16.30990511348938 0
    vertex 2.513679312398235 15.0436457915068 0
    vertex 1.767973661537255 15.54438070240529 0
  endloop
endfacet
facet normal -0 0 -1
  outer loop
    vertex 2.513679312398235 15.0436457915068 0
    vertex 1.599424601418402 14.27812138042271 0
    vertex 1.767973661537255 15.54438070240529 0
  endloop
endfacet
facet normal 0 0 -1
  outer loop
    vertex 2.513679312398235 15.0436457915068 0
    vertex 2.345130252279382 13.77738646952422 0
    vertex 1.599424601418402 14.27812138042271 0
  endloop
endfacet
facet normal 0 0 -1
  outer loop
    vertex 1.767973661537255 15.54438070240529 0
    vertex 1.599424601418402 14.27812138042271 0
    vertex 0.8537189505574219 14.7788562913212 0
  endloop
endfacet
facet normal -0 0 -1
  outer loop
    vertex 11.75 9.199999999999987 0
    vertex 10.44838510218173 8.327325613810215 0
    vertex 9.794003432051179 9.645276750067399 0
  endloop
endfacet
facet normal 0 0 -1
  outer loop
    vertex 10.44838510218173 8.327325613810215 0
    vertex 8.492388534232907 8.772602363877628 0
    vertex 9.794003432051179 9.645276750067399 0
  endloop
endfacet
facet normal -0 0 -1
  outer loop
    vertex 10.44838510218173 8.327325613810215 0
    vertex 9.146770204363458 7.454651227620444 0
    vertex 8.492388534232907 8.772602363877628 0
  endloop
endfacet
facet normal -0 0 -1
  outer loop
    vertex 9.794003432051179 9.645276750067399 0
    vertex 8.492388534232907 8.772602363877628 0
    vertex 7.838006864102358 10.09055350013481 0
  endloop
endfacet
facet normal 0 0 -1
  outer loop
    vertex -7.766283142591583 16.1 0
    vertex -9.758141571295791 17.25000000000001 0
    vertex -7.864727881676203 17.82151303208234 0
  endloop
endfacet
facet normal 0 0 -1
  outer loop
    vertex -9.758141571295791 17.25000000000001 0
    vertex -9.856586310380408 18.97151303208235 0
    vertex -7.864727881676203 17.82151303208234 0
  endloop
endfacet
facet normal 0 0 -1
  outer loop
    vertex -9.758141571295791 17.25000000000001 0
    vertex -11.75 18.40000000000001 0
    vertex -9.856586310380408 18.97151303208235 0
  endloop
endfacet
facet normal 0 0 -1
  outer loop
    vertex -7.864727881676203 17.82151303208234 0
    vertex -9.856586310380408 18.97151303208235 0
    vertex -7.963172620760819 19.54302606416469 0
  endloop
endfacet
facet normal -0 0 -1
  outer loop
    vertex 11.75 18.40000000000001 0
    vertex 9.796158174405102 17.00696708088124 0
    vertex 9.777368446913707 18.94055787757275 0
  endloop
endfacet
facet normal 0 0 -1
  outer loop
    vertex 9.796158174405102 17.00696708088124 0
    vertex 7.823526621318809 17.54752495845398 0
    vertex 9.777368446913707 18.94055787757275 0
  endloop
endfacet
facet normal -0 0 -1
  outer loop
    vertex 9.796158174405102 17.00696708088124 0
    vertex 7.842316348810204 15.61393416176247 0
    vertex 7.823526621318809 17.54752495845398 0
  endloop
endfacet
facet normal -0 0 -1
  outer loop
    vertex 9.777368446913707 18.94055787757275 0
    vertex 7.823526621318809 17.54752495845398 0
    vertex 7.804736893827414 19.4811157551455 0
  endloop
endfacet
facet normal 0 0 -1
  outer loop
    vertex -11.75 23 0
    vertex -9.4 23 0
    vertex -9.856586310380408 21.27151303208234 0
  endloop
endfacet
facet normal 0 -0 -1
  outer loop
    vertex -9.4 23 0
    vertex -7.50658631038041 21.27151303208234 0
    vertex -9.856586310380408 21.27151303208234 0
  endloop
endfacet
facet normal 0 0 -1
  outer loop
    vertex -9.4 23 0
    vertex -7.05 23 0
    vertex -7.50658631038041 21.27151303208234 0
  endloop
endfacet
facet normal 0 0 -1
  outer loop
    vertex -9.856586310380408 21.27151303208234 0
    vertex -7.50658631038041 21.27151303208234 0
    vertex -7.963172620760819 19.54302606416469 0
  endloop
endfacet
facet normal 0 0 -1
  outer loop
    vertex 7.050000000000001 23 0
    vertex 9.399999999999999 23 0
    vertex 7.427368446913707 21.24055787757275 0
  endloop
endfacet
facet normal 0 -0 -1
  outer loop
    vertex 9.399999999999999 23 0
    vertex 9.777368446913707 21.24055787757275 0
    vertex 7.427368446913707 21.24055787757275 0
  endloop
endfacet
facet normal 0 0 -1
  outer loop
    vertex 9.399999999999999 23 0
    vertex 11.75 23 0
    vertex 9.777368446913707 21.24055787757275 0
  endloop
endfacet
facet normal 0 0 -1
  outer loop
    vertex 7.427368446913707 21.24055787757275 0
    vertex 9.777368446913707 21.24055787757275 0
    vertex 7.804736893827414 19.4811157551455 0
  endloop
endfacet
facet normal 0 0 -1
  outer loop
    vertex -11.75 13.8 0
    vertex -9.758141571295791 14.95 0
    vertex -10.04719165167529 13.70126253286395 0
  endloop
endfacet
facet normal 0 -0 -1
  outer loop
    vertex -9.758141571295791 14.95 0
    vertex -8.055333222971086 14.85126253286396 0
    vertex -10.04719165167529 13.70126253286395 0
  endloop
endfacet
facet normal 0 0 -1
  outer loop
    vertex -9.758141571295791 14.95 0
    vertex -7.766283142591583 16.1 0
    vertex -8.055333222971086 14.85126253286396 0
  endloop
endfacet
facet normal 0 0 -1
  outer loop
    vertex -10.04719165167529 13.70126253286395 0
    vertex -8.055333222971086 14.85126253286396 0
    vertex -8.344383303350586 13.60252506572791 0
  endloop
endfacet
facet normal 0 0 -1
  outer loop
    vertex -11.75 9.199999999999987 0
    vertex -9.993992393359054 10.07426535651118 0
    vertex -10.56616936410975 8.385875374662705 0
  endloop
endfacet
facet normal 0 -0 -1
  outer loop
    vertex -9.993992393359054 10.07426535651118 0
    vertex -8.810161757468808 9.260140731173893 0
    vertex -10.56616936410975 8.385875374662705 0
  endloop
endfacet
facet normal 0 0 -1
  outer loop
    vertex -9.993992393359054 10.07426535651118 0
    vertex -8.237984786718108 10.94853071302236 0
    vertex -8.810161757468808 9.260140731173893 0
  endloop
endfacet
facet normal 0 0 -1
  outer loop
    vertex -10.56616936410975 8.385875374662705 0
    vertex -8.810161757468808 9.260140731173893 0
    vertex -9.382338728219509 7.571750749325422 0
  endloop
endfacet
facet normal 0 0 -1
  outer loop
    vertex 0.8994049131275643 12.2215531153749 0
    vertex 1.363559664791174 12.28362282874635 0
    vertex 1.098715908361314 11.86440280990036 0
  endloop
endfacet
facet normal 0 -0 -1
  outer loop
    vertex 1.363559664791174 12.28362282874635 0
    vertex 1.562870660024923 11.92647252327181 0
    vertex 1.098715908361314 11.86440280990036 0
  endloop
endfacet
facet normal 0 0 -1
  outer loop
    vertex 1.363559664791174 12.28362282874635 0
    vertex 1.827714416454784 12.3456925421178 0
    vertex 1.562870660024923 11.92647252327181 0
  endloop
endfacet
facet normal 0 0 -1
  outer loop
    vertex 1.098715908361314 11.86440280990036 0
    vertex 1.562870660024923 11.92647252327181 0
    vertex 1.298026903595062 11.50725250442582 0
  endloop
endfacet
facet normal 0 0 -1
  outer loop
    vertex 1.827714416454784 12.3456925421178 0
    vertex 2.610350755337372 12.34580043085022 0
    vertex 1.979179502658781 11.86945575700382 0
  endloop
endfacet
facet normal 0 -0 -1
  outer loop
    vertex 2.610350755337372 12.34580043085022 0
    vertex 2.761815841541369 11.86956364573624 0
    vertex 1.979179502658781 11.86945575700382 0
  endloop
endfacet
facet normal 0 0 -1
  outer loop
    vertex 2.610350755337372 12.34580043085022 0
    vertex 3.39298709421996 12.34590831958265 0
    vertex 2.761815841541369 11.86956364573624 0
  endloop
endfacet
facet normal 0 0 -1
  outer loop
    vertex 1.979179502658781 11.86945575700382 0
    vertex 2.761815841541369 11.86956364573624 0
    vertex 2.130644588862778 11.39321897188984 0
  endloop
endfacet
facet normal 0 0 -1
  outer loop
    vertex 4.23434851894782 14.91191999098747 0
    vertex 3.458288445732453 15.61091255223842 0
    vertex 4.847783202504914 16.01025753162374 0
  endloop
endfacet
facet normal 0 0 -1
  outer loop
    vertex 3.458288445732453 15.61091255223842 0
    vertex 4.071723129289547 16.7092500928747 0
    vertex 4.847783202504914 16.01025753162374 0
  endloop
endfacet
facet normal 0 0 -1
  outer loop
    vertex 3.458288445732453 15.61091255223842 0
    vertex 2.682228372517087 16.30990511348938 0
    vertex 4.071723129289547 16.7092500928747 0
  endloop
endfacet
facet normal 0 0 -1
  outer loop
    vertex 4.847783202504914 16.01025753162374 0
    vertex 4.071723129289547 16.7092500928747 0
    vertex 5.461217886062007 17.10859507226002 0
  endloop
endfacet
facet normal 0 -0 -1
  outer loop
    vertex 7.842316348810204 15.61393416176247 0
    vertex 8.346218645303612 14.0237753233614 0
    vertex 6.941841028347522 14.17478613030859 0
  endloop
endfacet
facet normal -0 0 -1
  outer loop
    vertex 8.346218645303612 14.0237753233614 0
    vertex 7.445743324840929 12.58462729190752 0
    vertex 6.941841028347522 14.17478613030859 0
  endloop
endfacet
facet normal 0 -0 -1
  outer loop
    vertex 8.346218645303612 14.0237753233614 0
    vertex 8.850120941797021 12.43361648496033 0
    vertex 7.445743324840929 12.58462729190752 0
  endloop
endfacet
facet normal 0 -0 -1
  outer loop
    vertex 6.941841028347522 14.17478613030859 0
    vertex 7.445743324840929 12.58462729190752 0
    vertex 6.04136570788484 12.7356380988547 0
  endloop
endfacet
facet normal 0 0 -1
  outer loop
    vertex 4.142636412445698 19.25147461952411 0
    vertex 3.412432392481392 17.78068986650674 0
    vertex 2.937461145503198 18.84024150167322 0
  endloop
endfacet
facet normal -0 0 -1
  outer loop
    vertex 3.412432392481392 17.78068986650674 0
    vertex 2.207257125538892 17.36945674865585 0
    vertex 2.937461145503198 18.84024150167322 0
  endloop
endfacet
facet normal 0 0 -1
  outer loop
    vertex 3.412432392481392 17.78068986650674 0
    vertex 2.682228372517087 16.30990511348938 0
    vertex 2.207257125538892 17.36945674865585 0
  endloop
endfacet
facet normal 0 0 -1
  outer loop
    vertex 2.937461145503198 18.84024150167322 0
    vertex 2.207257125538892 17.36945674865585 0
    vertex 1.732285878560698 18.42900838382232 0
  endloop
endfacet
facet normal 0 0 -1
  outer loop
    vertex -4.749292347119212 20.07128045066369 0
    vertex -3.549646173559605 21.53564022533185 0
    vertex -3.561884972184352 19.3657647578748 0
  endloop
endfacet
facet normal 0 -0 -1
  outer loop
    vertex -3.549646173559605 21.53564022533185 0
    vertex -2.362238798624745 20.83012453254295 0
    vertex -3.561884972184352 19.3657647578748 0
  endloop
endfacet
facet normal 0 0 -1
  outer loop
    vertex -3.549646173559605 21.53564022533185 0
    vertex -2.35 23 0
    vertex -2.362238798624745 20.83012453254295 0
  endloop
endfacet
facet normal 0 0 -1
  outer loop
    vertex -3.561884972184352 19.3657647578748 0
    vertex -2.362238798624745 20.83012453254295 0
    vertex -2.37447759724949 18.66024906508591 0
  endloop
endfacet
facet normal 0 -0 -1
  outer loop
    vertex 11.75 9.199999999999987 0
    vertex 11.75 6.899999999999993 0
    vertex 10.44838510218173 8.327325613810215 0
  endloop
endfacet
facet normal -0 0 -1
  outer loop
    vertex 11.75 6.899999999999993 0
    vertex 10.44838510218173 6.027325613810221 0
    vertex 10.44838510218173 8.327325613810215 0
  endloop
endfacet
facet normal 0 -0 -1
  outer loop
    vertex 11.75 6.899999999999993 0
    vertex 11.75 4.599999999999999 0
    vertex 10.44838510218173 6.027325613810221 0
  endloop
endfacet
facet normal 0 -0 -1
  outer loop
    vertex 10.44838510218173 8.327325613810215 0
    vertex 10.44838510218173 6.027325613810221 0
    vertex 9.146770204363458 7.454651227620444 0
  endloop
endfacet
facet normal 0 0 -1
  outer loop
    vertex -11.75 4.599999999999999 0
    vertex -11.75 6.899999999999993 0
    vertex -10.56616936410975 6.08587537466271 0
  endloop
endfacet
facet normal 0 0 -1
  outer loop
    vertex -11.75 6.899999999999993 0
    vertex -10.56616936410975 8.385875374662705 0
    vertex -10.56616936410975 6.08587537466271 0
  endloop
endfacet
facet normal 0 0 -1
  outer loop
    vertex -11.75 6.899999999999993 0
    vertex -11.75 9.199999999999987 0
    vertex -10.56616936410975 8.385875374662705 0
  endloop
endfacet
facet normal 0 0 -1
  outer loop
    vertex -10.56616936410975 6.08587537466271 0
    vertex -10.56616936410975 8.385875374662705 0
    vertex -9.382338728219509 7.571750749325422 0
  endloop
endfacet
facet normal -0 0 -1
  outer loop
    vertex 6.397607004426044 8.042110845820176 0
    vertex 5.386303502213025 6.521055422910088 0
    vertex 4.927717743192641 8.244613380290843 0
  endloop
endfacet
facet normal 0 0 -1
  outer loop
    vertex 5.386303502213025 6.521055422910088 0
    vertex 3.916414240979622 6.723557957380756 0
    vertex 4.927717743192641 8.244613380290843 0
  endloop
endfacet
facet normal -0 0 -1
  outer loop
    vertex 5.386303502213025 6.521055422910088 0
    vertex 4.375000000000005 5 0
    vertex 3.916414240979622 6.723557957380756 0
  endloop
endfacet
facet normal -0 0 -1
  outer loop
    vertex 4.927717743192641 8.244613380290843 0
    vertex 3.916414240979622 6.723557957380756 0
    vertex 3.457828481959238 8.447115914761511 0
  endloop
endfacet
facet normal 0 -0 -1
  outer loop
    vertex -0.2941686779707418 9.961162810867901 0
    vertex 0.474882715780689 9.664768632854404 0
    vertex -0.4962189604961473 9.240332351060779 0
  endloop
endfacet
facet normal 0 0 -1
  outer loop
    vertex 0.474882715780689 9.664768632854404 0
    vertex 0.2728324332552834 8.943938173047282 0
    vertex -0.4962189604961473 9.240332351060779 0
  endloop
endfacet
facet normal 0 -0 -1
  outer loop
    vertex 0.474882715780689 9.664768632854404 0
    vertex 1.24393410953212 9.368374454840907 0
    vertex 0.2728324332552834 8.943938173047282 0
  endloop
endfacet
facet normal 0 -0 -1
  outer loop
    vertex -0.4962189604961473 9.240332351060779 0
    vertex 0.2728324332552834 8.943938173047282 0
    vertex -0.6982692430215529 8.519501891253659 0
  endloop
endfacet
facet normal 0 0 -1
  outer loop
    vertex 11.75 4.599999999999999 0
    vertex 10.25 4.799999999999999 0
    vertex 10.44838510218173 6.027325613810221 0
  endloop
endfacet
facet normal 0 0 -1
  outer loop
    vertex 10.25 4.799999999999999 0
    vertex 8.94838510218173 6.227325613810222 0
    vertex 10.44838510218173 6.027325613810221 0
  endloop
endfacet
facet normal 0 0 -1
  outer loop
    vertex 10.25 4.799999999999999 0
    vertex 8.75 5 0
    vertex 8.94838510218173 6.227325613810222 0
  endloop
endfacet
facet normal 0 0 -1
  outer loop
    vertex 10.44838510218173 6.027325613810221 0
    vertex 8.94838510218173 6.227325613810222 0
    vertex 9.146770204363458 7.454651227620444 0
  endloop
endfacet
facet normal -0 0 -1
  outer loop
    vertex -8.75 5 0
    vertex -10.25 4.799999999999999 0
    vertex -9.066169364109754 6.285875374662711 0
  endloop
endfacet
facet normal 0 0 -1
  outer loop
    vertex -10.25 4.799999999999999 0
    vertex -10.56616936410975 6.08587537466271 0
    vertex -9.066169364109754 6.285875374662711 0
  endloop
endfacet
facet normal -0 0 -1
  outer loop
    vertex -10.25 4.799999999999999 0
    vertex -11.75 4.599999999999999 0
    vertex -10.56616936410975 6.08587537466271 0
  endloop
endfacet
facet normal -0 0 -1
  outer loop
    vertex -9.066169364109754 6.285875374662711 0
    vertex -10.56616936410975 6.08587537466271 0
    vertex -9.382338728219509 7.571750749325422 0
  endloop
endfacet
facet normal 0 0 -1
  outer loop
    vertex -4.37499999999999 5 0
    vertex -5.399354427189715 6.555111516802381 0
    vertex -3.719268564378979 6.622061939643286 0
  endloop
endfacet
facet normal 0 0 -1
  outer loop
    vertex -5.399354427189715 6.555111516802381 0
    vertex -4.743622991568705 8.177173456445667 0
    vertex -3.719268564378979 6.622061939643286 0
  endloop
endfacet
facet normal 0 0 -1
  outer loop
    vertex -5.399354427189715 6.555111516802381 0
    vertex -6.423708854379441 8.110223033604761 0
    vertex -4.743622991568705 8.177173456445667 0
  endloop
endfacet
facet normal 0 0 -1
  outer loop
    vertex -3.719268564378979 6.622061939643286 0
    vertex -4.743622991568705 8.177173456445667 0
    vertex -3.063537128757968 8.244123879286573 0
  endloop
endfacet
facet normal 0 0 -1
  outer loop
    vertex -7.05 23 0
    vertex -4.7 23 0
    vertex -5.899646173559606 21.53564022533185 0
  endloop
endfacet
facet normal 0 -0 -1
  outer loop
    vertex -4.7 23 0
    vertex -3.549646173559605 21.53564022533185 0
    vertex -5.899646173559606 21.53564022533185 0
  endloop
endfacet
facet normal 0 0 -1
  outer loop
    vertex -4.7 23 0
    vertex -2.35 23 0
    vertex -3.549646173559605 21.53564022533185 0
  endloop
endfacet
facet normal 0 0 -1
  outer loop
    vertex -5.899646173559606 21.53564022533185 0
    vertex -3.549646173559605 21.53564022533185 0
    vertex -4.749292347119212 20.07128045066369 0
  endloop
endfacet
facet normal 0 0 -1
  outer loop
    vertex 2.35 23 0
    vertex 4.699999999999999 23 0
    vertex 3.246318206222849 21.12573730976206 0
  endloop
endfacet
facet normal 0 -0 -1
  outer loop
    vertex 4.699999999999999 23 0
    vertex 5.596318206222849 21.12573730976206 0
    vertex 3.246318206222849 21.12573730976206 0
  endloop
endfacet
facet normal 0 0 -1
  outer loop
    vertex 4.699999999999999 23 0
    vertex 7.050000000000001 23 0
    vertex 5.596318206222849 21.12573730976206 0
  endloop
endfacet
facet normal 0 0 -1
  outer loop
    vertex 3.246318206222849 21.12573730976206 0
    vertex 5.596318206222849 21.12573730976206 0
    vertex 4.142636412445698 19.25147461952411 0
  endloop
endfacet
facet normal 0 -0 -1
  outer loop
    vertex 11.75 13.8 0
    vertex 11.75 11.49999999999999 0
    vertex 10.30006047089851 13.11680824248016 0
  endloop
endfacet
facet normal -0 0 -1
  outer loop
    vertex 11.75 11.49999999999999 0
    vertex 10.30006047089851 10.81680824248016 0
    vertex 10.30006047089851 13.11680824248016 0
  endloop
endfacet
facet normal 0 -0 -1
  outer loop
    vertex 11.75 11.49999999999999 0
    vertex 11.75 9.199999999999987 0
    vertex 10.30006047089851 10.81680824248016 0
  endloop
endfacet
facet normal 0 -0 -1
  outer loop
    vertex 10.30006047089851 13.11680824248016 0
    vertex 10.30006047089851 10.81680824248016 0
    vertex 8.850120941797021 12.43361648496033 0
  endloop
endfacet
facet normal 0 -0 -1
  outer loop
    vertex -7.766283142591583 16.1 0
    vertex -6.694774213342125 14.83078477494464 0
    vertex -8.055333222971086 14.85126253286396 0
  endloop
endfacet
facet normal -0 0 -1
  outer loop
    vertex -6.694774213342125 14.83078477494464 0
    vertex -6.983824293721627 13.5820473078086 0
    vertex -8.055333222971086 14.85126253286396 0
  endloop
endfacet
facet normal 0 -0 -1
  outer loop
    vertex -6.694774213342125 14.83078477494464 0
    vertex -5.623265284092668 13.56156954988928 0
    vertex -6.983824293721627 13.5820473078086 0
  endloop
endfacet
facet normal 0 -0 -1
  outer loop
    vertex -8.055333222971086 14.85126253286396 0
    vertex -6.983824293721627 13.5820473078086 0
    vertex -8.344383303350586 13.60252506572791 0
  endloop
endfacet
facet normal 0 0 -1
  outer loop
    vertex -3.063537128757968 8.244123879286573 0
    vertex -2.910410802394482 9.306415085989176 0
    vertex -2.302776972691039 8.912813565382589 0
  endloop
endfacet
facet normal 0 0 -1
  outer loop
    vertex -2.910410802394482 9.306415085989176 0
    vertex -2.149650646327554 9.975104772085192 0
    vertex -2.302776972691039 8.912813565382589 0
  endloop
endfacet
facet normal 0 0 -1
  outer loop
    vertex -2.910410802394482 9.306415085989176 0
    vertex -2.757284476030996 10.36870629269178 0
    vertex -2.149650646327554 9.975104772085192 0
  endloop
endfacet
facet normal 0 0 -1
  outer loop
    vertex -2.302776972691039 8.912813565382589 0
    vertex -2.149650646327554 9.975104772085192 0
    vertex -1.542016816624111 9.581503251478605 0
  endloop
endfacet
facet normal 0 0 -1
  outer loop
    vertex 2.682228372517087 16.30990511348938 0
    vertex 3.412432392481392 17.78068986650674 0
    vertex 4.071723129289547 16.7092500928747 0
  endloop
endfacet
facet normal 0 0 -1
  outer loop
    vertex 3.412432392481392 17.78068986650674 0
    vertex 4.801927149253853 18.18003484589206 0
    vertex 4.071723129289547 16.7092500928747 0
  endloop
endfacet
facet normal 0 0 -1
  outer loop
    vertex 3.412432392481392 17.78068986650674 0
    vertex 4.142636412445698 19.25147461952411 0
    vertex 4.801927149253853 18.18003484589206 0
  endloop
endfacet
facet normal 0 0 -1
  outer loop
    vertex 4.071723129289547 16.7092500928747 0
    vertex 4.801927149253853 18.18003484589206 0
    vertex 5.461217886062007 17.10859507226002 0
  endloop
endfacet
facet normal 0 -0 -1
  outer loop
    vertex -2.3054674347202 16.07624214240707 0
    vertex -2.071194471961125 14.90418380153463 0
    vertex -2.903233733081755 15.26248610796753 0
  endloop
endfacet
facet normal -0 0 -1
  outer loop
    vertex -2.071194471961125 14.90418380153463 0
    vertex -2.668960770322682 14.09042776709509 0
    vertex -2.903233733081755 15.26248610796753 0
  endloop
endfacet
facet normal 0 -0 -1
  outer loop
    vertex -2.071194471961125 14.90418380153463 0
    vertex -1.836921509202051 13.73212546066218 0
    vertex -2.668960770322682 14.09042776709509 0
  endloop
endfacet
facet normal 0 -0 -1
  outer loop
    vertex -2.903233733081755 15.26248610796753 0
    vertex -2.668960770322682 14.09042776709509 0
    vertex -3.501000031443313 14.44873007352799 0
  endloop
endfacet
facet normal 0 -0 -1
  outer loop
    vertex -4.749292347119212 20.07128045066369 0
    vertex -4.731376290986674 18.37907819249405 0
    vertex -6.356232483940015 19.80715325741419 0
  endloop
endfacet
facet normal -0 0 -1
  outer loop
    vertex -4.731376290986674 18.37907819249405 0
    vertex -6.338316427807477 18.11495099924455 0
    vertex -6.356232483940015 19.80715325741419 0
  endloop
endfacet
facet normal 0 -0 -1
  outer loop
    vertex -4.731376290986674 18.37907819249405 0
    vertex -4.713460234854137 16.68687593432441 0
    vertex -6.338316427807477 18.11495099924455 0
  endloop
endfacet
facet normal 0 -0 -1
  outer loop
    vertex -6.356232483940015 19.80715325741419 0
    vertex -6.338316427807477 18.11495099924455 0
    vertex -7.963172620760819 19.54302606416469 0
  endloop
endfacet
facet normal 0 0 -1
  outer loop
    vertex -2.757284476030996 10.36870629269178 0
    vertex -1.97417456850555 10.52255989130258 0
    vertex -2.149650646327554 9.975104772085192 0
  endloop
endfacet
facet normal 0 -0 -1
  outer loop
    vertex -1.97417456850555 10.52255989130258 0
    vertex -1.366540738802106 10.128958370696 0
    vertex -2.149650646327554 9.975104772085192 0
  endloop
endfacet
facet normal 0 0 -1
  outer loop
    vertex -1.97417456850555 10.52255989130258 0
    vertex -1.191064660980102 10.67641348991339 0
    vertex -1.366540738802106 10.128958370696 0
  endloop
endfacet
facet normal 0 0 -1
  outer loop
    vertex -2.149650646327554 9.975104772085192 0
    vertex -1.366540738802106 10.128958370696 0
    vertex -1.542016816624111 9.581503251478605 0
  endloop
endfacet
facet normal 0 0 -1
  outer loop
    vertex 9.52606255473184 0 0
    vertex 9.13803127736592 0 0
    vertex 9.783710592276975 0.3614514604882686 0
  endloop
endfacet
facet normal 0 0 -1
  outer loop
    vertex 9.13803127736592 0 0
    vertex 9.395679314911055 0.3614514604882686 0
    vertex 9.783710592276975 0.3614514604882686 0
  endloop
endfacet
facet normal 0 0 -1
  outer loop
    vertex 9.13803127736592 0 0
    vertex 8.75 0 0
    vertex 9.395679314911055 0.3614514604882686 0
  endloop
endfacet
facet normal 0 0 -1
  outer loop
    vertex 9.783710592276975 0.3614514604882686 0
    vertex 9.395679314911055 0.3614514604882686 0
    vertex 10.04135862982211 0.7229029209765363 0
  endloop
endfacet
facet normal 0 0 -1
  outer loop
    vertex -8.75 0 0
    vertex -9.138031277365918 0 0
    vertex -9.395679314911053 0.3614514604882686 0
  endloop
endfacet
facet normal 0 0 -1
  outer loop
    vertex -9.138031277365918 0 0
    vertex -9.783710592276975 0.3614514604882686 0
    vertex -9.395679314911053 0.3614514604882686 0
  endloop
endfacet
facet normal 0 0 -1
  outer loop
    vertex -9.138031277365918 0 0
    vertex -9.52606255473184 0 0
    vertex -9.783710592276975 0.3614514604882686 0
  endloop
endfacet
facet normal 0 0 -1
  outer loop
    vertex -9.395679314911053 0.3614514604882686 0
    vertex -9.783710592276975 0.3614514604882686 0
    vertex -10.04135862982211 0.7229029209765363 0
  endloop
endfacet
facet normal -0 0 -1
  outer loop
    vertex 2.778147365194958 10.3673831248712 0
    vertex 2.011040737363539 9.86787878985605 0
    vertex 2.133497339838168 10.47521676102178 0
  endloop
endfacet
facet normal 0 0 -1
  outer loop
    vertex 2.011040737363539 9.86787878985605 0
    vertex 1.366390712006749 9.975712426006639 0
    vertex 2.133497339838168 10.47521676102178 0
  endloop
endfacet
facet normal -0 0 -1
  outer loop
    vertex 2.011040737363539 9.86787878985605 0
    vertex 1.24393410953212 9.368374454840907 0
    vertex 1.366390712006749 9.975712426006639 0
  endloop
endfacet
facet normal -0 0 -1
  outer loop
    vertex 2.133497339838168 10.47521676102178 0
    vertex 1.366390712006749 9.975712426006639 0
    vertex 1.488847314481378 10.58305039717237 0
  endloop
endfacet
facet normal 0 0 -1
  outer loop
    vertex -2.757284476030996 10.36870629269178 0
    vertex -3.057459932539597 11.40279612912171 0
    vertex -2.421219849849225 10.9546613792472 0
  endloop
endfacet
facet normal 0 0 -1
  outer loop
    vertex -3.057459932539597 11.40279612912171 0
    vertex -2.721395306357826 11.98875121567713 0
    vertex -2.421219849849225 10.9546613792472 0
  endloop
endfacet
facet normal 0 0 -1
  outer loop
    vertex -3.057459932539597 11.40279612912171 0
    vertex -3.357635389048198 12.43688596555164 0
    vertex -2.721395306357826 11.98875121567713 0
  endloop
endfacet
facet normal 0 0 -1
  outer loop
    vertex -2.421219849849225 10.9546613792472 0
    vertex -2.721395306357826 11.98875121567713 0
    vertex -2.085155223667453 11.54061646580262 0
  endloop
endfacet
facet normal 0 0 -1
  outer loop
    vertex 1.062816417335863 13.2027835805398 0
    vertex 0.3645062338906673 13.3592551680253 0
    vertex 0.9582676839466426 13.9908199359305 0
  endloop
endfacet
facet normal 0 0 -1
  outer loop
    vertex 0.3645062338906673 13.3592551680253 0
    vertex 0.2599575005014465 14.147291523416 0
    vertex 0.9582676839466426 13.9908199359305 0
  endloop
endfacet
facet normal 0 0 -1
  outer loop
    vertex 0.3645062338906673 13.3592551680253 0
    vertex -0.3338039495545289 13.51572675551079 0
    vertex 0.2599575005014465 14.147291523416 0
  endloop
endfacet
facet normal 0 0 -1
  outer loop
    vertex 0.9582676839466426 13.9908199359305 0
    vertex 0.2599575005014465 14.147291523416 0
    vertex 0.8537189505574219 14.7788562913212 0
  endloop
endfacet
facet normal 0 0 -1
  outer loop
    vertex 2.345130252279382 13.77738646952422 0
    vertex 2.513679312398235 15.0436457915068 0
    vertex 3.289739385613601 14.34465323025584 0
  endloop
endfacet
facet normal 0 0 -1
  outer loop
    vertex 2.513679312398235 15.0436457915068 0
    vertex 3.458288445732453 15.61091255223842 0
    vertex 3.289739385613601 14.34465323025584 0
  endloop
endfacet
facet normal 0 0 -1
  outer loop
    vertex 2.513679312398235 15.0436457915068 0
    vertex 2.682228372517087 16.30990511348938 0
    vertex 3.458288445732453 15.61091255223842 0
  endloop
endfacet
facet normal 0 0 -1
  outer loop
    vertex 3.289739385613601 14.34465323025584 0
    vertex 3.458288445732453 15.61091255223842 0
    vertex 4.23434851894782 14.91191999098747 0
  endloop
endfacet
facet normal -0 0 -1
  outer loop
    vertex 2.345130252279382 13.77738646952422 0
    vertex 1.703973334807623 13.49008502503201 0
    vertex 1.599424601418402 14.27812138042271 0
  endloop
endfacet
facet normal 0 0 -1
  outer loop
    vertex 1.703973334807623 13.49008502503201 0
    vertex 0.9582676839466426 13.9908199359305 0
    vertex 1.599424601418402 14.27812138042271 0
  endloop
endfacet
facet normal -0 0 -1
  outer loop
    vertex 1.703973334807623 13.49008502503201 0
    vertex 1.062816417335863 13.2027835805398 0
    vertex 0.9582676839466426 13.9908199359305 0
  endloop
endfacet
facet normal -0 0 -1
  outer loop
    vertex 1.599424601418402 14.27812138042271 0
    vertex 0.9582676839466426 13.9908199359305 0
    vertex 0.8537189505574219 14.7788562913212 0
  endloop
endfacet
facet normal -0 0 -1
  outer loop
    vertex 4.842177326142783 10.67730434355323 0
    vertex 3.81016234566887 10.52234373421221 0
    vertex 4.117582210181371 11.51160633156794 0
  endloop
endfacet
facet normal 0 0 -1
  outer loop
    vertex 3.81016234566887 10.52234373421221 0
    vertex 3.085567229707459 11.35664572222692 0
    vertex 4.117582210181371 11.51160633156794 0
  endloop
endfacet
facet normal -0 0 -1
  outer loop
    vertex 3.81016234566887 10.52234373421221 0
    vertex 2.778147365194958 10.3673831248712 0
    vertex 3.085567229707459 11.35664572222692 0
  endloop
endfacet
facet normal -0 0 -1
  outer loop
    vertex 4.117582210181371 11.51160633156794 0
    vertex 3.085567229707459 11.35664572222692 0
    vertex 3.39298709421996 12.34590831958265 0
  endloop
endfacet
facet normal 0 0 -1
  outer loop
    vertex 2.345130252279382 13.77738646952422 0
    vertex 3.289739385613601 14.34465323025584 0
    vertex 2.869058673249672 13.06164739455344 0
  endloop
endfacet
facet normal 0 -0 -1
  outer loop
    vertex 3.289739385613601 14.34465323025584 0
    vertex 3.81366780658389 13.62891415528506 0
    vertex 2.869058673249672 13.06164739455344 0
  endloop
endfacet
facet normal 0 0 -1
  outer loop
    vertex 3.289739385613601 14.34465323025584 0
    vertex 4.23434851894782 14.91191999098747 0
    vertex 3.81366780658389 13.62891415528506 0
  endloop
endfacet
facet normal 0 0 -1
  outer loop
    vertex 2.869058673249672 13.06164739455344 0
    vertex 3.81366780658389 13.62891415528506 0
    vertex 3.39298709421996 12.34590831958265 0
  endloop
endfacet
facet normal 0 0 -1
  outer loop
    vertex 1.24393410953212 9.368374454840907 0
    vertex 1.034088214515089 9.792403638783622 0
    vertex 1.366390712006749 9.975712426006639 0
  endloop
endfacet
facet normal 0 0 -1
  outer loop
    vertex 1.034088214515089 9.792403638783622 0
    vertex 1.156544816989717 10.39974160994936 0
    vertex 1.366390712006749 9.975712426006639 0
  endloop
endfacet
facet normal 0 0 -1
  outer loop
    vertex 1.034088214515089 9.792403638783622 0
    vertex 0.8242423194980573 10.21643282272634 0
    vertex 1.156544816989717 10.39974160994936 0
  endloop
endfacet
facet normal 0 0 -1
  outer loop
    vertex 1.366390712006749 9.975712426006639 0
    vertex 1.156544816989717 10.39974160994936 0
    vertex 1.488847314481378 10.58305039717237 0
  endloop
endfacet
facet normal 0 0 -1
  outer loop
    vertex 4.375000000000005 5 0
    vertex 2.187500000000007 5 0
    vertex 2.764015137141912 6.085377779896297 0
  endloop
endfacet
facet normal 0 0 -1
  outer loop
    vertex 2.187500000000007 5 0
    vertex 0.5765151371419144 6.085377779896297 0
    vertex 2.764015137141912 6.085377779896297 0
  endloop
endfacet
facet normal 0 0 -1
  outer loop
    vertex 2.187500000000007 5 0
    vertex 8.881784197001252e-15 5 0
    vertex 0.5765151371419144 6.085377779896297 0
  endloop
endfacet
facet normal 0 0 -1
  outer loop
    vertex 2.764015137141912 6.085377779896297 0
    vertex 0.5765151371419144 6.085377779896297 0
    vertex 1.153030274283818 7.170755559792594 0
  endloop
endfacet
facet normal 0 -0 -1
  outer loop
    vertex -7.05 23 0
    vertex -5.899646173559606 21.53564022533185 0
    vertex -7.50658631038041 21.27151303208234 0
  endloop
endfacet
facet normal 0 0 -1
  outer loop
    vertex -5.899646173559606 21.53564022533185 0
    vertex -6.356232483940015 19.80715325741419 0
    vertex -7.50658631038041 21.27151303208234 0
  endloop
endfacet
facet normal 0 -0 -1
  outer loop
    vertex -5.899646173559606 21.53564022533185 0
    vertex -4.749292347119212 20.07128045066369 0
    vertex -6.356232483940015 19.80715325741419 0
  endloop
endfacet
facet normal 0 -0 -1
  outer loop
    vertex -7.50658631038041 21.27151303208234 0
    vertex -6.356232483940015 19.80715325741419 0
    vertex -7.963172620760819 19.54302606416469 0
  endloop
endfacet
facet normal 0 0 -1
  outer loop
    vertex -2.35 23 0
    vertex 0 23 0
    vertex -0.1923949126779494 21.72828316148891 0
  endloop
endfacet
facet normal 0 -0 -1
  outer loop
    vertex 0 23 0
    vertex 2.15760508732205 21.72828316148891 0
    vertex -0.1923949126779494 21.72828316148891 0
  endloop
endfacet
facet normal 0 0 -1
  outer loop
    vertex 0 23 0
    vertex 2.35 23 0
    vertex 2.15760508732205 21.72828316148891 0
  endloop
endfacet
facet normal 0 0 -1
  outer loop
    vertex -0.1923949126779494 21.72828316148891 0
    vertex 2.15760508732205 21.72828316148891 0
    vertex 1.965210174644101 20.45656632297782 0
  endloop
endfacet
facet normal 0 0 -1
  outer loop
    vertex 4.142636412445698 19.25147461952411 0
    vertex 5.596318206222849 21.12573730976206 0
    vertex 5.973686653136556 19.3662951873348 0
  endloop
endfacet
facet normal 0 0 -1
  outer loop
    vertex 5.596318206222849 21.12573730976206 0
    vertex 7.427368446913707 21.24055787757275 0
    vertex 5.973686653136556 19.3662951873348 0
  endloop
endfacet
facet normal 0 0 -1
  outer loop
    vertex 5.596318206222849 21.12573730976206 0
    vertex 7.050000000000001 23 0
    vertex 7.427368446913707 21.24055787757275 0
  endloop
endfacet
facet normal 0 0 -1
  outer loop
    vertex 5.973686653136556 19.3662951873348 0
    vertex 7.427368446913707 21.24055787757275 0
    vertex 7.804736893827414 19.4811157551455 0
  endloop
endfacet
facet normal 0 0 -1
  outer loop
    vertex -2.757284476030996 10.36870629269178 0
    vertex -3.760016784722843 10.47518599253458 0
    vertex -3.057459932539597 11.40279612912171 0
  endloop
endfacet
facet normal 0 0 -1
  outer loop
    vertex -3.760016784722843 10.47518599253458 0
    vertex -4.060192241231444 11.50927582896451 0
    vertex -3.057459932539597 11.40279612912171 0
  endloop
endfacet
facet normal 0 0 -1
  outer loop
    vertex -3.760016784722843 10.47518599253458 0
    vertex -4.762749093414692 10.58166569237738 0
    vertex -4.060192241231444 11.50927582896451 0
  endloop
endfacet
facet normal 0 0 -1
  outer loop
    vertex -3.057459932539597 11.40279612912171 0
    vertex -4.060192241231444 11.50927582896451 0
    vertex -3.357635389048198 12.43688596555164 0
  endloop
endfacet
facet normal -0 0 -1
  outer loop
    vertex 2.682228372517087 16.30990511348938 0
    vertex 1.767973661537255 15.54438070240529 0
    vertex 1.331670586081019 16.57605108674429 0
  endloop
endfacet
facet normal 0 0 -1
  outer loop
    vertex 1.767973661537255 15.54438070240529 0
    vertex 0.417415875101188 15.81052667566021 0
    vertex 1.331670586081019 16.57605108674429 0
  endloop
endfacet
facet normal -0 0 -1
  outer loop
    vertex 1.767973661537255 15.54438070240529 0
    vertex 0.8537189505574219 14.7788562913212 0
    vertex 0.417415875101188 15.81052667566021 0
  endloop
endfacet
facet normal -0 0 -1
  outer loop
    vertex 1.331670586081019 16.57605108674429 0
    vertex 0.417415875101188 15.81052667566021 0
    vertex -0.01888720035504754 16.84219705999922 0
  endloop
endfacet
facet normal -0 0 -1
  outer loop
    vertex -1.191064660980102 10.67641348991339 0
    vertex -1.97417456850555 10.52255989130258 0
    vertex -1.638109942323776 11.108514977858 0
  endloop
endfacet
facet normal 0 0 -1
  outer loop
    vertex -1.97417456850555 10.52255989130258 0
    vertex -2.421219849849225 10.9546613792472 0
    vertex -1.638109942323776 11.108514977858 0
  endloop
endfacet
facet normal -0 0 -1
  outer loop
    vertex -1.97417456850555 10.52255989130258 0
    vertex -2.757284476030996 10.36870629269178 0
    vertex -2.421219849849225 10.9546613792472 0
  endloop
endfacet
facet normal -0 0 -1
  outer loop
    vertex -1.638109942323776 11.108514977858 0
    vertex -2.421219849849225 10.9546613792472 0
    vertex -2.085155223667453 11.54061646580262 0
  endloop
endfacet
facet normal 0 0 -1
  outer loop
    vertex -2.3054674347202 16.07624214240707 0
    vertex -1.162177317537623 16.45921960120314 0
    vertex -1.566141229082984 15.60047041034742 0
  endloop
endfacet
facet normal 0 -0 -1
  outer loop
    vertex -1.162177317537623 16.45921960120314 0
    vertex -0.4228511119004086 15.9834478691435 0
    vertex -1.566141229082984 15.60047041034742 0
  endloop
endfacet
facet normal 0 0 -1
  outer loop
    vertex -1.162177317537623 16.45921960120314 0
    vertex -0.01888720035504754 16.84219705999922 0
    vertex -0.4228511119004086 15.9834478691435 0
  endloop
endfacet
facet normal 0 0 -1
  outer loop
    vertex -1.566141229082984 15.60047041034742 0
    vertex -0.4228511119004086 15.9834478691435 0
    vertex -0.8268150234457696 15.12469867828778 0
  endloop
endfacet
facet normal 0 -0 -1
  outer loop
    vertex -8.237984786718108 10.94853071302236 0
    vertex -7.330846820548775 9.529376873313563 0
    vertex -8.810161757468808 9.260140731173893 0
  endloop
endfacet
facet normal 0 0 -1
  outer loop
    vertex -7.330846820548775 9.529376873313563 0
    vertex -7.903023791299475 7.840986891465091 0
    vertex -8.810161757468808 9.260140731173893 0
  endloop
endfacet
facet normal 0 -0 -1
  outer loop
    vertex -7.330846820548775 9.529376873313563 0
    vertex -6.423708854379441 8.110223033604761 0
    vertex -7.903023791299475 7.840986891465091 0
  endloop
endfacet
facet normal 0 -0 -1
  outer loop
    vertex -8.810161757468808 9.260140731173893 0
    vertex -7.903023791299475 7.840986891465091 0
    vertex -9.382338728219509 7.571750749325422 0
  endloop
endfacet
facet normal 0 0 -1
  outer loop
    vertex 8.75 5 0
    vertex 7.573803502213022 6.521055422910088 0
    vertex 8.94838510218173 6.227325613810222 0
  endloop
endfacet
facet normal 0 0 -1
  outer loop
    vertex 7.573803502213022 6.521055422910088 0
    vertex 7.772188604394751 7.74838103672031 0
    vertex 8.94838510218173 6.227325613810222 0
  endloop
endfacet
facet normal 0 0 -1
  outer loop
    vertex 7.573803502213022 6.521055422910088 0
    vertex 6.397607004426044 8.042110845820176 0
    vertex 7.772188604394751 7.74838103672031 0
  endloop
endfacet
facet normal 0 0 -1
  outer loop
    vertex 8.94838510218173 6.227325613810222 0
    vertex 7.772188604394751 7.74838103672031 0
    vertex 9.146770204363458 7.454651227620444 0
  endloop
endfacet
facet normal 0 -0 -1
  outer loop
    vertex 2.778147365194958 10.3673831248712 0
    vertex 3.117987923577099 9.407249519816354 0
    vertex 2.011040737363539 9.86787878985605 0
  endloop
endfacet
facet normal -0 0 -1
  outer loop
    vertex 3.117987923577099 9.407249519816354 0
    vertex 2.350881295745679 8.907745184801209 0
    vertex 2.011040737363539 9.86787878985605 0
  endloop
endfacet
facet normal 0 -0 -1
  outer loop
    vertex 3.117987923577099 9.407249519816354 0
    vertex 3.457828481959238 8.447115914761511 0
    vertex 2.350881295745679 8.907745184801209 0
  endloop
endfacet
facet normal 0 -0 -1
  outer loop
    vertex 2.011040737363539 9.86787878985605 0
    vertex 2.350881295745679 8.907745184801209 0
    vertex 1.24393410953212 9.368374454840907 0
  endloop
endfacet
facet normal 0 0 -1
  outer loop
    vertex -6.423708854379441 8.110223033604761 0
    vertex -7.586854427189721 6.555111516802381 0
    vertex -7.903023791299475 7.840986891465091 0
  endloop
endfacet
facet normal -0 0 -1
  outer loop
    vertex -7.586854427189721 6.555111516802381 0
    vertex -9.066169364109754 6.285875374662711 0
    vertex -7.903023791299475 7.840986891465091 0
  endloop
endfacet
facet normal 0 0 -1
  outer loop
    vertex -7.586854427189721 6.555111516802381 0
    vertex -8.75 5 0
    vertex -9.066169364109754 6.285875374662711 0
  endloop
endfacet
facet normal 0 0 -1
  outer loop
    vertex -7.903023791299475 7.840986891465091 0
    vertex -9.066169364109754 6.285875374662711 0
    vertex -9.382338728219509 7.571750749325422 0
  endloop
endfacet
facet normal 0 0 -1
  outer loop
    vertex 3.39298709421996 12.34590831958265 0
    vertex 3.81366780658389 13.62891415528506 0
    vertex 4.7171764010524 12.54077320921868 0
  endloop
endfacet
facet normal 0 0 -1
  outer loop
    vertex 3.81366780658389 13.62891415528506 0
    vertex 5.13785711341633 13.82377904492108 0
    vertex 4.7171764010524 12.54077320921868 0
  endloop
endfacet
facet normal 0 0 -1
  outer loop
    vertex 3.81366780658389 13.62891415528506 0
    vertex 4.23434851894782 14.91191999098747 0
    vertex 5.13785711341633 13.82377904492108 0
  endloop
endfacet
facet normal 0 0 -1
  outer loop
    vertex 4.7171764010524 12.54077320921868 0
    vertex 5.13785711341633 13.82377904492108 0
    vertex 6.04136570788484 12.7356380988547 0
  endloop
endfacet
facet normal 0 0 -1
  outer loop
    vertex 8.75 5 0
    vertex 10.25 4.799999999999999 0
    vertex 9.452157424409139 3.67601734001931 0
  endloop
endfacet
facet normal 0 -0 -1
  outer loop
    vertex 10.25 4.799999999999999 0
    vertex 10.95215742440914 3.476017340019309 0
    vertex 9.452157424409139 3.67601734001931 0
  endloop
endfacet
facet normal 0 0 -1
  outer loop
    vertex 10.25 4.799999999999999 0
    vertex 11.75 4.599999999999999 0
    vertex 10.95215742440914 3.476017340019309 0
  endloop
endfacet
facet normal 0 0 -1
  outer loop
    vertex 9.452157424409139 3.67601734001931 0
    vertex 10.95215742440914 3.476017340019309 0
    vertex 10.15431484881828 2.35203468003862 0
  endloop
endfacet
facet normal 0 0 -1
  outer loop
    vertex -11.75 4.599999999999999 0
    vertex -10.25 4.799999999999999 0
    vertex -10.95215742440914 3.476017340019309 0
  endloop
endfacet
facet normal 0 -0 -1
  outer loop
    vertex -10.25 4.799999999999999 0
    vertex -9.452157424409137 3.67601734001931 0
    vertex -10.95215742440914 3.476017340019309 0
  endloop
endfacet
facet normal 0 0 -1
  outer loop
    vertex -10.25 4.799999999999999 0
    vertex -8.75 5 0
    vertex -9.452157424409137 3.67601734001931 0
  endloop
endfacet
facet normal 0 0 -1
  outer loop
    vertex -10.95215742440914 3.476017340019309 0
    vertex -9.452157424409137 3.67601734001931 0
    vertex -10.15431484881828 2.35203468003862 0
  endloop
endfacet
facet normal -0 0 -1
  outer loop
    vertex -0.01888720035504754 16.84219705999922 0
    vertex -1.162177317537623 16.45921960120314 0
    vertex -1.196682398802269 17.75122306254256 0
  endloop
endfacet
facet normal 0 0 -1
  outer loop
    vertex -1.162177317537623 16.45921960120314 0
    vertex -2.339972515984844 17.36824560374649 0
    vertex -1.196682398802269 17.75122306254256 0
  endloop
endfacet
facet normal -0 0 -1
  outer loop
    vertex -1.162177317537623 16.45921960120314 0
    vertex -2.3054674347202 16.07624214240707 0
    vertex -2.339972515984844 17.36824560374649 0
  endloop
endfacet
facet normal -0 0 -1
  outer loop
    vertex -1.196682398802269 17.75122306254256 0
    vertex -2.339972515984844 17.36824560374649 0
    vertex -2.37447759724949 18.66024906508591 0
  endloop
endfacet
facet normal 0 0 -1
  outer loop
    vertex -9.52606255473184 0 0
    vertex -10.01696655390364 0 0
    vertex -9.783710592276975 0.3614514604882686 0
  endloop
endfacet
facet normal 0 0 -1
  outer loop
    vertex -10.01696655390364 0 0
    vertex -10.27461459144877 0.3614514604882686 0
    vertex -9.783710592276975 0.3614514604882686 0
  endloop
endfacet
facet normal 0 0 -1
  outer loop
    vertex -10.01696655390364 0 0
    vertex -10.50787055307543 0 0
    vertex -10.27461459144877 0.3614514604882686 0
  endloop
endfacet
facet normal 0 0 -1
  outer loop
    vertex -9.783710592276975 0.3614514604882686 0
    vertex -10.27461459144877 0.3614514604882686 0
    vertex -10.04135862982211 0.7229029209765363 0
  endloop
endfacet
facet normal 0 0 -1
  outer loop
    vertex 10.50787055307543 0 0
    vertex 10.01696655390364 0 0
    vertex 10.27461459144877 0.3614514604882686 0
  endloop
endfacet
facet normal 0 0 -1
  outer loop
    vertex 10.01696655390364 0 0
    vertex 9.783710592276975 0.3614514604882686 0
    vertex 10.27461459144877 0.3614514604882686 0
  endloop
endfacet
facet normal 0 0 -1
  outer loop
    vertex 10.01696655390364 0 0
    vertex 9.52606255473184 0 0
    vertex 9.783710592276975 0.3614514604882686 0
  endloop
endfacet
facet normal 0 0 -1
  outer loop
    vertex 10.27461459144877 0.3614514604882686 0
    vertex 9.783710592276975 0.3614514604882686 0
    vertex 10.04135862982211 0.7229029209765363 0
  endloop
endfacet
facet normal 0 0 -1
  outer loop
    vertex 8.881784197001252e-15 5 0
    vertex -2.18749999999999 5 0
    vertex -0.6983776097495635 5.893438133033283 0
  endloop
endfacet
facet normal 0 0 -1
  outer loop
    vertex -2.18749999999999 5 0
    vertex -2.885877609749564 5.893438133033283 0
    vertex -0.6983776097495635 5.893438133033283 0
  endloop
endfacet
facet normal 0 0 -1
  outer loop
    vertex -2.18749999999999 5 0
    vertex -4.37499999999999 5 0
    vertex -2.885877609749564 5.893438133033283 0
  endloop
endfacet
facet normal 0 0 -1
  outer loop
    vertex -0.6983776097495635 5.893438133033283 0
    vertex -2.885877609749564 5.893438133033283 0
    vertex -1.396755219499136 6.786876266066566 0
  endloop
endfacet
facet normal -0 0 -1
  outer loop
    vertex -4.762749093414692 10.58166569237738 0
    vertex -5.593228973897066 9.345944362991069 0
    vertex -6.500366940066399 10.76509820269987 0
  endloop
endfacet
facet normal 0 0 -1
  outer loop
    vertex -5.593228973897066 9.345944362991069 0
    vertex -7.330846820548775 9.529376873313563 0
    vertex -6.500366940066399 10.76509820269987 0
  endloop
endfacet
facet normal -0 0 -1
  outer loop
    vertex -5.593228973897066 9.345944362991069 0
    vertex -6.423708854379441 8.110223033604761 0
    vertex -7.330846820548775 9.529376873313563 0
  endloop
endfacet
facet normal -0 0 -1
  outer loop
    vertex -6.500366940066399 10.76509820269987 0
    vertex -7.330846820548775 9.529376873313563 0
    vertex -8.237984786718108 10.94853071302236 0
  endloop
endfacet
facet normal 0 -0 -1
  outer loop
    vertex -1.232486082473235 11.69517371347249 0
    vertex -1.211775371726668 11.18579360169294 0
    vertex -1.658820653070343 11.61789508963756 0
  endloop
endfacet
facet normal -0 0 -1
  outer loop
    vertex -1.211775371726668 11.18579360169294 0
    vertex -1.638109942323776 11.108514977858 0
    vertex -1.658820653070343 11.61789508963756 0
  endloop
endfacet
facet normal 0 -0 -1
  outer loop
    vertex -1.211775371726668 11.18579360169294 0
    vertex -1.191064660980102 10.67641348991339 0
    vertex -1.638109942323776 11.108514977858 0
  endloop
endfacet
facet normal 0 -0 -1
  outer loop
    vertex -1.658820653070343 11.61789508963756 0
    vertex -1.638109942323776 11.108514977858 0
    vertex -2.085155223667453 11.54061646580262 0
  endloop
endfacet
facet normal 0 0 -1
  outer loop
    vertex -3.357635389048198 12.43688596555164 0
    vertex -4.490450336570433 12.99922775772046 0
    vertex -3.429317710245755 13.44280801953981 0
  endloop
endfacet
facet normal 0 0 -1
  outer loop
    vertex -4.490450336570433 12.99922775772046 0
    vertex -4.562132657767989 14.00514981170864 0
    vertex -3.429317710245755 13.44280801953981 0
  endloop
endfacet
facet normal 0 0 -1
  outer loop
    vertex -4.490450336570433 12.99922775772046 0
    vertex -5.623265284092668 13.56156954988928 0
    vertex -4.562132657767989 14.00514981170864 0
  endloop
endfacet
facet normal 0 0 -1
  outer loop
    vertex -3.429317710245755 13.44280801953981 0
    vertex -4.562132657767989 14.00514981170864 0
    vertex -3.501000031443313 14.44873007352799 0
  endloop
endfacet
facet normal 0 -0 -1
  outer loop
    vertex 2.35 23 0
    vertex 3.246318206222849 21.12573730976206 0
    vertex 2.15760508732205 21.72828316148891 0
  endloop
endfacet
facet normal -0 0 -1
  outer loop
    vertex 3.246318206222849 21.12573730976206 0
    vertex 3.0539232935449 19.85402047125097 0
    vertex 2.15760508732205 21.72828316148891 0
  endloop
endfacet
facet normal 0 -0 -1
  outer loop
    vertex 3.246318206222849 21.12573730976206 0
    vertex 4.142636412445698 19.25147461952411 0
    vertex 3.0539232935449 19.85402047125097 0
  endloop
endfacet
facet normal 0 -0 -1
  outer loop
    vertex 2.15760508732205 21.72828316148891 0
    vertex 3.0539232935449 19.85402047125097 0
    vertex 1.965210174644101 20.45656632297782 0
  endloop
endfacet
facet normal 0 0 -1
  outer loop
    vertex -3.357635389048198 12.43688596555164 0
    vertex -2.597278449125124 13.08450571310691 0
    vertex -2.624861850855011 12.46546294487802 0
  endloop
endfacet
facet normal 0 -0 -1
  outer loop
    vertex -2.597278449125124 13.08450571310691 0
    vertex -1.864504910931938 13.11308269243329 0
    vertex -2.624861850855011 12.46546294487802 0
  endloop
endfacet
facet normal 0 0 -1
  outer loop
    vertex -2.597278449125124 13.08450571310691 0
    vertex -1.836921509202051 13.73212546066218 0
    vertex -1.864504910931938 13.11308269243329 0
  endloop
endfacet
facet normal 0 0 -1
  outer loop
    vertex -2.624861850855011 12.46546294487802 0
    vertex -1.864504910931938 13.11308269243329 0
    vertex -1.892088312661823 12.4940399242044 0
  endloop
endfacet
facet normal 0 0 -1
  outer loop
    vertex -2.3054674347202 16.07624214240707 0
    vertex -3.509463834787169 16.38155903836574 0
    vertex -2.339972515984844 17.36824560374649 0
  endloop
endfacet
facet normal 0 0 -1
  outer loop
    vertex -3.509463834787169 16.38155903836574 0
    vertex -3.543968916051814 17.67356249970516 0
    vertex -2.339972515984844 17.36824560374649 0
  endloop
endfacet
facet normal 0 0 -1
  outer loop
    vertex -3.509463834787169 16.38155903836574 0
    vertex -4.713460234854137 16.68687593432441 0
    vertex -3.543968916051814 17.67356249970516 0
  endloop
endfacet
facet normal 0 0 -1
  outer loop
    vertex -2.339972515984844 17.36824560374649 0
    vertex -3.543968916051814 17.67356249970516 0
    vertex -2.37447759724949 18.66024906508591 0
  endloop
endfacet
facet normal 0 0 -1
  outer loop
    vertex -0.3338039495545289 13.51572675551079 0
    vertex -1.085362729378289 13.62392610808649 0
    vertex -0.5803094865001484 14.32021271689929 0
  endloop
endfacet
facet normal 0 0 -1
  outer loop
    vertex -1.085362729378289 13.62392610808649 0
    vertex -1.331868266323911 14.42841206947498 0
    vertex -0.5803094865001484 14.32021271689929 0
  endloop
endfacet
facet normal 0 0 -1
  outer loop
    vertex -1.085362729378289 13.62392610808649 0
    vertex -1.836921509202051 13.73212546066218 0
    vertex -1.331868266323911 14.42841206947498 0
  endloop
endfacet
facet normal 0 0 -1
  outer loop
    vertex -0.5803094865001484 14.32021271689929 0
    vertex -1.331868266323911 14.42841206947498 0
    vertex -0.8268150234457696 15.12469867828778 0
  endloop
endfacet
facet normal 0 0 -1
  outer loop
    vertex -4.37499999999999 5 0
    vertex -3.719268564378979 6.622061939643286 0
    vertex -2.885877609749564 5.893438133033283 0
  endloop
endfacet
facet normal 0 0 -1
  outer loop
    vertex -3.719268564378979 6.622061939643286 0
    vertex -2.230146174128553 7.51550007267657 0
    vertex -2.885877609749564 5.893438133033283 0
  endloop
endfacet
facet normal 0 0 -1
  outer loop
    vertex -3.719268564378979 6.622061939643286 0
    vertex -3.063537128757968 8.244123879286573 0
    vertex -2.230146174128553 7.51550007267657 0
  endloop
endfacet
facet normal 0 0 -1
  outer loop
    vertex -2.885877609749564 5.893438133033283 0
    vertex -2.230146174128553 7.51550007267657 0
    vertex -1.396755219499136 6.786876266066566 0
  endloop
endfacet
facet normal 0 0 -1
  outer loop
    vertex 4.842177326142783 10.67730434355323 0
    vertex 4.117582210181371 11.51160633156794 0
    vertex 5.441771517013811 11.70647122120396 0
  endloop
endfacet
facet normal 0 0 -1
  outer loop
    vertex 4.117582210181371 11.51160633156794 0
    vertex 4.7171764010524 12.54077320921868 0
    vertex 5.441771517013811 11.70647122120396 0
  endloop
endfacet
facet normal 0 0 -1
  outer loop
    vertex 4.117582210181371 11.51160633156794 0
    vertex 3.39298709421996 12.34590831958265 0
    vertex 4.7171764010524 12.54077320921868 0
  endloop
endfacet
facet normal 0 0 -1
  outer loop
    vertex 5.441771517013811 11.70647122120396 0
    vertex 4.7171764010524 12.54077320921868 0
    vertex 6.04136570788484 12.7356380988547 0
  endloop
endfacet
facet normal 0 -0 -1
  outer loop
    vertex 1.827714416454784 12.3456925421178 0
    vertex 1.979179502658781 11.86945575700382 0
    vertex 1.562870660024923 11.92647252327181 0
  endloop
endfacet
facet normal -0 0 -1
  outer loop
    vertex 1.979179502658781 11.86945575700382 0
    vertex 1.714335746228921 11.45023573815783 0
    vertex 1.562870660024923 11.92647252327181 0
  endloop
endfacet
facet normal 0 -0 -1
  outer loop
    vertex 1.979179502658781 11.86945575700382 0
    vertex 2.130644588862778 11.39321897188984 0
    vertex 1.714335746228921 11.45023573815783 0
  endloop
endfacet
facet normal 0 -0 -1
  outer loop
    vertex 1.562870660024923 11.92647252327181 0
    vertex 1.714335746228921 11.45023573815783 0
    vertex 1.298026903595062 11.50725250442582 0
  endloop
endfacet
facet normal -0 0 -1
  outer loop
    vertex -3.357635389048198 12.43688596555164 0
    vertex -4.060192241231444 11.50927582896451 0
    vertex -4.490450336570433 12.99922775772046 0
  endloop
endfacet
facet normal 0 0 -1
  outer loop
    vertex -4.060192241231444 11.50927582896451 0
    vertex -5.193007188753679 12.07161762113333 0
    vertex -4.490450336570433 12.99922775772046 0
  endloop
endfacet
facet normal -0 0 -1
  outer loop
    vertex -4.060192241231444 11.50927582896451 0
    vertex -4.762749093414692 10.58166569237738 0
    vertex -5.193007188753679 12.07161762113333 0
  endloop
endfacet
facet normal -0 0 -1
  outer loop
    vertex -4.490450336570433 12.99922775772046 0
    vertex -5.193007188753679 12.07161762113333 0
    vertex -5.623265284092668 13.56156954988928 0
  endloop
endfacet
facet normal -0 0 -1
  outer loop
    vertex -1.836921509202051 13.73212546066218 0
    vertex -2.597278449125124 13.08450571310691 0
    vertex -2.668960770322682 14.09042776709509 0
  endloop
endfacet
facet normal 0 0 -1
  outer loop
    vertex -2.597278449125124 13.08450571310691 0
    vertex -3.429317710245755 13.44280801953981 0
    vertex -2.668960770322682 14.09042776709509 0
  endloop
endfacet
facet normal -0 0 -1
  outer loop
    vertex -2.597278449125124 13.08450571310691 0
    vertex -3.357635389048198 12.43688596555164 0
    vertex -3.429317710245755 13.44280801953981 0
  endloop
endfacet
facet normal -0 0 -1
  outer loop
    vertex -2.668960770322682 14.09042776709509 0
    vertex -3.429317710245755 13.44280801953981 0
    vertex -3.501000031443313 14.44873007352799 0
  endloop
endfacet
facet normal 0 0 -1
  outer loop
    vertex -3.063537128757968 8.244123879286573 0
    vertex -1.88090318588976 8.381812885270117 0
    vertex -2.230146174128553 7.51550007267657 0
  endloop
endfacet
facet normal 0 -0 -1
  outer loop
    vertex -1.88090318588976 8.381812885270117 0
    vertex -1.047512231260345 7.653189078660112 0
    vertex -2.230146174128553 7.51550007267657 0
  endloop
endfacet
facet normal 0 0 -1
  outer loop
    vertex -1.88090318588976 8.381812885270117 0
    vertex -0.6982692430215529 8.519501891253659 0
    vertex -1.047512231260345 7.653189078660112 0
  endloop
endfacet
facet normal 0 0 -1
  outer loop
    vertex -2.230146174128553 7.51550007267657 0
    vertex -1.047512231260345 7.653189078660112 0
    vertex -1.396755219499136 6.786876266066566 0
  endloop
endfacet
facet normal 0 -0 -1
  outer loop
    vertex -0.01888720035504754 16.84219705999922 0
    vertex 0.417415875101188 15.81052667566021 0
    vertex -0.4228511119004086 15.9834478691435 0
  endloop
endfacet
facet normal -0 0 -1
  outer loop
    vertex 0.417415875101188 15.81052667566021 0
    vertex 0.01345196355582701 14.95177748480449 0
    vertex -0.4228511119004086 15.9834478691435 0
  endloop
endfacet
facet normal 0 -0 -1
  outer loop
    vertex 0.417415875101188 15.81052667566021 0
    vertex 0.8537189505574219 14.7788562913212 0
    vertex 0.01345196355582701 14.95177748480449 0
  endloop
endfacet
facet normal 0 -0 -1
  outer loop
    vertex -0.4228511119004086 15.9834478691435 0
    vertex 0.01345196355582701 14.95177748480449 0
    vertex -0.8268150234457696 15.12469867828778 0
  endloop
endfacet
facet normal 0 0 -1
  outer loop
    vertex 0.7207750943219335 11.59710699129405 0
    vertex 0.4987918414869843 11.87546518597443 0
    vertex 0.8100900037247492 11.90933005333448 0
  endloop
endfacet
facet normal 0 0 -1
  outer loop
    vertex 0.4987918414869843 11.87546518597443 0
    vertex 0.5387108301463073 12.12574772256018 0
    vertex 0.8100900037247492 11.90933005333448 0
  endloop
endfacet
facet normal 0 0 -1
  outer loop
    vertex 0.4987918414869843 11.87546518597443 0
    vertex 0.1780167471650491 12.02994232974546 0
    vertex 0.5387108301463073 12.12574772256018 0
  endloop
endfacet
facet normal 0 0 -1
  outer loop
    vertex 0.8100900037247492 11.90933005333448 0
    vertex 0.5387108301463073 12.12574772256018 0
    vertex 0.8994049131275643 12.2215531153749 0
  endloop
endfacet
facet normal 0 0 -1
  outer loop
    vertex -1.016197421911755 12.61268931883999 0
    vertex -0.6750006857331421 13.06420803717539 0
    vertex -0.650633211209211 12.59055329950156 0
  endloop
endfacet
facet normal 0 0 -1
  outer loop
    vertex -0.6750006857331421 13.06420803717539 0
    vertex -0.3094364750305978 13.04207201783696 0
    vertex -0.650633211209211 12.59055329950156 0
  endloop
endfacet
facet normal 0 0 -1
  outer loop
    vertex -0.6750006857331421 13.06420803717539 0
    vertex -0.3338039495545289 13.51572675551079 0
    vertex -0.3094364750305978 13.04207201783696 0
  endloop
endfacet
facet normal 0 0 -1
  outer loop
    vertex -0.650633211209211 12.59055329950156 0
    vertex -0.3094364750305978 13.04207201783696 0
    vertex -0.2850690005066667 12.56841728016313 0
  endloop
endfacet
facet normal 0 -0 -1
  outer loop
    vertex 7.804736893827414 19.4811157551455 0
    vertex 7.823526621318809 17.54752495845398 0
    vertex 6.632977389944712 18.29485541370276 0
  endloop
endfacet
facet normal -0 0 -1
  outer loop
    vertex 7.823526621318809 17.54752495845398 0
    vertex 6.651767117436106 16.36126461701124 0
    vertex 6.632977389944712 18.29485541370276 0
  endloop
endfacet
facet normal 0 -0 -1
  outer loop
    vertex 7.823526621318809 17.54752495845398 0
    vertex 7.842316348810204 15.61393416176247 0
    vertex 6.651767117436106 16.36126461701124 0
  endloop
endfacet
facet normal 0 -0 -1
  outer loop
    vertex 6.632977389944712 18.29485541370276 0
    vertex 6.651767117436106 16.36126461701124 0
    vertex 5.461217886062007 17.10859507226002 0
  endloop
endfacet
facet normal 0 -0 -1
  outer loop
    vertex -1.191064660980102 10.67641348991339 0
    vertex -0.7426166694754208 10.31878815039064 0
    vertex -1.366540738802106 10.128958370696 0
  endloop
endfacet
facet normal 0 0 -1
  outer loop
    vertex -0.7426166694754208 10.31878815039064 0
    vertex -0.9180927472974254 9.771333031173253 0
    vertex -1.366540738802106 10.128958370696 0
  endloop
endfacet
facet normal 0 -0 -1
  outer loop
    vertex -0.7426166694754208 10.31878815039064 0
    vertex -0.2941686779707418 9.961162810867901 0
    vertex -0.9180927472974254 9.771333031173253 0
  endloop
endfacet
facet normal 0 -0 -1
  outer loop
    vertex -1.366540738802106 10.128958370696 0
    vertex -0.9180927472974254 9.771333031173253 0
    vertex -1.542016816624111 9.581503251478605 0
  endloop
endfacet
facet normal 0 0 -1
  outer loop
    vertex 4.842177326142783 10.67730434355323 0
    vertex 5.441771517013811 11.70647122120396 0
    vertex 6.34009209512257 10.38392892184402 0
  endloop
endfacet
facet normal 0 0 -1
  outer loop
    vertex 5.441771517013811 11.70647122120396 0
    vertex 6.939686285993599 11.41309579949476 0
    vertex 6.34009209512257 10.38392892184402 0
  endloop
endfacet
facet normal 0 0 -1
  outer loop
    vertex 5.441771517013811 11.70647122120396 0
    vertex 6.04136570788484 12.7356380988547 0
    vertex 6.939686285993599 11.41309579949476 0
  endloop
endfacet
facet normal 0 0 -1
  outer loop
    vertex 6.34009209512257 10.38392892184402 0
    vertex 6.939686285993599 11.41309579949476 0
    vertex 7.838006864102358 10.09055350013481 0
  endloop
endfacet
facet normal 0 0 -1
  outer loop
    vertex -0.3338039495545289 13.51572675551079 0
    vertex -0.04418624314982367 13.16199478312789 0
    vertex -0.3094364750305978 13.04207201783696 0
  endloop
endfacet
facet normal 0 -0 -1
  outer loop
    vertex -0.04418624314982367 13.16199478312789 0
    vertex -0.0198187686258926 12.68834004545406 0
    vertex -0.3094364750305978 13.04207201783696 0
  endloop
endfacet
facet normal 0 0 -1
  outer loop
    vertex -0.04418624314982367 13.16199478312789 0
    vertex 0.2454314632548833 12.80826281074499 0
    vertex -0.0198187686258926 12.68834004545406 0
  endloop
endfacet
facet normal 0 0 -1
  outer loop
    vertex -0.3094364750305978 13.04207201783696 0
    vertex -0.0198187686258926 12.68834004545406 0
    vertex -0.2850690005066667 12.56841728016313 0
  endloop
endfacet
facet normal 0 -0 -1
  outer loop
    vertex -0.8 11.25 0
    vertex -0.7207750943219349 10.90289300870595 0
    vertex -0.9955323304900503 10.96320674495669 0
  endloop
endfacet
facet normal -0 0 -1
  outer loop
    vertex -0.7207750943219349 10.90289300870595 0
    vertex -0.8449282512335436 10.65047415196948 0
    vertex -0.9955323304900503 10.96320674495669 0
  endloop
endfacet
facet normal 0 -0 -1
  outer loop
    vertex -0.7207750943219349 10.90289300870595 0
    vertex -0.4987918414869862 10.62453481402558 0
    vertex -0.8449282512335436 10.65047415196948 0
  endloop
endfacet
facet normal 0 -0 -1
  outer loop
    vertex -0.9955323304900503 10.96320674495669 0
    vertex -0.8449282512335436 10.65047415196948 0
    vertex -1.191064660980102 10.67641348991339 0
  endloop
endfacet
facet normal -0 0 -1
  outer loop
    vertex 0.8537189505574219 14.7788562913212 0
    vertex 0.2599575005014465 14.147291523416 0
    vertex 0.01345196355582701 14.95177748480449 0
  endloop
endfacet
facet normal 0 0 -1
  outer loop
    vertex 0.2599575005014465 14.147291523416 0
    vertex -0.5803094865001484 14.32021271689929 0
    vertex 0.01345196355582701 14.95177748480449 0
  endloop
endfacet
facet normal -0 0 -1
  outer loop
    vertex 0.2599575005014465 14.147291523416 0
    vertex -0.3338039495545289 13.51572675551079 0
    vertex -0.5803094865001484 14.32021271689929 0
  endloop
endfacet
facet normal -0 0 -1
  outer loop
    vertex 0.01345196355582701 14.95177748480449 0
    vertex -0.5803094865001484 14.32021271689929 0
    vertex -0.8268150234457696 15.12469867828778 0
  endloop
endfacet
facet normal 0 -0 -1
  outer loop
    vertex -5.623265284092668 13.56156954988928 0
    vertex -5.193007188753679 12.07161762113333 0
    vertex -6.930625035405388 12.25505013145582 0
  endloop
endfacet
facet normal -0 0 -1
  outer loop
    vertex -5.193007188753679 12.07161762113333 0
    vertex -6.500366940066399 10.76509820269987 0
    vertex -6.930625035405388 12.25505013145582 0
  endloop
endfacet
facet normal 0 -0 -1
  outer loop
    vertex -5.193007188753679 12.07161762113333 0
    vertex -4.762749093414692 10.58166569237738 0
    vertex -6.500366940066399 10.76509820269987 0
  endloop
endfacet
facet normal 0 -0 -1
  outer loop
    vertex -6.930625035405388 12.25505013145582 0
    vertex -6.500366940066399 10.76509820269987 0
    vertex -8.237984786718108 10.94853071302236 0
  endloop
endfacet
facet normal 0 0 -1
  outer loop
    vertex 6.397607004426044 8.042110845820176 0
    vertex 5.619892165284413 9.359707594686702 0
    vertex 7.1178069342642 9.066332172977493 0
  endloop
endfacet
facet normal 0 0 -1
  outer loop
    vertex 5.619892165284413 9.359707594686702 0
    vertex 6.34009209512257 10.38392892184402 0
    vertex 7.1178069342642 9.066332172977493 0
  endloop
endfacet
facet normal 0 0 -1
  outer loop
    vertex 5.619892165284413 9.359707594686702 0
    vertex 4.842177326142783 10.67730434355323 0
    vertex 6.34009209512257 10.38392892184402 0
  endloop
endfacet
facet normal 0 0 -1
  outer loop
    vertex 7.1178069342642 9.066332172977493 0
    vertex 6.34009209512257 10.38392892184402 0
    vertex 7.838006864102358 10.09055350013481 0
  endloop
endfacet
facet normal 0 0 -1
  outer loop
    vertex -0.4987918414869879 11.87546518597442 0
    vertex -0.7207750943219356 11.59710699129405 0
    vertex -0.8656389619801104 11.78531944972346 0
  endloop
endfacet
facet normal -0 0 -1
  outer loop
    vertex -0.7207750943219356 11.59710699129405 0
    vertex -1.016243041236617 11.47258685673624 0
    vertex -0.8656389619801104 11.78531944972346 0
  endloop
endfacet
facet normal 0 0 -1
  outer loop
    vertex -0.7207750943219356 11.59710699129405 0
    vertex -0.8 11.25 0
    vertex -1.016243041236617 11.47258685673624 0
  endloop
endfacet
facet normal 0 0 -1
  outer loop
    vertex -0.8656389619801104 11.78531944972346 0
    vertex -1.016243041236617 11.47258685673624 0
    vertex -1.232486082473235 11.69517371347249 0
  endloop
endfacet
facet normal 0 -0 -1
  outer loop
    vertex 1.24393410953212 9.368374454840907 0
    vertex 2.350881295745679 8.907745184801209 0
    vertex 1.198482191907969 8.26956500731675 0
  endloop
endfacet
facet normal 0 0 -1
  outer loop
    vertex 2.350881295745679 8.907745184801209 0
    vertex 2.305429378121528 7.808935737277053 0
    vertex 1.198482191907969 8.26956500731675 0
  endloop
endfacet
facet normal 0 -0 -1
  outer loop
    vertex 2.350881295745679 8.907745184801209 0
    vertex 3.457828481959238 8.447115914761511 0
    vertex 2.305429378121528 7.808935737277053 0
  endloop
endfacet
facet normal 0 -0 -1
  outer loop
    vertex 1.198482191907969 8.26956500731675 0
    vertex 2.305429378121528 7.808935737277053 0
    vertex 1.153030274283818 7.170755559792594 0
  endloop
endfacet
facet normal 0 0 -1
  outer loop
    vertex -2.085155223667453 11.54061646580262 0
    vertex -2.721395306357826 11.98875121567713 0
    vertex -1.988621768164638 12.01732819500351 0
  endloop
endfacet
facet normal 0 0 -1
  outer loop
    vertex -2.721395306357826 11.98875121567713 0
    vertex -2.624861850855011 12.46546294487802 0
    vertex -1.988621768164638 12.01732819500351 0
  endloop
endfacet
facet normal 0 0 -1
  outer loop
    vertex -2.721395306357826 11.98875121567713 0
    vertex -3.357635389048198 12.43688596555164 0
    vertex -2.624861850855011 12.46546294487802 0
  endloop
endfacet
facet normal 0 0 -1
  outer loop
    vertex -1.988621768164638 12.01732819500351 0
    vertex -2.624861850855011 12.46546294487802 0
    vertex -1.892088312661823 12.4940399242044 0
  endloop
endfacet
facet normal 0 0 -1
  outer loop
    vertex 0.1780167471650544 10.47005767025454 0
    vertex 0.4987918414869897 10.62453481402558 0
    vertex 0.5011295333315555 10.34324524649044 0
  endloop
endfacet
facet normal 0 0 -1
  outer loop
    vertex 0.4987918414869897 10.62453481402558 0
    vertex 0.7725087069099974 10.55966291571615 0
    vertex 0.5011295333315555 10.34324524649044 0
  endloop
endfacet
facet normal 0 0 -1
  outer loop
    vertex 0.4987918414869897 10.62453481402558 0
    vertex 0.7207750943219374 10.90289300870596 0
    vertex 0.7725087069099974 10.55966291571615 0
  endloop
endfacet
facet normal 0 0 -1
  outer loop
    vertex 0.5011295333315555 10.34324524649044 0
    vertex 0.7725087069099974 10.55966291571615 0
    vertex 0.8242423194980573 10.21643282272634 0
  endloop
endfacet
facet normal 0 0 -1
  outer loop
    vertex 4.142636412445698 19.25147461952411 0
    vertex 5.973686653136556 19.3662951873348 0
    vertex 4.801927149253853 18.18003484589206 0
  endloop
endfacet
facet normal 0 -0 -1
  outer loop
    vertex 5.973686653136556 19.3662951873348 0
    vertex 6.632977389944712 18.29485541370276 0
    vertex 4.801927149253853 18.18003484589206 0
  endloop
endfacet
facet normal 0 0 -1
  outer loop
    vertex 5.973686653136556 19.3662951873348 0
    vertex 7.804736893827414 19.4811157551455 0
    vertex 6.632977389944712 18.29485541370276 0
  endloop
endfacet
facet normal 0 0 -1
  outer loop
    vertex 4.801927149253853 18.18003484589206 0
    vertex 6.632977389944712 18.29485541370276 0
    vertex 5.461217886062007 17.10859507226002 0
  endloop
endfacet
facet normal -0 0 -1
  outer loop
    vertex -0.4987918414869879 11.87546518597442 0
    vertex -0.8656389619801104 11.78531944972346 0
    vertex -0.7574946316993714 12.24407725240721 0
  endloop
endfacet
facet normal 0 0 -1
  outer loop
    vertex -0.8656389619801104 11.78531944972346 0
    vertex -1.124341752192496 12.15393151615624 0
    vertex -0.7574946316993714 12.24407725240721 0
  endloop
endfacet
facet normal -0 0 -1
  outer loop
    vertex -0.8656389619801104 11.78531944972346 0
    vertex -1.232486082473235 11.69517371347249 0
    vertex -1.124341752192496 12.15393151615624 0
  endloop
endfacet
facet normal -0 0 -1
  outer loop
    vertex -0.7574946316993714 12.24407725240721 0
    vertex -1.124341752192496 12.15393151615624 0
    vertex -1.016197421911755 12.61268931883999 0
  endloop
endfacet
facet normal 0 0 -1
  outer loop
    vertex 0.8994049131275643 12.2215531153749 0
    vertex 0.9811106652317143 12.71216834795735 0
    vertex 1.363559664791174 12.28362282874635 0
  endloop
endfacet
facet normal 0 0 -1
  outer loop
    vertex 0.9811106652317143 12.71216834795735 0
    vertex 1.445265416895324 12.7742380613288 0
    vertex 1.363559664791174 12.28362282874635 0
  endloop
endfacet
facet normal 0 0 -1
  outer loop
    vertex 0.9811106652317143 12.71216834795735 0
    vertex 1.062816417335863 13.2027835805398 0
    vertex 1.445265416895324 12.7742380613288 0
  endloop
endfacet
facet normal 0 0 -1
  outer loop
    vertex 1.363559664791174 12.28362282874635 0
    vertex 1.445265416895324 12.7742380613288 0
    vertex 1.827714416454784 12.3456925421178 0
  endloop
endfacet
facet normal -0 0 -1
  outer loop
    vertex -2.3054674347202 16.07624214240707 0
    vertex -2.903233733081755 15.26248610796753 0
    vertex -3.509463834787169 16.38155903836574 0
  endloop
endfacet
facet normal 0 0 -1
  outer loop
    vertex -2.903233733081755 15.26248610796753 0
    vertex -4.107230133148725 15.5678030039262 0
    vertex -3.509463834787169 16.38155903836574 0
  endloop
endfacet
facet normal -0 0 -1
  outer loop
    vertex -2.903233733081755 15.26248610796753 0
    vertex -3.501000031443313 14.44873007352799 0
    vertex -4.107230133148725 15.5678030039262 0
  endloop
endfacet
facet normal -0 0 -1
  outer loop
    vertex -3.509463834787169 16.38155903836574 0
    vertex -4.107230133148725 15.5678030039262 0
    vertex -4.713460234854137 16.68687593432441 0
  endloop
endfacet
facet normal 0 -0 -1
  outer loop
    vertex -0.1097583664483484 19.28489880312108 0
    vertex -0.06432278340169795 18.06354793156014 0
    vertex -1.242117981848919 18.97257393410349 0
  endloop
endfacet
facet normal -0 0 -1
  outer loop
    vertex -0.06432278340169795 18.06354793156014 0
    vertex -1.196682398802269 17.75122306254256 0
    vertex -1.242117981848919 18.97257393410349 0
  endloop
endfacet
facet normal 0 -0 -1
  outer loop
    vertex -0.06432278340169795 18.06354793156014 0
    vertex -0.01888720035504754 16.84219705999922 0
    vertex -1.196682398802269 17.75122306254256 0
  endloop
endfacet
facet normal 0 -0 -1
  outer loop
    vertex -1.242117981848919 18.97257393410349 0
    vertex -1.196682398802269 17.75122306254256 0
    vertex -2.37447759724949 18.66024906508591 0
  endloop
endfacet
facet normal 0 0 -1
  outer loop
    vertex -0.6982692430215529 8.519501891253659 0
    vertex 0.2728324332552834 8.943938173047282 0
    vertex 0.2273805156311326 7.845128725523127 0
  endloop
endfacet
facet normal 0 -0 -1
  outer loop
    vertex 0.2728324332552834 8.943938173047282 0
    vertex 1.198482191907969 8.26956500731675 0
    vertex 0.2273805156311326 7.845128725523127 0
  endloop
endfacet
facet normal 0 0 -1
  outer loop
    vertex 0.2728324332552834 8.943938173047282 0
    vertex 1.24393410953212 9.368374454840907 0
    vertex 1.198482191907969 8.26956500731675 0
  endloop
endfacet
facet normal 0 0 -1
  outer loop
    vertex 0.2273805156311326 7.845128725523127 0
    vertex 1.198482191907969 8.26956500731675 0
    vertex 1.153030274283818 7.170755559792594 0
  endloop
endfacet
facet normal 0 0 -1
  outer loop
    vertex 9.146770204363458 7.454651227620444 0
    vertex 7.772188604394751 7.74838103672031 0
    vertex 8.492388534232907 8.772602363877628 0
  endloop
endfacet
facet normal 0 0 -1
  outer loop
    vertex 7.772188604394751 7.74838103672031 0
    vertex 7.1178069342642 9.066332172977493 0
    vertex 8.492388534232907 8.772602363877628 0
  endloop
endfacet
facet normal 0 0 -1
  outer loop
    vertex 7.772188604394751 7.74838103672031 0
    vertex 6.397607004426044 8.042110845820176 0
    vertex 7.1178069342642 9.066332172977493 0
  endloop
endfacet
facet normal 0 0 -1
  outer loop
    vertex 8.492388534232907 8.772602363877628 0
    vertex 7.1178069342642 9.066332172977493 0
    vertex 7.838006864102358 10.09055350013481 0
  endloop
endfacet
facet normal -0 0 -1
  outer loop
    vertex -1.232486082473235 11.69517371347249 0
    vertex -1.658820653070343 11.61789508963756 0
    vertex -1.562287197567528 12.09460681883844 0
  endloop
endfacet
facet normal 0 0 -1
  outer loop
    vertex -1.658820653070343 11.61789508963756 0
    vertex -1.988621768164638 12.01732819500351 0
    vertex -1.562287197567528 12.09460681883844 0
  endloop
endfacet
facet normal -0 0 -1
  outer loop
    vertex -1.658820653070343 11.61789508963756 0
    vertex -2.085155223667453 11.54061646580262 0
    vertex -1.988621768164638 12.01732819500351 0
  endloop
endfacet
facet normal -0 0 -1
  outer loop
    vertex -1.562287197567528 12.09460681883844 0
    vertex -1.988621768164638 12.01732819500351 0
    vertex -1.892088312661823 12.4940399242044 0
  endloop
endfacet
facet normal -0 0 -1
  outer loop
    vertex 0.1780167471650491 12.02994232974546 0
    vertex -0.1780167471650535 12.02994232974546 0
    vertex -0.05352612667080869 12.2991798049543 0
  endloop
endfacet
facet normal 0 0 -1
  outer loop
    vertex -0.1780167471650535 12.02994232974546 0
    vertex -0.3919304209968271 12.22194123306878 0
    vertex -0.05352612667080869 12.2991798049543 0
  endloop
endfacet
facet normal -0 0 -1
  outer loop
    vertex -0.1780167471650535 12.02994232974546 0
    vertex -0.4987918414869879 11.87546518597442 0
    vertex -0.3919304209968271 12.22194123306878 0
  endloop
endfacet
facet normal -0 0 -1
  outer loop
    vertex -0.05352612667080869 12.2991798049543 0
    vertex -0.3919304209968271 12.22194123306878 0
    vertex -0.2850690005066667 12.56841728016313 0
  endloop
endfacet
facet normal 0 -0 -1
  outer loop
    vertex 2.130644588862778 11.39321897188984 0
    vertex 2.454395977028868 10.88030104838052 0
    vertex 1.809745951672078 10.9881346845311 0
  endloop
endfacet
facet normal -0 0 -1
  outer loop
    vertex 2.454395977028868 10.88030104838052 0
    vertex 2.133497339838168 10.47521676102178 0
    vertex 1.809745951672078 10.9881346845311 0
  endloop
endfacet
facet normal 0 -0 -1
  outer loop
    vertex 2.454395977028868 10.88030104838052 0
    vertex 2.778147365194958 10.3673831248712 0
    vertex 2.133497339838168 10.47521676102178 0
  endloop
endfacet
facet normal 0 -0 -1
  outer loop
    vertex 1.809745951672078 10.9881346845311 0
    vertex 2.133497339838168 10.47521676102178 0
    vertex 1.488847314481378 10.58305039717237 0
  endloop
endfacet
facet normal -0 0 -1
  outer loop
    vertex 0.8994049131275643 12.2215531153749 0
    vertex 0.5387108301463073 12.12574772256018 0
    vertex 0.5724181881912234 12.51490796305994 0
  endloop
endfacet
facet normal 0 0 -1
  outer loop
    vertex 0.5387108301463073 12.12574772256018 0
    vertex 0.2117241052099672 12.41910257024522 0
    vertex 0.5724181881912234 12.51490796305994 0
  endloop
endfacet
facet normal -0 0 -1
  outer loop
    vertex 0.5387108301463073 12.12574772256018 0
    vertex 0.1780167471650491 12.02994232974546 0
    vertex 0.2117241052099672 12.41910257024522 0
  endloop
endfacet
facet normal -0 0 -1
  outer loop
    vertex 0.5724181881912234 12.51490796305994 0
    vertex 0.2117241052099672 12.41910257024522 0
    vertex 0.2454314632548833 12.80826281074499 0
  endloop
endfacet
facet normal 0 0 -1
  outer loop
    vertex 0.8994049131275643 12.2215531153749 0
    vertex 0.5724181881912234 12.51490796305994 0
    vertex 0.9811106652317143 12.71216834795735 0
  endloop
endfacet
facet normal 0 0 -1
  outer loop
    vertex 0.5724181881912234 12.51490796305994 0
    vertex 0.6541239402953742 13.00552319564239 0
    vertex 0.9811106652317143 12.71216834795735 0
  endloop
endfacet
facet normal 0 0 -1
  outer loop
    vertex 0.5724181881912234 12.51490796305994 0
    vertex 0.2454314632548833 12.80826281074499 0
    vertex 0.6541239402953742 13.00552319564239 0
  endloop
endfacet
facet normal 0 0 -1
  outer loop
    vertex 0.9811106652317143 12.71216834795735 0
    vertex 0.6541239402953742 13.00552319564239 0
    vertex 1.062816417335863 13.2027835805398 0
  endloop
endfacet
facet normal 0 0 -1
  outer loop
    vertex -4.713460234854137 16.68687593432441 0
    vertex -4.731376290986674 18.37907819249405 0
    vertex -3.543968916051814 17.67356249970516 0
  endloop
endfacet
facet normal 0 0 -1
  outer loop
    vertex -4.731376290986674 18.37907819249405 0
    vertex -3.561884972184352 19.3657647578748 0
    vertex -3.543968916051814 17.67356249970516 0
  endloop
endfacet
facet normal 0 0 -1
  outer loop
    vertex -4.731376290986674 18.37907819249405 0
    vertex -4.749292347119212 20.07128045066369 0
    vertex -3.561884972184352 19.3657647578748 0
  endloop
endfacet
facet normal 0 0 -1
  outer loop
    vertex -3.543968916051814 17.67356249970516 0
    vertex -3.561884972184352 19.3657647578748 0
    vertex -2.37447759724949 18.66024906508591 0
  endloop
endfacet
facet normal -0 0 -1
  outer loop
    vertex -0.3338039495545289 13.51572675551079 0
    vertex -0.6750006857331421 13.06420803717539 0
    vertex -1.085362729378289 13.62392610808649 0
  endloop
endfacet
facet normal 0 0 -1
  outer loop
    vertex -0.6750006857331421 13.06420803717539 0
    vertex -1.426559465556902 13.17240738975109 0
    vertex -1.085362729378289 13.62392610808649 0
  endloop
endfacet
facet normal -0 0 -1
  outer loop
    vertex -0.6750006857331421 13.06420803717539 0
    vertex -1.016197421911755 12.61268931883999 0
    vertex -1.426559465556902 13.17240738975109 0
  endloop
endfacet
facet normal -0 0 -1
  outer loop
    vertex -1.085362729378289 13.62392610808649 0
    vertex -1.426559465556902 13.17240738975109 0
    vertex -1.836921509202051 13.73212546066218 0
  endloop
endfacet
facet normal 0 0 -1
  outer loop
    vertex 1.827714416454784 12.3456925421178 0
    vertex 2.086422334367083 13.06153950582101 0
    vertex 2.610350755337372 12.34580043085022 0
  endloop
endfacet
facet normal 0 0 -1
  outer loop
    vertex 2.086422334367083 13.06153950582101 0
    vertex 2.869058673249672 13.06164739455344 0
    vertex 2.610350755337372 12.34580043085022 0
  endloop
endfacet
facet normal 0 0 -1
  outer loop
    vertex 2.086422334367083 13.06153950582101 0
    vertex 2.345130252279382 13.77738646952422 0
    vertex 2.869058673249672 13.06164739455344 0
  endloop
endfacet
facet normal 0 0 -1
  outer loop
    vertex 2.610350755337372 12.34580043085022 0
    vertex 2.869058673249672 13.06164739455344 0
    vertex 3.39298709421996 12.34590831958265 0
  endloop
endfacet
facet normal 0 0 -1
  outer loop
    vertex -0.4987918414869862 10.62453481402558 0
    vertex -0.17801674716505 10.47005767025454 0
    vertex -0.3964802597288646 10.29284881244674 0
  endloop
endfacet
facet normal 0 -0 -1
  outer loop
    vertex -0.17801674716505 10.47005767025454 0
    vertex -0.05807596540284266 10.21561024056122 0
    vertex -0.3964802597288646 10.29284881244674 0
  endloop
endfacet
facet normal 0 0 -1
  outer loop
    vertex -0.17801674716505 10.47005767025454 0
    vertex 0.1780167471650544 10.47005767025454 0
    vertex -0.05807596540284266 10.21561024056122 0
  endloop
endfacet
facet normal 0 0 -1
  outer loop
    vertex -0.3964802597288646 10.29284881244674 0
    vertex -0.05807596540284266 10.21561024056122 0
    vertex -0.2941686779707418 9.961162810867901 0
  endloop
endfacet
facet normal 0 0 -1
  outer loop
    vertex 6.04136570788484 12.7356380988547 0
    vertex 7.445743324840929 12.58462729190752 0
    vertex 6.939686285993599 11.41309579949476 0
  endloop
endfacet
facet normal 0 -0 -1
  outer loop
    vertex 7.445743324840929 12.58462729190752 0
    vertex 8.344063902949689 11.26208499254757 0
    vertex 6.939686285993599 11.41309579949476 0
  endloop
endfacet
facet normal 0 0 -1
  outer loop
    vertex 7.445743324840929 12.58462729190752 0
    vertex 8.850120941797021 12.43361648496033 0
    vertex 8.344063902949689 11.26208499254757 0
  endloop
endfacet
facet normal 0 0 -1
  outer loop
    vertex 6.939686285993599 11.41309579949476 0
    vertex 8.344063902949689 11.26208499254757 0
    vertex 7.838006864102358 10.09055350013481 0
  endloop
endfacet
facet normal 0 0 -1
  outer loop
    vertex 0.7207750943219374 10.90289300870596 0
    vertex 0.8 11.25 0
    vertex 1.009400998958499 11.20507275656589 0
  endloop
endfacet
facet normal 0 0 -1
  outer loop
    vertex 0.8 11.25 0
    vertex 1.009400998958498 11.55217974785993 0
    vertex 1.009400998958499 11.20507275656589 0
  endloop
endfacet
facet normal 0 0 -1
  outer loop
    vertex 0.8 11.25 0
    vertex 0.7207750943219335 11.59710699129405 0
    vertex 1.009400998958498 11.55217974785993 0
  endloop
endfacet
facet normal 0 0 -1
  outer loop
    vertex 1.009400998958499 11.20507275656589 0
    vertex 1.009400998958498 11.55217974785993 0
    vertex 1.298026903595062 11.50725250442582 0
  endloop
endfacet
facet normal 0 0 -1
  outer loop
    vertex -0.4987918414869879 11.87546518597442 0
    vertex -0.7574946316993714 12.24407725240721 0
    vertex -0.3919304209968271 12.22194123306878 0
  endloop
endfacet
facet normal 0 0 -1
  outer loop
    vertex -0.7574946316993714 12.24407725240721 0
    vertex -0.650633211209211 12.59055329950156 0
    vertex -0.3919304209968271 12.22194123306878 0
  endloop
endfacet
facet normal 0 0 -1
  outer loop
    vertex -0.7574946316993714 12.24407725240721 0
    vertex -1.016197421911755 12.61268931883999 0
    vertex -0.650633211209211 12.59055329950156 0
  endloop
endfacet
facet normal 0 0 -1
  outer loop
    vertex -0.3919304209968271 12.22194123306878 0
    vertex -0.650633211209211 12.59055329950156 0
    vertex -0.2850690005066667 12.56841728016313 0
  endloop
endfacet
facet normal 0 -0 -1
  outer loop
    vertex -0.6982692430215529 8.519501891253659 0
    vertex 0.2273805156311326 7.845128725523127 0
    vertex -1.047512231260345 7.653189078660112 0
  endloop
endfacet
facet normal 0 0 -1
  outer loop
    vertex 0.2273805156311326 7.845128725523127 0
    vertex -0.1218624726076598 6.97881591292958 0
    vertex -1.047512231260345 7.653189078660112 0
  endloop
endfacet
facet normal 0 -0 -1
  outer loop
    vertex 0.2273805156311326 7.845128725523127 0
    vertex 1.153030274283818 7.170755559792594 0
    vertex -0.1218624726076598 6.97881591292958 0
  endloop
endfacet
facet normal 0 -0 -1
  outer loop
    vertex -1.047512231260345 7.653189078660112 0
    vertex -0.1218624726076598 6.97881591292958 0
    vertex -1.396755219499136 6.786876266066566 0
  endloop
endfacet
facet normal 0 0 -1
  outer loop
    vertex 1.827714416454784 12.3456925421178 0
    vertex 1.445265416895324 12.7742380613288 0
    vertex 2.086422334367083 13.06153950582101 0
  endloop
endfacet
facet normal 0 0 -1
  outer loop
    vertex 1.445265416895324 12.7742380613288 0
    vertex 1.703973334807623 13.49008502503201 0
    vertex 2.086422334367083 13.06153950582101 0
  endloop
endfacet
facet normal 0 0 -1
  outer loop
    vertex 1.445265416895324 12.7742380613288 0
    vertex 1.062816417335863 13.2027835805398 0
    vertex 1.703973334807623 13.49008502503201 0
  endloop
endfacet
facet normal 0 0 -1
  outer loop
    vertex 2.086422334367083 13.06153950582101 0
    vertex 1.703973334807623 13.49008502503201 0
    vertex 2.345130252279382 13.77738646952422 0
  endloop
endfacet
facet normal -0 0 -1
  outer loop
    vertex -5.623265284092668 13.56156954988928 0
    vertex -6.930625035405388 12.25505013145582 0
    vertex -6.983824293721627 13.5820473078086 0
  endloop
endfacet
facet normal 0 0 -1
  outer loop
    vertex -6.930625035405388 12.25505013145582 0
    vertex -8.291184045034349 12.27552788937514 0
    vertex -6.983824293721627 13.5820473078086 0
  endloop
endfacet
facet normal -0 0 -1
  outer loop
    vertex -6.930625035405388 12.25505013145582 0
    vertex -8.237984786718108 10.94853071302236 0
    vertex -8.291184045034349 12.27552788937514 0
  endloop
endfacet
facet normal -0 0 -1
  outer loop
    vertex -6.983824293721627 13.5820473078086 0
    vertex -8.291184045034349 12.27552788937514 0
    vertex -8.344383303350586 13.60252506572791 0
  endloop
endfacet
facet normal 0 0 -1
  outer loop
    vertex -1.542016816624111 9.581503251478605 0
    vertex -0.9180927472974254 9.771333031173253 0
    vertex -1.120143029822831 9.050502571366133 0
  endloop
endfacet
facet normal 0 -0 -1
  outer loop
    vertex -0.9180927472974254 9.771333031173253 0
    vertex -0.4962189604961473 9.240332351060779 0
    vertex -1.120143029822831 9.050502571366133 0
  endloop
endfacet
facet normal 0 0 -1
  outer loop
    vertex -0.9180927472974254 9.771333031173253 0
    vertex -0.2941686779707418 9.961162810867901 0
    vertex -0.4962189604961473 9.240332351060779 0
  endloop
endfacet
facet normal 0 0 -1
  outer loop
    vertex -1.120143029822831 9.050502571366133 0
    vertex -0.4962189604961473 9.240332351060779 0
    vertex -0.6982692430215529 8.519501891253659 0
  endloop
endfacet
facet normal 0 0 -1
  outer loop
    vertex -1.016197421911755 12.61268931883999 0
    vertex -1.124341752192496 12.15393151615624 0
    vertex -1.454142867286789 12.55336462152219 0
  endloop
endfacet
facet normal -0 0 -1
  outer loop
    vertex -1.124341752192496 12.15393151615624 0
    vertex -1.562287197567528 12.09460681883844 0
    vertex -1.454142867286789 12.55336462152219 0
  endloop
endfacet
facet normal 0 0 -1
  outer loop
    vertex -1.124341752192496 12.15393151615624 0
    vertex -1.232486082473235 11.69517371347249 0
    vertex -1.562287197567528 12.09460681883844 0
  endloop
endfacet
facet normal 0 0 -1
  outer loop
    vertex -1.454142867286789 12.55336462152219 0
    vertex -1.562287197567528 12.09460681883844 0
    vertex -1.892088312661823 12.4940399242044 0
  endloop
endfacet
facet normal 0 0 -1
  outer loop
    vertex 2.682228372517087 16.30990511348938 0
    vertex 1.331670586081019 16.57605108674429 0
    vertex 2.207257125538892 17.36945674865585 0
  endloop
endfacet
facet normal 0 0 -1
  outer loop
    vertex 1.331670586081019 16.57605108674429 0
    vertex 0.8566993391028248 17.63560272191076 0
    vertex 2.207257125538892 17.36945674865585 0
  endloop
endfacet
facet normal 0 0 -1
  outer loop
    vertex 1.331670586081019 16.57605108674429 0
    vertex -0.01888720035504754 16.84219705999922 0
    vertex 0.8566993391028248 17.63560272191076 0
  endloop
endfacet
facet normal 0 0 -1
  outer loop
    vertex 2.207257125538892 17.36945674865585 0
    vertex 0.8566993391028248 17.63560272191076 0
    vertex 1.732285878560698 18.42900838382232 0
  endloop
endfacet
facet normal 0 0 -1
  outer loop
    vertex 0.2454314632548833 12.80826281074499 0
    vertex 0.2117241052099672 12.41910257024522 0
    vertex -0.0198187686258926 12.68834004545406 0
  endloop
endfacet
facet normal -0 0 -1
  outer loop
    vertex 0.2117241052099672 12.41910257024522 0
    vertex -0.05352612667080869 12.2991798049543 0
    vertex -0.0198187686258926 12.68834004545406 0
  endloop
endfacet
facet normal 0 0 -1
  outer loop
    vertex 0.2117241052099672 12.41910257024522 0
    vertex 0.1780167471650491 12.02994232974546 0
    vertex -0.05352612667080869 12.2991798049543 0
  endloop
endfacet
facet normal 0 0 -1
  outer loop
    vertex -0.0198187686258926 12.68834004545406 0
    vertex -0.05352612667080869 12.2991798049543 0
    vertex -0.2850690005066667 12.56841728016313 0
  endloop
endfacet
facet normal 0 0 -1
  outer loop
    vertex 0.8242423194980573 10.21643282272634 0
    vertex 0.7725087069099974 10.55966291571615 0
    vertex 1.156544816989717 10.39974160994936 0
  endloop
endfacet
facet normal 0 0 -1
  outer loop
    vertex 0.7725087069099974 10.55966291571615 0
    vertex 1.104811204401657 10.74297170293917 0
    vertex 1.156544816989717 10.39974160994936 0
  endloop
endfacet
facet normal 0 0 -1
  outer loop
    vertex 0.7725087069099974 10.55966291571615 0
    vertex 0.7207750943219374 10.90289300870596 0
    vertex 1.104811204401657 10.74297170293917 0
  endloop
endfacet
facet normal 0 0 -1
  outer loop
    vertex 1.156544816989717 10.39974160994936 0
    vertex 1.104811204401657 10.74297170293917 0
    vertex 1.488847314481378 10.58305039717237 0
  endloop
endfacet
facet normal 0 -0 -1
  outer loop
    vertex -1.836921509202051 13.73212546066218 0
    vertex -1.426559465556902 13.17240738975109 0
    vertex -1.864504910931938 13.11308269243329 0
  endloop
endfacet
facet normal 0 0 -1
  outer loop
    vertex -1.426559465556902 13.17240738975109 0
    vertex -1.454142867286789 12.55336462152219 0
    vertex -1.864504910931938 13.11308269243329 0
  endloop
endfacet
facet normal 0 -0 -1
  outer loop
    vertex -1.426559465556902 13.17240738975109 0
    vertex -1.016197421911755 12.61268931883999 0
    vertex -1.454142867286789 12.55336462152219 0
  endloop
endfacet
facet normal 0 -0 -1
  outer loop
    vertex -1.864504910931938 13.11308269243329 0
    vertex -1.454142867286789 12.55336462152219 0
    vertex -1.892088312661823 12.4940399242044 0
  endloop
endfacet
facet normal -0 0 -1
  outer loop
    vertex 4.142636412445698 19.25147461952411 0
    vertex 2.937461145503198 18.84024150167322 0
    vertex 3.0539232935449 19.85402047125097 0
  endloop
endfacet
facet normal 0 0 -1
  outer loop
    vertex 2.937461145503198 18.84024150167322 0
    vertex 1.848748026602399 19.44278735340007 0
    vertex 3.0539232935449 19.85402047125097 0
  endloop
endfacet
facet normal -0 0 -1
  outer loop
    vertex 2.937461145503198 18.84024150167322 0
    vertex 1.732285878560698 18.42900838382232 0
    vertex 1.848748026602399 19.44278735340007 0
  endloop
endfacet
facet normal -0 0 -1
  outer loop
    vertex 3.0539232935449 19.85402047125097 0
    vertex 1.848748026602399 19.44278735340007 0
    vertex 1.965210174644101 20.45656632297782 0
  endloop
endfacet
facet normal 0 0 -1
  outer loop
    vertex -0.01888720035504754 16.84219705999922 0
    vertex -0.06432278340169795 18.06354793156014 0
    vertex 0.8566993391028248 17.63560272191076 0
  endloop
endfacet
facet normal 0 0 -1
  outer loop
    vertex -0.06432278340169795 18.06354793156014 0
    vertex 0.8112637560561744 18.8569535934717 0
    vertex 0.8566993391028248 17.63560272191076 0
  endloop
endfacet
facet normal 0 0 -1
  outer loop
    vertex -0.06432278340169795 18.06354793156014 0
    vertex -0.1097583664483484 19.28489880312108 0
    vertex 0.8112637560561744 18.8569535934717 0
  endloop
endfacet
facet normal 0 0 -1
  outer loop
    vertex 0.8566993391028248 17.63560272191076 0
    vertex 0.8112637560561744 18.8569535934717 0
    vertex 1.732285878560698 18.42900838382232 0
  endloop
endfacet
facet normal 0 0 -1
  outer loop
    vertex 1.732285878560698 18.42900838382232 0
    vertex 0.8112637560561744 18.8569535934717 0
    vertex 1.848748026602399 19.44278735340007 0
  endloop
endfacet
facet normal 0 0 -1
  outer loop
    vertex 0.8112637560561744 18.8569535934717 0
    vertex 0.9277259040978763 19.87073256304945 0
    vertex 1.848748026602399 19.44278735340007 0
  endloop
endfacet
facet normal 0 0 -1
  outer loop
    vertex 0.8112637560561744 18.8569535934717 0
    vertex -0.1097583664483484 19.28489880312108 0
    vertex 0.9277259040978763 19.87073256304945 0
  endloop
endfacet
facet normal 0 0 -1
  outer loop
    vertex 1.848748026602399 19.44278735340007 0
    vertex 0.9277259040978763 19.87073256304945 0
    vertex 1.965210174644101 20.45656632297782 0
  endloop
endfacet
facet normal 0 0 -1
  outer loop
    vertex 1.488847314481378 10.58305039717237 0
    vertex 1.104811204401657 10.74297170293917 0
    vertex 1.39343710903822 11.0451514507991 0
  endloop
endfacet
facet normal 0 0 -1
  outer loop
    vertex 1.104811204401657 10.74297170293917 0
    vertex 1.009400998958499 11.20507275656589 0
    vertex 1.39343710903822 11.0451514507991 0
  endloop
endfacet
facet normal 0 0 -1
  outer loop
    vertex 1.104811204401657 10.74297170293917 0
    vertex 0.7207750943219374 10.90289300870596 0
    vertex 1.009400998958499 11.20507275656589 0
  endloop
endfacet
facet normal 0 0 -1
  outer loop
    vertex 1.39343710903822 11.0451514507991 0
    vertex 1.009400998958499 11.20507275656589 0
    vertex 1.298026903595062 11.50725250442582 0
  endloop
endfacet
facet normal 0 0 -1
  outer loop
    vertex 1.153030274283818 7.170755559792594 0
    vertex 0.5765151371419144 6.085377779896297 0
    vertex -0.1218624726076598 6.97881591292958 0
  endloop
endfacet
facet normal -0 0 -1
  outer loop
    vertex 0.5765151371419144 6.085377779896297 0
    vertex -0.6983776097495635 5.893438133033283 0
    vertex -0.1218624726076598 6.97881591292958 0
  endloop
endfacet
facet normal 0 0 -1
  outer loop
    vertex 0.5765151371419144 6.085377779896297 0
    vertex 8.881784197001252e-15 5 0
    vertex -0.6983776097495635 5.893438133033283 0
  endloop
endfacet
facet normal 0 0 -1
  outer loop
    vertex -0.1218624726076598 6.97881591292958 0
    vertex -0.6983776097495635 5.893438133033283 0
    vertex -1.396755219499136 6.786876266066566 0
  endloop
endfacet
facet normal -0 0 -1
  outer loop
    vertex 2.130644588862778 11.39321897188984 0
    vertex 1.809745951672078 10.9881346845311 0
    vertex 1.714335746228921 11.45023573815783 0
  endloop
endfacet
facet normal 0 0 -1
  outer loop
    vertex 1.809745951672078 10.9881346845311 0
    vertex 1.39343710903822 11.0451514507991 0
    vertex 1.714335746228921 11.45023573815783 0
  endloop
endfacet
facet normal -0 0 -1
  outer loop
    vertex 1.809745951672078 10.9881346845311 0
    vertex 1.488847314481378 10.58305039717237 0
    vertex 1.39343710903822 11.0451514507991 0
  endloop
endfacet
facet normal -0 0 -1
  outer loop
    vertex 1.714335746228921 11.45023573815783 0
    vertex 1.39343710903822 11.0451514507991 0
    vertex 1.298026903595062 11.50725250442582 0
  endloop
endfacet
facet normal 0 -0 -1
  outer loop
    vertex -8.75 5 0
    vertex -8.75 2.5 0
    vertex -9.452157424409137 3.67601734001931 0
  endloop
endfacet
facet normal -0 0 -1
  outer loop
    vertex -8.75 2.5 0
    vertex -9.452157424409137 1.17601734001931 0
    vertex -9.452157424409137 3.67601734001931 0
  endloop
endfacet
facet normal 0 -0 -1
  outer loop
    vertex -8.75 2.5 0
    vertex -8.75 0 0
    vertex -9.452157424409137 1.17601734001931 0
  endloop
endfacet
facet normal 0 -0 -1
  outer loop
    vertex -9.452157424409137 3.67601734001931 0
    vertex -9.452157424409137 1.17601734001931 0
    vertex -10.15431484881828 2.35203468003862 0
  endloop
endfacet
facet normal 0 0 -1
  outer loop
    vertex -8.75 0 0
    vertex -9.395679314911053 0.3614514604882686 0
    vertex -9.452157424409137 1.17601734001931 0
  endloop
endfacet
facet normal 0 0 -1
  outer loop
    vertex -9.395679314911053 0.3614514604882686 0
    vertex -10.09783673932019 1.537468800507578 0
    vertex -9.452157424409137 1.17601734001931 0
  endloop
endfacet
facet normal 0 0 -1
  outer loop
    vertex -9.395679314911053 0.3614514604882686 0
    vertex -10.04135862982211 0.7229029209765363 0
    vertex -10.09783673932019 1.537468800507578 0
  endloop
endfacet
facet normal 0 0 -1
  outer loop
    vertex -9.452157424409137 1.17601734001931 0
    vertex -10.09783673932019 1.537468800507578 0
    vertex -10.15431484881828 2.35203468003862 0
  endloop
endfacet
facet normal 0 -0 -1
  outer loop
    vertex 11.75 4.599999999999999 0
    vertex 11.75 2.299999999999999 0
    vertex 10.95215742440914 3.476017340019309 0
  endloop
endfacet
facet normal -0 0 -1
  outer loop
    vertex 11.75 2.299999999999999 0
    vertex 10.95215742440914 1.17601734001931 0
    vertex 10.95215742440914 3.476017340019309 0
  endloop
endfacet
facet normal 0 -0 -1
  outer loop
    vertex 11.75 2.299999999999999 0
    vertex 11.75 0 0
    vertex 10.95215742440914 1.17601734001931 0
  endloop
endfacet
facet normal 0 -0 -1
  outer loop
    vertex 10.95215742440914 3.476017340019309 0
    vertex 10.95215742440914 1.17601734001931 0
    vertex 10.15431484881828 2.35203468003862 0
  endloop
endfacet
facet normal -0 0 -1
  outer loop
    vertex 10.04135862982211 0.7229029209765363 0
    vertex 9.395679314911055 0.3614514604882686 0
    vertex 10.09783673932019 1.537468800507578 0
  endloop
endfacet
facet normal 0 0 -1
  outer loop
    vertex 9.395679314911055 0.3614514604882686 0
    vertex 9.452157424409139 1.17601734001931 0
    vertex 10.09783673932019 1.537468800507578 0
  endloop
endfacet
facet normal -0 0 -1
  outer loop
    vertex 9.395679314911055 0.3614514604882686 0
    vertex 8.75 0 0
    vertex 9.452157424409139 1.17601734001931 0
  endloop
endfacet
facet normal -0 0 -1
  outer loop
    vertex 10.09783673932019 1.537468800507578 0
    vertex 9.452157424409139 1.17601734001931 0
    vertex 10.15431484881828 2.35203468003862 0
  endloop
endfacet
facet normal 0 0 -1
  outer loop
    vertex -10.50787055307543 0 0
    vertex -11.12893527653772 0 0
    vertex -10.27461459144877 0.3614514604882686 0
  endloop
endfacet
facet normal 0 0 -1
  outer loop
    vertex -11.12893527653772 0 0
    vertex -10.89567931491105 0.3614514604882686 0
    vertex -10.27461459144877 0.3614514604882686 0
  endloop
endfacet
facet normal 0 0 -1
  outer loop
    vertex -11.12893527653772 0 0
    vertex -11.75 0 0
    vertex -10.89567931491105 0.3614514604882686 0
  endloop
endfacet
facet normal 0 0 -1
  outer loop
    vertex -10.27461459144877 0.3614514604882686 0
    vertex -10.89567931491105 0.3614514604882686 0
    vertex -10.04135862982211 0.7229029209765363 0
  endloop
endfacet
facet normal 0 0 -1
  outer loop
    vertex -11.75 0 0
    vertex -11.75 2.299999999999999 0
    vertex -10.95215742440914 1.17601734001931 0
  endloop
endfacet
facet normal 0 0 -1
  outer loop
    vertex -11.75 2.299999999999999 0
    vertex -10.95215742440914 3.476017340019309 0
    vertex -10.95215742440914 1.17601734001931 0
  endloop
endfacet
facet normal 0 0 -1
  outer loop
    vertex -11.75 2.299999999999999 0
    vertex -11.75 4.599999999999999 0
    vertex -10.95215742440914 3.476017340019309 0
  endloop
endfacet
facet normal 0 0 -1
  outer loop
    vertex -10.95215742440914 1.17601734001931 0
    vertex -10.95215742440914 3.476017340019309 0
    vertex -10.15431484881828 2.35203468003862 0
  endloop
endfacet
facet normal 0 0 -1
  outer loop
    vertex 11.75 0 0
    vertex 11.12893527653772 0 0
    vertex 10.89567931491105 0.3614514604882686 0
  endloop
endfacet
facet normal 0 0 -1
  outer loop
    vertex 11.12893527653772 0 0
    vertex 10.27461459144877 0.3614514604882686 0
    vertex 10.89567931491105 0.3614514604882686 0
  endloop
endfacet
facet normal 0 0 -1
  outer loop
    vertex 11.12893527653772 0 0
    vertex 10.50787055307543 0 0
    vertex 10.27461459144877 0.3614514604882686 0
  endloop
endfacet
facet normal 0 0 -1
  outer loop
    vertex 10.89567931491105 0.3614514604882686 0
    vertex 10.27461459144877 0.3614514604882686 0
    vertex 10.04135862982211 0.7229029209765363 0
  endloop
endfacet
facet normal 0 0 -1
  outer loop
    vertex 8.75 0 0
    vertex 8.75 2.5 0
    vertex 9.452157424409139 1.17601734001931 0
  endloop
endfacet
facet normal 0 0 -1
  outer loop
    vertex 8.75 2.5 0
    vertex 9.452157424409139 3.67601734001931 0
    vertex 9.452157424409139 1.17601734001931 0
  endloop
endfacet
facet normal 0 0 -1
  outer loop
    vertex 8.75 2.5 0
    vertex 8.75 5 0
    vertex 9.452157424409139 3.67601734001931 0
  endloop
endfacet
facet normal 0 0 -1
  outer loop
    vertex 9.452157424409139 1.17601734001931 0
    vertex 9.452157424409139 3.67601734001931 0
    vertex 10.15431484881828 2.35203468003862 0
  endloop
endfacet
facet normal 0 0 -1
  outer loop
    vertex 1.24393410953212 9.368374454840907 0
    vertex 0.474882715780689 9.664768632854404 0
    vertex 1.034088214515089 9.792403638783622 0
  endloop
endfacet
facet normal 0 0 -1
  outer loop
    vertex 0.474882715780689 9.664768632854404 0
    vertex 0.2650368207636582 10.08879781679712 0
    vertex 1.034088214515089 9.792403638783622 0
  endloop
endfacet
facet normal 0 0 -1
  outer loop
    vertex 0.474882715780689 9.664768632854404 0
    vertex -0.2941686779707418 9.961162810867901 0
    vertex 0.2650368207636582 10.08879781679712 0
  endloop
endfacet
facet normal 0 0 -1
  outer loop
    vertex 1.034088214515089 9.792403638783622 0
    vertex 0.2650368207636582 10.08879781679712 0
    vertex 0.8242423194980573 10.21643282272634 0
  endloop
endfacet
facet normal 1 0 0
  outer loop
    vertex -8.75 0 6
    vertex -8.75 0 3
    vertex -8.75 2.5 4.5
  endloop
endfacet
facet normal 1 -0 0
  outer loop
    vertex -8.75 0 3
    vertex -8.75 2.5 1.5
    vertex -8.75 2.5 4.5
  endloop
endfacet
facet normal 1 0 0
  outer loop
    vertex -8.75 0 3
    vertex -8.75 0 0
    vertex -8.75 2.5 1.5
  endloop
endfacet
facet normal 1 0 0
  outer loop
    vertex -8.75 2.5 4.5
    vertex -8.75 2.5 1.5
    vertex -8.75 5 3
  endloop
endfacet
facet normal 1 0 0
  outer loop
    vertex -8.75 5 3
    vertex -8.75 2.5 1.5
    vertex -8.75 5 1.5
  endloop
endfacet
facet normal 1 -0 0
  outer loop
    vertex -8.75 2.5 1.5
    vertex -8.75 2.5 0
    vertex -8.75 5 1.5
  endloop
endfacet
facet normal 1 0 0
  outer loop
    vertex -8.75 2.5 1.5
    vertex -8.75 0 0
    vertex -8.75 2.5 0
  endloop
endfacet
facet normal 1 0 0
  outer loop
    vertex -8.75 5 1.5
    vertex -8.75 2.5 0
    vertex -8.75 5 0
  endloop
endfacet
facet normal 1 0 0
  outer loop
    vertex -8.75 5 6
    vertex -8.75 2.5 6
    vertex -8.75 5 4.5
  endloop
endfacet
facet normal 1 0 0
  outer loop
    vertex -8.75 2.5 6
    vertex -8.75 2.5 4.5
    vertex -8.75 5 4.5
  endloop
endfacet
facet normal 1 0 0
  outer loop
    vertex -8.75 2.5 6
    vertex -8.75 0 6
    vertex -8.75 2.5 4.5
  endloop
endfacet
facet normal 1 0 0
  outer loop
    vertex -8.75 5 4.5
    vertex -8.75 2.5 4.5
    vertex -8.75 5 3
  endloop
endfacet
facet normal -1 0 -0
  outer loop
    vertex -20.75 1.5 3
    vertex -20.75 2.25 1.5
    vertex -20.75 0.75 1.5
  endloop
endfacet
facet normal -1 -0 0
  outer loop
    vertex -20.75 2.25 1.5
    vertex -20.75 1.5 0
    vertex -20.75 0.75 1.5
  endloop
endfacet
facet normal -1 0 -0
  outer loop
    vertex -20.75 2.25 1.5
    vertex -20.75 3 2.220446049250313e-16
    vertex -20.75 1.5 0
  endloop
endfacet
facet normal -1 0 -0
  outer loop
    vertex -20.75 0.75 1.5
    vertex -20.75 1.5 0
    vertex -20.75 0 2.220446049250313e-16
  endloop
endfacet
facet normal -1 0 0
  outer loop
    vertex -20.75 3 2.220446049250313e-16
    vertex -20.75 2.25 -1.5
    vertex -20.75 1.5 0
  endloop
endfacet
facet normal -1 0 0
  outer loop
    vertex -20.75 2.25 -1.5
    vertex -20.75 0.75 -1.5
    vertex -20.75 1.5 0
  endloop
endfacet
facet normal -1 -0 0
  outer loop
    vertex -20.75 2.25 -1.5
    vertex -20.75 1.5 -3
    vertex -20.75 0.75 -1.5
  endloop
endfacet
facet normal -1 -0 0
  outer loop
    vertex -20.75 1.5 0
    vertex -20.75 0.75 -1.5
    vertex -20.75 0 2.220446049250313e-16
  endloop
endfacet
facet normal -1 -0 0
  outer loop
    vertex -20.75 1.5 3
    vertex -20.75 0.75 1.5
    vertex -20.75 0.75 3
  endloop
endfacet
facet normal -1 0 0
  outer loop
    vertex -20.75 0.75 1.5
    vertex -20.75 0 1.5
    vertex -20.75 0.75 3
  endloop
endfacet
facet normal -1 -0 0
  outer loop
    vertex -20.75 0.75 1.5
    vertex -20.75 0 2.220446049250313e-16
    vertex -20.75 0 1.5
  endloop
endfacet
facet normal -1 -0 0
  outer loop
    vertex -20.75 0.75 3
    vertex -20.75 0 1.5
    vertex -20.75 0 3
  endloop
endfacet
facet normal -1 0 0
  outer loop
    vertex -20.75 0 2.220446049250313e-16
    vertex -20.75 0.75 -1.5
    vertex -20.75 0 -1.5
  endloop
endfacet
facet normal -1 -0 -0
  outer loop
    vertex -20.75 0.75 -1.5
    vertex -20.75 0.75 -3
    vertex -20.75 0 -1.5
  endloop
endfacet
facet normal -1 0 0
  outer loop
    vertex -20.75 0.75 -1.5
    vertex -20.75 1.5 -3
    vertex -20.75 0.75 -3
  endloop
endfacet
facet normal -1 0 0
  outer loop
    vertex -20.75 0 -1.5
    vertex -20.75 0.75 -3
    vertex -20.75 0 -3
  endloop
endfacet
facet normal -1 0 0
  outer loop
    vertex -20.75 1.5 -3
    vertex -20.75 2.25 -1.5
    vertex -20.75 2.25 -3
  endloop
endfacet
facet normal -1 0 0
  outer loop
    vertex -20.75 2.25 -1.5
    vertex -20.75 3 -1.5
    vertex -20.75 2.25 -3
  endloop
endfacet
facet normal -1 0 0
  outer loop
    vertex -20.75 2.25 -1.5
    vertex -20.75 3 2.220446049250313e-16
    vertex -20.75 3 -1.5
  endloop
endfacet
facet normal -1 0 0
  outer loop
    vertex -20.75 2.25 -3
    vertex -20.75 3 -1.5
    vertex -20.75 3 -3
  endloop
endfacet
facet normal -1 0 0
  outer loop
    vertex -20.75 3 2.220446049250313e-16
    vertex -20.75 2.25 1.5
    vertex -20.75 3 1.5
  endloop
endfacet
facet normal -1 0 0
  outer loop
    vertex -20.75 2.25 1.5
    vertex -20.75 2.25 3
    vertex -20.75 3 1.5
  endloop
endfacet
facet normal -1 0 0
  outer loop
    vertex -20.75 2.25 1.5
    vertex -20.75 1.5 3
    vertex -20.75 2.25 3
  endloop
endfacet
facet normal -1 0 0
  outer loop
    vertex -20.75 3 1.5
    vertex -20.75 2.25 3
    vertex -20.75 3 3
  endloop
endfacet
facet normal -0.234262 2.87821e-16 -0.972173
  outer loop
    vertex -17.75 3 1.7
    vertex -16.97567165959916 2.249999995111707 1.513411913938862
    vertex -17.75 2.25 1.7
  endloop
endfacet
facet normal -0.234262 -2.87821e-16 -0.972173
  outer loop
    vertex -16.97567165959916 2.249999995111707 1.513411913938862
    vertex -16.97567165959916 1.499999995111707 1.513411913938862
    vertex -17.75 2.25 1.7
  endloop
endfacet
facet normal -0.651363 -2.2464e-16 -0.758766
  outer loop
    vertex -16.97567165959916 2.249999995111707 1.513411913938862
    vertex -16.37132031098456 1.499999990223414 0.9946066132377561
    vertex -16.97567165959916 1.499999995111707 1.513411913938862
  endloop
endfacet
facet normal -0.234262 -2.87821e-16 -0.972173
  outer loop
    vertex -17.75 2.25 1.7
    vertex -16.97567165959916 1.499999995111707 1.513411913938862
    vertex -17.75 1.500000000000001 1.7
  endloop
endfacet
facet normal 0.234262 -2.87821e-16 -0.972173
  outer loop
    vertex -17.75 2.220446049250313e-16 1.7
    vertex -18.52432833978737 0.7500000006299657 1.51341191425274
    vertex -17.75 0.7500000000000002 1.7
  endloop
endfacet
facet normal 0.234262 0 -0.972173
  outer loop
    vertex -18.52432833978737 0.7500000006299657 1.51341191425274
    vertex -18.52432833978737 1.500000000629966 1.51341191425274
    vertex -17.75 0.7500000000000002 1.7
  endloop
endfacet
facet normal 0.651363 0 -0.758766
  outer loop
    vertex -18.52432833978737 0.7500000006299657 1.51341191425274
    vertex -19.12867968820911 1.500000001259932 0.9946066143554658
    vertex -18.52432833978737 1.500000000629966 1.51341191425274
  endloop
endfacet
facet normal 0.234262 2.87821e-16 -0.972173
  outer loop
    vertex -17.75 0.7500000000000002 1.7
    vertex -18.52432833978737 1.500000000629966 1.51341191425274
    vertex -17.75 1.500000000000001 1.7
  endloop
endfacet
facet normal 0.234262 -2.87821e-16 -0.972173
  outer loop
    vertex -17.75 1.500000000000001 1.7
    vertex -18.52432833978737 1.500000000629966 1.51341191425274
    vertex -17.75 2.25 1.7
  endloop
endfacet
facet normal 0.234262 0 -0.972173
  outer loop
    vertex -18.52432833978737 1.500000000629966 1.51341191425274
    vertex -18.52432833978737 2.250000000629967 1.51341191425274
    vertex -17.75 2.25 1.7
  endloop
endfacet
facet normal 0.651363 0 -0.758766
  outer loop
    vertex -18.52432833978737 1.500000000629966 1.51341191425274
    vertex -19.12867968820911 1.500000001259932 0.9946066143554658
    vertex -18.52432833978737 2.250000000629967 1.51341191425274
  endloop
endfacet
facet normal 0.234262 2.87821e-16 -0.972173
  outer loop
    vertex -17.75 2.25 1.7
    vertex -18.52432833978737 2.250000000629967 1.51341191425274
    vertex -17.75 3 1.7
  endloop
endfacet
facet normal -0.234262 2.87821e-16 -0.972173
  outer loop
    vertex -17.75 1.500000000000001 1.7
    vertex -16.97567165959916 1.499999995111707 1.513411913938862
    vertex -17.75 0.7500000000000002 1.7
  endloop
endfacet
facet normal -0.234262 -0 -0.972173
  outer loop
    vertex -16.97567165959916 1.499999995111707 1.513411913938862
    vertex -16.97567165959916 0.749999995111707 1.513411913938862
    vertex -17.75 0.7500000000000002 1.7
  endloop
endfacet
facet normal -0.651363 -0 -0.758766
  outer loop
    vertex -16.97567165959916 1.499999995111707 1.513411913938862
    vertex -16.37132031098456 1.499999990223414 0.9946066132377561
    vertex -16.97567165959916 0.749999995111707 1.513411913938862
  endloop
endfacet
facet normal -0.234262 -2.87821e-16 -0.972173
  outer loop
    vertex -17.75 0.7500000000000002 1.7
    vertex -16.97567165959916 0.749999995111707 1.513411913938862
    vertex -17.75 2.220446049250313e-16 1.7
  endloop
endfacet
facet normal -0.377563 0.163039 -0.911518
  outer loop
    vertex -17.75 2.220446049250313e-16 1.7
    vertex -16.97567165959916 0.749999995111707 1.513411913938862
    vertex -16.54791805262584 0 1.202081108580316
  endloop
endfacet
facet normal -0.751307 -0.163039 -0.639496
  outer loop
    vertex -16.97567165959916 0.749999995111707 1.513411913938862
    vertex -16.13232334564522 0.7499999951117065 0.5226109852993308
    vertex -16.54791805262584 0 1.202081108580316
  endloop
endfacet
facet normal -0.751307 0.163039 -0.639496
  outer loop
    vertex -16.97567165959916 0.749999995111707 1.513411913938862
    vertex -16.37132031098456 1.499999990223414 0.9946066132377561
    vertex -16.13232334564522 0.7499999951117065 0.5226109852993308
  endloop
endfacet
facet normal -0.911518 0.163039 -0.377563
  outer loop
    vertex -16.54791805262584 0 1.202081108580316
    vertex -16.13232334564522 0.7499999951117065 0.5226109852993308
    vertex -16.04999999982295 0 -4.494820828211676e-08
  endloop
endfacet
facet normal 0.911518 0.163039 -0.377563
  outer loop
    vertex -19.45000000017705 0 -2.60561267735604e-08
    vertex -19.36767665123904 0.7500000006299657 0.5226109949436737
    vertex -18.95208194069393 0 1.202081115260552
  endloop
endfacet
facet normal 0.751307 -0.163039 -0.639496
  outer loop
    vertex -19.36767665123904 0.7500000006299657 0.5226109949436737
    vertex -18.52432833978737 0.7500000006299657 1.51341191425274
    vertex -18.95208194069393 0 1.202081115260552
  endloop
endfacet
facet normal 0.751307 0.163039 -0.639496
  outer loop
    vertex -19.36767665123904 0.7500000006299657 0.5226109949436737
    vertex -19.12867968820911 1.500000001259932 0.9946066143554658
    vertex -18.52432833978737 0.7500000006299657 1.51341191425274
  endloop
endfacet
facet normal 0.377563 0.163039 -0.911518
  outer loop
    vertex -18.95208194069393 0 1.202081115260552
    vertex -18.52432833978737 0.7500000006299657 1.51341191425274
    vertex -17.75 2.220446049250313e-16 1.7
  endloop
endfacet
facet normal -0.911518 -0.163039 -0.377563
  outer loop
    vertex -16.04999999930768 3 -1.529293763673223e-08
    vertex -16.13232335017793 2.249999995111708 0.5226109993297298
    vertex -16.54791834336416 3 1.202081423319941
  endloop
endfacet
facet normal -0.751307 0.163039 -0.639496
  outer loop
    vertex -16.13232335017793 2.249999995111708 0.5226109993297298
    vertex -16.97567165959916 2.249999995111707 1.513411913938862
    vertex -16.54791834336416 3 1.202081423319941
  endloop
endfacet
facet normal -0.751307 -0.163039 -0.639496
  outer loop
    vertex -16.13232335017793 2.249999995111708 0.5226109993297298
    vertex -16.37132031098456 1.499999990223414 0.9946066132377561
    vertex -16.97567165959916 2.249999995111707 1.513411913938862
  endloop
endfacet
facet normal -0.377563 -0.163039 -0.911518
  outer loop
    vertex -16.54791834336416 3 1.202081423319941
    vertex -16.97567165959916 2.249999995111707 1.513411913938862
    vertex -17.75 3 1.7
  endloop
endfacet
facet normal 0.377563 -0.163039 -0.911518
  outer loop
    vertex -17.75 3 1.7
    vertex -18.52432833978737 2.250000000629967 1.51341191425274
    vertex -18.95208170937157 3 1.202081370919261
  endloop
endfacet
facet normal 0.751307 0.163039 -0.639496
  outer loop
    vertex -18.52432833978737 2.250000000629967 1.51341191425274
    vertex -19.36767665182319 2.250000000629966 0.5226109931355447
    vertex -18.95208170937157 3 1.202081370919261
  endloop
endfacet
facet normal 0.751307 -0.163039 -0.639496
  outer loop
    vertex -18.52432833978737 2.250000000629967 1.51341191425274
    vertex -19.12867968820911 1.500000001259932 0.9946066143554658
    vertex -19.36767665182319 2.250000000629966 0.5226109931355447
  endloop
endfacet
facet normal 0.911518 -0.163039 -0.377563
  outer loop
    vertex -18.95208170937157 3 1.202081370919261
    vertex -19.36767665182319 2.250000000629966 0.5226109931355447
    vertex -19.45000000027947 3 -2.982332791313935e-08
  endloop
endfacet
facet normal -0.377616 -0.162555 0.911582
  outer loop
    vertex -17.74999999910069 3 -1.700000089745263
    vertex -17.08716908093923 2.214735918791652 -1.565456857513824
    vertex -16.54785952072318 3 -1.202022568545358
  endloop
endfacet
facet normal -0.703142 0.162536 0.692224
  outer loop
    vertex -17.08716908093923 2.214735918791652 -1.565456857513824
    vertex -16.17436259860276 2.214735918791651 -0.6382529117192721
    vertex -16.54785952072318 3 -1.202022568545358
  endloop
endfacet
facet normal -0.703142 -0.162535 0.692224
  outer loop
    vertex -17.08716908093923 2.214735918791652 -1.565456857513824
    vertex -16.52925502404389 1.429471837583303 -1.18312370599102
    vertex -16.17436259860276 2.214735918791651 -0.6382529117192721
  endloop
endfacet
facet normal -0.911607 -0.162516 0.377574
  outer loop
    vertex -16.54785952072318 3 -1.202022568545358
    vertex -16.17436259860276 2.214735918791651 -0.6382529117192721
    vertex -16.04999999930768 3 -1.529293763673223e-08
  endloop
endfacet
facet normal 0.911595 -0.162592 0.377568
  outer loop
    vertex -19.45000000027947 3 -2.982332791313935e-08
    vertex -19.32554389530958 2.215104075792814 -0.6384836990501075
    vertex -18.95214179037516 3 -1.202021266818474
  endloop
endfacet
facet normal 0.703032 0.162612 0.692318
  outer loop
    vertex -19.32554389530958 2.215104075792814 -0.6384836990501075
    vertex -18.41260161493138 2.215104075792814 -1.5655539274935
    vertex -18.95214179037516 3 -1.202021266818474
  endloop
endfacet
facet normal 0.703032 -0.162611 0.692318
  outer loop
    vertex -19.32554389530958 2.215104075792814 -0.6384836990501075
    vertex -18.97039833367994 1.430208151585627 -1.183481266075315
    vertex -18.41260161493138 2.215104075792814 -1.5655539274935
  endloop
endfacet
facet normal 0.377612 -0.162632 0.91157
  outer loop
    vertex -18.95214179037516 3 -1.202021266818474
    vertex -18.41260161493138 2.215104075792814 -1.5655539274935
    vertex -17.74999999910069 3 -1.700000089745263
  endloop
endfacet
facet normal -2.52835e-05 0.168854 0.985641
  outer loop
    vertex -17.74999999910069 3 -1.700000089745263
    vertex -18.41260161493138 2.215104075792814 -1.5655539274935
    vertex -17.08716908093923 2.214735918791652 -1.565456857513824
  endloop
endfacet
facet normal -0.000119086 -0.168853 0.985641
  outer loop
    vertex -18.41260161493138 2.215104075792814 -1.5655539274935
    vertex -17.74975099694706 1.429839994584465 -1.699999981763964
    vertex -17.08716908093923 2.214735918791652 -1.565456857513824
  endloop
endfacet
facet normal 0.384146 0.168853 0.907701
  outer loop
    vertex -18.41260161493138 2.215104075792814 -1.5655539274935
    vertex -18.97039833367994 1.430208151585627 -1.183481266075315
    vertex -17.74975099694706 1.429839994584465 -1.699999981763964
  endloop
endfacet
facet normal -0.384325 0.168853 0.907625
  outer loop
    vertex -17.08716908093923 2.214735918791652 -1.565456857513824
    vertex -17.74975099694706 1.429839994584465 -1.699999981763964
    vertex -16.52925502404389 1.429471837583303 -1.18312370599102
  endloop
endfacet
facet normal -0.906405 0.130993 0.401585
  outer loop
    vertex -16.52925502404389 1.429471837583303 -1.18312370599102
    vertex -16.05445304310447 1.464735913903358 -0.1229655112717355
    vertex -16.17436259860276 2.214735918791651 -0.6382529117192721
  endloop
endfacet
facet normal -0.990582 -0.130993 0.0398519
  outer loop
    vertex -16.05445304310447 1.464735913903358 -0.1229655112717355
    vertex -16.13232335017793 2.249999995111708 0.5226109993297298
    vertex -16.17436259860276 2.214735918791651 -0.6382529117192721
  endloop
endfacet
facet normal -0.952694 0.130993 -0.274253
  outer loop
    vertex -16.05445304310447 1.464735913903358 -0.1229655112717355
    vertex -16.37132031098456 1.499999990223414 0.9946066132377561
    vertex -16.13232335017793 2.249999995111708 0.5226109993297298
  endloop
endfacet
facet normal -0.99087 0.130993 0.0319039
  outer loop
    vertex -16.17436259860276 2.214735918791651 -0.6382529117192721
    vertex -16.13232335017793 2.249999995111708 0.5226109993297298
    vertex -16.04999999930768 3 -1.529293763673223e-08
  endloop
endfacet
facet normal 0.990856 0.13107 0.0320161
  outer loop
    vertex -19.45000000027947 3 -2.982332791313935e-08
    vertex -19.36767665182319 2.250000000629966 0.5226109931355447
    vertex -19.32554389530958 2.215104075792814 -0.6384836990501075
  endloop
endfacet
facet normal 0.99057 -0.13107 0.0398842
  outer loop
    vertex -19.36767665182319 2.250000000629966 0.5226109931355447
    vertex -19.44552892770561 1.465104076422779 -0.1232138600704908
    vertex -19.32554389530958 2.215104075792814 -0.6384836990501075
  endloop
endfacet
facet normal 0.952716 0.13107 -0.274142
  outer loop
    vertex -19.36767665182319 2.250000000629966 0.5226109931355447
    vertex -19.12867968820911 1.500000001259932 0.9946066143554658
    vertex -19.44552892770561 1.465104076422779 -0.1232138600704908
  endloop
endfacet
facet normal 0.906291 0.13107 0.401817
  outer loop
    vertex -19.32554389530958 2.215104075792814 -0.6384836990501075
    vertex -19.44552892770561 1.465104076422779 -0.1232138600704908
    vertex -18.97039833367994 1.430208151585627 -1.183481266075315
  endloop
endfacet
facet normal 0.376603 0.178032 0.909107
  outer loop
    vertex -17.74999999403577 0 -1.7
    vertex -18.41260163008901 0.7151040757928134 -1.565553921078219
    vertex -18.95216779456687 0 -1.20199525231616
  endloop
endfacet
facet normal 0.701136 -0.178002 0.690451
  outer loop
    vertex -18.41260163008901 0.7151040757928134 -1.565553921078219
    vertex -19.32554389600923 0.7151040757928133 -0.6384836973236389
    vertex -18.95216779456687 0 -1.20199525231616
  endloop
endfacet
facet normal 0.701136 0.178001 0.690452
  outer loop
    vertex -18.41260163008901 0.7151040757928134 -1.565553921078219
    vertex -18.97039833367994 1.430208151585627 -1.183481266075315
    vertex -19.32554389600923 0.7151040757928133 -0.6384836973236389
  endloop
endfacet
facet normal 0.909144 0.17797 0.376542
  outer loop
    vertex -18.95216779456687 0 -1.20199525231616
    vertex -19.32554389600923 0.7151040757928133 -0.6384836973236389
    vertex -19.45000000017705 0 -2.60561267735604e-08
  endloop
endfacet
facet normal -0.90919 0.177957 0.376437
  outer loop
    vertex -16.04999999982295 0 -4.494820828211676e-08
    vertex -16.17436260420886 0.714735918791651 -0.6382529255589259
    vertex -16.54755221855185 0 -1.201715159941437
  endloop
endfacet
facet normal -0.701226 -0.178092 0.690337
  outer loop
    vertex -16.17436260420886 0.714735918791651 -0.6382529255589259
    vertex -17.08716906111133 0.7147359187916511 -1.565456849118482
    vertex -16.54755221855185 0 -1.201715159941437
  endloop
endfacet
facet normal -0.701226 0.178087 0.690338
  outer loop
    vertex -16.17436260420886 0.714735918791651 -0.6382529255589259
    vertex -16.52925502404389 1.429471837583303 -1.18312370599102
    vertex -17.08716906111133 0.7147359187916511 -1.565456849118482
  endloop
endfacet
facet normal -0.376695 0.178222 0.909031
  outer loop
    vertex -16.54755221855185 0 -1.201715159941437
    vertex -17.08716906111133 0.7147359187916511 -1.565456849118482
    vertex -17.74999999403577 0 -1.7
  endloop
endfacet
facet normal -0.383292 -0.184882 0.904934
  outer loop
    vertex -16.52925502404389 1.429471837583303 -1.18312370599102
    vertex -17.74975099694706 1.429839994584465 -1.699999981763964
    vertex -17.08716906111133 0.7147359187916511 -1.565456849118482
  endloop
endfacet
facet normal -2.06218e-05 0.184882 0.982761
  outer loop
    vertex -17.74975099694706 1.429839994584465 -1.699999981763964
    vertex -18.41260163008901 0.7151040757928134 -1.565553921078219
    vertex -17.08716906111133 0.7147359187916511 -1.565456849118482
  endloop
endfacet
facet normal 0.382933 -0.184882 0.905086
  outer loop
    vertex -17.74975099694706 1.429839994584465 -1.699999981763964
    vertex -18.97039833367994 1.430208151585627 -1.183481266075315
    vertex -18.41260163008901 0.7151040757928134 -1.565553921078219
  endloop
endfacet
facet normal -0.000123329 -0.184882 0.982761
  outer loop
    vertex -17.08716906111133 0.7147359187916511 -1.565456849118482
    vertex -18.41260163008901 0.7151040757928134 -1.565553921078219
    vertex -17.74999999403577 0 -1.7
  endloop
endfacet
facet normal -0.98983 -0.136516 0.0399925
  outer loop
    vertex -16.04999999982295 0 -4.494820828211676e-08
    vertex -16.13232334564522 0.7499999951117065 0.5226109852993308
    vertex -16.17436260420886 0.714735918791651 -0.6382529255589259
  endloop
endfacet
facet normal -0.99013 0.136516 0.0317094
  outer loop
    vertex -16.13232334564522 0.7499999951117065 0.5226109852993308
    vertex -16.05445304310447 1.464735913903358 -0.1229655112717355
    vertex -16.17436260420886 0.714735918791651 -0.6382529255589259
  endloop
endfacet
facet normal -0.954192 -0.136516 -0.266236
  outer loop
    vertex -16.13232334564522 0.7499999951117065 0.5226109852993308
    vertex -16.37132031098456 1.499999990223414 0.9946066132377561
    vertex -16.05445304310447 1.464735913903358 -0.1229655112717355
  endloop
endfacet
facet normal -0.902405 -0.136516 0.408692
  outer loop
    vertex -16.17436260420886 0.714735918791651 -0.6382529255589259
    vertex -16.05445304310447 1.464735913903358 -0.1229655112717355
    vertex -16.52925502404389 1.429471837583303 -1.18312370599102
  endloop
endfacet
facet normal 0.902331 -0.136535 0.408849
  outer loop
    vertex -18.97039833367994 1.430208151585627 -1.183481266075315
    vertex -19.44552892770561 1.465104076422779 -0.1232138600704908
    vertex -19.32554389600923 0.7151040757928133 -0.6384836973236389
  endloop
endfacet
facet normal 0.990124 0.136535 0.0318252
  outer loop
    vertex -19.44552892770561 1.465104076422779 -0.1232138600704908
    vertex -19.36767665123904 0.7500000006299657 0.5226109949436737
    vertex -19.32554389600923 0.7151040757928133 -0.6384836973236389
  endloop
endfacet
facet normal 0.954197 -0.136535 -0.266207
  outer loop
    vertex -19.44552892770561 1.465104076422779 -0.1232138600704908
    vertex -19.12867968820911 1.500000001259932 0.9946066143554658
    vertex -19.36767665123904 0.7500000006299657 0.5226109949436737
  endloop
endfacet
facet normal 0.989826 -0.136535 0.0400214
  outer loop
    vertex -19.32554389600923 0.7151040757928133 -0.6384836973236389
    vertex -19.36767665123904 0.7500000006299657 0.5226109949436737
    vertex -19.45000000017705 0 -2.60561267735604e-08
  endloop
endfacet
facet normal 1 0 0
  outer loop
    vertex 14.75 3 3
    vertex 14.75 4.839134454027782 3.042997875334709
    vertex 14.75 3.666666666666666 4.5
  endloop
endfacet
facet normal 1 0 -0
  outer loop
    vertex 14.75 4.839134454027782 3.042997875334709
    vertex 14.75 5.505801120694448 4.542997875334709
    vertex 14.75 3.666666666666666 4.5
  endloop
endfacet
facet normal 1 0 0
  outer loop
    vertex 14.75 4.839134454027782 3.042997875334709
    vertex 14.75 6.678268908055565 3.08599575066942
    vertex 14.75 5.505801120694448 4.542997875334709
  endloop
endfacet
facet normal 1 0 0
  outer loop
    vertex 14.75 3.666666666666666 4.5
    vertex 14.75 5.505801120694448 4.542997875334709
    vertex 14.75 4.333333333333331 6
  endloop
endfacet
facet normal 1 -0 0
  outer loop
    vertex 14.75 3 3
    vertex 14.75 4.100883631129292 1.954541797247765
    vertex 14.75 4.839134454027782 3.042997875334709
  endloop
endfacet
facet normal 1 0 0
  outer loop
    vertex 14.75 4.100883631129292 1.954541797247765
    vertex 14.75 5.940018085157075 1.997539672582475
    vertex 14.75 4.839134454027782 3.042997875334709
  endloop
endfacet
facet normal 1 -0 0
  outer loop
    vertex 14.75 4.100883631129292 1.954541797247765
    vertex 14.75 5.201767262258586 0.9090835944955291
    vertex 14.75 5.940018085157075 1.997539672582475
  endloop
endfacet
facet normal 1 -0 0
  outer loop
    vertex 14.75 4.839134454027782 3.042997875334709
    vertex 14.75 5.940018085157075 1.997539672582475
    vertex 14.75 6.678268908055565 3.08599575066942
  endloop
endfacet
facet normal 1 -0 0
  outer loop
    vertex 14.75 4.333333333333331 6
    vertex 14.75 5.505801120694448 4.542997875334709
    vertex 14.75 6.499999999999996 6
  endloop
endfacet
facet normal 1 0 0
  outer loop
    vertex 14.75 5.505801120694448 4.542997875334709
    vertex 14.75 7.672467787361112 4.542997875334709
    vertex 14.75 6.499999999999996 6
  endloop
endfacet
facet normal 1 -0 0
  outer loop
    vertex 14.75 5.505801120694448 4.542997875334709
    vertex 14.75 6.678268908055565 3.08599575066942
    vertex 14.75 7.672467787361112 4.542997875334709
  endloop
endfacet
facet normal 1 -0 0
  outer loop
    vertex 14.75 6.499999999999996 6
    vertex 14.75 7.672467787361112 4.542997875334709
    vertex 14.75 8.666666666666659 6
  endloop
endfacet
facet normal 1 0 0
  outer loop
    vertex 14.75 7.962501492064307 -0.2025707868065609
    vertex 14.75 7.279340738840573 -1.929033504124644
    vertex 14.75 9.381505359840503 -1.283401350736974
  endloop
endfacet
facet normal 1 -0 0
  outer loop
    vertex 14.75 7.279340738840573 -1.929033504124644
    vertex 14.75 8.698344606616768 -3.009864068055057
    vertex 14.75 9.381505359840503 -1.283401350736974
  endloop
endfacet
facet normal 1 0 0
  outer loop
    vertex 14.75 7.279340738840573 -1.929033504124644
    vertex 14.75 6.596179985616839 -3.655496221442726
    vertex 14.75 8.698344606616768 -3.009864068055057
  endloop
endfacet
facet normal 1 0 0
  outer loop
    vertex 14.75 9.381505359840503 -1.283401350736974
    vertex 14.75 8.698344606616768 -3.009864068055057
    vertex 14.75 10.8005092276167 -2.364231914667387
  endloop
endfacet
facet normal 1 -0 0
  outer loop
    vertex 14.75 5.36806591117306 -1.338006991385214
    vertex 14.75 5.98212294839495 -2.49675160641397
    vertex 14.75 6.665283701618684 -0.7702888890958874
  endloop
endfacet
facet normal 1 0 0
  outer loop
    vertex 14.75 5.98212294839495 -2.49675160641397
    vertex 14.75 7.279340738840573 -1.929033504124644
    vertex 14.75 6.665283701618684 -0.7702888890958874
  endloop
endfacet
facet normal 1 -0 0
  outer loop
    vertex 14.75 5.98212294839495 -2.49675160641397
    vertex 14.75 6.596179985616839 -3.655496221442726
    vertex 14.75 7.279340738840573 -1.929033504124644
  endloop
endfacet
facet normal 1 -0 0
  outer loop
    vertex 14.75 6.665283701618684 -0.7702888890958874
    vertex 14.75 7.279340738840573 -1.929033504124644
    vertex 14.75 7.962501492064307 -0.2025707868065609
  endloop
endfacet
facet normal 1 0 0
  outer loop
    vertex 14.75 19.46472975498665 2.160312319020685
    vertex 14.75 19.48080009368636 -0.01694065842421377
    vertex 14.75 21.00031406992445 1.080156159510341
  endloop
endfacet
facet normal 1 -0 0
  outer loop
    vertex 14.75 19.48080009368636 -0.01694065842421377
    vertex 14.75 21.01638440862416 -1.097096817934556
    vertex 14.75 21.00031406992445 1.080156159510341
  endloop
endfacet
facet normal 1 0 0
  outer loop
    vertex 14.75 19.48080009368636 -0.01694065842421377
    vertex 14.75 19.49687043238606 -2.194193635869112
    vertex 14.75 21.01638440862416 -1.097096817934556
  endloop
endfacet
facet normal 1 0 0
  outer loop
    vertex 14.75 21.00031406992445 1.080156159510341
    vertex 14.75 21.01638440862416 -1.097096817934556
    vertex 14.75 22.53589838486225 -8.881784197001252e-16
  endloop
endfacet
facet normal 1 0 0
  outer loop
    vertex 14.75 10.8005092276167 -2.364231914667387
    vertex 14.75 8.698344606616768 -3.009864068055057
    vertex 14.75 9.733587947141679 -4.182115957333694
  endloop
endfacet
facet normal 1 0 0
  outer loop
    vertex 14.75 8.698344606616768 -3.009864068055057
    vertex 14.75 7.631423326141749 -4.827748110721363
    vertex 14.75 9.733587947141679 -4.182115957333694
  endloop
endfacet
facet normal 1 0 0
  outer loop
    vertex 14.75 8.698344606616768 -3.009864068055057
    vertex 14.75 6.596179985616839 -3.655496221442726
    vertex 14.75 7.631423326141749 -4.827748110721363
  endloop
endfacet
facet normal 1 0 0
  outer loop
    vertex 14.75 9.733587947141679 -4.182115957333694
    vertex 14.75 7.631423326141749 -4.827748110721363
    vertex 14.75 8.666666666666659 -6
  endloop
endfacet
facet normal 1 0 0
  outer loop
    vertex 14.75 8.666666666666659 -6
    vertex 14.75 7.631423326141749 -4.827748110721363
    vertex 14.75 6.499999999999996 -6
  endloop
endfacet
facet normal 1 0 0
  outer loop
    vertex 14.75 7.631423326141749 -4.827748110721363
    vertex 14.75 5.464756659475086 -4.827748110721363
    vertex 14.75 6.499999999999996 -6
  endloop
endfacet
facet normal 1 0 0
  outer loop
    vertex 14.75 7.631423326141749 -4.827748110721363
    vertex 14.75 6.596179985616839 -3.655496221442726
    vertex 14.75 5.464756659475086 -4.827748110721363
  endloop
endfacet
facet normal 1 0 0
  outer loop
    vertex 14.75 6.499999999999996 -6
    vertex 14.75 5.464756659475086 -4.827748110721363
    vertex 14.75 4.333333333333331 -6
  endloop
endfacet
facet normal 1 0 0
  outer loop
    vertex 14.75 13 -6
    vertex 14.75 11.90025461380835 -4.182115957333694
    vertex 14.75 10.83333333333333 -6
  endloop
endfacet
facet normal 1 0 0
  outer loop
    vertex 14.75 11.90025461380835 -4.182115957333694
    vertex 14.75 9.733587947141679 -4.182115957333694
    vertex 14.75 10.83333333333333 -6
  endloop
endfacet
facet normal 1 0 0
  outer loop
    vertex 14.75 11.90025461380835 -4.182115957333694
    vertex 14.75 10.8005092276167 -2.364231914667387
    vertex 14.75 9.733587947141679 -4.182115957333694
  endloop
endfacet
facet normal 1 0 0
  outer loop
    vertex 14.75 10.83333333333333 -6
    vertex 14.75 9.733587947141679 -4.182115957333694
    vertex 14.75 8.666666666666659 -6
  endloop
endfacet
facet normal 1 0 0
  outer loop
    vertex 14.75 17.33333333333335 -6
    vertex 14.75 16.24339013438632 -4.192189068682028
    vertex 14.75 15.16666666666668 -6
  endloop
endfacet
facet normal 1 0 0
  outer loop
    vertex 14.75 16.24339013438632 -4.192189068682028
    vertex 14.75 14.07672346771964 -4.192189068682028
    vertex 14.75 15.16666666666668 -6
  endloop
endfacet
facet normal 1 0 0
  outer loop
    vertex 14.75 16.24339013438632 -4.192189068682028
    vertex 14.75 15.15344693543928 -2.384378137364057
    vertex 14.75 14.07672346771964 -4.192189068682028
  endloop
endfacet
facet normal 1 0 0
  outer loop
    vertex 14.75 15.16666666666668 -6
    vertex 14.75 14.07672346771964 -4.192189068682028
    vertex 14.75 13 -6
  endloop
endfacet
facet normal 1 -0 0
  outer loop
    vertex 14.75 13 6
    vertex 14.75 14.07672346771964 4.19218906868203
    vertex 14.75 15.16666666666668 6
  endloop
endfacet
facet normal 1 0 0
  outer loop
    vertex 14.75 14.07672346771964 4.19218906868203
    vertex 14.75 16.24339013438631 4.19218906868203
    vertex 14.75 15.16666666666668 6
  endloop
endfacet
facet normal 1 -0 0
  outer loop
    vertex 14.75 14.07672346771964 4.19218906868203
    vertex 14.75 15.15344693543928 2.38437813736406
    vertex 14.75 16.24339013438631 4.19218906868203
  endloop
endfacet
facet normal 1 -0 0
  outer loop
    vertex 14.75 15.16666666666668 6
    vertex 14.75 16.24339013438631 4.19218906868203
    vertex 14.75 17.33333333333335 6
  endloop
endfacet
facet normal 1 -0 0
  outer loop
    vertex 14.75 8.666666666666659 6
    vertex 14.75 9.749999999999996 4.123611625133716
    vertex 14.75 10.83333333333333 6
  endloop
endfacet
facet normal 1 0 0
  outer loop
    vertex 14.75 9.749999999999996 4.123611625133716
    vertex 14.75 11.91666666666667 4.123611625133716
    vertex 14.75 10.83333333333333 6
  endloop
endfacet
facet normal 1 -0 0
  outer loop
    vertex 14.75 9.749999999999996 4.123611625133716
    vertex 14.75 10.83333333333333 2.247223250267432
    vertex 14.75 11.91666666666667 4.123611625133716
  endloop
endfacet
facet normal 1 -0 0
  outer loop
    vertex 14.75 10.83333333333333 6
    vertex 14.75 11.91666666666667 4.123611625133716
    vertex 14.75 13 6
  endloop
endfacet
facet normal 1 0 0
  outer loop
    vertex 14.75 15.15344693543928 -2.384378137364057
    vertex 14.75 12.97697808152799 -2.374305026015722
    vertex 14.75 14.07672346771964 -4.192189068682028
  endloop
endfacet
facet normal 1 0 0
  outer loop
    vertex 14.75 12.97697808152799 -2.374305026015722
    vertex 14.75 11.90025461380835 -4.182115957333694
    vertex 14.75 14.07672346771964 -4.192189068682028
  endloop
endfacet
facet normal 1 0 0
  outer loop
    vertex 14.75 12.97697808152799 -2.374305026015722
    vertex 14.75 10.8005092276167 -2.364231914667387
    vertex 14.75 11.90025461380835 -4.182115957333694
  endloop
endfacet
facet normal 1 0 0
  outer loop
    vertex 14.75 14.07672346771964 -4.192189068682028
    vertex 14.75 11.90025461380835 -4.182115957333694
    vertex 14.75 13 -6
  endloop
endfacet
facet normal 1 0 0
  outer loop
    vertex 14.75 10.83333333333333 2.247223250267432
    vertex 14.75 12.9933901343863 2.315800693815746
    vertex 14.75 11.91666666666667 4.123611625133716
  endloop
endfacet
facet normal 1 0 -0
  outer loop
    vertex 14.75 12.9933901343863 2.315800693815746
    vertex 14.75 14.07672346771964 4.19218906868203
    vertex 14.75 11.91666666666667 4.123611625133716
  endloop
endfacet
facet normal 1 0 0
  outer loop
    vertex 14.75 12.9933901343863 2.315800693815746
    vertex 14.75 15.15344693543928 2.38437813736406
    vertex 14.75 14.07672346771964 4.19218906868203
  endloop
endfacet
facet normal 1 0 0
  outer loop
    vertex 14.75 11.91666666666667 4.123611625133716
    vertex 14.75 14.07672346771964 4.19218906868203
    vertex 14.75 13 6
  endloop
endfacet
facet normal 1 0 0
  outer loop
    vertex 14.75 8.666666666666659 6
    vertex 14.75 7.672467787361112 4.542997875334709
    vertex 14.75 9.749999999999996 4.123611625133716
  endloop
endfacet
facet normal 1 0 0
  outer loop
    vertex 14.75 7.672467787361112 4.542997875334709
    vertex 14.75 8.755801120694448 2.666609500468425
    vertex 14.75 9.749999999999996 4.123611625133716
  endloop
endfacet
facet normal 1 0 0
  outer loop
    vertex 14.75 7.672467787361112 4.542997875334709
    vertex 14.75 6.678268908055565 3.08599575066942
    vertex 14.75 8.755801120694448 2.666609500468425
  endloop
endfacet
facet normal 1 0 0
  outer loop
    vertex 14.75 9.749999999999996 4.123611625133716
    vertex 14.75 8.755801120694448 2.666609500468425
    vertex 14.75 10.83333333333333 2.247223250267432
  endloop
endfacet
facet normal 1 0 -0
  outer loop
    vertex 14.75 4.333333333333331 -6
    vertex 14.75 5.464756659475086 -4.827748110721363
    vertex 14.75 3.666666666666666 -4.5
  endloop
endfacet
facet normal 1 0 0
  outer loop
    vertex 14.75 5.464756659475086 -4.827748110721363
    vertex 14.75 4.79808999280842 -3.327748110721363
    vertex 14.75 3.666666666666666 -4.5
  endloop
endfacet
facet normal 1 0 -0
  outer loop
    vertex 14.75 5.464756659475086 -4.827748110721363
    vertex 14.75 6.596179985616839 -3.655496221442726
    vertex 14.75 4.79808999280842 -3.327748110721363
  endloop
endfacet
facet normal 1 0 -0
  outer loop
    vertex 14.75 3.666666666666666 -4.5
    vertex 14.75 4.79808999280842 -3.327748110721363
    vertex 14.75 3 -3
  endloop
endfacet
facet normal 1 0 0
  outer loop
    vertex 14.75 7.962501492064307 -0.2025707868065609
    vertex 14.75 6.582134377161447 0.3532564038444841
    vertex 14.75 6.665283701618684 -0.7702888890958874
  endloop
endfacet
facet normal 1 0 0
  outer loop
    vertex 14.75 6.582134377161447 0.3532564038444841
    vertex 14.75 5.284916586715823 -0.2144616984448424
    vertex 14.75 6.665283701618684 -0.7702888890958874
  endloop
endfacet
facet normal 1 0 0
  outer loop
    vertex 14.75 6.582134377161447 0.3532564038444841
    vertex 14.75 5.201767262258586 0.9090835944955291
    vertex 14.75 5.284916586715823 -0.2144616984448424
  endloop
endfacet
facet normal 1 0 0
  outer loop
    vertex 14.75 6.665283701618684 -0.7702888890958874
    vertex 14.75 5.284916586715823 -0.2144616984448424
    vertex 14.75 5.36806591117306 -1.338006991385214
  endloop
endfacet
facet normal 1 0 0
  outer loop
    vertex 14.75 19.46472975498665 2.160312319020685
    vertex 14.75 18.37680427911509 1.080156159510339
    vertex 14.75 19.48080009368636 -0.01694065842421377
  endloop
endfacet
facet normal 1 0 0
  outer loop
    vertex 14.75 18.37680427911509 1.080156159510339
    vertex 14.75 18.39287461781479 -1.09709681793456
    vertex 14.75 19.48080009368636 -0.01694065842421377
  endloop
endfacet
facet normal 1 0 0
  outer loop
    vertex 14.75 18.37680427911509 1.080156159510339
    vertex 14.75 17.28887880324353 -7.105427357601002e-15
    vertex 14.75 18.39287461781479 -1.09709681793456
  endloop
endfacet
facet normal 1 0 0
  outer loop
    vertex 14.75 19.48080009368636 -0.01694065842421377
    vertex 14.75 18.39287461781479 -1.09709681793456
    vertex 14.75 19.49687043238606 -2.194193635869112
  endloop
endfacet
facet normal 1 -0 0
  outer loop
    vertex 14.75 17.33333333333335 6
    vertex 14.75 18.39903154416 4.080156159510341
    vertex 14.75 19.50000000000002 6
  endloop
endfacet
facet normal 1 0 0
  outer loop
    vertex 14.75 18.39903154416 4.080156159510341
    vertex 14.75 20.56569821082667 4.080156159510341
    vertex 14.75 19.50000000000002 6
  endloop
endfacet
facet normal 1 -0 0
  outer loop
    vertex 14.75 18.39903154416 4.080156159510341
    vertex 14.75 19.46472975498665 2.160312319020685
    vertex 14.75 20.56569821082667 4.080156159510341
  endloop
endfacet
facet normal 1 -0 0
  outer loop
    vertex 14.75 19.50000000000002 6
    vertex 14.75 20.56569821082667 4.080156159510341
    vertex 14.75 21.6666666666667 6
  endloop
endfacet
facet normal 1 0 0
  outer loop
    vertex 14.75 21.6666666666667 -6
    vertex 14.75 20.58176854952638 -4.097096817934556
    vertex 14.75 19.50000000000002 -6
  endloop
endfacet
facet normal 1 0 0
  outer loop
    vertex 14.75 20.58176854952638 -4.097096817934556
    vertex 14.75 18.41510188285971 -4.097096817934556
    vertex 14.75 19.50000000000002 -6
  endloop
endfacet
facet normal 1 0 0
  outer loop
    vertex 14.75 20.58176854952638 -4.097096817934556
    vertex 14.75 19.49687043238606 -2.194193635869112
    vertex 14.75 18.41510188285971 -4.097096817934556
  endloop
endfacet
facet normal 1 0 0
  outer loop
    vertex 14.75 19.50000000000002 -6
    vertex 14.75 18.41510188285971 -4.097096817934556
    vertex 14.75 17.33333333333335 -6
  endloop
endfacet
facet normal 1 0 0
  outer loop
    vertex 14.75 26 1.999999999999993
    vertex 14.75 24.26794919243113 0.9999999999999964
    vertex 14.75 26 -2.664535259100376e-15
  endloop
endfacet
facet normal 1 0 0
  outer loop
    vertex 14.75 24.26794919243113 0.9999999999999964
    vertex 14.75 24.26794919243113 -1
    vertex 14.75 26 -2.664535259100376e-15
  endloop
endfacet
facet normal 1 0 0
  outer loop
    vertex 14.75 24.26794919243113 0.9999999999999964
    vertex 14.75 22.53589838486225 -8.881784197001252e-16
    vertex 14.75 24.26794919243113 -1
  endloop
endfacet
facet normal 1 0 0
  outer loop
    vertex 14.75 26 -2.664535259100376e-15
    vertex 14.75 24.26794919243113 -1
    vertex 14.75 26 -1.999999999999998
  endloop
endfacet
facet normal 1 0 0
  outer loop
    vertex 14.75 6.678268908055565 3.08599575066942
    vertex 14.75 5.940018085157075 1.997539672582475
    vertex 14.75 7.320385200059937 1.44171248193143
  endloop
endfacet
facet normal 1 0 0
  outer loop
    vertex 14.75 5.940018085157075 1.997539672582475
    vertex 14.75 6.582134377161447 0.3532564038444841
    vertex 14.75 7.320385200059937 1.44171248193143
  endloop
endfacet
facet normal 1 0 0
  outer loop
    vertex 14.75 5.940018085157075 1.997539672582475
    vertex 14.75 5.201767262258586 0.9090835944955291
    vertex 14.75 6.582134377161447 0.3532564038444841
  endloop
endfacet
facet normal 1 0 0
  outer loop
    vertex 14.75 7.320385200059937 1.44171248193143
    vertex 14.75 6.582134377161447 0.3532564038444841
    vertex 14.75 7.962501492064307 -0.2025707868065609
  endloop
endfacet
facet normal 1 0 -0
  outer loop
    vertex 14.75 17.33333333333335 -6
    vertex 14.75 18.41510188285971 -4.097096817934556
    vertex 14.75 16.24339013438632 -4.192189068682028
  endloop
endfacet
facet normal 1 0 0
  outer loop
    vertex 14.75 18.41510188285971 -4.097096817934556
    vertex 14.75 17.32515868391267 -2.289285886616585
    vertex 14.75 16.24339013438632 -4.192189068682028
  endloop
endfacet
facet normal 1 0 -0
  outer loop
    vertex 14.75 18.41510188285971 -4.097096817934556
    vertex 14.75 19.49687043238606 -2.194193635869112
    vertex 14.75 17.32515868391267 -2.289285886616585
  endloop
endfacet
facet normal 1 0 -0
  outer loop
    vertex 14.75 16.24339013438632 -4.192189068682028
    vertex 14.75 17.32515868391267 -2.289285886616585
    vertex 14.75 15.15344693543928 -2.384378137364057
  endloop
endfacet
facet normal 1 -0 0
  outer loop
    vertex 14.75 15.15344693543928 2.38437813736406
    vertex 14.75 17.30908834521296 2.272345228192371
    vertex 14.75 16.24339013438631 4.19218906868203
  endloop
endfacet
facet normal 1 0 -0
  outer loop
    vertex 14.75 17.30908834521296 2.272345228192371
    vertex 14.75 18.39903154416 4.080156159510341
    vertex 14.75 16.24339013438631 4.19218906868203
  endloop
endfacet
facet normal 1 -0 0
  outer loop
    vertex 14.75 17.30908834521296 2.272345228192371
    vertex 14.75 19.46472975498665 2.160312319020685
    vertex 14.75 18.39903154416 4.080156159510341
  endloop
endfacet
facet normal 1 -0 0
  outer loop
    vertex 14.75 16.24339013438631 4.19218906868203
    vertex 14.75 18.39903154416 4.080156159510341
    vertex 14.75 17.33333333333335 6
  endloop
endfacet
facet normal 1 0 0
  outer loop
    vertex 14.75 4.333333333333331 6
    vertex 14.75 3.083333333333332 5.25
    vertex 14.75 3.666666666666666 4.5
  endloop
endfacet
facet normal 1 0 0
  outer loop
    vertex 14.75 3.083333333333332 5.25
    vertex 14.75 2.416666666666667 3.75
    vertex 14.75 3.666666666666666 4.5
  endloop
endfacet
facet normal 1 0 0
  outer loop
    vertex 14.75 3.083333333333332 5.25
    vertex 14.75 1.833333333333333 4.5
    vertex 14.75 2.416666666666667 3.75
  endloop
endfacet
facet normal 1 0 0
  outer loop
    vertex 14.75 3.666666666666666 4.5
    vertex 14.75 2.416666666666667 3.75
    vertex 14.75 3 3
  endloop
endfacet
facet normal 1 0 0
  outer loop
    vertex 14.75 3 -3
    vertex 14.75 2.416666666666667 -3.75
    vertex 14.75 3.666666666666666 -4.5
  endloop
endfacet
facet normal 1 0 0
  outer loop
    vertex 14.75 2.416666666666667 -3.75
    vertex 14.75 3.083333333333332 -5.25
    vertex 14.75 3.666666666666666 -4.5
  endloop
endfacet
facet normal 1 0 0
  outer loop
    vertex 14.75 2.416666666666667 -3.75
    vertex 14.75 1.833333333333333 -4.5
    vertex 14.75 3.083333333333332 -5.25
  endloop
endfacet
facet normal 1 0 0
  outer loop
    vertex 14.75 3.666666666666666 -4.5
    vertex 14.75 3.083333333333332 -5.25
    vertex 14.75 4.333333333333331 -6
  endloop
endfacet
facet normal 1 -0 0
  outer loop
    vertex 14.75 3 -3
    vertex 14.75 4.79808999280842 -3.327748110721363
    vertex 14.75 4.18403295558653 -2.169003495692607
  endloop
endfacet
facet normal 1 0 -0
  outer loop
    vertex 14.75 4.79808999280842 -3.327748110721363
    vertex 14.75 5.98212294839495 -2.49675160641397
    vertex 14.75 4.18403295558653 -2.169003495692607
  endloop
endfacet
facet normal 1 -0 0
  outer loop
    vertex 14.75 4.79808999280842 -3.327748110721363
    vertex 14.75 6.596179985616839 -3.655496221442726
    vertex 14.75 5.98212294839495 -2.49675160641397
  endloop
endfacet
facet normal 1 -0 0
  outer loop
    vertex 14.75 4.18403295558653 -2.169003495692607
    vertex 14.75 5.98212294839495 -2.49675160641397
    vertex 14.75 5.36806591117306 -1.338006991385214
  endloop
endfacet
facet normal 1 -0 0
  outer loop
    vertex 14.75 21.6666666666667 6
    vertex 14.75 22.35090290741867 4.567644816370201
    vertex 14.75 23.83333333333335 6
  endloop
endfacet
facet normal 1 0 0
  outer loop
    vertex 14.75 22.35090290741867 4.567644816370201
    vertex 14.75 24.51756957408532 4.567644816370201
    vertex 14.75 23.83333333333335 6
  endloop
endfacet
facet normal 1 -0 0
  outer loop
    vertex 14.75 22.35090290741867 4.567644816370201
    vertex 14.75 23.03513914817064 3.135289632740401
    vertex 14.75 24.51756957408532 4.567644816370201
  endloop
endfacet
facet normal 1 -0 0
  outer loop
    vertex 14.75 23.83333333333335 6
    vertex 14.75 24.51756957408532 4.567644816370201
    vertex 14.75 26 6
  endloop
endfacet
facet normal 1 0 0
  outer loop
    vertex 14.75 26 -6
    vertex 14.75 24.51756957408532 -4.567644816370201
    vertex 14.75 23.83333333333335 -6
  endloop
endfacet
facet normal 1 0 0
  outer loop
    vertex 14.75 24.51756957408532 -4.567644816370201
    vertex 14.75 22.35090290741867 -4.567644816370201
    vertex 14.75 23.83333333333335 -6
  endloop
endfacet
facet normal 1 0 0
  outer loop
    vertex 14.75 24.51756957408532 -4.567644816370201
    vertex 14.75 23.03513914817064 -3.135289632740403
    vertex 14.75 22.35090290741867 -4.567644816370201
  endloop
endfacet
facet normal 1 0 0
  outer loop
    vertex 14.75 23.83333333333335 -6
    vertex 14.75 22.35090290741867 -4.567644816370201
    vertex 14.75 21.6666666666667 -6
  endloop
endfacet
facet normal 1 0 0
  outer loop
    vertex 14.75 3 -3
    vertex 14.75 4.18403295558653 -2.169003495692607
    vertex 14.75 3 -1.5
  endloop
endfacet
facet normal 1 0 -0
  outer loop
    vertex 14.75 4.18403295558653 -2.169003495692607
    vertex 14.75 4.18403295558653 -0.669003495692607
    vertex 14.75 3 -1.5
  endloop
endfacet
facet normal 1 0 0
  outer loop
    vertex 14.75 4.18403295558653 -2.169003495692607
    vertex 14.75 5.36806591117306 -1.338006991385214
    vertex 14.75 4.18403295558653 -0.669003495692607
  endloop
endfacet
facet normal 1 0 0
  outer loop
    vertex 14.75 3 -1.5
    vertex 14.75 4.18403295558653 -0.669003495692607
    vertex 14.75 3 4.440892098500626e-16
  endloop
endfacet
facet normal 1 0 0
  outer loop
    vertex 14.75 26 6
    vertex 14.75 24.51756957408532 4.567644816370201
    vertex 14.75 26 3.999999999999996
  endloop
endfacet
facet normal 1 0 0
  outer loop
    vertex 14.75 24.51756957408532 4.567644816370201
    vertex 14.75 24.51756957408532 2.567644816370198
    vertex 14.75 26 3.999999999999996
  endloop
endfacet
facet normal 1 0 0
  outer loop
    vertex 14.75 24.51756957408532 4.567644816370201
    vertex 14.75 23.03513914817064 3.135289632740401
    vertex 14.75 24.51756957408532 2.567644816370198
  endloop
endfacet
facet normal 1 0 0
  outer loop
    vertex 14.75 26 3.999999999999996
    vertex 14.75 24.51756957408532 2.567644816370198
    vertex 14.75 26 1.999999999999993
  endloop
endfacet
facet normal 1 0 0
  outer loop
    vertex 14.75 26 -1.999999999999998
    vertex 14.75 24.51756957408532 -2.5676448163702
    vertex 14.75 26 -3.999999999999999
  endloop
endfacet
facet normal 1 0 0
  outer loop
    vertex 14.75 24.51756957408532 -2.5676448163702
    vertex 14.75 24.51756957408532 -4.567644816370201
    vertex 14.75 26 -3.999999999999999
  endloop
endfacet
facet normal 1 0 0
  outer loop
    vertex 14.75 24.51756957408532 -2.5676448163702
    vertex 14.75 23.03513914817064 -3.135289632740403
    vertex 14.75 24.51756957408532 -4.567644816370201
  endloop
endfacet
facet normal 1 0 0
  outer loop
    vertex 14.75 26 -3.999999999999999
    vertex 14.75 24.51756957408532 -4.567644816370201
    vertex 14.75 26 -6
  endloop
endfacet
facet normal 1 0 0
  outer loop
    vertex 14.75 10.83333333333333 2.247223250267432
    vertex 14.75 9.397917412698821 1.022326231730435
    vertex 14.75 10.81692128047501 -0.05850433219997786
  endloop
endfacet
facet normal 1 0 0
  outer loop
    vertex 14.75 9.397917412698821 1.022326231730435
    vertex 14.75 9.381505359840503 -1.283401350736974
    vertex 14.75 10.81692128047501 -0.05850433219997786
  endloop
endfacet
facet normal 1 0 0
  outer loop
    vertex 14.75 9.397917412698821 1.022326231730435
    vertex 14.75 7.962501492064307 -0.2025707868065609
    vertex 14.75 9.381505359840503 -1.283401350736974
  endloop
endfacet
facet normal 1 0 0
  outer loop
    vertex 14.75 10.81692128047501 -0.05850433219997786
    vertex 14.75 9.381505359840503 -1.283401350736974
    vertex 14.75 10.8005092276167 -2.364231914667387
  endloop
endfacet
facet normal 1 0 0
  outer loop
    vertex 14.75 19.46472975498665 2.160312319020685
    vertex 14.75 21.24993445157865 2.647800975880543
    vertex 14.75 20.56569821082667 4.080156159510341
  endloop
endfacet
facet normal 1 0 -0
  outer loop
    vertex 14.75 21.24993445157865 2.647800975880543
    vertex 14.75 22.35090290741867 4.567644816370201
    vertex 14.75 20.56569821082667 4.080156159510341
  endloop
endfacet
facet normal 1 0 0
  outer loop
    vertex 14.75 21.24993445157865 2.647800975880543
    vertex 14.75 23.03513914817064 3.135289632740401
    vertex 14.75 22.35090290741867 4.567644816370201
  endloop
endfacet
facet normal 1 0 0
  outer loop
    vertex 14.75 20.56569821082667 4.080156159510341
    vertex 14.75 22.35090290741867 4.567644816370201
    vertex 14.75 21.6666666666667 6
  endloop
endfacet
facet normal 1 0 -0
  outer loop
    vertex 14.75 21.6666666666667 -6
    vertex 14.75 22.35090290741867 -4.567644816370201
    vertex 14.75 20.58176854952638 -4.097096817934556
  endloop
endfacet
facet normal 1 0 0
  outer loop
    vertex 14.75 22.35090290741867 -4.567644816370201
    vertex 14.75 21.26600479027835 -2.664741634304757
    vertex 14.75 20.58176854952638 -4.097096817934556
  endloop
endfacet
facet normal 1 0 -0
  outer loop
    vertex 14.75 22.35090290741867 -4.567644816370201
    vertex 14.75 23.03513914817064 -3.135289632740403
    vertex 14.75 21.26600479027835 -2.664741634304757
  endloop
endfacet
facet normal 1 0 -0
  outer loop
    vertex 14.75 20.58176854952638 -4.097096817934556
    vertex 14.75 21.26600479027835 -2.664741634304757
    vertex 14.75 19.49687043238606 -2.194193635869112
  endloop
endfacet
facet normal 1 0 0
  outer loop
    vertex 14.75 10.8005092276167 -2.364231914667387
    vertex 14.75 12.01035496874047 -1.185161788872633
    vertex 14.75 10.81692128047501 -0.05850433219997786
  endloop
endfacet
facet normal 1 0 -0
  outer loop
    vertex 14.75 12.01035496874047 -1.185161788872633
    vertex 14.75 12.02676702159878 1.120565793594777
    vertex 14.75 10.81692128047501 -0.05850433219997786
  endloop
endfacet
facet normal 1 0 0
  outer loop
    vertex 14.75 12.01035496874047 -1.185161788872633
    vertex 14.75 13.22020070986423 -0.006091663077878451
    vertex 14.75 12.02676702159878 1.120565793594777
  endloop
endfacet
facet normal 1 0 0
  outer loop
    vertex 14.75 10.81692128047501 -0.05850433219997786
    vertex 14.75 12.02676702159878 1.120565793594777
    vertex 14.75 10.83333333333333 2.247223250267432
  endloop
endfacet
facet normal 1 0 0
  outer loop
    vertex 14.75 6.678268908055565 3.08599575066942
    vertex 14.75 7.320385200059937 1.44171248193143
    vertex 14.75 8.755801120694448 2.666609500468425
  endloop
endfacet
facet normal 1 -0 0
  outer loop
    vertex 14.75 7.320385200059937 1.44171248193143
    vertex 14.75 9.397917412698821 1.022326231730435
    vertex 14.75 8.755801120694448 2.666609500468425
  endloop
endfacet
facet normal 1 0 0
  outer loop
    vertex 14.75 7.320385200059937 1.44171248193143
    vertex 14.75 7.962501492064307 -0.2025707868065609
    vertex 14.75 9.397917412698821 1.022326231730435
  endloop
endfacet
facet normal 1 0 0
  outer loop
    vertex 14.75 8.755801120694448 2.666609500468425
    vertex 14.75 9.397917412698821 1.022326231730435
    vertex 14.75 10.83333333333333 2.247223250267432
  endloop
endfacet
facet normal 1 -0 0
  outer loop
    vertex 14.75 19.49687043238606 -2.194193635869112
    vertex 14.75 21.26600479027835 -2.664741634304757
    vertex 14.75 21.01638440862416 -1.097096817934556
  endloop
endfacet
facet normal 1 0 -0
  outer loop
    vertex 14.75 21.26600479027835 -2.664741634304757
    vertex 14.75 22.78551876651645 -1.567644816370201
    vertex 14.75 21.01638440862416 -1.097096817934556
  endloop
endfacet
facet normal 1 -0 0
  outer loop
    vertex 14.75 21.26600479027835 -2.664741634304757
    vertex 14.75 23.03513914817064 -3.135289632740403
    vertex 14.75 22.78551876651645 -1.567644816370201
  endloop
endfacet
facet normal 1 -0 0
  outer loop
    vertex 14.75 21.01638440862416 -1.097096817934556
    vertex 14.75 22.78551876651645 -1.567644816370201
    vertex 14.75 22.53589838486225 -8.881784197001252e-16
  endloop
endfacet
facet normal 1 0 -0
  outer loop
    vertex 14.75 22.53589838486225 -8.881784197001252e-16
    vertex 14.75 22.78551876651645 1.567644816370199
    vertex 14.75 21.00031406992445 1.080156159510341
  endloop
endfacet
facet normal 1 0 0
  outer loop
    vertex 14.75 22.78551876651645 1.567644816370199
    vertex 14.75 21.24993445157865 2.647800975880543
    vertex 14.75 21.00031406992445 1.080156159510341
  endloop
endfacet
facet normal 1 0 -0
  outer loop
    vertex 14.75 22.78551876651645 1.567644816370199
    vertex 14.75 23.03513914817064 3.135289632740401
    vertex 14.75 21.24993445157865 2.647800975880543
  endloop
endfacet
facet normal 1 0 -0
  outer loop
    vertex 14.75 21.00031406992445 1.080156159510341
    vertex 14.75 21.24993445157865 2.647800975880543
    vertex 14.75 19.46472975498665 2.160312319020685
  endloop
endfacet
facet normal 1 0 0
  outer loop
    vertex 14.75 5.36806591117306 -1.338006991385214
    vertex 14.75 5.284916586715823 -0.2144616984448424
    vertex 14.75 4.18403295558653 -0.669003495692607
  endloop
endfacet
facet normal 1 0 0
  outer loop
    vertex 14.75 5.284916586715823 -0.2144616984448424
    vertex 14.75 4.100883631129292 0.4545417972477646
    vertex 14.75 4.18403295558653 -0.669003495692607
  endloop
endfacet
facet normal 1 0 0
  outer loop
    vertex 14.75 5.284916586715823 -0.2144616984448424
    vertex 14.75 5.201767262258586 0.9090835944955291
    vertex 14.75 4.100883631129292 0.4545417972477646
  endloop
endfacet
facet normal 1 0 0
  outer loop
    vertex 14.75 4.18403295558653 -0.669003495692607
    vertex 14.75 4.100883631129292 0.4545417972477646
    vertex 14.75 3 4.440892098500626e-16
  endloop
endfacet
facet normal 1 0 0
  outer loop
    vertex 14.75 15.15344693543928 -2.384378137364057
    vertex 14.75 14.18682382265176 -1.195234900220967
    vertex 14.75 12.97697808152799 -2.374305026015722
  endloop
endfacet
facet normal 1 0 0
  outer loop
    vertex 14.75 14.18682382265176 -1.195234900220967
    vertex 14.75 12.01035496874047 -1.185161788872633
    vertex 14.75 12.97697808152799 -2.374305026015722
  endloop
endfacet
facet normal 1 0 0
  outer loop
    vertex 14.75 14.18682382265176 -1.195234900220967
    vertex 14.75 13.22020070986423 -0.006091663077878451
    vertex 14.75 12.01035496874047 -1.185161788872633
  endloop
endfacet
facet normal 1 0 0
  outer loop
    vertex 14.75 12.97697808152799 -2.374305026015722
    vertex 14.75 12.01035496874047 -1.185161788872633
    vertex 14.75 10.8005092276167 -2.364231914667387
  endloop
endfacet
facet normal 1 -0 0
  outer loop
    vertex 14.75 10.83333333333333 2.247223250267432
    vertex 14.75 12.02676702159878 1.120565793594777
    vertex 14.75 12.9933901343863 2.315800693815746
  endloop
endfacet
facet normal 1 0 0
  outer loop
    vertex 14.75 12.02676702159878 1.120565793594777
    vertex 14.75 14.18682382265175 1.189143237143091
    vertex 14.75 12.9933901343863 2.315800693815746
  endloop
endfacet
facet normal 1 -0 0
  outer loop
    vertex 14.75 12.02676702159878 1.120565793594777
    vertex 14.75 13.22020070986423 -0.006091663077878451
    vertex 14.75 14.18682382265175 1.189143237143091
  endloop
endfacet
facet normal 1 -0 0
  outer loop
    vertex 14.75 12.9933901343863 2.315800693815746
    vertex 14.75 14.18682382265175 1.189143237143091
    vertex 14.75 15.15344693543928 2.38437813736406
  endloop
endfacet
facet normal 1 0 0
  outer loop
    vertex 14.75 0 3
    vertex 14.75 0.9166666666666664 3.75
    vertex 14.75 0 4.5
  endloop
endfacet
facet normal 1 0 -0
  outer loop
    vertex 14.75 0.9166666666666664 3.75
    vertex 14.75 0.9166666666666664 5.25
    vertex 14.75 0 4.5
  endloop
endfacet
facet normal 1 0 0
  outer loop
    vertex 14.75 0.9166666666666664 3.75
    vertex 14.75 1.833333333333333 4.5
    vertex 14.75 0.9166666666666664 5.25
  endloop
endfacet
facet normal 1 0 0
  outer loop
    vertex 14.75 0 4.5
    vertex 14.75 0.9166666666666664 5.25
    vertex 14.75 0 6
  endloop
endfacet
facet normal 1 0 0
  outer loop
    vertex 14.75 0 -6
    vertex 14.75 0.9166666666666664 -5.25
    vertex 14.75 0 -4.5
  endloop
endfacet
facet normal 1 0 -0
  outer loop
    vertex 14.75 0.9166666666666664 -5.25
    vertex 14.75 0.9166666666666664 -3.75
    vertex 14.75 0 -4.5
  endloop
endfacet
facet normal 1 0 0
  outer loop
    vertex 14.75 0.9166666666666664 -5.25
    vertex 14.75 1.833333333333333 -4.5
    vertex 14.75 0.9166666666666664 -3.75
  endloop
endfacet
facet normal 1 0 0
  outer loop
    vertex 14.75 0 -4.5
    vertex 14.75 0.9166666666666664 -3.75
    vertex 14.75 0 -3
  endloop
endfacet
facet normal 1 -0 0
  outer loop
    vertex 14.75 0 -3
    vertex 14.75 0.9166666666666664 -3.75
    vertex 14.75 1.5 -3
  endloop
endfacet
facet normal 1 0 0
  outer loop
    vertex 14.75 0.9166666666666664 -3.75
    vertex 14.75 2.416666666666667 -3.75
    vertex 14.75 1.5 -3
  endloop
endfacet
facet normal 1 -0 0
  outer loop
    vertex 14.75 0.9166666666666664 -3.75
    vertex 14.75 1.833333333333333 -4.5
    vertex 14.75 2.416666666666667 -3.75
  endloop
endfacet
facet normal 1 -0 0
  outer loop
    vertex 14.75 1.5 -3
    vertex 14.75 2.416666666666667 -3.75
    vertex 14.75 3 -3
  endloop
endfacet
facet normal 1 0 0
  outer loop
    vertex 14.75 3 3
    vertex 14.75 2.416666666666667 3.75
    vertex 14.75 1.5 3
  endloop
endfacet
facet normal 1 0 0
  outer loop
    vertex 14.75 2.416666666666667 3.75
    vertex 14.75 0.9166666666666664 3.75
    vertex 14.75 1.5 3
  endloop
endfacet
facet normal 1 0 0
  outer loop
    vertex 14.75 2.416666666666667 3.75
    vertex 14.75 1.833333333333333 4.5
    vertex 14.75 0.9166666666666664 3.75
  endloop
endfacet
facet normal 1 0 0
  outer loop
    vertex 14.75 1.5 3
    vertex 14.75 0.9166666666666664 3.75
    vertex 14.75 0 3
  endloop
endfacet
facet normal 1 0 0
  outer loop
    vertex 14.75 13.22020070986423 -0.006091663077878451
    vertex 14.75 15.25453975655388 -0.003045831538942778
    vertex 14.75 14.18682382265175 1.189143237143091
  endloop
endfacet
facet normal 1 0 -0
  outer loop
    vertex 14.75 15.25453975655388 -0.003045831538942778
    vertex 14.75 16.2211628693414 1.192189068682026
    vertex 14.75 14.18682382265175 1.189143237143091
  endloop
endfacet
facet normal 1 0 0
  outer loop
    vertex 14.75 15.25453975655388 -0.003045831538942778
    vertex 14.75 17.28887880324353 -7.105427357601002e-15
    vertex 14.75 16.2211628693414 1.192189068682026
  endloop
endfacet
facet normal 1 0 0
  outer loop
    vertex 14.75 14.18682382265175 1.189143237143091
    vertex 14.75 16.2211628693414 1.192189068682026
    vertex 14.75 15.15344693543928 2.38437813736406
  endloop
endfacet
facet normal 1 0 -0
  outer loop
    vertex 14.75 15.15344693543928 -2.384378137364057
    vertex 14.75 16.22116286934141 -1.192189068682032
    vertex 14.75 14.18682382265176 -1.195234900220967
  endloop
endfacet
facet normal 1 0 0
  outer loop
    vertex 14.75 16.22116286934141 -1.192189068682032
    vertex 14.75 15.25453975655388 -0.003045831538942778
    vertex 14.75 14.18682382265176 -1.195234900220967
  endloop
endfacet
facet normal 1 0 -0
  outer loop
    vertex 14.75 16.22116286934141 -1.192189068682032
    vertex 14.75 17.28887880324353 -7.105427357601002e-15
    vertex 14.75 15.25453975655388 -0.003045831538942778
  endloop
endfacet
facet normal 1 0 -0
  outer loop
    vertex 14.75 14.18682382265176 -1.195234900220967
    vertex 14.75 15.25453975655388 -0.003045831538942778
    vertex 14.75 13.22020070986423 -0.006091663077878451
  endloop
endfacet
facet normal 1 0 0
  outer loop
    vertex 14.75 3 4.440892098500626e-16
    vertex 14.75 4.100883631129292 0.4545417972477646
    vertex 14.75 3 1.5
  endloop
endfacet
facet normal 1 0 -0
  outer loop
    vertex 14.75 4.100883631129292 0.4545417972477646
    vertex 14.75 4.100883631129292 1.954541797247765
    vertex 14.75 3 1.5
  endloop
endfacet
facet normal 1 0 0
  outer loop
    vertex 14.75 4.100883631129292 0.4545417972477646
    vertex 14.75 5.201767262258586 0.9090835944955291
    vertex 14.75 4.100883631129292 1.954541797247765
  endloop
endfacet
facet normal 1 0 0
  outer loop
    vertex 14.75 3 1.5
    vertex 14.75 4.100883631129292 1.954541797247765
    vertex 14.75 3 3
  endloop
endfacet
facet normal 1 0 0
  outer loop
    vertex 14.75 22.53589838486225 -8.881784197001252e-16
    vertex 14.75 22.78551876651645 -1.567644816370201
    vertex 14.75 24.26794919243113 -1
  endloop
endfacet
facet normal 1 -0 0
  outer loop
    vertex 14.75 22.78551876651645 -1.567644816370201
    vertex 14.75 24.51756957408532 -2.5676448163702
    vertex 14.75 24.26794919243113 -1
  endloop
endfacet
facet normal 1 0 0
  outer loop
    vertex 14.75 22.78551876651645 -1.567644816370201
    vertex 14.75 23.03513914817064 -3.135289632740403
    vertex 14.75 24.51756957408532 -2.5676448163702
  endloop
endfacet
facet normal 1 0 0
  outer loop
    vertex 14.75 24.26794919243113 -1
    vertex 14.75 24.51756957408532 -2.5676448163702
    vertex 14.75 26 -1.999999999999998
  endloop
endfacet
facet normal 1 0 0
  outer loop
    vertex 14.75 26 1.999999999999993
    vertex 14.75 24.51756957408532 2.567644816370198
    vertex 14.75 24.26794919243113 0.9999999999999964
  endloop
endfacet
facet normal 1 0 0
  outer loop
    vertex 14.75 24.51756957408532 2.567644816370198
    vertex 14.75 22.78551876651645 1.567644816370199
    vertex 14.75 24.26794919243113 0.9999999999999964
  endloop
endfacet
facet normal 1 0 0
  outer loop
    vertex 14.75 24.51756957408532 2.567644816370198
    vertex 14.75 23.03513914817064 3.135289632740401
    vertex 14.75 22.78551876651645 1.567644816370199
  endloop
endfacet
facet normal 1 0 0
  outer loop
    vertex 14.75 24.26794919243113 0.9999999999999964
    vertex 14.75 22.78551876651645 1.567644816370199
    vertex 14.75 22.53589838486225 -8.881784197001252e-16
  endloop
endfacet
facet normal 1 0 0
  outer loop
    vertex 14.75 19.49687043238606 -2.194193635869112
    vertex 14.75 18.39287461781479 -1.09709681793456
    vertex 14.75 17.32515868391267 -2.289285886616585
  endloop
endfacet
facet normal 1 0 0
  outer loop
    vertex 14.75 18.39287461781479 -1.09709681793456
    vertex 14.75 16.22116286934141 -1.192189068682032
    vertex 14.75 17.32515868391267 -2.289285886616585
  endloop
endfacet
facet normal 1 0 0
  outer loop
    vertex 14.75 18.39287461781479 -1.09709681793456
    vertex 14.75 17.28887880324353 -7.105427357601002e-15
    vertex 14.75 16.22116286934141 -1.192189068682032
  endloop
endfacet
facet normal 1 0 0
  outer loop
    vertex 14.75 17.32515868391267 -2.289285886616585
    vertex 14.75 16.22116286934141 -1.192189068682032
    vertex 14.75 15.15344693543928 -2.384378137364057
  endloop
endfacet
facet normal 1 0 0
  outer loop
    vertex 14.75 15.15344693543928 2.38437813736406
    vertex 14.75 16.2211628693414 1.192189068682026
    vertex 14.75 17.30908834521296 2.272345228192371
  endloop
endfacet
facet normal 1 -0 0
  outer loop
    vertex 14.75 16.2211628693414 1.192189068682026
    vertex 14.75 18.37680427911509 1.080156159510339
    vertex 14.75 17.30908834521296 2.272345228192371
  endloop
endfacet
facet normal 1 0 0
  outer loop
    vertex 14.75 16.2211628693414 1.192189068682026
    vertex 14.75 17.28887880324353 -7.105427357601002e-15
    vertex 14.75 18.37680427911509 1.080156159510339
  endloop
endfacet
facet normal 1 0 0
  outer loop
    vertex 14.75 17.30908834521296 2.272345228192371
    vertex 14.75 18.37680427911509 1.080156159510339
    vertex 14.75 19.46472975498665 2.160312319020685
  endloop
endfacet
facet normal 1 -0 0
  outer loop
    vertex 14.75 0 6
    vertex 14.75 0.9166666666666664 5.25
    vertex 14.75 2.166666666666666 6
  endloop
endfacet
facet normal 1 0 0
  outer loop
    vertex 14.75 0.9166666666666664 5.25
    vertex 14.75 3.083333333333332 5.25
    vertex 14.75 2.166666666666666 6
  endloop
endfacet
facet normal 1 -0 0
  outer loop
    vertex 14.75 0.9166666666666664 5.25
    vertex 14.75 1.833333333333333 4.5
    vertex 14.75 3.083333333333332 5.25
  endloop
endfacet
facet normal 1 -0 0
  outer loop
    vertex 14.75 2.166666666666666 6
    vertex 14.75 3.083333333333332 5.25
    vertex 14.75 4.333333333333331 6
  endloop
endfacet
facet normal 1 0 0
  outer loop
    vertex 14.75 4.333333333333331 -6
    vertex 14.75 3.083333333333332 -5.25
    vertex 14.75 2.166666666666666 -6
  endloop
endfacet
facet normal 1 0 0
  outer loop
    vertex 14.75 3.083333333333332 -5.25
    vertex 14.75 0.9166666666666664 -5.25
    vertex 14.75 2.166666666666666 -6
  endloop
endfacet
facet normal 1 0 0
  outer loop
    vertex 14.75 3.083333333333332 -5.25
    vertex 14.75 1.833333333333333 -4.5
    vertex 14.75 0.9166666666666664 -5.25
  endloop
endfacet
facet normal 1 0 0
  outer loop
    vertex 14.75 2.166666666666666 -6
    vertex 14.75 0.9166666666666664 -5.25
    vertex 14.75 0 -6
  endloop
endfacet
facet normal 0 -1 0
  outer loop
    vertex 14.75 0 3
    vertex 14.75 0 4.5
    vertex 13.70311451964567 0 3.290394713848507
  endloop
endfacet
facet normal -0 -1 0
  outer loop
    vertex 14.75 0 4.5
    vertex 13.70311451964567 0 4.790394713848507
    vertex 13.70311451964567 0 3.290394713848507
  endloop
endfacet
facet normal 0 -1 0
  outer loop
    vertex 14.75 0 4.5
    vertex 14.75 0 6
    vertex 13.70311451964567 0 4.790394713848507
  endloop
endfacet
facet normal 0 -1 0
  outer loop
    vertex 13.70311451964567 0 3.290394713848507
    vertex 13.70311451964567 0 4.790394713848507
    vertex 12.65622903929135 0 3.580789427697013
  endloop
endfacet
facet normal 0 -1 0
  outer loop
    vertex 19.4073774507091 0 -0.3782855877257355
    vertex 20.07868872535455 0 -0.1891427938628674
    vertex 19.4073774507091 0 0.3782855877257335
  endloop
endfacet
facet normal 0 -1 0
  outer loop
    vertex 20.07868872535455 0 -0.1891427938628674
    vertex 19.91455676009782 0 0.5299663315799226
    vertex 19.4073774507091 0 0.3782855877257335
  endloop
endfacet
facet normal 0 -1 0
  outer loop
    vertex 20.07868872535455 0 -0.1891427938628674
    vertex 20.75 0 4.440892098500626e-16
    vertex 19.91455676009782 0 0.5299663315799226
  endloop
endfacet
facet normal 0 -1 0
  outer loop
    vertex 19.4073774507091 0 0.3782855877257335
    vertex 19.91455676009782 0 0.5299663315799226
    vertex 19.07911352019565 0 1.059932663159846
  endloop
endfacet
facet normal -0 -1 0
  outer loop
    vertex 16.42088647980435 0 1.059932663159848
    vertex 15.58544323990218 0 2.029966331579924
    vertex 15.58903256626579 0 0.9012711336025525
  endloop
endfacet
facet normal 0 -1 -0
  outer loop
    vertex 15.58544323990218 0 2.029966331579924
    vertex 14.75358932636362 0 1.871304802022628
    vertex 15.58903256626579 0 0.9012711336025525
  endloop
endfacet
facet normal -0 -1 0
  outer loop
    vertex 15.58544323990218 0 2.029966331579924
    vertex 14.75 0 3
    vertex 14.75358932636362 0 1.871304802022628
  endloop
endfacet
facet normal -0 -1 0
  outer loop
    vertex 15.58903256626579 0 0.9012711336025525
    vertex 14.75358932636362 0 1.871304802022628
    vertex 14.75717865272724 0 0.7426096040452563
  endloop
endfacet
facet normal -0 -1 0
  outer loop
    vertex 14.75 0 6
    vertex 13.25 0 6
    vertex 13.70311451964567 0 4.790394713848507
  endloop
endfacet
facet normal 0 -1 -0
  outer loop
    vertex 13.25 0 6
    vertex 12.20311451964567 0 4.790394713848507
    vertex 13.70311451964567 0 4.790394713848507
  endloop
endfacet
facet normal -0 -1 0
  outer loop
    vertex 13.25 0 6
    vertex 11.75 0 6
    vertex 12.20311451964567 0 4.790394713848507
  endloop
endfacet
facet normal -0 -1 0
  outer loop
    vertex 13.70311451964567 0 4.790394713848507
    vertex 12.20311451964567 0 4.790394713848507
    vertex 12.65622903929135 0 3.580789427697013
  endloop
endfacet
facet normal 0 -1 0
  outer loop
    vertex 8.75 0 -4.5
    vertex 8.75 0 -5.25
    vertex 9.615610653818177 0 -4.490091068073075
  endloop
endfacet
facet normal 0 -1 0
  outer loop
    vertex 8.75 0 -5.25
    vertex 9.615610653818177 0 -5.240091068073075
    vertex 9.615610653818177 0 -4.490091068073075
  endloop
endfacet
facet normal 0 -1 0
  outer loop
    vertex 8.75 0 -5.25
    vertex 8.75 0 -6
    vertex 9.615610653818177 0 -5.240091068073075
  endloop
endfacet
facet normal 0 -1 0
  outer loop
    vertex 9.615610653818177 0 -4.490091068073075
    vertex 9.615610653818177 0 -5.240091068073075
    vertex 10.48122130763635 0 -4.48018213614615
  endloop
endfacet
facet normal 0 -1 0
  outer loop
    vertex 8.75 0 -3
    vertex 8.75 0 -3.75
    vertex 9.615610653818177 0 -3.740091068073075
  endloop
endfacet
facet normal 0 -1 0
  outer loop
    vertex 8.75 0 -3.75
    vertex 9.615610653818177 0 -4.490091068073075
    vertex 9.615610653818177 0 -3.740091068073075
  endloop
endfacet
facet normal 0 -1 0
  outer loop
    vertex 8.75 0 -3.75
    vertex 8.75 0 -4.5
    vertex 9.615610653818177 0 -4.490091068073075
  endloop
endfacet
facet normal 0 -1 0
  outer loop
    vertex 9.615610653818177 0 -3.740091068073075
    vertex 9.615610653818177 0 -4.490091068073075
    vertex 10.48122130763635 0 -4.48018213614615
  endloop
endfacet
facet normal 0 -1 0
  outer loop
    vertex 11.75 0 0
    vertex 11.75 0 -1.5
    vertex 12.51397595748487 0 -0.8796184959428865
  endloop
endfacet
facet normal 0 -1 0
  outer loop
    vertex 11.75 0 -1.5
    vertex 12.51397595748487 0 -2.379618495942887
    vertex 12.51397595748487 0 -0.8796184959428865
  endloop
endfacet
facet normal 0 -1 0
  outer loop
    vertex 11.75 0 -1.5
    vertex 11.75 0 -3
    vertex 12.51397595748487 0 -2.379618495942887
  endloop
endfacet
facet normal 0 -1 0
  outer loop
    vertex 12.51397595748487 0 -0.8796184959428865
    vertex 12.51397595748487 0 -2.379618495942887
    vertex 13.27795191496975 0 -1.759236991885773
  endloop
endfacet
facet normal 0 -1 0
  outer loop
    vertex 8.75 0 -6
    vertex 10.25 0 -6
    vertex 9.615610653818177 0 -5.240091068073075
  endloop
endfacet
facet normal 0 -1 0
  outer loop
    vertex 10.25 0 -6
    vertex 11.11561065381818 0 -5.240091068073075
    vertex 9.615610653818177 0 -5.240091068073075
  endloop
endfacet
facet normal 0 -1 0
  outer loop
    vertex 10.25 0 -6
    vertex 11.75 0 -6
    vertex 11.11561065381818 0 -5.240091068073075
  endloop
endfacet
facet normal 0 -1 0
  outer loop
    vertex 9.615610653818177 0 -5.240091068073075
    vertex 11.11561065381818 0 -5.240091068073075
    vertex 10.48122130763635 0 -4.48018213614615
  endloop
endfacet
facet normal -0 -1 0
  outer loop
    vertex 11.75 0 -3
    vertex 10.25 0 -3
    vertex 11.11561065381818 0 -3.740091068073075
  endloop
endfacet
facet normal 0 -1 -0
  outer loop
    vertex 10.25 0 -3
    vertex 9.615610653818177 0 -3.740091068073075
    vertex 11.11561065381818 0 -3.740091068073075
  endloop
endfacet
facet normal -0 -1 0
  outer loop
    vertex 10.25 0 -3
    vertex 8.75 0 -3
    vertex 9.615610653818177 0 -3.740091068073075
  endloop
endfacet
facet normal -0 -1 0
  outer loop
    vertex 11.11561065381818 0 -3.740091068073075
    vertex 9.615610653818177 0 -3.740091068073075
    vertex 10.48122130763635 0 -4.48018213614615
  endloop
endfacet
facet normal 0 -1 0
  outer loop
    vertex 11.50159238567427 0 1.859406725569296
    vertex 11.19000610478214 0 2.841040733918481
    vertex 10.82022475196646 0 2.026726714993741
  endloop
endfacet
facet normal -0 -1 0
  outer loop
    vertex 11.19000610478214 0 2.841040733918481
    vertex 10.50863847107433 0 3.008360723342925
    vertex 10.82022475196646 0 2.026726714993741
  endloop
endfacet
facet normal 0 -1 0
  outer loop
    vertex 11.19000610478214 0 2.841040733918481
    vertex 10.87841982389001 0 3.822674742267665
    vertex 10.50863847107433 0 3.008360723342925
  endloop
endfacet
facet normal 0 -1 0
  outer loop
    vertex 10.82022475196646 0 2.026726714993741
    vertex 10.50863847107433 0 3.008360723342925
    vertex 10.13885711825866 0 2.194046704418184
  endloop
endfacet
facet normal -0 -1 0
  outer loop
    vertex 13.46778578540312 0 -0.05222061212946283
    vertex 12.60889289270156 0 -0.02611030606473186
    vertex 13.37286885018643 0 -0.9057288020076175
  endloop
endfacet
facet normal 0 -1 -0
  outer loop
    vertex 12.60889289270156 0 -0.02611030606473186
    vertex 12.51397595748487 0 -0.8796184959428865
    vertex 13.37286885018643 0 -0.9057288020076175
  endloop
endfacet
facet normal -0 -1 0
  outer loop
    vertex 12.60889289270156 0 -0.02611030606473186
    vertex 11.75 0 0
    vertex 12.51397595748487 0 -0.8796184959428865
  endloop
endfacet
facet normal -0 -1 0
  outer loop
    vertex 13.37286885018643 0 -0.9057288020076175
    vertex 12.51397595748487 0 -0.8796184959428865
    vertex 13.27795191496975 0 -1.759236991885773
  endloop
endfacet
facet normal 0 -1 -0
  outer loop
    vertex 13.10416308495909 0 1.527221982252057
    vertex 12.42708154247954 0 0.7636109911260291
    vertex 13.2859744351811 0 0.7375006850612973
  endloop
endfacet
facet normal 0 -1 0
  outer loop
    vertex 12.42708154247954 0 0.7636109911260291
    vertex 12.60889289270156 0 -0.02611030606473186
    vertex 13.2859744351811 0 0.7375006850612973
  endloop
endfacet
facet normal 0 -1 -0
  outer loop
    vertex 12.42708154247954 0 0.7636109911260291
    vertex 11.75 0 0
    vertex 12.60889289270156 0 -0.02611030606473186
  endloop
endfacet
facet normal 0 -1 -0
  outer loop
    vertex 13.2859744351811 0 0.7375006850612973
    vertex 12.60889289270156 0 -0.02611030606473186
    vertex 13.46778578540312 0 -0.05222061212946283
  endloop
endfacet
facet normal 0 -1 0
  outer loop
    vertex 11.75 0 0
    vertex 12.42708154247954 0 0.7636109911260291
    vertex 11.62579619283714 0 0.9297033627846485
  endloop
endfacet
facet normal 0 -1 0
  outer loop
    vertex 12.42708154247954 0 0.7636109911260291
    vertex 12.30287773531668 0 1.693314353910677
    vertex 11.62579619283714 0 0.9297033627846485
  endloop
endfacet
facet normal 0 -1 0
  outer loop
    vertex 12.42708154247954 0 0.7636109911260291
    vertex 13.10416308495909 0 1.527221982252057
    vertex 12.30287773531668 0 1.693314353910677
  endloop
endfacet
facet normal 0 -1 0
  outer loop
    vertex 11.62579619283714 0 0.9297033627846485
    vertex 12.30287773531668 0 1.693314353910677
    vertex 11.50159238567427 0 1.859406725569296
  endloop
endfacet
facet normal -0 -1 0
  outer loop
    vertex 11.75 0 6
    vertex 10.25 0 6
    vertex 11.314209911945 0 4.911337371133833
  endloop
endfacet
facet normal 0 -1 -0
  outer loop
    vertex 10.25 0 6
    vertex 9.814209911945003 0 4.911337371133833
    vertex 11.314209911945 0 4.911337371133833
  endloop
endfacet
facet normal -0 -1 0
  outer loop
    vertex 10.25 0 6
    vertex 8.75 0 6
    vertex 9.814209911945003 0 4.911337371133833
  endloop
endfacet
facet normal -0 -1 0
  outer loop
    vertex 11.314209911945 0 4.911337371133833
    vertex 9.814209911945003 0 4.911337371133833
    vertex 10.87841982389001 0 3.822674742267665
  endloop
endfacet
facet normal 0 -1 0
  outer loop
    vertex 14.75717865272724 0 0.7426096040452563
    vertex 14.75358932636362 0 1.871304802022628
    vertex 13.93067086884317 0 1.134915793148657
  endloop
endfacet
facet normal -0 -1 0
  outer loop
    vertex 14.75358932636362 0 1.871304802022628
    vertex 13.92708154247954 0 2.263610991126029
    vertex 13.93067086884317 0 1.134915793148657
  endloop
endfacet
facet normal 0 -1 0
  outer loop
    vertex 14.75358932636362 0 1.871304802022628
    vertex 14.75 0 3
    vertex 13.92708154247954 0 2.263610991126029
  endloop
endfacet
facet normal 0 -1 0
  outer loop
    vertex 13.93067086884317 0 1.134915793148657
    vertex 13.92708154247954 0 2.263610991126029
    vertex 13.10416308495909 0 1.527221982252057
  endloop
endfacet
facet normal 0 -1 -0
  outer loop
    vertex 11.75 0 6
    vertex 11.314209911945 0 4.911337371133833
    vertex 12.20311451964567 0 4.790394713848507
  endloop
endfacet
facet normal 0 -1 0
  outer loop
    vertex 11.314209911945 0 4.911337371133833
    vertex 11.76732443159068 0 3.701732084982339
    vertex 12.20311451964567 0 4.790394713848507
  endloop
endfacet
facet normal 0 -1 -0
  outer loop
    vertex 11.314209911945 0 4.911337371133833
    vertex 10.87841982389001 0 3.822674742267665
    vertex 11.76732443159068 0 3.701732084982339
  endloop
endfacet
facet normal 0 -1 -0
  outer loop
    vertex 12.20311451964567 0 4.790394713848507
    vertex 11.76732443159068 0 3.701732084982339
    vertex 12.65622903929135 0 3.580789427697013
  endloop
endfacet
facet normal 0 -1 0
  outer loop
    vertex 17.75 0 -3
    vertex 18.11880117824992 0 -2.265823537717057
    vertex 17.38119882175008 0 -2.265823537717056
  endloop
endfacet
facet normal 0 -1 0
  outer loop
    vertex 18.11880117824992 0 -2.265823537717057
    vertex 17.75 0 -1.7
    vertex 17.38119882175008 0 -2.265823537717056
  endloop
endfacet
facet normal 0 -1 0
  outer loop
    vertex 18.11880117824992 0 -2.265823537717057
    vertex 18.48760235649985 0 -1.531647075434113
    vertex 17.75 0 -1.7
  endloop
endfacet
facet normal 0 -1 0
  outer loop
    vertex 17.38119882175008 0 -2.265823537717056
    vertex 17.75 0 -1.7
    vertex 17.01239764350015 0 -1.531647075434112
  endloop
endfacet
facet normal 0 -1 0
  outer loop
    vertex 20.75 0 4.440892098500626e-16
    vertex 20.07868872535455 0 -0.1891427938628674
    vertex 20.24525878834443 0 -0.8379766431694868
  endloop
endfacet
facet normal 0 -1 -0
  outer loop
    vertex 20.07868872535455 0 -0.1891427938628674
    vertex 19.57394751369898 0 -1.027119437032355
    vertex 20.24525878834443 0 -0.8379766431694868
  endloop
endfacet
facet normal 0 -1 0
  outer loop
    vertex 20.07868872535455 0 -0.1891427938628674
    vertex 19.4073774507091 0 -0.3782855877257355
    vertex 19.57394751369898 0 -1.027119437032355
  endloop
endfacet
facet normal 0 -1 0
  outer loop
    vertex 20.24525878834443 0 -0.8379766431694868
    vertex 19.57394751369898 0 -1.027119437032355
    vertex 19.74051757668887 0 -1.675953286338975
  endloop
endfacet
facet normal -0 -1 0
  outer loop
    vertex 14.75717865272724 0 0.7426096040452563
    vertex 13.93067086884317 0 1.134915793148657
    vertex 14.11248221906518 0 0.3451944959578963
  endloop
endfacet
facet normal 0 -1 -0
  outer loop
    vertex 13.93067086884317 0 1.134915793148657
    vertex 13.2859744351811 0 0.7375006850612973
    vertex 14.11248221906518 0 0.3451944959578963
  endloop
endfacet
facet normal -0 -1 0
  outer loop
    vertex 13.93067086884317 0 1.134915793148657
    vertex 13.10416308495909 0 1.527221982252057
    vertex 13.2859744351811 0 0.7375006850612973
  endloop
endfacet
facet normal -0 -1 0
  outer loop
    vertex 14.11248221906518 0 0.3451944959578963
    vertex 13.2859744351811 0 0.7375006850612973
    vertex 13.46778578540312 0 -0.05222061212946283
  endloop
endfacet
facet normal 0 -1 0
  outer loop
    vertex 10.87841982389001 0 3.822674742267665
    vertex 11.19000610478214 0 2.841040733918481
    vertex 11.76732443159068 0 3.701732084982339
  endloop
endfacet
facet normal 0 -1 0
  outer loop
    vertex 11.19000610478214 0 2.841040733918481
    vertex 12.07891071248281 0 2.720098076633155
    vertex 11.76732443159068 0 3.701732084982339
  endloop
endfacet
facet normal 0 -1 0
  outer loop
    vertex 11.19000610478214 0 2.841040733918481
    vertex 11.50159238567427 0 1.859406725569296
    vertex 12.07891071248281 0 2.720098076633155
  endloop
endfacet
facet normal 0 -1 0
  outer loop
    vertex 11.76732443159068 0 3.701732084982339
    vertex 12.07891071248281 0 2.720098076633155
    vertex 12.65622903929135 0 3.580789427697013
  endloop
endfacet
facet normal 0 -1 0
  outer loop
    vertex 11.75 0 0
    vertex 11.62579619283714 0 0.9297033627846485
    vertex 11.33352931637337 0 0.431033995663034
  endloop
endfacet
facet normal -0 -1 0
  outer loop
    vertex 11.62579619283714 0 0.9297033627846485
    vertex 11.20932550921051 0 1.360737358447683
    vertex 11.33352931637337 0 0.431033995663034
  endloop
endfacet
facet normal 0 -1 0
  outer loop
    vertex 11.62579619283714 0 0.9297033627846485
    vertex 11.50159238567427 0 1.859406725569296
    vertex 11.20932550921051 0 1.360737358447683
  endloop
endfacet
facet normal 0 -1 0
  outer loop
    vertex 11.33352931637337 0 0.431033995663034
    vertex 11.20932550921051 0 1.360737358447683
    vertex 10.91705863274674 0 0.8620679913260689
  endloop
endfacet
facet normal 0 -1 -0
  outer loop
    vertex 10.13885711825866 0 2.194046704418184
    vertex 10.06282407635504 0 1.420839653534439
    vertex 10.5279578755027 0 1.528057347872126
  endloop
endfacet
facet normal 0 -1 0
  outer loop
    vertex 10.06282407635504 0 1.420839653534439
    vertex 10.45192483359907 0 0.7548502969883817
    vertex 10.5279578755027 0 1.528057347872126
  endloop
endfacet
facet normal 0 -1 -0
  outer loop
    vertex 10.06282407635504 0 1.420839653534439
    vertex 9.986791034451407 0 0.6476326026506936
    vertex 10.45192483359907 0 0.7548502969883817
  endloop
endfacet
facet normal 0 -1 -0
  outer loop
    vertex 10.5279578755027 0 1.528057347872126
    vertex 10.45192483359907 0 0.7548502969883817
    vertex 10.91705863274674 0 0.8620679913260689
  endloop
endfacet
facet normal 0 -1 0
  outer loop
    vertex 9.52606255473184 0 0
    vertex 10.01696655390364 0 0
    vertex 9.756426794591626 0 0.3238163013253468
  endloop
endfacet
facet normal 0 -1 0
  outer loop
    vertex 10.01696655390364 0 0
    vertex 10.24733079376342 0 0.3238163013253468
    vertex 9.756426794591626 0 0.3238163013253468
  endloop
endfacet
facet normal 0 -1 0
  outer loop
    vertex 10.01696655390364 0 0
    vertex 10.50787055307543 0 0
    vertex 10.24733079376342 0 0.3238163013253468
  endloop
endfacet
facet normal 0 -1 0
  outer loop
    vertex 9.756426794591626 0 0.3238163013253468
    vertex 10.24733079376342 0 0.3238163013253468
    vertex 9.986791034451407 0 0.6476326026506936
  endloop
endfacet
facet normal 0 -1 0
  outer loop
    vertex 13.10416308495909 0 1.527221982252057
    vertex 13.92708154247954 0 2.263610991126029
    vertex 12.88019606212521 0 2.554005704974536
  endloop
endfacet
facet normal 0 -1 0
  outer loop
    vertex 13.92708154247954 0 2.263610991126029
    vertex 13.70311451964567 0 3.290394713848507
    vertex 12.88019606212521 0 2.554005704974536
  endloop
endfacet
facet normal 0 -1 0
  outer loop
    vertex 13.92708154247954 0 2.263610991126029
    vertex 14.75 0 3
    vertex 13.70311451964567 0 3.290394713848507
  endloop
endfacet
facet normal 0 -1 0
  outer loop
    vertex 12.88019606212521 0 2.554005704974536
    vertex 13.70311451964567 0 3.290394713848507
    vertex 12.65622903929135 0 3.580789427697013
  endloop
endfacet
facet normal 0 -1 0
  outer loop
    vertex 16.0926225492909 0 -0.3782855877257348
    vertex 16.0926225492909 0 0.3782855877257342
    vertex 15.42490060100907 0 0.1821620081597608
  endloop
endfacet
facet normal -0 -1 0
  outer loop
    vertex 16.0926225492909 0 0.3782855877257342
    vertex 15.58903256626579 0 0.9012711336025525
    vertex 15.42490060100907 0 0.1821620081597608
  endloop
endfacet
facet normal 0 -1 0
  outer loop
    vertex 16.0926225492909 0 0.3782855877257342
    vertex 16.42088647980435 0 1.059932663159848
    vertex 15.58903256626579 0 0.9012711336025525
  endloop
endfacet
facet normal 0 -1 0
  outer loop
    vertex 15.42490060100907 0 0.1821620081597608
    vertex 15.58903256626579 0 0.9012711336025525
    vertex 14.75717865272724 0 0.7426096040452563
  endloop
endfacet
facet normal 0 -1 0
  outer loop
    vertex 8.75 0 0
    vertex 9.13803127736592 0 0
    vertex 9.368395517225704 0 0.3238163013253468
  endloop
endfacet
facet normal 0 -1 0
  outer loop
    vertex 9.13803127736592 0 0
    vertex 9.756426794591626 0 0.3238163013253468
    vertex 9.368395517225704 0 0.3238163013253468
  endloop
endfacet
facet normal 0 -1 0
  outer loop
    vertex 9.13803127736592 0 0
    vertex 9.52606255473184 0 0
    vertex 9.756426794591626 0 0.3238163013253468
  endloop
endfacet
facet normal 0 -1 0
  outer loop
    vertex 9.368395517225704 0 0.3238163013253468
    vertex 9.756426794591626 0 0.3238163013253468
    vertex 9.986791034451407 0 0.6476326026506936
  endloop
endfacet
facet normal 0 -1 0
  outer loop
    vertex 14.75 0 -6
    vertex 14.75 0 -4.5
    vertex 13.94366392290907 0 -5.19054640843845
  endloop
endfacet
facet normal -0 -1 0
  outer loop
    vertex 14.75 0 -4.5
    vertex 13.94366392290907 0 -3.69054640843845
    vertex 13.94366392290907 0 -5.19054640843845
  endloop
endfacet
facet normal 0 -1 0
  outer loop
    vertex 14.75 0 -4.5
    vertex 14.75 0 -3
    vertex 13.94366392290907 0 -3.69054640843845
  endloop
endfacet
facet normal 0 -1 0
  outer loop
    vertex 13.94366392290907 0 -5.19054640843845
    vertex 13.94366392290907 0 -3.69054640843845
    vertex 13.13732784581814 0 -4.381092816876899
  endloop
endfacet
facet normal 0 -1 -0
  outer loop
    vertex 19.4073774507091 0 -0.3782855877257355
    vertex 19.07911352019565 0 -1.059932663159848
    vertex 19.57394751369898 0 -1.027119437032355
  endloop
endfacet
facet normal 0 -1 0
  outer loop
    vertex 19.07911352019565 0 -1.059932663159848
    vertex 19.11405996659435 0 -1.603800180886545
    vertex 19.57394751369898 0 -1.027119437032355
  endloop
endfacet
facet normal 0 -1 -0
  outer loop
    vertex 19.07911352019565 0 -1.059932663159848
    vertex 18.48760235649985 0 -1.531647075434113
    vertex 19.11405996659435 0 -1.603800180886545
  endloop
endfacet
facet normal 0 -1 -0
  outer loop
    vertex 19.57394751369898 0 -1.027119437032355
    vertex 19.11405996659435 0 -1.603800180886545
    vertex 19.74051757668887 0 -1.675953286338975
  endloop
endfacet
facet normal 0 -1 0
  outer loop
    vertex 14.67556866321572 0 -1.012612577597598
    vertex 14.71278433160786 0 -2.006306288798799
    vertex 15.19172087005954 0 -1.320577227743733
  endloop
endfacet
facet normal 0 -1 0
  outer loop
    vertex 14.71278433160786 0 -2.006306288798799
    vertex 15.22893653845168 0 -2.314270938944935
    vertex 15.19172087005954 0 -1.320577227743733
  endloop
endfacet
facet normal 0 -1 0
  outer loop
    vertex 14.71278433160786 0 -2.006306288798799
    vertex 14.75 0 -3
    vertex 15.22893653845168 0 -2.314270938944935
  endloop
endfacet
facet normal 0 -1 0
  outer loop
    vertex 15.19172087005954 0 -1.320577227743733
    vertex 15.22893653845168 0 -2.314270938944935
    vertex 15.70787307690336 0 -1.628541877889869
  endloop
endfacet
facet normal -0 -1 0
  outer loop
    vertex 14.75 0 -3
    vertex 14.01397595748487 0 -2.379618495942887
    vertex 13.94366392290907 0 -3.69054640843845
  endloop
endfacet
facet normal 0 -1 0
  outer loop
    vertex 14.01397595748487 0 -2.379618495942887
    vertex 13.20763988039394 0 -3.070164904381336
    vertex 13.94366392290907 0 -3.69054640843845
  endloop
endfacet
facet normal -0 -1 0
  outer loop
    vertex 14.01397595748487 0 -2.379618495942887
    vertex 13.27795191496975 0 -1.759236991885773
    vertex 13.20763988039394 0 -3.070164904381336
  endloop
endfacet
facet normal -0 -1 0
  outer loop
    vertex 13.94366392290907 0 -3.69054640843845
    vertex 13.20763988039394 0 -3.070164904381336
    vertex 13.13732784581814 0 -4.381092816876899
  endloop
endfacet
facet normal 0 -1 0
  outer loop
    vertex 10.50787055307543 0 0
    vertex 11.12893527653772 0 0
    vertex 10.71246459291109 0 0.431033995663034
  endloop
endfacet
facet normal 0 -1 0
  outer loop
    vertex 11.12893527653772 0 0
    vertex 11.33352931637337 0 0.431033995663034
    vertex 10.71246459291109 0 0.431033995663034
  endloop
endfacet
facet normal 0 -1 0
  outer loop
    vertex 11.12893527653772 0 0
    vertex 11.75 0 0
    vertex 11.33352931637337 0 0.431033995663034
  endloop
endfacet
facet normal 0 -1 0
  outer loop
    vertex 10.71246459291109 0 0.431033995663034
    vertex 11.33352931637337 0 0.431033995663034
    vertex 10.91705863274674 0 0.8620679913260689
  endloop
endfacet
facet normal 0 -1 0
  outer loop
    vertex 11.50159238567427 0 1.859406725569296
    vertex 12.30287773531668 0 1.693314353910677
    vertex 12.07891071248281 0 2.720098076633155
  endloop
endfacet
facet normal 0 -1 0
  outer loop
    vertex 12.30287773531668 0 1.693314353910677
    vertex 12.88019606212521 0 2.554005704974536
    vertex 12.07891071248281 0 2.720098076633155
  endloop
endfacet
facet normal 0 -1 0
  outer loop
    vertex 12.30287773531668 0 1.693314353910677
    vertex 13.10416308495909 0 1.527221982252057
    vertex 12.88019606212521 0 2.554005704974536
  endloop
endfacet
facet normal 0 -1 0
  outer loop
    vertex 12.07891071248281 0 2.720098076633155
    vertex 12.88019606212521 0 2.554005704974536
    vertex 12.65622903929135 0 3.580789427697013
  endloop
endfacet
facet normal -0 -1 0
  outer loop
    vertex 11.50159238567427 0 1.859406725569296
    vertex 10.82022475196646 0 2.026726714993741
    vertex 11.20932550921051 0 1.360737358447683
  endloop
endfacet
facet normal 0 -1 -0
  outer loop
    vertex 10.82022475196646 0 2.026726714993741
    vertex 10.5279578755027 0 1.528057347872126
    vertex 11.20932550921051 0 1.360737358447683
  endloop
endfacet
facet normal -0 -1 0
  outer loop
    vertex 10.82022475196646 0 2.026726714993741
    vertex 10.13885711825866 0 2.194046704418184
    vertex 10.5279578755027 0 1.528057347872126
  endloop
endfacet
facet normal -0 -1 0
  outer loop
    vertex 11.20932550921051 0 1.360737358447683
    vertex 10.5279578755027 0 1.528057347872126
    vertex 10.91705863274674 0 0.8620679913260689
  endloop
endfacet
facet normal 0 -1 0
  outer loop
    vertex 14.75717865272724 0 0.7426096040452563
    vertex 14.11248221906518 0 0.3451944959578963
    vertex 14.71637365797148 0 -0.1350014867761704
  endloop
endfacet
facet normal 0 -1 -0
  outer loop
    vertex 14.11248221906518 0 0.3451944959578963
    vertex 14.07167722430942 0 -0.5324165948635304
    vertex 14.71637365797148 0 -0.1350014867761704
  endloop
endfacet
facet normal 0 -1 0
  outer loop
    vertex 14.11248221906518 0 0.3451944959578963
    vertex 13.46778578540312 0 -0.05222061212946283
    vertex 14.07167722430942 0 -0.5324165948635304
  endloop
endfacet
facet normal 0 -1 0
  outer loop
    vertex 14.71637365797148 0 -0.1350014867761704
    vertex 14.07167722430942 0 -0.5324165948635304
    vertex 14.67556866321572 0 -1.012612577597598
  endloop
endfacet
facet normal 0 -1 0
  outer loop
    vertex 11.75 0 -6
    vertex 13.25 0 -6
    vertex 12.44366392290907 0 -5.19054640843845
  endloop
endfacet
facet normal 0 -1 0
  outer loop
    vertex 13.25 0 -6
    vertex 13.94366392290907 0 -5.19054640843845
    vertex 12.44366392290907 0 -5.19054640843845
  endloop
endfacet
facet normal 0 -1 0
  outer loop
    vertex 13.25 0 -6
    vertex 14.75 0 -6
    vertex 13.94366392290907 0 -5.19054640843845
  endloop
endfacet
facet normal 0 -1 0
  outer loop
    vertex 12.44366392290907 0 -5.19054640843845
    vertex 13.94366392290907 0 -5.19054640843845
    vertex 13.13732784581814 0 -4.381092816876899
  endloop
endfacet
facet normal 0 -1 0
  outer loop
    vertex 14.75 0 -3
    vertex 14.71278433160786 0 -2.006306288798799
    vertex 14.01397595748487 0 -2.379618495942887
  endloop
endfacet
facet normal -0 -1 0
  outer loop
    vertex 14.71278433160786 0 -2.006306288798799
    vertex 13.97676028909273 0 -1.385924784741686
    vertex 14.01397595748487 0 -2.379618495942887
  endloop
endfacet
facet normal 0 -1 0
  outer loop
    vertex 14.71278433160786 0 -2.006306288798799
    vertex 14.67556866321572 0 -1.012612577597598
    vertex 13.97676028909273 0 -1.385924784741686
  endloop
endfacet
facet normal 0 -1 0
  outer loop
    vertex 14.01397595748487 0 -2.379618495942887
    vertex 13.97676028909273 0 -1.385924784741686
    vertex 13.27795191496975 0 -1.759236991885773
  endloop
endfacet
facet normal -0 -1 0
  outer loop
    vertex 16.0926225492909 0 -0.3782855877257348
    vertex 15.42490060100907 0 0.1821620081597608
    vertex 15.38409560625331 0 -0.6954490826616659
  endloop
endfacet
facet normal 0 -1 0
  outer loop
    vertex 15.42490060100907 0 0.1821620081597608
    vertex 14.71637365797148 0 -0.1350014867761704
    vertex 15.38409560625331 0 -0.6954490826616659
  endloop
endfacet
facet normal -0 -1 0
  outer loop
    vertex 15.42490060100907 0 0.1821620081597608
    vertex 14.75717865272724 0 0.7426096040452563
    vertex 14.71637365797148 0 -0.1350014867761704
  endloop
endfacet
facet normal -0 -1 0
  outer loop
    vertex 15.38409560625331 0 -0.6954490826616659
    vertex 14.71637365797148 0 -0.1350014867761704
    vertex 14.67556866321572 0 -1.012612577597598
  endloop
endfacet
facet normal 0 -1 0
  outer loop
    vertex 13.27795191496975 0 -1.759236991885773
    vertex 12.51397595748487 0 -2.379618495942887
    vertex 13.20763988039394 0 -3.070164904381336
  endloop
endfacet
facet normal 0 -1 -0
  outer loop
    vertex 12.51397595748487 0 -2.379618495942887
    vertex 12.44366392290907 0 -3.69054640843845
    vertex 13.20763988039394 0 -3.070164904381336
  endloop
endfacet
facet normal 0 -1 0
  outer loop
    vertex 12.51397595748487 0 -2.379618495942887
    vertex 11.75 0 -3
    vertex 12.44366392290907 0 -3.69054640843845
  endloop
endfacet
facet normal 0 -1 0
  outer loop
    vertex 13.20763988039394 0 -3.070164904381336
    vertex 12.44366392290907 0 -3.69054640843845
    vertex 13.13732784581814 0 -4.381092816876899
  endloop
endfacet
facet normal -0 -1 0
  outer loop
    vertex 17.01239764350015 0 -1.531647075434112
    vertex 16.42088647980435 0 -1.059932663159847
    vertex 16.36013536020176 0 -1.580094476661991
  endloop
endfacet
facet normal -0 -1 0
  outer loop
    vertex 16.42088647980435 0 -1.059932663159847
    vertex 15.90024781309713 0 -1.003413732807802
    vertex 16.36013536020176 0 -1.580094476661991
  endloop
endfacet
facet normal 0 -1 0
  outer loop
    vertex 16.42088647980435 0 -1.059932663159847
    vertex 16.0926225492909 0 -0.3782855877257348
    vertex 15.90024781309713 0 -1.003413732807802
  endloop
endfacet
facet normal -0 -1 0
  outer loop
    vertex 16.36013536020176 0 -1.580094476661991
    vertex 15.90024781309713 0 -1.003413732807802
    vertex 15.70787307690336 0 -1.628541877889869
  endloop
endfacet
facet normal -0 -1 0
  outer loop
    vertex 14.67556866321572 0 -1.012612577597598
    vertex 14.07167722430942 0 -0.5324165948635304
    vertex 13.97676028909273 0 -1.385924784741686
  endloop
endfacet
facet normal 0 -1 0
  outer loop
    vertex 14.07167722430942 0 -0.5324165948635304
    vertex 13.37286885018643 0 -0.9057288020076175
    vertex 13.97676028909273 0 -1.385924784741686
  endloop
endfacet
facet normal -0 -1 0
  outer loop
    vertex 14.07167722430942 0 -0.5324165948635304
    vertex 13.46778578540312 0 -0.05222061212946283
    vertex 13.37286885018643 0 -0.9057288020076175
  endloop
endfacet
facet normal -0 -1 0
  outer loop
    vertex 13.97676028909273 0 -1.385924784741686
    vertex 13.37286885018643 0 -0.9057288020076175
    vertex 13.27795191496975 0 -1.759236991885773
  endloop
endfacet
facet normal -0 -1 0
  outer loop
    vertex 13.13732784581814 0 -4.381092816876899
    vertex 12.44366392290907 0 -3.69054640843845
    vertex 11.80927457672725 0 -4.430637476511524
  endloop
endfacet
facet normal 0 -1 0
  outer loop
    vertex 12.44366392290907 0 -3.69054640843845
    vertex 11.11561065381818 0 -3.740091068073075
    vertex 11.80927457672725 0 -4.430637476511524
  endloop
endfacet
facet normal -0 -1 0
  outer loop
    vertex 12.44366392290907 0 -3.69054640843845
    vertex 11.75 0 -3
    vertex 11.11561065381818 0 -3.740091068073075
  endloop
endfacet
facet normal -0 -1 0
  outer loop
    vertex 11.80927457672725 0 -4.430637476511524
    vertex 11.11561065381818 0 -3.740091068073075
    vertex 10.48122130763635 0 -4.48018213614615
  endloop
endfacet
facet normal 0 -1 0
  outer loop
    vertex 11.75 0 -6
    vertex 12.44366392290907 0 -5.19054640843845
    vertex 11.11561065381818 0 -5.240091068073075
  endloop
endfacet
facet normal -0 -1 0
  outer loop
    vertex 12.44366392290907 0 -5.19054640843845
    vertex 11.80927457672725 0 -4.430637476511524
    vertex 11.11561065381818 0 -5.240091068073075
  endloop
endfacet
facet normal 0 -1 0
  outer loop
    vertex 12.44366392290907 0 -5.19054640843845
    vertex 13.13732784581814 0 -4.381092816876899
    vertex 11.80927457672725 0 -4.430637476511524
  endloop
endfacet
facet normal 0 -1 0
  outer loop
    vertex 11.11561065381818 0 -5.240091068073075
    vertex 11.80927457672725 0 -4.430637476511524
    vertex 10.48122130763635 0 -4.48018213614615
  endloop
endfacet
facet normal 0 -1 0
  outer loop
    vertex 9.986791034451407 0 0.6476326026506936
    vertex 10.24733079376342 0 0.3238163013253468
    vertex 10.45192483359907 0 0.7548502969883817
  endloop
endfacet
facet normal 0 -1 0
  outer loop
    vertex 10.24733079376342 0 0.3238163013253468
    vertex 10.71246459291109 0 0.431033995663034
    vertex 10.45192483359907 0 0.7548502969883817
  endloop
endfacet
facet normal 0 -1 0
  outer loop
    vertex 10.24733079376342 0 0.3238163013253468
    vertex 10.50787055307543 0 0
    vertex 10.71246459291109 0 0.431033995663034
  endloop
endfacet
facet normal 0 -1 0
  outer loop
    vertex 10.45192483359907 0 0.7548502969883817
    vertex 10.71246459291109 0 0.431033995663034
    vertex 10.91705863274674 0 0.8620679913260689
  endloop
endfacet
facet normal 0 -1 0
  outer loop
    vertex 16.0926225492909 0 -0.3782855877257348
    vertex 15.38409560625331 0 -0.6954490826616659
    vertex 15.90024781309713 0 -1.003413732807802
  endloop
endfacet
facet normal 0 -1 -0
  outer loop
    vertex 15.38409560625331 0 -0.6954490826616659
    vertex 15.19172087005954 0 -1.320577227743733
    vertex 15.90024781309713 0 -1.003413732807802
  endloop
endfacet
facet normal 0 -1 0
  outer loop
    vertex 15.38409560625331 0 -0.6954490826616659
    vertex 14.67556866321572 0 -1.012612577597598
    vertex 15.19172087005954 0 -1.320577227743733
  endloop
endfacet
facet normal 0 -1 0
  outer loop
    vertex 15.90024781309713 0 -1.003413732807802
    vertex 15.19172087005954 0 -1.320577227743733
    vertex 15.70787307690336 0 -1.628541877889869
  endloop
endfacet
facet normal -0 -1 0
  outer loop
    vertex 10.87841982389001 0 3.822674742267665
    vertex 9.814209911945003 0 4.911337371133833
    vertex 10.50863847107433 0 3.008360723342925
  endloop
endfacet
facet normal 0 -1 -0
  outer loop
    vertex 9.814209911945003 0 4.911337371133833
    vertex 9.444428559129328 0 4.097023352209092
    vertex 10.50863847107433 0 3.008360723342925
  endloop
endfacet
facet normal -0 -1 0
  outer loop
    vertex 9.814209911945003 0 4.911337371133833
    vertex 8.75 0 6
    vertex 9.444428559129328 0 4.097023352209092
  endloop
endfacet
facet normal -0 -1 0
  outer loop
    vertex 10.50863847107433 0 3.008360723342925
    vertex 9.444428559129328 0 4.097023352209092
    vertex 10.13885711825866 0 2.194046704418184
  endloop
endfacet
facet normal 0 -1 0
  outer loop
    vertex 8.75 0 0
    vertex 9.368395517225704 0 0.3238163013253468
    vertex 9.444428559129328 0 1.097023352209092
  endloop
endfacet
facet normal 0 -1 0
  outer loop
    vertex 9.368395517225704 0 0.3238163013253468
    vertex 10.06282407635504 0 1.420839653534439
    vertex 9.444428559129328 0 1.097023352209092
  endloop
endfacet
facet normal 0 -1 0
  outer loop
    vertex 9.368395517225704 0 0.3238163013253468
    vertex 9.986791034451407 0 0.6476326026506936
    vertex 10.06282407635504 0 1.420839653534439
  endloop
endfacet
facet normal 0 -1 0
  outer loop
    vertex 9.444428559129328 0 1.097023352209092
    vertex 10.06282407635504 0 1.420839653534439
    vertex 10.13885711825866 0 2.194046704418184
  endloop
endfacet
facet normal 0 -1 0
  outer loop
    vertex 14.75 0 -3
    vertex 16.25 0 -3
    vertex 15.22893653845168 0 -2.314270938944935
  endloop
endfacet
facet normal 0 -1 0
  outer loop
    vertex 16.25 0 -3
    vertex 16.72893653845168 0 -2.314270938944935
    vertex 15.22893653845168 0 -2.314270938944935
  endloop
endfacet
facet normal 0 -1 0
  outer loop
    vertex 16.25 0 -3
    vertex 17.75 0 -3
    vertex 16.72893653845168 0 -2.314270938944935
  endloop
endfacet
facet normal 0 -1 0
  outer loop
    vertex 15.22893653845168 0 -2.314270938944935
    vertex 16.72893653845168 0 -2.314270938944935
    vertex 15.70787307690336 0 -1.628541877889869
  endloop
endfacet
facet normal 0 -1 0
  outer loop
    vertex 8.75 0 6
    vertex 8.75 0 3
    vertex 9.444428559129328 0 4.097023352209092
  endloop
endfacet
facet normal 0 -1 0
  outer loop
    vertex 8.75 0 3
    vertex 9.444428559129328 0 1.097023352209092
    vertex 9.444428559129328 0 4.097023352209092
  endloop
endfacet
facet normal 0 -1 0
  outer loop
    vertex 8.75 0 3
    vertex 8.75 0 0
    vertex 9.444428559129328 0 1.097023352209092
  endloop
endfacet
facet normal 0 -1 0
  outer loop
    vertex 9.444428559129328 0 4.097023352209092
    vertex 9.444428559129328 0 1.097023352209092
    vertex 10.13885711825866 0 2.194046704418184
  endloop
endfacet
facet normal 0 -1 0
  outer loop
    vertex 16.42088647980435 0 1.059932663159848
    vertex 17.08544323990218 0 2.029966331579924
    vertex 15.58544323990218 0 2.029966331579924
  endloop
endfacet
facet normal 0 -1 0
  outer loop
    vertex 17.08544323990218 0 2.029966331579924
    vertex 16.25 0 3
    vertex 15.58544323990218 0 2.029966331579924
  endloop
endfacet
facet normal 0 -1 0
  outer loop
    vertex 17.08544323990218 0 2.029966331579924
    vertex 17.75 0 3
    vertex 16.25 0 3
  endloop
endfacet
facet normal 0 -1 0
  outer loop
    vertex 15.58544323990218 0 2.029966331579924
    vertex 16.25 0 3
    vertex 14.75 0 3
  endloop
endfacet
facet normal 0 -1 0
  outer loop
    vertex 17.75 0 -3
    vertex 19.25 0 -3
    vertex 18.74525878834443 0 -2.337976643169487
  endloop
endfacet
facet normal 0 -1 0
  outer loop
    vertex 19.25 0 -3
    vertex 20.24525878834443 0 -2.337976643169487
    vertex 18.74525878834443 0 -2.337976643169487
  endloop
endfacet
facet normal 0 -1 0
  outer loop
    vertex 19.25 0 -3
    vertex 20.75 0 -3
    vertex 20.24525878834443 0 -2.337976643169487
  endloop
endfacet
facet normal 0 -1 0
  outer loop
    vertex 18.74525878834443 0 -2.337976643169487
    vertex 20.24525878834443 0 -2.337976643169487
    vertex 19.74051757668887 0 -1.675953286338975
  endloop
endfacet
facet normal 0 -1 0
  outer loop
    vertex 20.75 0 -3
    vertex 20.75 0 -1.5
    vertex 20.24525878834443 0 -2.337976643169487
  endloop
endfacet
facet normal -0 -1 0
  outer loop
    vertex 20.75 0 -1.5
    vertex 20.24525878834443 0 -0.8379766431694868
    vertex 20.24525878834443 0 -2.337976643169487
  endloop
endfacet
facet normal 0 -1 0
  outer loop
    vertex 20.75 0 -1.5
    vertex 20.75 0 4.440892098500626e-16
    vertex 20.24525878834443 0 -0.8379766431694868
  endloop
endfacet
facet normal 0 -1 0
  outer loop
    vertex 20.24525878834443 0 -2.337976643169487
    vertex 20.24525878834443 0 -0.8379766431694868
    vertex 19.74051757668887 0 -1.675953286338975
  endloop
endfacet
facet normal 0 -1 0
  outer loop
    vertex 20.75 0 4.440892098500626e-16
    vertex 20.75 0 1.5
    vertex 19.91455676009782 0 0.5299663315799226
  endloop
endfacet
facet normal -0 -1 0
  outer loop
    vertex 20.75 0 1.5
    vertex 19.91455676009782 0 2.029966331579923
    vertex 19.91455676009782 0 0.5299663315799226
  endloop
endfacet
facet normal 0 -1 0
  outer loop
    vertex 20.75 0 1.5
    vertex 20.75 0 3
    vertex 19.91455676009782 0 2.029966331579923
  endloop
endfacet
facet normal 0 -1 0
  outer loop
    vertex 19.91455676009782 0 0.5299663315799226
    vertex 19.91455676009782 0 2.029966331579923
    vertex 19.07911352019565 0 1.059932663159846
  endloop
endfacet
facet normal -0 -1 0
  outer loop
    vertex 20.75 0 3
    vertex 19.25 0 3
    vertex 19.91455676009782 0 2.029966331579923
  endloop
endfacet
facet normal 0 -1 -0
  outer loop
    vertex 19.25 0 3
    vertex 18.41455676009782 0 2.029966331579923
    vertex 19.91455676009782 0 2.029966331579923
  endloop
endfacet
facet normal -0 -1 0
  outer loop
    vertex 19.25 0 3
    vertex 17.75 0 3
    vertex 18.41455676009782 0 2.029966331579923
  endloop
endfacet
facet normal -0 -1 0
  outer loop
    vertex 19.91455676009782 0 2.029966331579923
    vertex 18.41455676009782 0 2.029966331579923
    vertex 19.07911352019565 0 1.059932663159846
  endloop
endfacet
facet normal 0 -1 0
  outer loop
    vertex 19.07911352019565 0 1.059932663159846
    vertex 18.41455676009782 0 2.029966331579923
    vertex 18.48760235649985 0 1.531647075434112
  endloop
endfacet
facet normal -0 -1 -0
  outer loop
    vertex 18.41455676009782 0 2.029966331579923
    vertex 17.75 0 2.35
    vertex 18.48760235649985 0 1.531647075434112
  endloop
endfacet
facet normal 0 -1 0
  outer loop
    vertex 18.41455676009782 0 2.029966331579923
    vertex 17.75 0 3
    vertex 17.75 0 2.35
  endloop
endfacet
facet normal 0 -1 0
  outer loop
    vertex 18.48760235649985 0 1.531647075434112
    vertex 17.75 0 2.35
    vertex 17.75 0 1.7
  endloop
endfacet
facet normal 0 -1 -0
  outer loop
    vertex 17.75 0 3
    vertex 17.08544323990218 0 2.029966331579924
    vertex 17.75 0 2.35
  endloop
endfacet
facet normal 0 -1 -0
  outer loop
    vertex 17.08544323990218 0 2.029966331579924
    vertex 17.01239764350015 0 1.531647075434113
    vertex 17.75 0 2.35
  endloop
endfacet
facet normal 0 -1 0
  outer loop
    vertex 17.08544323990218 0 2.029966331579924
    vertex 16.42088647980435 0 1.059932663159848
    vertex 17.01239764350015 0 1.531647075434113
  endloop
endfacet
facet normal 0 -1 -0
  outer loop
    vertex 17.75 0 2.35
    vertex 17.01239764350015 0 1.531647075434113
    vertex 17.75 0 1.7
  endloop
endfacet
facet normal 0 -1 -0
  outer loop
    vertex 18.48760235649985 0 -1.531647075434113
    vertex 18.11880117824992 0 -2.265823537717057
    vertex 19.11405996659435 0 -1.603800180886545
  endloop
endfacet
facet normal 0 -1 0
  outer loop
    vertex 18.11880117824992 0 -2.265823537717057
    vertex 18.74525878834443 0 -2.337976643169487
    vertex 19.11405996659435 0 -1.603800180886545
  endloop
endfacet
facet normal 0 -1 -0
  outer loop
    vertex 18.11880117824992 0 -2.265823537717057
    vertex 17.75 0 -3
    vertex 18.74525878834443 0 -2.337976643169487
  endloop
endfacet
facet normal 0 -1 -0
  outer loop
    vertex 19.11405996659435 0 -1.603800180886545
    vertex 18.74525878834443 0 -2.337976643169487
    vertex 19.74051757668887 0 -1.675953286338975
  endloop
endfacet
facet normal 0 -1 0
  outer loop
    vertex 17.75 0 -3
    vertex 17.38119882175008 0 -2.265823537717056
    vertex 16.72893653845168 0 -2.314270938944935
  endloop
endfacet
facet normal -0 -1 0
  outer loop
    vertex 17.38119882175008 0 -2.265823537717056
    vertex 16.36013536020176 0 -1.580094476661991
    vertex 16.72893653845168 0 -2.314270938944935
  endloop
endfacet
facet normal 0 -1 0
  outer loop
    vertex 17.38119882175008 0 -2.265823537717056
    vertex 17.01239764350015 0 -1.531647075434112
    vertex 16.36013536020176 0 -1.580094476661991
  endloop
endfacet
facet normal 0 -1 0
  outer loop
    vertex 16.72893653845168 0 -2.314270938944935
    vertex 16.36013536020176 0 -1.580094476661991
    vertex 15.70787307690336 0 -1.628541877889869
  endloop
endfacet
facet normal -1 -0 -0
  outer loop
    vertex 8.75 5 6
    vertex 8.75 5 4.5
    vertex 8.75 2.5 6
  endloop
endfacet
facet normal -1 0 0
  outer loop
    vertex 8.75 5 4.5
    vertex 8.75 2.5 4.5
    vertex 8.75 2.5 6
  endloop
endfacet
facet normal -1 -0 -0
  outer loop
    vertex 8.75 5 4.5
    vertex 8.75 5 3
    vertex 8.75 2.5 4.5
  endloop
endfacet
facet normal -1 -0 -0
  outer loop
    vertex 8.75 2.5 6
    vertex 8.75 2.5 4.5
    vertex 8.75 0 6
  endloop
endfacet
facet normal -1 -0 0
  outer loop
    vertex 8.75 5 3
    vertex 8.75 2.5 1.5
    vertex 8.75 2.5 4.5
  endloop
endfacet
facet normal -1 0 0
  outer loop
    vertex 8.75 2.5 1.5
    vertex 8.75 0 3
    vertex 8.75 2.5 4.5
  endloop
endfacet
facet normal -1 -0 0
  outer loop
    vertex 8.75 2.5 1.5
    vertex 8.75 0 0
    vertex 8.75 0 3
  endloop
endfacet
facet normal -1 -0 0
  outer loop
    vertex 8.75 2.5 4.5
    vertex 8.75 0 3
    vertex 8.75 0 6
  endloop
endfacet
facet normal -1 0 -0
  outer loop
    vertex 8.75 5 3
    vertex 8.75 5 1.5
    vertex 8.75 2.5 1.5
  endloop
endfacet
facet normal -1 -0 0
  outer loop
    vertex 8.75 5 1.5
    vertex 8.75 2.5 0
    vertex 8.75 2.5 1.5
  endloop
endfacet
facet normal -1 0 -0
  outer loop
    vertex 8.75 5 1.5
    vertex 8.75 5 0
    vertex 8.75 2.5 0
  endloop
endfacet
facet normal -1 0 -0
  outer loop
    vertex 8.75 2.5 1.5
    vertex 8.75 2.5 0
    vertex 8.75 0 0
  endloop
endfacet
facet normal -0 -1 0
  outer loop
    vertex 8.75 5 6
    vertex 6.562499999999993 5 6
    vertex 7.538265306122447 5 5.035714285714286
  endloop
endfacet
facet normal 0 -1 -0
  outer loop
    vertex 6.562499999999993 5 6
    vertex 5.350765306122442 5 5.035714285714286
    vertex 7.538265306122447 5 5.035714285714286
  endloop
endfacet
facet normal -0 -1 0
  outer loop
    vertex 6.562499999999993 5 6
    vertex 4.374999999999989 5 6
    vertex 5.350765306122442 5 5.035714285714286
  endloop
endfacet
facet normal -0 -1 0
  outer loop
    vertex 7.538265306122447 5 5.035714285714286
    vertex 5.350765306122442 5 5.035714285714286
    vertex 6.326530612244895 5 4.071428571428571
  endloop
endfacet
facet normal 0 -1 0
  outer loop
    vertex -8.75 5 0
    vertex -6.562499999999995 5 0
    vertex -7.544642857142856 5 0.9642857142857143
  endloop
endfacet
facet normal 0 -1 0
  outer loop
    vertex -6.562499999999995 5 0
    vertex -5.357142857142851 5 0.9642857142857143
    vertex -7.544642857142856 5 0.9642857142857143
  endloop
endfacet
facet normal 0 -1 0
  outer loop
    vertex -6.562499999999995 5 0
    vertex -4.37499999999999 5 0
    vertex -5.357142857142851 5 0.9642857142857143
  endloop
endfacet
facet normal 0 -1 0
  outer loop
    vertex -7.544642857142856 5 0.9642857142857143
    vertex -5.357142857142851 5 0.9642857142857143
    vertex -6.339285714285712 5 1.928571428571429
  endloop
endfacet
facet normal -0 -1 0
  outer loop
    vertex -4.375000000000004 5 6
    vertex -6.562500000000002 5 6
    vertex -5.403672948771348 5 5.156289046230738
  endloop
endfacet
facet normal 0 -1 -0
  outer loop
    vertex -6.562500000000002 5 6
    vertex -7.591172948771346 5 5.156289046230738
    vertex -5.403672948771348 5 5.156289046230738
  endloop
endfacet
facet normal -0 -1 0
  outer loop
    vertex -6.562500000000002 5 6
    vertex -8.75 5 6
    vertex -7.591172948771346 5 5.156289046230738
  endloop
endfacet
facet normal -0 -1 0
  outer loop
    vertex -5.403672948771348 5 5.156289046230738
    vertex -7.591172948771346 5 5.156289046230738
    vertex -6.432345897542691 5 4.312578092461474
  endloop
endfacet
facet normal 0 -1 0
  outer loop
    vertex 4.375000000000005 5 0
    vertex 6.562500000000002 5 0
    vertex 5.399954260129711 5 0.8437109537692628
  endloop
endfacet
facet normal 0 -1 0
  outer loop
    vertex 6.562500000000002 5 0
    vertex 7.587454260129711 5 0.8437109537692628
    vertex 5.399954260129711 5 0.8437109537692628
  endloop
endfacet
facet normal 0 -1 0
  outer loop
    vertex 6.562500000000002 5 0
    vertex 8.75 5 0
    vertex 7.587454260129711 5 0.8437109537692628
  endloop
endfacet
facet normal 0 -1 0
  outer loop
    vertex 5.399954260129711 5 0.8437109537692628
    vertex 7.587454260129711 5 0.8437109537692628
    vertex 6.424908520259418 5 1.687421907538526
  endloop
endfacet
facet normal 0 -1 0
  outer loop
    vertex -6.339285714285712 5 1.928571428571429
    vertex -4.575892857142854 5 2.464285714285714
    vertex -6.385815805914202 5 3.120574760516452
  endloop
endfacet
facet normal 0 -1 0
  outer loop
    vertex -4.575892857142854 5 2.464285714285714
    vertex -4.622422948771344 5 3.656289046230737
    vertex -6.385815805914202 5 3.120574760516452
  endloop
endfacet
facet normal 0 -1 0
  outer loop
    vertex -4.575892857142854 5 2.464285714285714
    vertex -2.812499999999997 5 2.999999999999999
    vertex -4.622422948771344 5 3.656289046230737
  endloop
endfacet
facet normal 0 -1 0
  outer loop
    vertex -6.385815805914202 5 3.120574760516452
    vertex -4.622422948771344 5 3.656289046230737
    vertex -6.432345897542691 5 4.312578092461474
  endloop
endfacet
facet normal 0 -1 -0
  outer loop
    vertex 6.326530612244895 5 4.071428571428571
    vertex 4.52487244897959 5 3.535714285714285
    vertex 6.375719566252156 5 2.879425239483548
  endloop
endfacet
facet normal 0 -1 0
  outer loop
    vertex 4.52487244897959 5 3.535714285714285
    vertex 4.57406140298685 5 2.343710953769262
    vertex 6.375719566252156 5 2.879425239483548
  endloop
endfacet
facet normal 0 -1 -0
  outer loop
    vertex 4.52487244897959 5 3.535714285714285
    vertex 2.723214285714283 5 2.999999999999999
    vertex 4.57406140298685 5 2.343710953769262
  endloop
endfacet
facet normal 0 -1 -0
  outer loop
    vertex 6.375719566252156 5 2.879425239483548
    vertex 4.57406140298685 5 2.343710953769262
    vertex 6.424908520259418 5 1.687421907538526
  endloop
endfacet
facet normal 0 -1 0
  outer loop
    vertex -2.812499999999997 5 2.999999999999999
    vertex -3.593750000000001 5 4.499999999999999
    vertex -4.622422948771344 5 3.656289046230737
  endloop
endfacet
facet normal -0 -1 0
  outer loop
    vertex -3.593750000000001 5 4.499999999999999
    vertex -5.403672948771348 5 5.156289046230738
    vertex -4.622422948771344 5 3.656289046230737
  endloop
endfacet
facet normal 0 -1 0
  outer loop
    vertex -3.593750000000001 5 4.499999999999999
    vertex -4.375000000000004 5 6
    vertex -5.403672948771348 5 5.156289046230738
  endloop
endfacet
facet normal 0 -1 0
  outer loop
    vertex -4.622422948771344 5 3.656289046230737
    vertex -5.403672948771348 5 5.156289046230738
    vertex -6.432345897542691 5 4.312578092461474
  endloop
endfacet
facet normal 0 -1 0
  outer loop
    vertex 2.723214285714283 5 2.999999999999999
    vertex 3.549107142857144 5 1.5
    vertex 4.57406140298685 5 2.343710953769262
  endloop
endfacet
facet normal 0 -1 0
  outer loop
    vertex 3.549107142857144 5 1.5
    vertex 5.399954260129711 5 0.8437109537692628
    vertex 4.57406140298685 5 2.343710953769262
  endloop
endfacet
facet normal 0 -1 0
  outer loop
    vertex 3.549107142857144 5 1.5
    vertex 4.375000000000005 5 0
    vertex 5.399954260129711 5 0.8437109537692628
  endloop
endfacet
facet normal 0 -1 0
  outer loop
    vertex 4.57406140298685 5 2.343710953769262
    vertex 5.399954260129711 5 0.8437109537692628
    vertex 6.424908520259418 5 1.687421907538526
  endloop
endfacet
facet normal 0 -1 -0
  outer loop
    vertex 4.374999999999989 5 6
    vertex 3.549107142857135 5 4.5
    vertex 5.350765306122442 5 5.035714285714286
  endloop
endfacet
facet normal 0 -1 0
  outer loop
    vertex 3.549107142857135 5 4.5
    vertex 4.52487244897959 5 3.535714285714285
    vertex 5.350765306122442 5 5.035714285714286
  endloop
endfacet
facet normal 0 -1 -0
  outer loop
    vertex 3.549107142857135 5 4.5
    vertex 2.723214285714283 5 2.999999999999999
    vertex 4.52487244897959 5 3.535714285714285
  endloop
endfacet
facet normal 0 -1 -0
  outer loop
    vertex 5.350765306122442 5 5.035714285714286
    vertex 4.52487244897959 5 3.535714285714285
    vertex 6.326530612244895 5 4.071428571428571
  endloop
endfacet
facet normal 0 -1 0
  outer loop
    vertex -4.37499999999999 5 0
    vertex -3.593749999999994 5 1.499999999999999
    vertex -5.357142857142851 5 0.9642857142857143
  endloop
endfacet
facet normal -0 -1 0
  outer loop
    vertex -3.593749999999994 5 1.499999999999999
    vertex -4.575892857142854 5 2.464285714285714
    vertex -5.357142857142851 5 0.9642857142857143
  endloop
endfacet
facet normal 0 -1 0
  outer loop
    vertex -3.593749999999994 5 1.499999999999999
    vertex -2.812499999999997 5 2.999999999999999
    vertex -4.575892857142854 5 2.464285714285714
  endloop
endfacet
facet normal 0 -1 0
  outer loop
    vertex -5.357142857142851 5 0.9642857142857143
    vertex -4.575892857142854 5 2.464285714285714
    vertex -6.339285714285712 5 1.928571428571429
  endloop
endfacet
facet normal 0 -1 -0
  outer loop
    vertex -8.881784197001252e-15 5 6
    vertex -1.406250000000004 5 4.499999999999999
    vertex 1.361607142857137 5 4.5
  endloop
endfacet
facet normal 0 -1 0
  outer loop
    vertex -1.406250000000004 5 4.499999999999999
    vertex -0.04464285714285765 5 2.999999999999999
    vertex 1.361607142857137 5 4.5
  endloop
endfacet
facet normal 0 -1 -0
  outer loop
    vertex -1.406250000000004 5 4.499999999999999
    vertex -2.812499999999997 5 2.999999999999999
    vertex -0.04464285714285765 5 2.999999999999999
  endloop
endfacet
facet normal 0 -1 -0
  outer loop
    vertex 1.361607142857137 5 4.5
    vertex -0.04464285714285765 5 2.999999999999999
    vertex 2.723214285714283 5 2.999999999999999
  endloop
endfacet
facet normal 0 -1 0
  outer loop
    vertex -2.812499999999997 5 2.999999999999999
    vertex -1.406249999999995 5 1.499999999999999
    vertex -0.04464285714285765 5 2.999999999999999
  endloop
endfacet
facet normal 0 -1 0
  outer loop
    vertex -1.406249999999995 5 1.499999999999999
    vertex 1.361607142857146 5 1.5
    vertex -0.04464285714285765 5 2.999999999999999
  endloop
endfacet
facet normal 0 -1 0
  outer loop
    vertex -1.406249999999995 5 1.499999999999999
    vertex 8.881784197001252e-15 5 0
    vertex 1.361607142857146 5 1.5
  endloop
endfacet
facet normal 0 -1 0
  outer loop
    vertex -0.04464285714285765 5 2.999999999999999
    vertex 1.361607142857146 5 1.5
    vertex 2.723214285714283 5 2.999999999999999
  endloop
endfacet
facet normal -0 -1 0
  outer loop
    vertex 4.374999999999989 5 6
    vertex 2.187499999999989 5 6
    vertex 3.549107142857135 5 4.5
  endloop
endfacet
facet normal 0 -1 -0
  outer loop
    vertex 2.187499999999989 5 6
    vertex 1.361607142857137 5 4.5
    vertex 3.549107142857135 5 4.5
  endloop
endfacet
facet normal -0 -1 0
  outer loop
    vertex 2.187499999999989 5 6
    vertex -8.881784197001252e-15 5 6
    vertex 1.361607142857137 5 4.5
  endloop
endfacet
facet normal -0 -1 0
  outer loop
    vertex 3.549107142857135 5 4.5
    vertex 1.361607142857137 5 4.5
    vertex 2.723214285714283 5 2.999999999999999
  endloop
endfacet
facet normal 0 -1 0
  outer loop
    vertex -4.37499999999999 5 0
    vertex -2.18749999999999 5 0
    vertex -3.593749999999994 5 1.499999999999999
  endloop
endfacet
facet normal 0 -1 0
  outer loop
    vertex -2.18749999999999 5 0
    vertex -1.406249999999995 5 1.499999999999999
    vertex -3.593749999999994 5 1.499999999999999
  endloop
endfacet
facet normal 0 -1 0
  outer loop
    vertex -2.18749999999999 5 0
    vertex 8.881784197001252e-15 5 0
    vertex -1.406249999999995 5 1.499999999999999
  endloop
endfacet
facet normal 0 -1 0
  outer loop
    vertex -3.593749999999994 5 1.499999999999999
    vertex -1.406249999999995 5 1.499999999999999
    vertex -2.812499999999997 5 2.999999999999999
  endloop
endfacet
facet normal -0 -1 0
  outer loop
    vertex -8.881784197001252e-15 5 6
    vertex -2.187500000000007 5 6
    vertex -1.406250000000004 5 4.499999999999999
  endloop
endfacet
facet normal 0 -1 -0
  outer loop
    vertex -2.187500000000007 5 6
    vertex -3.593750000000001 5 4.499999999999999
    vertex -1.406250000000004 5 4.499999999999999
  endloop
endfacet
facet normal -0 -1 0
  outer loop
    vertex -2.187500000000007 5 6
    vertex -4.375000000000004 5 6
    vertex -3.593750000000001 5 4.499999999999999
  endloop
endfacet
facet normal -0 -1 0
  outer loop
    vertex -1.406250000000004 5 4.499999999999999
    vertex -3.593750000000001 5 4.499999999999999
    vertex -2.812499999999997 5 2.999999999999999
  endloop
endfacet
facet normal 0 -1 0
  outer loop
    vertex 8.881784197001252e-15 5 0
    vertex 2.187500000000007 5 0
    vertex 1.361607142857146 5 1.5
  endloop
endfacet
facet normal 0 -1 0
  outer loop
    vertex 2.187500000000007 5 0
    vertex 3.549107142857144 5 1.5
    vertex 1.361607142857146 5 1.5
  endloop
endfacet
facet normal 0 -1 0
  outer loop
    vertex 2.187500000000007 5 0
    vertex 4.375000000000005 5 0
    vertex 3.549107142857144 5 1.5
  endloop
endfacet
facet normal 0 -1 0
  outer loop
    vertex 1.361607142857146 5 1.5
    vertex 3.549107142857144 5 1.5
    vertex 2.723214285714283 5 2.999999999999999
  endloop
endfacet
facet normal 0 -1 0
  outer loop
    vertex 8.75 5 3
    vertex 8.75 5 4.5
    vertex 7.538265306122447 5 3.535714285714286
  endloop
endfacet
facet normal -0 -1 0
  outer loop
    vertex 8.75 5 4.5
    vertex 7.538265306122447 5 5.035714285714286
    vertex 7.538265306122447 5 3.535714285714286
  endloop
endfacet
facet normal 0 -1 0
  outer loop
    vertex 8.75 5 4.5
    vertex 8.75 5 6
    vertex 7.538265306122447 5 5.035714285714286
  endloop
endfacet
facet normal 0 -1 0
  outer loop
    vertex 7.538265306122447 5 3.535714285714286
    vertex 7.538265306122447 5 5.035714285714286
    vertex 6.326530612244895 5 4.071428571428571
  endloop
endfacet
facet normal 0 -1 0
  outer loop
    vertex -8.75 5 3
    vertex -8.75 5 1.5
    vertex -7.544642857142856 5 2.464285714285714
  endloop
endfacet
facet normal 0 -1 0
  outer loop
    vertex -8.75 5 1.5
    vertex -7.544642857142856 5 0.9642857142857143
    vertex -7.544642857142856 5 2.464285714285714
  endloop
endfacet
facet normal 0 -1 0
  outer loop
    vertex -8.75 5 1.5
    vertex -8.75 5 0
    vertex -7.544642857142856 5 0.9642857142857143
  endloop
endfacet
facet normal 0 -1 0
  outer loop
    vertex -7.544642857142856 5 2.464285714285714
    vertex -7.544642857142856 5 0.9642857142857143
    vertex -6.339285714285712 5 1.928571428571429
  endloop
endfacet
facet normal 0 -1 0
  outer loop
    vertex -8.75 5 6
    vertex -8.75 5 4.5
    vertex -7.591172948771346 5 5.156289046230738
  endloop
endfacet
facet normal 0 -1 0
  outer loop
    vertex -8.75 5 4.5
    vertex -7.591172948771346 5 3.656289046230738
    vertex -7.591172948771346 5 5.156289046230738
  endloop
endfacet
facet normal 0 -1 0
  outer loop
    vertex -8.75 5 4.5
    vertex -8.75 5 3
    vertex -7.591172948771346 5 3.656289046230738
  endloop
endfacet
facet normal 0 -1 0
  outer loop
    vertex -7.591172948771346 5 5.156289046230738
    vertex -7.591172948771346 5 3.656289046230738
    vertex -6.432345897542691 5 4.312578092461474
  endloop
endfacet
facet normal 0 -1 0
  outer loop
    vertex 8.75 5 0
    vertex 8.75 5 1.5
    vertex 7.587454260129711 5 0.8437109537692628
  endloop
endfacet
facet normal -0 -1 0
  outer loop
    vertex 8.75 5 1.5
    vertex 7.587454260129711 5 2.343710953769263
    vertex 7.587454260129711 5 0.8437109537692628
  endloop
endfacet
facet normal 0 -1 0
  outer loop
    vertex 8.75 5 1.5
    vertex 8.75 5 3
    vertex 7.587454260129711 5 2.343710953769263
  endloop
endfacet
facet normal 0 -1 0
  outer loop
    vertex 7.587454260129711 5 0.8437109537692628
    vertex 7.587454260129711 5 2.343710953769263
    vertex 6.424908520259418 5 1.687421907538526
  endloop
endfacet
facet normal 0 -1 0
  outer loop
    vertex -8.75 5 3
    vertex -7.544642857142856 5 2.464285714285714
    vertex -7.591172948771346 5 3.656289046230738
  endloop
endfacet
facet normal 0 -1 0
  outer loop
    vertex -7.544642857142856 5 2.464285714285714
    vertex -6.385815805914202 5 3.120574760516452
    vertex -7.591172948771346 5 3.656289046230738
  endloop
endfacet
facet normal 0 -1 0
  outer loop
    vertex -7.544642857142856 5 2.464285714285714
    vertex -6.339285714285712 5 1.928571428571429
    vertex -6.385815805914202 5 3.120574760516452
  endloop
endfacet
facet normal 0 -1 0
  outer loop
    vertex -7.591172948771346 5 3.656289046230738
    vertex -6.385815805914202 5 3.120574760516452
    vertex -6.432345897542691 5 4.312578092461474
  endloop
endfacet
facet normal -0 -1 0
  outer loop
    vertex 8.75 5 3
    vertex 7.538265306122447 5 3.535714285714286
    vertex 7.587454260129711 5 2.343710953769263
  endloop
endfacet
facet normal 0 -1 -0
  outer loop
    vertex 7.538265306122447 5 3.535714285714286
    vertex 6.375719566252156 5 2.879425239483548
    vertex 7.587454260129711 5 2.343710953769263
  endloop
endfacet
facet normal -0 -1 0
  outer loop
    vertex 7.538265306122447 5 3.535714285714286
    vertex 6.326530612244895 5 4.071428571428571
    vertex 6.375719566252156 5 2.879425239483548
  endloop
endfacet
facet normal -0 -1 0
  outer loop
    vertex 7.587454260129711 5 2.343710953769263
    vertex 6.375719566252156 5 2.879425239483548
    vertex 6.424908520259418 5 1.687421907538526
  endloop
endfacet
facet normal 0.810314 -0.571105 0.131265
  outer loop
    vertex -0.8 11.25 3
    vertex -0.3562668265234324 11.96629180388926 3.377213613643341
    vertex -0.5850216282696344 11.79566445225683 4.046979836827006
  endloop
endfacet
facet normal 0.316433 -0.939489 -0.131265
  outer loop
    vertex -0.3562668265234324 11.96629180388926 3.377213613643341
    vertex 0.228038969842616 12.01681042522459 4.424193450470348
    vertex -0.5850216282696344 11.79566445225683 4.046979836827006
  endloop
endfacet
facet normal -0.150488 -0.979859 0.131265
  outer loop
    vertex -0.3562668265234324 11.96629180388926 3.377213613643341
    vertex 0.4826848707973052 11.88797751959092 3.754427227286683
    vertex 0.228038969842616 12.01681042522459 4.424193450470348
  endloop
endfacet
facet normal 0.203024 -0.970335 0.131265
  outer loop
    vertex -0.5850216282696344 11.79566445225683 4.046979836827006
    vertex 0.228038969842616 12.01681042522459 4.424193450470348
    vertex -0.05562576385813503 12.04806376587037 5.093959673654012
  endloop
endfacet
facet normal 0.146354 -0.988465 -0.0389581
  outer loop
    vertex -0.05562576385813503 12.04806376587037 5.093959673654012
    vertex 0.06186262854515352 12.04760454812487 5.546979836827006
    vertex -0.2903313412717953 11.9954580553427 5.546979836827006
  endloop
endfacet
facet normal 0.146354 -0.988465 0.0389581
  outer loop
    vertex 0.06186262854515352 12.04760454812487 5.546979836827006
    vertex -0.1780167471650535 12.02994232974546 6
    vertex -0.2903313412717953 11.9954580553427 5.546979836827006
  endloop
endfacet
facet normal 4.98666e-15 -0.999241 -0.0389581
  outer loop
    vertex 0.06186262854515352 12.04760454812487 5.546979836827006
    vertex 0.1780167471650491 12.02994232974546 6
    vertex -0.1780167471650535 12.02994232974546 6
  endloop
endfacet
facet normal 0.433554 -0.900285 -0.0389581
  outer loop
    vertex -0.2903313412717953 11.9954580553427 5.546979836827006
    vertex -0.1780167471650535 12.02994232974546 6
    vertex -0.4987918414869879 11.87546518597442 6
  endloop
endfacet
facet normal -0.895764 0.441691 0.0501582
  outer loop
    vertex 0.5380851238691964 10.65799966260933 2.215056175331559
    vertex 0.6180514579652728 10.74205079456013 2.903005723256671
    vertex 0.7960722117793306 11.17082277074332 2.306489665111833
  endloop
endfacet
facet normal -0.945189 0.322649 -0.0501582
  outer loop
    vertex 0.6180514579652728 10.74205079456013 2.903005723256671
    vertex 0.7991533510422857 11.28679567254292 2.994439213036945
    vertex 0.7960722117793306 11.17082277074332 2.306489665111833
  endloop
endfacet
facet normal -0.950229 0.307487 0.0501582
  outer loop
    vertex 0.6180514579652728 10.74205079456013 2.903005723256671
    vertex 0.6850201627821493 10.83678410415145 3.590955271181783
    vertex 0.7991533510422857 11.28679567254292 2.994439213036945
  endloop
endfacet
facet normal -0.960987 -0.272007 0.0501582
  outer loop
    vertex 0.7960722117793306 11.17082277074332 2.306489665111833
    vertex 0.7991533510422857 11.28679567254292 2.994439213036945
    vertex 0.644150675122925 11.72441533252908 2.397923154892108
  endloop
endfacet
facet normal -0.274394 -0.957075 0.0933528
  outer loop
    vertex 0.644150675122925 11.72441533252908 2.397923154892108
    vertex 0.5693221707842139 11.81202514699393 3.076175191089395
    vertex -0.2496792541458536 12.01003965031383 2.698961577446053
  endloop
endfacet
facet normal -0.19315 -0.976718 -0.0933528
  outer loop
    vertex 0.5693221707842139 11.81202514699393 3.076175191089395
    vertex -0.3562668265234324 11.96629180388926 3.377213613643341
    vertex -0.2496792541458536 12.01003965031383 2.698961577446053
  endloop
endfacet
facet normal -0.134067 -0.986565 0.0933528
  outer loop
    vertex 0.5693221707842139 11.81202514699393 3.076175191089395
    vertex 0.4826848707973052 11.88797751959092 3.754427227286683
    vertex -0.3562668265234324 11.96629180388926 3.377213613643341
  endloop
endfacet
facet normal 0.823631 -0.55939 0.0933528
  outer loop
    vertex -0.2496792541458536 12.01003965031383 2.698961577446053
    vertex -0.3562668265234324 11.96629180388926 3.377213613643341
    vertex -0.8 11.25 3
  endloop
endfacet
facet normal -0.981961 0.182247 -0.0503946
  outer loop
    vertex 0.6850201627821493 10.83678410415145 3.590955271181783
    vertex 0.7855798244147599 11.40120958789863 3.672691249234233
    vertex 0.7991533510422857 11.28679567254292 2.994439213036945
  endloop
endfacet
facet normal -0.912062 -0.406945 0.0503946
  outer loop
    vertex 0.7855798244147599 11.40120958789863 3.672691249234233
    vertex 0.5693221707842139 11.81202514699393 3.076175191089395
    vertex 0.7991533510422857 11.28679567254292 2.994439213036945
  endloop
endfacet
facet normal -0.851738 -0.521538 -0.0503946
  outer loop
    vertex 0.7855798244147599 11.40120958789863 3.672691249234233
    vertex 0.4826848707973052 11.88797751959092 3.754427227286683
    vertex 0.5693221707842139 11.81202514699393 3.076175191089395
  endloop
endfacet
facet normal -0.917822 -0.39378 -0.0503946
  outer loop
    vertex 0.7991533510422857 11.28679567254292 2.994439213036945
    vertex 0.5693221707842139 11.81202514699393 3.076175191089395
    vertex 0.644150675122925 11.72441533252908 2.397923154892108
  endloop
endfacet
facet normal 0.112087 -0.979647 -0.166521
  outer loop
    vertex -0.01507867528076233 12.04985788334665 0.9300713089157249
    vertex 0.3541343088674336 11.96734851451926 1.663997231903917
    vertex -0.5709916550286045 11.81032894792942 1.965035654457862
  endloop
endfacet
facet normal 0.217425 -0.961768 0.166521
  outer loop
    vertex 0.3541343088674336 11.96734851451926 1.663997231903917
    vertex -0.2496792541458536 12.01003965031383 2.698961577446053
    vertex -0.5709916550286045 11.81032894792942 1.965035654457862
  endloop
endfacet
facet normal -0.350584 -0.921608 -0.166521
  outer loop
    vertex 0.3541343088674336 11.96734851451926 1.663997231903917
    vertex 0.644150675122925 11.72441533252908 2.397923154892108
    vertex -0.2496792541458536 12.01003965031383 2.698961577446053
  endloop
endfacet
facet normal 0.766156 -0.620706 -0.166521
  outer loop
    vertex -0.5709916550286045 11.81032894792942 1.965035654457862
    vertex -0.2496792541458536 12.01003965031383 2.698961577446053
    vertex -0.8 11.25 3
  endloop
endfacet
facet normal 0.433632 -0.900447 0.0340342
  outer loop
    vertex -0.4987918414869879 11.87546518597442 0
    vertex -0.1780167471650535 12.02994232974546 0
    vertex -0.271328085949425 12.00258293215766 0.4650356544578624
  endloop
endfacet
facet normal 0.121255 -0.992038 -0.0340342
  outer loop
    vertex -0.1780167471650535 12.02994232974546 0
    vertex 0.08207533817263675 12.04577863684812 0.4650356544578624
    vertex -0.271328085949425 12.00258293215766 0.4650356544578624
  endloop
endfacet
facet normal 4.98641e-15 -0.999421 0.0340342
  outer loop
    vertex -0.1780167471650535 12.02994232974546 0
    vertex 0.1780167471650491 12.02994232974546 0
    vertex 0.08207533817263675 12.04577863684812 0.4650356544578624
  endloop
endfacet
facet normal 0.121255 -0.992038 0.0340342
  outer loop
    vertex -0.271328085949425 12.00258293215766 0.4650356544578624
    vertex 0.08207533817263675 12.04577863684812 0.4650356544578624
    vertex -0.01507867528076233 12.04985788334665 0.9300713089157249
  endloop
endfacet
facet normal 0.809939 0.578658 -0.0956782
  outer loop
    vertex -0.8 11.25 3
    vertex -0.2144573031797711 10.47928081306298 3.295477635590891
    vertex -0.3236756871504591 10.51840308260103 2.607528087665779
  endloop
endfacet
facet normal -0.258319 0.96131 0.0956782
  outer loop
    vertex -0.2144573031797711 10.47928081306298 3.295477635590891
    vertex 0.6180514579652728 10.74205079456013 2.903005723256671
    vertex -0.3236756871504591 10.51840308260103 2.607528087665779
  endloop
endfacet
facet normal -0.340357 0.935416 -0.0956782
  outer loop
    vertex -0.2144573031797711 10.47928081306298 3.295477635590891
    vertex 0.6850201627821493 10.83678410415145 3.590955271181783
    vertex 0.6180514579652728 10.74205079456013 2.903005723256671
  endloop
endfacet
facet normal -0.201484 0.974808 -0.0956782
  outer loop
    vertex -0.3236756871504591 10.51840308260103 2.607528087665779
    vertex 0.6180514579652728 10.74205079456013 2.903005723256671
    vertex 0.5380851238691964 10.65799966260933 2.215056175331559
  endloop
endfacet
facet normal -0.683746 0.722705 0.100936
  outer loop
    vertex 0.5380851238691964 10.65799966260933 2.215056175331559
    vertex 0.7290703945450118 10.92067286811139 1.62805024815987
    vertex 0.2690730683445673 10.49660788171654 1.5483233999645
  endloop
endfacet
facet normal -0.664832 0.740142 -0.100936
  outer loop
    vertex 0.7290703945450118 10.92067286811139 1.62805024815987
    vertex 0.5463792692698098 10.66564591717676 0.9613174727928104
    vertex 0.2690730683445673 10.49660788171654 1.5483233999645
  endloop
endfacet
facet normal -0.914685 0.391361 0.100936
  outer loop
    vertex 0.7290703945450118 10.92067286811139 1.62805024815987
    vertex 0.7999041960707669 11.23761948674811 1.04104432098818
    vertex 0.5463792692698098 10.66564591717676 0.9613174727928104
  endloop
endfacet
facet normal -0.353275 0.930058 0.100936
  outer loop
    vertex 0.2690730683445673 10.49660788171654 1.5483233999645
    vertex 0.5463792692698098 10.66564591717676 0.9613174727928104
    vertex -0.04131519079181849 10.45106755291211 0.8815906245974396
  endloop
endfacet
facet normal -0.329306 0.938948 -0.0996751
  outer loop
    vertex -0.04131519079181849 10.45106755291211 0.8815906245974396
    vertex 0.5463792692698098 10.66564591717676 0.9613174727928104
    vertex 0.4079865203068826 10.56185248729078 0.4407953122987198
  endloop
endfacet
facet normal -0.809178 0.579047 0.0996751
  outer loop
    vertex 0.5463792692698098 10.66564591717676 0.9613174727928104
    vertex 0.778541475987593 11.06595334785153 0.5205221604940906
    vertex 0.4079865203068826 10.56185248729078 0.4407953122987198
  endloop
endfacet
facet normal -0.904444 0.414785 -0.0996751
  outer loop
    vertex 0.5463792692698098 10.66564591717676 0.9613174727928104
    vertex 0.7999041960707669 11.23761948674811 1.04104432098818
    vertex 0.778541475987593 11.06595334785153 0.5205221604940906
  endloop
endfacet
facet normal -0.794132 0.599516 -0.0996751
  outer loop
    vertex 0.4079865203068826 10.56185248729078 0.4407953122987198
    vertex 0.778541475987593 11.06595334785153 0.5205221604940906
    vertex 0.7207750943219374 10.90289300870596 0
  endloop
endfacet
facet normal -0.779791 0.621862 -0.0722089
  outer loop
    vertex 0.7207750943219374 10.90289300870596 0
    vertex 0.4987918414869897 10.62453481402558 0
    vertex 0.4079865203068826 10.56185248729078 0.4407953122987198
  endloop
endfacet
facet normal -0.30499 0.949614 0.0722089
  outer loop
    vertex 0.4987918414869897 10.62453481402558 0
    vertex 0.06900713744161566 10.4529817975842 0.4407953122987198
    vertex 0.4079865203068826 10.56185248729078 0.4407953122987198
  endloop
endfacet
facet normal -0.432751 0.898617 -0.0722089
  outer loop
    vertex 0.4987918414869897 10.62453481402558 0
    vertex 0.1780167471650544 10.47005767025454 0
    vertex 0.06900713744161566 10.4529817975842 0.4407953122987198
  endloop
endfacet
facet normal -0.30499 0.949614 -0.0722089
  outer loop
    vertex 0.4079865203068826 10.56185248729078 0.4407953122987198
    vertex 0.06900713744161566 10.4529817975842 0.4407953122987198
    vertex -0.04131519079181849 10.45106755291211 0.8815906245974396
  endloop
endfacet
facet normal -0.40326 0.910936 -0.0870487
  outer loop
    vertex 0.0003866608243372291 10.45000009344163 5.067699270937712
    vertex 0.5818475061854914 10.70095220650136 5.000166000200185
    vertex 0.393504887132013 10.55347009841413 4.329327271059747
  endloop
endfacet
facet normal -0.787659 0.609932 0.0870487
  outer loop
    vertex 0.5818475061854914 10.70095220650136 5.000166000200185
    vertex 0.7765661605032417 11.05778918250719 4.261794000322221
    vertex 0.393504887132013 10.55347009841413 4.329327271059747
  endloop
endfacet
facet normal -0.939133 0.332343 -0.0870487
  outer loop
    vertex 0.5818475061854914 10.70095220650136 5.000166000200185
    vertex 0.7986775403152948 11.29598028486113 4.932632729462657
    vertex 0.7765661605032417 11.05778918250719 4.261794000322221
  endloop
endfacet
facet normal -0.798888 0.595148 -0.0870487
  outer loop
    vertex 0.393504887132013 10.55347009841413 4.329327271059747
    vertex 0.7765661605032417 11.05778918250719 4.261794000322221
    vertex 0.6850201627821493 10.83678410415145 3.590955271181783
  endloop
endfacet
facet normal -0.812417 0.57293 0.108307
  outer loop
    vertex 0.7207750943219374 10.90289300870596 6
    vertex 0.7847378408712555 11.09447983698337 5.466316364731329
    vertex 0.4257893463269951 10.57272351838084 5.533849635468856
  endloop
endfacet
facet normal -0.825509 0.5539 -0.108307
  outer loop
    vertex 0.7847378408712555 11.09447983698337 5.466316364731329
    vertex 0.5818475061854914 10.70095220650136 5.000166000200185
    vertex 0.4257893463269951 10.57272351838084 5.533849635468856
  endloop
endfacet
facet normal -0.930018 0.351194 0.108307
  outer loop
    vertex 0.7847378408712555 11.09447983698337 5.466316364731329
    vertex 0.7986775403152948 11.29598028486113 4.932632729462657
    vertex 0.5818475061854914 10.70095220650136 5.000166000200185
  endloop
endfacet
facet normal -0.383297 0.917253 0.108307
  outer loop
    vertex 0.4257893463269951 10.57272351838084 5.533849635468856
    vertex 0.5818475061854914 10.70095220650136 5.000166000200185
    vertex 0.0003866608243372291 10.45000009344163 5.067699270937712
  endloop
endfacet
facet normal -0.330041 0.942474 0.0530664
  outer loop
    vertex 0.0003866608243372291 10.45000009344163 5.067699270937712
    vertex 0.08976369306383791 10.45505190143787 5.533849635468856
    vertex 0.4257893463269951 10.57272351838084 5.533849635468856
  endloop
endfacet
facet normal -0.330041 0.942474 -0.0530664
  outer loop
    vertex 0.08976369306383791 10.45505190143787 5.533849635468856
    vertex 0.4987918414869897 10.62453481402558 6
    vertex 0.4257893463269951 10.57272351838084 5.533849635468856
  endloop
endfacet
facet normal -0.433272 0.899699 0.0530664
  outer loop
    vertex 0.08976369306383791 10.45505190143787 5.533849635468856
    vertex 0.1780167471650544 10.47005767025454 6
    vertex 0.4987918414869897 10.62453481402558 6
  endloop
endfacet
facet normal -0.78073 0.622611 0.0530664
  outer loop
    vertex 0.4257893463269951 10.57272351838084 5.533849635468856
    vertex 0.4987918414869897 10.62453481402558 6
    vertex 0.7207750943219374 10.90289300870596 6
  endloop
endfacet
facet normal -0.378919 -0.921327 0.087044
  outer loop
    vertex -0.01507867528076233 12.04985788334665 0.9300713089157249
    vertex 0.5647305355194335 11.81663870521871 0.985557814951953
    vertex 0.3541343088674336 11.96734851451926 1.663997231903917
  endloop
endfacet
facet normal -0.749804 -0.655909 -0.087044
  outer loop
    vertex 0.5647305355194335 11.81663870521871 0.985557814951953
    vertex 0.7619489265180189 11.49379055227395 1.719483737940144
    vertex 0.3541343088674336 11.96734851451926 1.663997231903917
  endloop
endfacet
facet normal -0.92586 -0.367705 0.087044
  outer loop
    vertex 0.5647305355194335 11.81663870521871 0.985557814951953
    vertex 0.7999041960707669 11.23761948674811 1.04104432098818
    vertex 0.7619489265180189 11.49379055227395 1.719483737940144
  endloop
endfacet
facet normal -0.75989 -0.644197 0.087044
  outer loop
    vertex 0.3541343088674336 11.96734851451926 1.663997231903917
    vertex 0.7619489265180189 11.49379055227395 1.719483737940144
    vertex 0.644150675122925 11.72441533252908 2.397923154892108
  endloop
endfacet
facet normal -0.805441 -0.583704 -0.102739
  outer loop
    vertex 0.7207750943219335 11.59710699129405 0
    vertex 0.7812964818418672 11.42197618283216 0.5205221604940906
    vertex 0.4192227349816429 11.9313606229263 0.4650356544578624
  endloop
endfacet
facet normal -0.81601 -0.568834 0.102739
  outer loop
    vertex 0.7812964818418672 11.42197618283216 0.5205221604940906
    vertex 0.5647305355194335 11.81663870521871 0.985557814951953
    vertex 0.4192227349816429 11.9313606229263 0.4650356544578624
  endloop
endfacet
facet normal -0.918122 -0.382749 -0.102739
  outer loop
    vertex 0.7812964818418672 11.42197618283216 0.5205221604940906
    vertex 0.7999041960707669 11.23761948674811 1.04104432098818
    vertex 0.5647305355194335 11.81663870521871 0.985557814951953
  endloop
endfacet
facet normal -0.362724 -0.926216 -0.102739
  outer loop
    vertex 0.4192227349816429 11.9313606229263 0.4650356544578624
    vertex 0.5647305355194335 11.81663870521871 0.985557814951953
    vertex -0.01507867528076233 12.04985788334665 0.9300713089157249
  endloop
endfacet
facet normal -0.320814 -0.94532 -0.0587313
  outer loop
    vertex -0.01507867528076233 12.04985788334665 0.9300713089157249
    vertex 0.08207533817263675 12.04577863684812 0.4650356544578624
    vertex 0.4192227349816429 11.9313606229263 0.4650356544578624
  endloop
endfacet
facet normal -0.320814 -0.94532 0.0587313
  outer loop
    vertex 0.08207533817263675 12.04577863684812 0.4650356544578624
    vertex 0.4987918414869843 11.87546518597443 0
    vertex 0.4192227349816429 11.9313606229263 0.4650356544578624
  endloop
endfacet
facet normal -0.433135 -0.899414 -0.0587313
  outer loop
    vertex 0.08207533817263675 12.04577863684812 0.4650356544578624
    vertex 0.1780167471650491 12.02994232974546 0
    vertex 0.4987918414869843 11.87546518597443 0
  endloop
endfacet
facet normal -0.780482 -0.622414 -0.0587313
  outer loop
    vertex 0.4192227349816429 11.9313606229263 0.4650356544578624
    vertex 0.4987918414869843 11.87546518597443 0
    vertex 0.7207750943219335 11.59710699129405 0
  endloop
endfacet
facet normal 0.792214 0.59302 -0.143961
  outer loop
    vertex -0.8 11.25 3
    vertex -0.3236756871504591 10.51840308260103 2.607528087665779
    vertex -0.5801086762984388 10.69911532633112 1.94079531229872
  endloop
endfacet
facet normal 0.292016 0.945517 0.143961
  outer loop
    vertex -0.3236756871504591 10.51840308260103 2.607528087665779
    vertex 0.2690730683445673 10.49660788171654 1.5483233999645
    vertex -0.5801086762984388 10.69911532633112 1.94079531229872
  endloop
endfacet
facet normal -0.221789 0.964409 -0.143961
  outer loop
    vertex -0.3236756871504591 10.51840308260103 2.607528087665779
    vertex 0.5380851238691964 10.65799966260933 2.215056175331559
    vertex 0.2690730683445673 10.49660788171654 1.5483233999645
  endloop
endfacet
facet normal 0.166106 0.975543 -0.143961
  outer loop
    vertex -0.5801086762984388 10.69911532633112 1.94079531229872
    vertex 0.2690730683445673 10.49660788171654 1.5483233999645
    vertex -0.04131519079181849 10.45106755291211 0.8815906245974396
  endloop
endfacet
facet normal -0.639265 -0.762933 -0.0962953
  outer loop
    vertex 0.4826848707973052 11.88797751959092 3.754427227286683
    vertex 0.7057532066062501 11.6267126376497 4.34352997837467
    vertex 0.228038969842616 12.01681042522459 4.424193450470348
  endloop
endfacet
facet normal -0.619755 -0.778865 0.0962953
  outer loop
    vertex 0.7057532066062501 11.6267126376497 4.34352997837467
    vertex 0.5286197841793095 11.85046742107646 5.013296201558335
    vertex 0.228038969842616 12.01681042522459 4.424193450470348
  endloop
endfacet
facet normal -0.900304 -0.424476 -0.0962953
  outer loop
    vertex 0.7057532066062501 11.6267126376497 4.34352997837467
    vertex 0.7986775403152948 11.29598028486113 4.932632729462657
    vertex 0.5286197841793095 11.85046742107646 5.013296201558335
  endloop
endfacet
facet normal -0.330796 -0.938776 -0.0962953
  outer loop
    vertex 0.228038969842616 12.01681042522459 4.424193450470348
    vertex 0.5286197841793095 11.85046742107646 5.013296201558335
    vertex -0.05562576385813503 12.04806376587037 5.093959673654012
  endloop
endfacet
facet normal -0.308084 -0.947201 0.0888492
  outer loop
    vertex -0.05562576385813503 12.04806376587037 5.093959673654012
    vertex 0.5286197841793095 11.85046742107646 5.013296201558335
    vertex 0.4018039460833848 11.94177567817308 5.546979836827006
  endloop
endfacet
facet normal -0.800583 -0.592599 -0.0888492
  outer loop
    vertex 0.5286197841793095 11.85046742107646 5.013296201558335
    vertex 0.7745020339277933 11.45036616341516 5.466316364731329
    vertex 0.4018039460833848 11.94177567817308 5.546979836827006
  endloop
endfacet
facet normal -0.890334 -0.446554 0.0888492
  outer loop
    vertex 0.5286197841793095 11.85046742107646 5.013296201558335
    vertex 0.7986775403152948 11.29598028486113 4.932632729462657
    vertex 0.7745020339277933 11.45036616341516 5.466316364731329
  endloop
endfacet
facet normal -0.786539 -0.611116 0.0888492
  outer loop
    vertex 0.4018039460833848 11.94177567817308 5.546979836827006
    vertex 0.7745020339277933 11.45036616341516 5.466316364731329
    vertex 0.7207750943219335 11.59710699129405 6
  endloop
endfacet
facet normal -0.779576 -0.621691 0.0759013
  outer loop
    vertex 0.7207750943219335 11.59710699129405 6
    vertex 0.4987918414869843 11.87546518597443 6
    vertex 0.4018039460833848 11.94177567817308 5.546979836827006
  endloop
endfacet
facet normal -0.296387 -0.952047 -0.0759013
  outer loop
    vertex 0.4987918414869843 11.87546518597443 6
    vertex 0.06186262854515352 12.04760454812487 5.546979836827006
    vertex 0.4018039460833848 11.94177567817308 5.546979836827006
  endloop
endfacet
facet normal -0.432632 -0.89837 0.0759013
  outer loop
    vertex 0.4987918414869843 11.87546518597443 6
    vertex 0.1780167471650491 12.02994232974546 6
    vertex 0.06186262854515352 12.04760454812487 5.546979836827006
  endloop
endfacet
facet normal -0.296387 -0.952047 0.0759013
  outer loop
    vertex 0.4018039460833848 11.94177567817308 5.546979836827006
    vertex 0.06186262854515352 12.04760454812487 5.546979836827006
    vertex -0.05562576385813503 12.04806376587037 5.093959673654012
  endloop
endfacet
facet normal 0.528249 -0.823375 -0.207379
  outer loop
    vertex -0.01507867528076233 12.04985788334665 0.9300713089157249
    vertex -0.5709916550286045 11.81032894792942 0.4650356544578624
    vertex -0.271328085949425 12.00258293215766 0.4650356544578624
  endloop
endfacet
facet normal 0.528249 -0.823375 0.207379
  outer loop
    vertex -0.5709916550286045 11.81032894792942 0.4650356544578624
    vertex -0.7207750943219356 11.59710699129405 0
    vertex -0.271328085949425 12.00258293215766 0.4650356544578624
  endloop
endfacet
facet normal 0.953734 -0.217683 -0.207379
  outer loop
    vertex -0.5709916550286045 11.81032894792942 0.4650356544578624
    vertex -0.8 11.25 0
    vertex -0.7207750943219356 11.59710699129405 0
  endloop
endfacet
facet normal 0.764835 -0.609936 -0.207379
  outer loop
    vertex -0.271328085949425 12.00258293215766 0.4650356544578624
    vertex -0.7207750943219356 11.59710699129405 0
    vertex -0.4987918414869879 11.87546518597442 0
  endloop
endfacet
facet normal 0.925673 -0.378326 0
  outer loop
    vertex -0.8 11.25 3
    vertex -0.8 11.25 1.5
    vertex -0.5709916550286045 11.81032894792942 1.965035654457862
  endloop
endfacet
facet normal 0.925673 -0.378326 0
  outer loop
    vertex -0.8 11.25 1.5
    vertex -0.5709916550286045 11.81032894792942 0.4650356544578624
    vertex -0.5709916550286045 11.81032894792942 1.965035654457862
  endloop
endfacet
facet normal 0.925673 -0.378326 0
  outer loop
    vertex -0.8 11.25 1.5
    vertex -0.8 11.25 0
    vertex -0.5709916550286045 11.81032894792942 0.4650356544578624
  endloop
endfacet
facet normal 0.395706 -0.918377 0
  outer loop
    vertex -0.5709916550286045 11.81032894792942 1.965035654457862
    vertex -0.5709916550286045 11.81032894792942 0.4650356544578624
    vertex -0.01507867528076233 12.04985788334665 0.9300713089157249
  endloop
endfacet
facet normal 0.51938 0.827032 0.215087
  outer loop
    vertex 0.0003866608243372291 10.45000009344163 5.067699270937712
    vertex -0.5655487031814902 10.68417788631962 5.533849635468856
    vertex -0.2640407604900638 10.49482950481376 5.533849635468856
  endloop
endfacet
facet normal 0.51938 0.827032 -0.215087
  outer loop
    vertex -0.5655487031814902 10.68417788631962 5.533849635468856
    vertex -0.7207750943219349 10.90289300870595 6
    vertex -0.2640407604900638 10.49482950481376 5.533849635468856
  endloop
endfacet
facet normal 0.95211 0.217313 0.215087
  outer loop
    vertex -0.5655487031814902 10.68417788631962 5.533849635468856
    vertex -0.8 11.25 6
    vertex -0.7207750943219349 10.90289300870595 6
  endloop
endfacet
facet normal 0.763533 0.608897 0.215087
  outer loop
    vertex -0.2640407604900638 10.49482950481376 5.533849635468856
    vertex -0.7207750943219349 10.90289300870595 6
    vertex -0.4987918414869862 10.62453481402558 6
  endloop
endfacet
facet normal -0.884358 0.459534 -0.0820983
  outer loop
    vertex 0.5380851238691964 10.65799966260933 2.215056175331559
    vertex 0.7960722117793306 11.17082277074332 2.306489665111833
    vertex 0.7290703945450118 10.92067286811139 1.62805024815987
  endloop
endfacet
facet normal -0.995652 0.0440207 0.0820983
  outer loop
    vertex 0.7960722117793306 11.17082277074332 2.306489665111833
    vertex 0.7619489265180189 11.49379055227395 1.719483737940144
    vertex 0.7290703945450118 10.92067286811139 1.62805024815987
  endloop
endfacet
facet normal -0.964469 -0.251118 -0.0820983
  outer loop
    vertex 0.7960722117793306 11.17082277074332 2.306489665111833
    vertex 0.644150675122925 11.72441533252908 2.397923154892108
    vertex 0.7619489265180189 11.49379055227395 1.719483737940144
  endloop
endfacet
facet normal -0.994154 0.0701302 -0.0820983
  outer loop
    vertex 0.7290703945450118 10.92067286811139 1.62805024815987
    vertex 0.7619489265180189 11.49379055227395 1.719483737940144
    vertex 0.7999041960707669 11.23761948674811 1.04104432098818
  endloop
endfacet
facet normal 0.0784476 0.980682 0.179192
  outer loop
    vertex 0.0003866608243372291 10.45000009344163 5.067699270937712
    vertex 0.393504887132013 10.55347009841413 4.329327271059747
    vertex -0.5655487031814902 10.68417788631962 4.033849635468855
  endloop
endfacet
facet normal 0.18685 0.965908 -0.179192
  outer loop
    vertex 0.393504887132013 10.55347009841413 4.329327271059747
    vertex -0.2144573031797711 10.47928081306298 3.295477635590891
    vertex -0.5655487031814902 10.68417788631962 4.033849635468855
  endloop
endfacet
facet normal -0.413646 0.892629 0.179192
  outer loop
    vertex 0.393504887132013 10.55347009841413 4.329327271059747
    vertex 0.6850201627821493 10.83678410415145 3.590955271181783
    vertex -0.2144573031797711 10.47928081306298 3.295477635590891
  endloop
endfacet
facet normal 0.749072 0.637795 0.179192
  outer loop
    vertex -0.5655487031814902 10.68417788631962 4.033849635468855
    vertex -0.2144573031797711 10.47928081306298 3.295477635590891
    vertex -0.8 11.25 3
  endloop
endfacet
facet normal 0.767433 -0.612007 0.191035
  outer loop
    vertex -0.4987918414869879 11.87546518597442 6
    vertex -0.7207750943219356 11.59710699129405 6
    vertex -0.2903313412717953 11.9954580553427 5.546979836827006
  endloop
endfacet
facet normal 0.55083 -0.81246 -0.191035
  outer loop
    vertex -0.7207750943219356 11.59710699129405 6
    vertex -0.5850216282696344 11.79566445225683 5.546979836827006
    vertex -0.2903313412717953 11.9954580553427 5.546979836827006
  endloop
endfacet
facet normal 0.956973 -0.218423 0.191035
  outer loop
    vertex -0.7207750943219356 11.59710699129405 6
    vertex -0.8 11.25 6
    vertex -0.5850216282696344 11.79566445225683 5.546979836827006
  endloop
endfacet
facet normal 0.55083 -0.81246 0.191035
  outer loop
    vertex -0.2903313412717953 11.9954580553427 5.546979836827006
    vertex -0.5850216282696344 11.79566445225683 5.546979836827006
    vertex -0.05562576385813503 12.04806376587037 5.093959673654012
  endloop
endfacet
facet normal 0.430359 -0.902658 0
  outer loop
    vertex -0.05562576385813503 12.04806376587037 5.093959673654012
    vertex -0.5850216282696344 11.79566445225683 5.546979836827006
    vertex -0.5850216282696344 11.79566445225683 4.046979836827006
  endloop
endfacet
facet normal 0.930397 -0.366554 0
  outer loop
    vertex -0.5850216282696344 11.79566445225683 5.546979836827006
    vertex -0.8 11.25 4.5
    vertex -0.5850216282696344 11.79566445225683 4.046979836827006
  endloop
endfacet
facet normal 0.930397 -0.366554 0
  outer loop
    vertex -0.5850216282696344 11.79566445225683 5.546979836827006
    vertex -0.8 11.25 6
    vertex -0.8 11.25 4.5
  endloop
endfacet
facet normal 0.930397 -0.366554 0
  outer loop
    vertex -0.5850216282696344 11.79566445225683 4.046979836827006
    vertex -0.8 11.25 4.5
    vertex -0.8 11.25 3
  endloop
endfacet
facet normal -4.98556e-15 0.99925 0.0387097
  outer loop
    vertex 0.1780167471650544 10.47005767025454 0
    vertex -0.17801674716505 10.47005767025454 0
    vertex 0.06900713744161566 10.4529817975842 0.4407953122987198
  endloop
endfacet
facet normal 0.137492 0.989746 -0.0387097
  outer loop
    vertex -0.17801674716505 10.47005767025454 0
    vertex -0.2836399553109639 10.50197033765285 0.4407953122987198
    vertex 0.06900713744161566 10.4529817975842 0.4407953122987198
  endloop
endfacet
facet normal 0.433559 0.900294 0.0387097
  outer loop
    vertex -0.17801674716505 10.47005767025454 0
    vertex -0.4987918414869862 10.62453481402558 0
    vertex -0.2836399553109639 10.50197033765285 0.4407953122987198
  endloop
endfacet
facet normal 0.137492 0.989746 0.0387097
  outer loop
    vertex 0.06900713744161566 10.4529817975842 0.4407953122987198
    vertex -0.2836399553109639 10.50197033765285 0.4407953122987198
    vertex -0.04131519079181849 10.45106755291211 0.8815906245974396
  endloop
endfacet
facet normal 0.111666 0.993225 -0.0321742
  outer loop
    vertex 0.0003866608243372291 10.45000009344163 5.067699270937712
    vertex -0.2640407604900638 10.49482950481376 5.533849635468856
    vertex 0.08976369306383791 10.45505190143787 5.533849635468856
  endloop
endfacet
facet normal 0.111666 0.993225 0.0321742
  outer loop
    vertex -0.2640407604900638 10.49482950481376 5.533849635468856
    vertex -0.17801674716505 10.47005767025454 6
    vertex 0.08976369306383791 10.45505190143787 5.533849635468856
  endloop
endfacet
facet normal 0.433659 0.900502 -0.0321742
  outer loop
    vertex -0.2640407604900638 10.49482950481376 5.533849635468856
    vertex -0.4987918414869862 10.62453481402558 6
    vertex -0.17801674716505 10.47005767025454 6
  endloop
endfacet
facet normal -4.98318e-15 0.999482 -0.0321742
  outer loop
    vertex 0.08976369306383791 10.45505190143787 5.533849635468856
    vertex -0.17801674716505 10.47005767025454 6
    vertex 0.1780167471650544 10.47005767025454 6
  endloop
endfacet
facet normal 0.418188 0.908361 0
  outer loop
    vertex -0.04131519079181849 10.45106755291211 0.8815906245974396
    vertex -0.5801086762984388 10.69911532633112 0.4407953122987198
    vertex -0.5801086762984388 10.69911532633112 1.94079531229872
  endloop
endfacet
facet normal 0.928745 0.370718 -0
  outer loop
    vertex -0.5801086762984388 10.69911532633112 0.4407953122987198
    vertex -0.8 11.25 1.5
    vertex -0.5801086762984388 10.69911532633112 1.94079531229872
  endloop
endfacet
facet normal 0.928745 0.370718 0
  outer loop
    vertex -0.5801086762984388 10.69911532633112 0.4407953122987198
    vertex -0.8 11.25 0
    vertex -0.8 11.25 1.5
  endloop
endfacet
facet normal 0.928745 0.370718 0
  outer loop
    vertex -0.5801086762984388 10.69911532633112 1.94079531229872
    vertex -0.8 11.25 1.5
    vertex -0.8 11.25 3
  endloop
endfacet
facet normal 0.765411 0.610395 -0.203874
  outer loop
    vertex -0.4987918414869862 10.62453481402558 0
    vertex -0.7207750943219349 10.90289300870595 0
    vertex -0.2836399553109639 10.50197033765285 0.4407953122987198
  endloop
endfacet
facet normal 0.542096 0.81521 0.203874
  outer loop
    vertex -0.7207750943219349 10.90289300870595 0
    vertex -0.5801086762984388 10.69911532633112 0.4407953122987198
    vertex -0.2836399553109639 10.50197033765285 0.4407953122987198
  endloop
endfacet
facet normal 0.954452 0.217847 -0.203874
  outer loop
    vertex -0.7207750943219349 10.90289300870595 0
    vertex -0.8 11.25 0
    vertex -0.5801086762984388 10.69911532633112 0.4407953122987198
  endloop
endfacet
facet normal 0.542096 0.81521 -0.203874
  outer loop
    vertex -0.2836399553109639 10.50197033765285 0.4407953122987198
    vertex -0.5801086762984388 10.69911532633112 0.4407953122987198
    vertex -0.04131519079181849 10.45106755291211 0.8815906245974396
  endloop
endfacet
facet normal 0.923833 0.382795 -0
  outer loop
    vertex -0.8 11.25 3
    vertex -0.8 11.25 4.5
    vertex -0.5655487031814902 10.68417788631962 4.033849635468855
  endloop
endfacet
facet normal 0.923833 0.382795 0
  outer loop
    vertex -0.8 11.25 4.5
    vertex -0.5655487031814902 10.68417788631962 5.533849635468856
    vertex -0.5655487031814902 10.68417788631962 4.033849635468855
  endloop
endfacet
facet normal 0.923833 0.382795 -0
  outer loop
    vertex -0.8 11.25 4.5
    vertex -0.8 11.25 6
    vertex -0.5655487031814902 10.68417788631962 5.533849635468856
  endloop
endfacet
facet normal 0.382349 0.924018 -0
  outer loop
    vertex -0.5655487031814902 10.68417788631962 4.033849635468855
    vertex -0.5655487031814902 10.68417788631962 5.533849635468856
    vertex 0.0003866608243372291 10.45000009344163 5.067699270937712
  endloop
endfacet
facet normal -0.974207 -0.222356 0.0384593
  outer loop
    vertex 0.7207750943219335 11.59710699129405 0
    vertex 0.8 11.25 0
    vertex 0.7812964818418672 11.42197618283216 0.5205221604940906
  endloop
endfacet
facet normal -0.99923 0.00773233 -0.0384593
  outer loop
    vertex 0.8 11.25 0
    vertex 0.778541475987593 11.06595334785153 0.5205221604940906
    vertex 0.7812964818418672 11.42197618283216 0.5205221604940906
  endloop
endfacet
facet normal -0.974207 0.222356 0.0384593
  outer loop
    vertex 0.8 11.25 0
    vertex 0.7207750943219374 10.90289300870596 0
    vertex 0.778541475987593 11.06595334785153 0.5205221604940906
  endloop
endfacet
facet normal -0.99923 0.00773233 0.0384593
  outer loop
    vertex 0.7812964818418672 11.42197618283216 0.5205221604940906
    vertex 0.778541475987593 11.06595334785153 0.5205221604940906
    vertex 0.7999041960707669 11.23761948674811 1.04104432098818
  endloop
endfacet
facet normal -0.987659 -0.134469 0.0802991
  outer loop
    vertex 0.7986775403152948 11.29598028486113 4.932632729462657
    vertex 0.7057532066062501 11.6267126376497 4.34352997837467
    vertex 0.7765661605032417 11.05778918250719 4.261794000322221
  endloop
endfacet
facet normal -0.990487 -0.111748 -0.0802991
  outer loop
    vertex 0.7057532066062501 11.6267126376497 4.34352997837467
    vertex 0.7855798244147599 11.40120958789863 3.672691249234233
    vertex 0.7765661605032417 11.05778918250719 4.261794000322221
  endloop
endfacet
facet normal -0.840197 -0.536303 0.0802991
  outer loop
    vertex 0.7057532066062501 11.6267126376497 4.34352997837467
    vertex 0.4826848707973052 11.88797751959092 3.754427227286683
    vertex 0.7855798244147599 11.40120958789863 3.672691249234233
  endloop
endfacet
facet normal -0.983261 0.163552 0.0802991
  outer loop
    vertex 0.7765661605032417 11.05778918250719 4.261794000322221
    vertex 0.7855798244147599 11.40120958789863 3.672691249234233
    vertex 0.6850201627821493 10.83678410415145 3.590955271181783
  endloop
endfacet
facet normal -0.998904 -0.0287299 -0.0369386
  outer loop
    vertex 0.7986775403152948 11.29598028486113 4.932632729462657
    vertex 0.7847378408712555 11.09447983698337 5.466316364731329
    vertex 0.7745020339277933 11.45036616341516 5.466316364731329
  endloop
endfacet
facet normal -0.998904 -0.0287299 0.0369386
  outer loop
    vertex 0.7847378408712555 11.09447983698337 5.466316364731329
    vertex 0.8 11.25 6
    vertex 0.7745020339277933 11.45036616341516 5.466316364731329
  endloop
endfacet
facet normal -0.974263 0.222369 -0.0369386
  outer loop
    vertex 0.7847378408712555 11.09447983698337 5.466316364731329
    vertex 0.7207750943219374 10.90289300870596 6
    vertex 0.8 11.25 6
  endloop
endfacet
facet normal -0.974263 -0.222369 -0.0369386
  outer loop
    vertex 0.7745020339277933 11.45036616341516 5.466316364731329
    vertex 0.8 11.25 6
    vertex 0.7207750943219335 11.59710699129405 6
  endloop
endfacet
facet normal -1 0 0
  outer loop
    vertex 8.75 15 -6
    vertex 8.75 15 -4.5
    vertex 8.75 16.23186172428155 -5.25
  endloop
endfacet
facet normal -1 0 0
  outer loop
    vertex 8.75 15 -4.5
    vertex 8.75 16.23186172428155 -3.75
    vertex 8.75 16.23186172428155 -5.25
  endloop
endfacet
facet normal -1 0 0
  outer loop
    vertex 8.75 15 -4.5
    vertex 8.75 14.99999999999999 -3
    vertex 8.75 16.23186172428155 -3.75
  endloop
endfacet
facet normal -1 0 0
  outer loop
    vertex 8.75 16.23186172428155 -5.25
    vertex 8.75 16.23186172428155 -3.75
    vertex 8.75 17.4637234485631 -4.5
  endloop
endfacet
facet normal -1 0 -0
  outer loop
    vertex 8.75 4.999999999999987 -3
    vertex 8.75 4.999999999999988 -4.5
    vertex 8.75 3.768138275718441 -3.75
  endloop
endfacet
facet normal -1 -0 0
  outer loop
    vertex 8.75 4.999999999999988 -4.5
    vertex 8.75 3.768138275718441 -5.25
    vertex 8.75 3.768138275718441 -3.75
  endloop
endfacet
facet normal -1 0 -0
  outer loop
    vertex 8.75 4.999999999999988 -4.5
    vertex 8.75 4.999999999999988 -6
    vertex 8.75 3.768138275718441 -5.25
  endloop
endfacet
facet normal -1 0 -0
  outer loop
    vertex 8.75 3.768138275718441 -3.75
    vertex 8.75 3.768138275718441 -5.25
    vertex 8.75 2.536276551436895 -4.500000000000002
  endloop
endfacet
facet normal -1 0 -0
  outer loop
    vertex 8.75 9.999999999999991 -3
    vertex 8.75 9.999999999999991 -4.5
    vertex 8.75 8.749999999999989 -3.75
  endloop
endfacet
facet normal -1 -0 0
  outer loop
    vertex 8.75 9.999999999999991 -4.5
    vertex 8.75 8.749999999999991 -5.25
    vertex 8.75 8.749999999999989 -3.75
  endloop
endfacet
facet normal -1 0 -0
  outer loop
    vertex 8.75 9.999999999999991 -4.5
    vertex 8.75 9.999999999999993 -6
    vertex 8.75 8.749999999999991 -5.25
  endloop
endfacet
facet normal -1 0 -0
  outer loop
    vertex 8.75 8.749999999999989 -3.75
    vertex 8.75 8.749999999999991 -5.25
    vertex 8.75 7.499999999999989 -4.5
  endloop
endfacet
facet normal -1 0 -0
  outer loop
    vertex 8.75 14.99999999999999 -3
    vertex 8.75 15 -4.5
    vertex 8.75 13.74999999999999 -3.75
  endloop
endfacet
facet normal -1 -0 0
  outer loop
    vertex 8.75 15 -4.5
    vertex 8.75 13.74999999999999 -5.25
    vertex 8.75 13.74999999999999 -3.75
  endloop
endfacet
facet normal -1 0 -0
  outer loop
    vertex 8.75 15 -4.5
    vertex 8.75 15 -6
    vertex 8.75 13.74999999999999 -5.25
  endloop
endfacet
facet normal -1 0 -0
  outer loop
    vertex 8.75 13.74999999999999 -3.75
    vertex 8.75 13.74999999999999 -5.25
    vertex 8.75 12.49999999999999 -4.5
  endloop
endfacet
facet normal -1 0 0
  outer loop
    vertex 8.75 4.999999999999988 -6
    vertex 8.75 4.999999999999988 -4.5
    vertex 8.75 6.249999999999988 -5.25
  endloop
endfacet
facet normal -1 0 0
  outer loop
    vertex 8.75 4.999999999999988 -4.5
    vertex 8.75 6.249999999999988 -3.75
    vertex 8.75 6.249999999999988 -5.25
  endloop
endfacet
facet normal -1 0 0
  outer loop
    vertex 8.75 4.999999999999988 -4.5
    vertex 8.75 4.999999999999987 -3
    vertex 8.75 6.249999999999988 -3.75
  endloop
endfacet
facet normal -1 0 0
  outer loop
    vertex 8.75 6.249999999999988 -5.25
    vertex 8.75 6.249999999999988 -3.75
    vertex 8.75 7.499999999999989 -4.5
  endloop
endfacet
facet normal -1 0 0
  outer loop
    vertex 8.75 9.999999999999993 -6
    vertex 8.75 9.999999999999991 -4.5
    vertex 8.75 11.24999999999999 -5.25
  endloop
endfacet
facet normal -1 0 0
  outer loop
    vertex 8.75 9.999999999999991 -4.5
    vertex 8.75 11.24999999999999 -3.75
    vertex 8.75 11.24999999999999 -5.25
  endloop
endfacet
facet normal -1 0 0
  outer loop
    vertex 8.75 9.999999999999991 -4.5
    vertex 8.75 9.999999999999991 -3
    vertex 8.75 11.24999999999999 -3.75
  endloop
endfacet
facet normal -1 0 0
  outer loop
    vertex 8.75 11.24999999999999 -5.25
    vertex 8.75 11.24999999999999 -3.75
    vertex 8.75 12.49999999999999 -4.5
  endloop
endfacet
facet normal -1 0 0
  outer loop
    vertex 8.75 4.999999999999988 -6
    vertex 8.75 2.499999999999994 -6
    vertex 8.75 3.768138275718441 -5.25
  endloop
endfacet
facet normal -1 0 0
  outer loop
    vertex 8.75 2.499999999999994 -6
    vertex 8.75 1.268138275718448 -5.25
    vertex 8.75 3.768138275718441 -5.25
  endloop
endfacet
facet normal -1 0 0
  outer loop
    vertex 8.75 2.499999999999994 -6
    vertex 8.75 0 -6
    vertex 8.75 1.268138275718448 -5.25
  endloop
endfacet
facet normal -1 0 0
  outer loop
    vertex 8.75 3.768138275718441 -5.25
    vertex 8.75 1.268138275718448 -5.25
    vertex 8.75 2.536276551436895 -4.500000000000002
  endloop
endfacet
facet normal -1 0 0
  outer loop
    vertex 8.75 14.99999999999999 -3
    vertex 8.75 17.5 -3
    vertex 8.75 16.23186172428155 -3.75
  endloop
endfacet
facet normal -1 0 -0
  outer loop
    vertex 8.75 17.5 -3
    vertex 8.75 18.73186172428155 -3.75
    vertex 8.75 16.23186172428155 -3.75
  endloop
endfacet
facet normal -1 0 0
  outer loop
    vertex 8.75 17.5 -3
    vertex 8.75 20 -3
    vertex 8.75 18.73186172428155 -3.75
  endloop
endfacet
facet normal -1 0 0
  outer loop
    vertex 8.75 16.23186172428155 -3.75
    vertex 8.75 18.73186172428155 -3.75
    vertex 8.75 17.4637234485631 -4.5
  endloop
endfacet
facet normal -1 0 0
  outer loop
    vertex 8.75 9.999999999999993 -6
    vertex 8.75 7.499999999999991 -6
    vertex 8.75 8.749999999999991 -5.25
  endloop
endfacet
facet normal -1 0 0
  outer loop
    vertex 8.75 7.499999999999991 -6
    vertex 8.75 6.249999999999988 -5.25
    vertex 8.75 8.749999999999991 -5.25
  endloop
endfacet
facet normal -1 0 0
  outer loop
    vertex 8.75 7.499999999999991 -6
    vertex 8.75 4.999999999999988 -6
    vertex 8.75 6.249999999999988 -5.25
  endloop
endfacet
facet normal -1 0 0
  outer loop
    vertex 8.75 8.749999999999991 -5.25
    vertex 8.75 6.249999999999988 -5.25
    vertex 8.75 7.499999999999989 -4.5
  endloop
endfacet
facet normal -1 0 0
  outer loop
    vertex 8.75 15 -6
    vertex 8.75 12.49999999999999 -6
    vertex 8.75 13.74999999999999 -5.25
  endloop
endfacet
facet normal -1 0 0
  outer loop
    vertex 8.75 12.49999999999999 -6
    vertex 8.75 11.24999999999999 -5.25
    vertex 8.75 13.74999999999999 -5.25
  endloop
endfacet
facet normal -1 0 0
  outer loop
    vertex 8.75 12.49999999999999 -6
    vertex 8.75 9.999999999999993 -6
    vertex 8.75 11.24999999999999 -5.25
  endloop
endfacet
facet normal -1 0 0
  outer loop
    vertex 8.75 13.74999999999999 -5.25
    vertex 8.75 11.24999999999999 -5.25
    vertex 8.75 12.49999999999999 -4.5
  endloop
endfacet
facet normal -1 0 0
  outer loop
    vertex 8.75 4.999999999999987 -3
    vertex 8.75 7.499999999999988 -3
    vertex 8.75 6.249999999999988 -3.75
  endloop
endfacet
facet normal -1 0 -0
  outer loop
    vertex 8.75 7.499999999999988 -3
    vertex 8.75 8.749999999999989 -3.75
    vertex 8.75 6.249999999999988 -3.75
  endloop
endfacet
facet normal -1 0 0
  outer loop
    vertex 8.75 7.499999999999988 -3
    vertex 8.75 9.999999999999991 -3
    vertex 8.75 8.749999999999989 -3.75
  endloop
endfacet
facet normal -1 0 0
  outer loop
    vertex 8.75 6.249999999999988 -3.75
    vertex 8.75 8.749999999999989 -3.75
    vertex 8.75 7.499999999999989 -4.5
  endloop
endfacet
facet normal -1 0 0
  outer loop
    vertex 8.75 9.999999999999991 -3
    vertex 8.75 12.49999999999999 -3
    vertex 8.75 11.24999999999999 -3.75
  endloop
endfacet
facet normal -1 0 -0
  outer loop
    vertex 8.75 12.49999999999999 -3
    vertex 8.75 13.74999999999999 -3.75
    vertex 8.75 11.24999999999999 -3.75
  endloop
endfacet
facet normal -1 0 0
  outer loop
    vertex 8.75 12.49999999999999 -3
    vertex 8.75 14.99999999999999 -3
    vertex 8.75 13.74999999999999 -3.75
  endloop
endfacet
facet normal -1 0 0
  outer loop
    vertex 8.75 11.24999999999999 -3.75
    vertex 8.75 13.74999999999999 -3.75
    vertex 8.75 12.49999999999999 -4.5
  endloop
endfacet
facet normal -1 0 0
  outer loop
    vertex 8.75 0 -6
    vertex 8.75 0 -5.25
    vertex 8.75 1.268138275718448 -5.25
  endloop
endfacet
facet normal -1 0 0
  outer loop
    vertex 8.75 0 -5.25
    vertex 8.75 1.268138275718448 -4.5
    vertex 8.75 1.268138275718448 -5.25
  endloop
endfacet
facet normal -1 0 0
  outer loop
    vertex 8.75 0 -5.25
    vertex 8.75 0 -4.5
    vertex 8.75 1.268138275718448 -4.5
  endloop
endfacet
facet normal -1 0 0
  outer loop
    vertex 8.75 1.268138275718448 -5.25
    vertex 8.75 1.268138275718448 -4.5
    vertex 8.75 2.536276551436895 -4.500000000000002
  endloop
endfacet
facet normal -1 0 0
  outer loop
    vertex 8.75 20 -6
    vertex 8.75 17.5 -6
    vertex 8.75 18.73186172428155 -5.25
  endloop
endfacet
facet normal -1 0 0
  outer loop
    vertex 8.75 17.5 -6
    vertex 8.75 16.23186172428155 -5.25
    vertex 8.75 18.73186172428155 -5.25
  endloop
endfacet
facet normal -1 0 0
  outer loop
    vertex 8.75 17.5 -6
    vertex 8.75 15 -6
    vertex 8.75 16.23186172428155 -5.25
  endloop
endfacet
facet normal -1 0 0
  outer loop
    vertex 8.75 18.73186172428155 -5.25
    vertex 8.75 16.23186172428155 -5.25
    vertex 8.75 17.4637234485631 -4.5
  endloop
endfacet
facet normal -1 -0 -0
  outer loop
    vertex 8.75 20 -4.5
    vertex 8.75 20 -5.25
    vertex 8.75 18.73186172428155 -4.5
  endloop
endfacet
facet normal -1 0 0
  outer loop
    vertex 8.75 20 -5.25
    vertex 8.75 18.73186172428155 -5.25
    vertex 8.75 18.73186172428155 -4.5
  endloop
endfacet
facet normal -1 -0 -0
  outer loop
    vertex 8.75 20 -5.25
    vertex 8.75 20 -6
    vertex 8.75 18.73186172428155 -5.25
  endloop
endfacet
facet normal -1 -0 -0
  outer loop
    vertex 8.75 18.73186172428155 -4.5
    vertex 8.75 18.73186172428155 -5.25
    vertex 8.75 17.4637234485631 -4.5
  endloop
endfacet
facet normal -1 0 -0
  outer loop
    vertex 8.75 20 -3
    vertex 8.75 20 -3.75
    vertex 8.75 18.73186172428155 -3.75
  endloop
endfacet
facet normal -1 -0 0
  outer loop
    vertex 8.75 20 -3.75
    vertex 8.75 18.73186172428155 -4.5
    vertex 8.75 18.73186172428155 -3.75
  endloop
endfacet
facet normal -1 0 -0
  outer loop
    vertex 8.75 20 -3.75
    vertex 8.75 20 -4.5
    vertex 8.75 18.73186172428155 -4.5
  endloop
endfacet
facet normal -1 0 -0
  outer loop
    vertex 8.75 18.73186172428155 -3.75
    vertex 8.75 18.73186172428155 -4.5
    vertex 8.75 17.4637234485631 -4.5
  endloop
endfacet
facet normal -1 0 0
  outer loop
    vertex 8.75 0 -3
    vertex 8.75 2.499999999999993 -3
    vertex 8.75 1.268138275718448 -3.75
  endloop
endfacet
facet normal -1 0 -0
  outer loop
    vertex 8.75 2.499999999999993 -3
    vertex 8.75 3.768138275718441 -3.75
    vertex 8.75 1.268138275718448 -3.75
  endloop
endfacet
facet normal -1 0 0
  outer loop
    vertex 8.75 2.499999999999993 -3
    vertex 8.75 4.999999999999987 -3
    vertex 8.75 3.768138275718441 -3.75
  endloop
endfacet
facet normal -1 0 0
  outer loop
    vertex 8.75 1.268138275718448 -3.75
    vertex 8.75 3.768138275718441 -3.75
    vertex 8.75 2.536276551436895 -4.500000000000002
  endloop
endfacet
facet normal -1 0 0
  outer loop
    vertex 8.75 0 -4.5
    vertex 8.75 0 -3.75
    vertex 8.75 1.268138275718448 -4.5
  endloop
endfacet
facet normal -1 0 0
  outer loop
    vertex 8.75 0 -3.75
    vertex 8.75 1.268138275718448 -3.75
    vertex 8.75 1.268138275718448 -4.5
  endloop
endfacet
facet normal -1 0 0
  outer loop
    vertex 8.75 0 -3.75
    vertex 8.75 0 -3
    vertex 8.75 1.268138275718448 -3.75
  endloop
endfacet
facet normal -1 0 0
  outer loop
    vertex 8.75 1.268138275718448 -4.5
    vertex 8.75 1.268138275718448 -3.75
    vertex 8.75 2.536276551436895 -4.500000000000002
  endloop
endfacet
facet normal 0 -1 -0
  outer loop
    vertex 4.375000000000005 20 -3
    vertex 4.374999999999996 20 -4.5
    vertex 5.466753436068307 20 -3.75
  endloop
endfacet
facet normal 0 -1 0
  outer loop
    vertex 4.374999999999996 20 -4.5
    vertex 5.466753436068299 20 -5.250000000000002
    vertex 5.466753436068307 20 -3.75
  endloop
endfacet
facet normal 0 -1 -0
  outer loop
    vertex 4.374999999999996 20 -4.5
    vertex 4.374999999999989 20 -6
    vertex 5.466753436068299 20 -5.250000000000002
  endloop
endfacet
facet normal 0 -1 -0
  outer loop
    vertex 5.466753436068307 20 -3.75
    vertex 5.466753436068299 20 -5.250000000000002
    vertex 6.55850687213661 20 -4.500000000000004
  endloop
endfacet
facet normal 0 -1 0
  outer loop
    vertex -4.375000000000004 20 -6
    vertex -4.374999999999997 20 -4.5
    vertex -5.466753436068307 20 -5.249999999999996
  endloop
endfacet
facet normal -0 -1 0
  outer loop
    vertex -4.374999999999997 20 -4.5
    vertex -5.466753436068299 20 -3.749999999999996
    vertex -5.466753436068307 20 -5.249999999999996
  endloop
endfacet
facet normal 0 -1 0
  outer loop
    vertex -4.374999999999997 20 -4.5
    vertex -4.37499999999999 20 -3
    vertex -5.466753436068299 20 -3.749999999999996
  endloop
endfacet
facet normal 0 -1 0
  outer loop
    vertex -5.466753436068307 20 -5.249999999999996
    vertex -5.466753436068299 20 -3.749999999999996
    vertex -6.558506872136608 20 -4.499999999999993
  endloop
endfacet
facet normal 0 -1 -0
  outer loop
    vertex 8.881784197001252e-15 20 -3
    vertex 0 20 -4.5
    vertex 1.093750000000004 20 -3.75
  endloop
endfacet
facet normal 0 -1 0
  outer loop
    vertex 0 20 -4.5
    vertex 1.093749999999995 20 -5.25
    vertex 1.093750000000004 20 -3.75
  endloop
endfacet
facet normal 0 -1 -0
  outer loop
    vertex 0 20 -4.5
    vertex -8.881784197001252e-15 20 -6
    vertex 1.093749999999995 20 -5.25
  endloop
endfacet
facet normal 0 -1 -0
  outer loop
    vertex 1.093750000000004 20 -3.75
    vertex 1.093749999999995 20 -5.25
    vertex 2.187499999999998 20 -4.5
  endloop
endfacet
facet normal 0 -1 0
  outer loop
    vertex -8.881784197001252e-15 20 -6
    vertex 0 20 -4.5
    vertex -1.093750000000004 20 -5.25
  endloop
endfacet
facet normal -0 -1 0
  outer loop
    vertex 0 20 -4.5
    vertex -1.093749999999995 20 -3.75
    vertex -1.093750000000004 20 -5.25
  endloop
endfacet
facet normal 0 -1 0
  outer loop
    vertex 0 20 -4.5
    vertex 8.881784197001252e-15 20 -3
    vertex -1.093749999999995 20 -3.75
  endloop
endfacet
facet normal 0 -1 0
  outer loop
    vertex -1.093750000000004 20 -5.25
    vertex -1.093749999999995 20 -3.75
    vertex -2.187499999999998 20 -4.5
  endloop
endfacet
facet normal 0 -1 -0
  outer loop
    vertex -4.37499999999999 20 -3
    vertex -4.374999999999997 20 -4.5
    vertex -3.281249999999995 20 -3.75
  endloop
endfacet
facet normal 0 -1 0
  outer loop
    vertex -4.374999999999997 20 -4.5
    vertex -3.281250000000002 20 -5.25
    vertex -3.281249999999995 20 -3.75
  endloop
endfacet
facet normal 0 -1 -0
  outer loop
    vertex -4.374999999999997 20 -4.5
    vertex -4.375000000000004 20 -6
    vertex -3.281250000000002 20 -5.25
  endloop
endfacet
facet normal 0 -1 -0
  outer loop
    vertex -3.281249999999995 20 -3.75
    vertex -3.281250000000002 20 -5.25
    vertex -2.187499999999998 20 -4.5
  endloop
endfacet
facet normal 0 -1 0
  outer loop
    vertex 4.374999999999989 20 -6
    vertex 4.374999999999996 20 -4.5
    vertex 3.281249999999993 20 -5.25
  endloop
endfacet
facet normal -0 -1 0
  outer loop
    vertex 4.374999999999996 20 -4.5
    vertex 3.281250000000002 20 -3.75
    vertex 3.281249999999993 20 -5.25
  endloop
endfacet
facet normal 0 -1 0
  outer loop
    vertex 4.374999999999996 20 -4.5
    vertex 4.375000000000005 20 -3
    vertex 3.281250000000002 20 -3.75
  endloop
endfacet
facet normal 0 -1 0
  outer loop
    vertex 3.281249999999993 20 -5.25
    vertex 3.281250000000002 20 -3.75
    vertex 2.187499999999998 20 -4.5
  endloop
endfacet
facet normal 0 -1 0
  outer loop
    vertex 4.374999999999989 20 -6
    vertex 6.562499999999993 20 -6
    vertex 5.466753436068299 20 -5.250000000000002
  endloop
endfacet
facet normal 0 -1 0
  outer loop
    vertex 6.562499999999993 20 -6
    vertex 7.654253436068306 20 -5.250000000000002
    vertex 5.466753436068299 20 -5.250000000000002
  endloop
endfacet
facet normal 0 -1 0
  outer loop
    vertex 6.562499999999993 20 -6
    vertex 8.75 20 -6
    vertex 7.654253436068306 20 -5.250000000000002
  endloop
endfacet
facet normal 0 -1 0
  outer loop
    vertex 5.466753436068299 20 -5.250000000000002
    vertex 7.654253436068306 20 -5.250000000000002
    vertex 6.55850687213661 20 -4.500000000000004
  endloop
endfacet
facet normal -0 -1 0
  outer loop
    vertex -4.37499999999999 20 -3
    vertex -6.562499999999995 20 -3
    vertex -5.466753436068299 20 -3.749999999999996
  endloop
endfacet
facet normal 0 -1 -0
  outer loop
    vertex -6.562499999999995 20 -3
    vertex -7.654253436068304 20 -3.749999999999996
    vertex -5.466753436068299 20 -3.749999999999996
  endloop
endfacet
facet normal -0 -1 0
  outer loop
    vertex -6.562499999999995 20 -3
    vertex -8.75 20 -3
    vertex -7.654253436068304 20 -3.749999999999996
  endloop
endfacet
facet normal -0 -1 0
  outer loop
    vertex -5.466753436068299 20 -3.749999999999996
    vertex -7.654253436068304 20 -3.749999999999996
    vertex -6.558506872136608 20 -4.499999999999993
  endloop
endfacet
facet normal 0 -1 0
  outer loop
    vertex -8.881784197001252e-15 20 -6
    vertex 2.187499999999989 20 -6
    vertex 1.093749999999995 20 -5.25
  endloop
endfacet
facet normal 0 -1 0
  outer loop
    vertex 2.187499999999989 20 -6
    vertex 3.281249999999993 20 -5.25
    vertex 1.093749999999995 20 -5.25
  endloop
endfacet
facet normal 0 -1 0
  outer loop
    vertex 2.187499999999989 20 -6
    vertex 4.374999999999989 20 -6
    vertex 3.281249999999993 20 -5.25
  endloop
endfacet
facet normal 0 -1 0
  outer loop
    vertex 1.093749999999995 20 -5.25
    vertex 3.281249999999993 20 -5.25
    vertex 2.187499999999998 20 -4.5
  endloop
endfacet
facet normal 0 -1 0
  outer loop
    vertex -4.375000000000004 20 -6
    vertex -2.187500000000007 20 -6
    vertex -3.281250000000002 20 -5.25
  endloop
endfacet
facet normal 0 -1 0
  outer loop
    vertex -2.187500000000007 20 -6
    vertex -1.093750000000004 20 -5.25
    vertex -3.281250000000002 20 -5.25
  endloop
endfacet
facet normal 0 -1 0
  outer loop
    vertex -2.187500000000007 20 -6
    vertex -8.881784197001252e-15 20 -6
    vertex -1.093750000000004 20 -5.25
  endloop
endfacet
facet normal 0 -1 0
  outer loop
    vertex -3.281250000000002 20 -5.25
    vertex -1.093750000000004 20 -5.25
    vertex -2.187499999999998 20 -4.5
  endloop
endfacet
facet normal -0 -1 0
  outer loop
    vertex 8.881784197001252e-15 20 -3
    vertex -2.187499999999991 20 -3
    vertex -1.093749999999995 20 -3.75
  endloop
endfacet
facet normal 0 -1 -0
  outer loop
    vertex -2.187499999999991 20 -3
    vertex -3.281249999999995 20 -3.75
    vertex -1.093749999999995 20 -3.75
  endloop
endfacet
facet normal -0 -1 0
  outer loop
    vertex -2.187499999999991 20 -3
    vertex -4.37499999999999 20 -3
    vertex -3.281249999999995 20 -3.75
  endloop
endfacet
facet normal -0 -1 0
  outer loop
    vertex -1.093749999999995 20 -3.75
    vertex -3.281249999999995 20 -3.75
    vertex -2.187499999999998 20 -4.5
  endloop
endfacet
facet normal -0 -1 0
  outer loop
    vertex 4.375000000000005 20 -3
    vertex 2.187500000000007 20 -3
    vertex 3.281250000000002 20 -3.75
  endloop
endfacet
facet normal 0 -1 -0
  outer loop
    vertex 2.187500000000007 20 -3
    vertex 1.093750000000004 20 -3.75
    vertex 3.281250000000002 20 -3.75
  endloop
endfacet
facet normal -0 -1 0
  outer loop
    vertex 2.187500000000007 20 -3
    vertex 8.881784197001252e-15 20 -3
    vertex 1.093750000000004 20 -3.75
  endloop
endfacet
facet normal -0 -1 0
  outer loop
    vertex 3.281250000000002 20 -3.75
    vertex 1.093750000000004 20 -3.75
    vertex 2.187499999999998 20 -4.5
  endloop
endfacet
facet normal 0 -1 0
  outer loop
    vertex 8.75 20 -6
    vertex 8.75 20 -5.25
    vertex 7.654253436068306 20 -5.250000000000002
  endloop
endfacet
facet normal -0 -1 0
  outer loop
    vertex 8.75 20 -5.25
    vertex 7.654253436068306 20 -4.500000000000002
    vertex 7.654253436068306 20 -5.250000000000002
  endloop
endfacet
facet normal 0 -1 0
  outer loop
    vertex 8.75 20 -5.25
    vertex 8.75 20 -4.5
    vertex 7.654253436068306 20 -4.500000000000002
  endloop
endfacet
facet normal 0 -1 0
  outer loop
    vertex 7.654253436068306 20 -5.250000000000002
    vertex 7.654253436068306 20 -4.500000000000002
    vertex 6.55850687213661 20 -4.500000000000004
  endloop
endfacet
facet normal 0 -1 0
  outer loop
    vertex -8.75 20 -6
    vertex -6.562500000000002 20 -6
    vertex -7.654253436068304 20 -5.249999999999996
  endloop
endfacet
facet normal 0 -1 0
  outer loop
    vertex -6.562500000000002 20 -6
    vertex -5.466753436068307 20 -5.249999999999996
    vertex -7.654253436068304 20 -5.249999999999996
  endloop
endfacet
facet normal 0 -1 0
  outer loop
    vertex -6.562500000000002 20 -6
    vertex -4.375000000000004 20 -6
    vertex -5.466753436068307 20 -5.249999999999996
  endloop
endfacet
facet normal 0 -1 0
  outer loop
    vertex -7.654253436068304 20 -5.249999999999996
    vertex -5.466753436068307 20 -5.249999999999996
    vertex -6.558506872136608 20 -4.499999999999993
  endloop
endfacet
facet normal 0 -1 0
  outer loop
    vertex -8.75 20 -4.5
    vertex -8.75 20 -5.25
    vertex -7.654253436068304 20 -4.499999999999996
  endloop
endfacet
facet normal 0 -1 0
  outer loop
    vertex -8.75 20 -5.25
    vertex -7.654253436068304 20 -5.249999999999996
    vertex -7.654253436068304 20 -4.499999999999996
  endloop
endfacet
facet normal 0 -1 0
  outer loop
    vertex -8.75 20 -5.25
    vertex -8.75 20 -6
    vertex -7.654253436068304 20 -5.249999999999996
  endloop
endfacet
facet normal 0 -1 0
  outer loop
    vertex -7.654253436068304 20 -4.499999999999996
    vertex -7.654253436068304 20 -5.249999999999996
    vertex -6.558506872136608 20 -4.499999999999993
  endloop
endfacet
facet normal 0 -1 0
  outer loop
    vertex -8.75 20 -3
    vertex -8.75 20 -3.75
    vertex -7.654253436068304 20 -3.749999999999996
  endloop
endfacet
facet normal 0 -1 0
  outer loop
    vertex -8.75 20 -3.75
    vertex -7.654253436068304 20 -4.499999999999996
    vertex -7.654253436068304 20 -3.749999999999996
  endloop
endfacet
facet normal 0 -1 0
  outer loop
    vertex -8.75 20 -3.75
    vertex -8.75 20 -4.5
    vertex -7.654253436068304 20 -4.499999999999996
  endloop
endfacet
facet normal 0 -1 0
  outer loop
    vertex -7.654253436068304 20 -3.749999999999996
    vertex -7.654253436068304 20 -4.499999999999996
    vertex -6.558506872136608 20 -4.499999999999993
  endloop
endfacet
facet normal -0 -1 0
  outer loop
    vertex 8.75 20 -3
    vertex 6.562500000000004 20 -3
    vertex 7.654253436068306 20 -3.75
  endloop
endfacet
facet normal 0 -1 -0
  outer loop
    vertex 6.562500000000004 20 -3
    vertex 5.466753436068307 20 -3.75
    vertex 7.654253436068306 20 -3.75
  endloop
endfacet
facet normal -0 -1 0
  outer loop
    vertex 6.562500000000004 20 -3
    vertex 4.375000000000005 20 -3
    vertex 5.466753436068307 20 -3.75
  endloop
endfacet
facet normal -0 -1 0
  outer loop
    vertex 7.654253436068306 20 -3.75
    vertex 5.466753436068307 20 -3.75
    vertex 6.55850687213661 20 -4.500000000000004
  endloop
endfacet
facet normal -0 -1 0
  outer loop
    vertex 8.75 20 -4.5
    vertex 8.75 20 -3.75
    vertex 7.654253436068306 20 -4.500000000000002
  endloop
endfacet
facet normal -0 -1 0
  outer loop
    vertex 8.75 20 -3.75
    vertex 7.654253436068306 20 -3.75
    vertex 7.654253436068306 20 -4.500000000000002
  endloop
endfacet
facet normal 0 -1 0
  outer loop
    vertex 8.75 20 -3.75
    vertex 8.75 20 -3
    vertex 7.654253436068306 20 -3.75
  endloop
endfacet
facet normal -0 -1 0
  outer loop
    vertex 7.654253436068306 20 -4.500000000000002
    vertex 7.654253436068306 20 -3.75
    vertex 6.55850687213661 20 -4.500000000000004
  endloop
endfacet
facet normal 0 -1 0
  outer loop
    vertex 11.75 23 -3
    vertex 11.75 23 -1.5
    vertex 10.575 23 -2.25
  endloop
endfacet
facet normal -0 -1 0
  outer loop
    vertex 11.75 23 -1.5
    vertex 10.575 23 -0.75
    vertex 10.575 23 -2.25
  endloop
endfacet
facet normal 0 -1 0
  outer loop
    vertex 11.75 23 -1.5
    vertex 11.75 23 0
    vertex 10.575 23 -0.75
  endloop
endfacet
facet normal 0 -1 0
  outer loop
    vertex 10.575 23 -2.25
    vertex 10.575 23 -0.75
    vertex 9.399999999999999 23 -1.5
  endloop
endfacet
facet normal 0 -1 0
  outer loop
    vertex 7.050000000000001 23 -3
    vertex 7.050000000000001 23 -1.5
    vertex 5.875 23 -2.25
  endloop
endfacet
facet normal -0 -1 0
  outer loop
    vertex 7.050000000000001 23 -1.5
    vertex 5.875 23 -0.75
    vertex 5.875 23 -2.25
  endloop
endfacet
facet normal 0 -1 0
  outer loop
    vertex 7.050000000000001 23 -1.5
    vertex 7.050000000000001 23 0
    vertex 5.875 23 -0.75
  endloop
endfacet
facet normal 0 -1 0
  outer loop
    vertex 5.875 23 -2.25
    vertex 5.875 23 -0.75
    vertex 4.699999999999999 23 -1.5
  endloop
endfacet
facet normal 0 -1 0
  outer loop
    vertex -11.75 23 0
    vertex -11.75 23 -1.5
    vertex -10.575 23 -0.75
  endloop
endfacet
facet normal 0 -1 0
  outer loop
    vertex -11.75 23 -1.5
    vertex -10.575 23 -2.25
    vertex -10.575 23 -0.75
  endloop
endfacet
facet normal 0 -1 0
  outer loop
    vertex -11.75 23 -1.5
    vertex -11.75 23 -3
    vertex -10.575 23 -2.25
  endloop
endfacet
facet normal 0 -1 0
  outer loop
    vertex -10.575 23 -0.75
    vertex -10.575 23 -2.25
    vertex -9.4 23 -1.5
  endloop
endfacet
facet normal 0 -1 0
  outer loop
    vertex -7.05 23 -3
    vertex -7.05 23 -1.5
    vertex -8.225 23 -2.25
  endloop
endfacet
facet normal -0 -1 0
  outer loop
    vertex -7.05 23 -1.5
    vertex -8.225 23 -0.75
    vertex -8.225 23 -2.25
  endloop
endfacet
facet normal 0 -1 0
  outer loop
    vertex -7.05 23 -1.5
    vertex -7.05 23 0
    vertex -8.225 23 -0.75
  endloop
endfacet
facet normal 0 -1 0
  outer loop
    vertex -8.225 23 -2.25
    vertex -8.225 23 -0.75
    vertex -9.4 23 -1.5
  endloop
endfacet
facet normal 0 -1 0
  outer loop
    vertex -7.05 23 0
    vertex -7.05 23 -1.5
    vertex -5.875 23 -0.75
  endloop
endfacet
facet normal 0 -1 0
  outer loop
    vertex -7.05 23 -1.5
    vertex -5.875 23 -2.25
    vertex -5.875 23 -0.75
  endloop
endfacet
facet normal 0 -1 0
  outer loop
    vertex -7.05 23 -1.5
    vertex -7.05 23 -3
    vertex -5.875 23 -2.25
  endloop
endfacet
facet normal 0 -1 0
  outer loop
    vertex -5.875 23 -0.75
    vertex -5.875 23 -2.25
    vertex -4.7 23 -1.5
  endloop
endfacet
facet normal 0 -1 0
  outer loop
    vertex -2.35 23 -3
    vertex -2.35 23 -1.5
    vertex -3.525 23 -2.25
  endloop
endfacet
facet normal -0 -1 0
  outer loop
    vertex -2.35 23 -1.5
    vertex -3.525 23 -0.75
    vertex -3.525 23 -2.25
  endloop
endfacet
facet normal 0 -1 0
  outer loop
    vertex -2.35 23 -1.5
    vertex -2.35 23 0
    vertex -3.525 23 -0.75
  endloop
endfacet
facet normal 0 -1 0
  outer loop
    vertex -3.525 23 -2.25
    vertex -3.525 23 -0.75
    vertex -4.7 23 -1.5
  endloop
endfacet
facet normal 0 -1 0
  outer loop
    vertex -2.35 23 0
    vertex -2.35 23 -1.5
    vertex -1.175000000000001 23 -0.75
  endloop
endfacet
facet normal 0 -1 0
  outer loop
    vertex -2.35 23 -1.5
    vertex -1.175000000000001 23 -2.25
    vertex -1.175000000000001 23 -0.75
  endloop
endfacet
facet normal 0 -1 0
  outer loop
    vertex -2.35 23 -1.5
    vertex -2.35 23 -3
    vertex -1.175000000000001 23 -2.25
  endloop
endfacet
facet normal 0 -1 0
  outer loop
    vertex -1.175000000000001 23 -0.75
    vertex -1.175000000000001 23 -2.25
    vertex 0 23 -1.5
  endloop
endfacet
facet normal 0 -1 0
  outer loop
    vertex 2.35 23 0
    vertex 2.35 23 -1.5
    vertex 3.524999999999999 23 -0.75
  endloop
endfacet
facet normal 0 -1 0
  outer loop
    vertex 2.35 23 -1.5
    vertex 3.524999999999999 23 -2.25
    vertex 3.524999999999999 23 -0.75
  endloop
endfacet
facet normal 0 -1 0
  outer loop
    vertex 2.35 23 -1.5
    vertex 2.35 23 -3
    vertex 3.524999999999999 23 -2.25
  endloop
endfacet
facet normal 0 -1 0
  outer loop
    vertex 3.524999999999999 23 -0.75
    vertex 3.524999999999999 23 -2.25
    vertex 4.699999999999999 23 -1.5
  endloop
endfacet
facet normal 0 -1 0
  outer loop
    vertex 2.35 23 -3
    vertex 2.35 23 -1.5
    vertex 1.175000000000001 23 -2.25
  endloop
endfacet
facet normal -0 -1 0
  outer loop
    vertex 2.35 23 -1.5
    vertex 1.175000000000001 23 -0.75
    vertex 1.175000000000001 23 -2.25
  endloop
endfacet
facet normal 0 -1 0
  outer loop
    vertex 2.35 23 -1.5
    vertex 2.35 23 0
    vertex 1.175000000000001 23 -0.75
  endloop
endfacet
facet normal 0 -1 0
  outer loop
    vertex 1.175000000000001 23 -2.25
    vertex 1.175000000000001 23 -0.75
    vertex 0 23 -1.5
  endloop
endfacet
facet normal 0 -1 0
  outer loop
    vertex 7.050000000000001 23 0
    vertex 7.050000000000001 23 -1.5
    vertex 8.225000000000001 23 -0.75
  endloop
endfacet
facet normal 0 -1 0
  outer loop
    vertex 7.050000000000001 23 -1.5
    vertex 8.225000000000001 23 -2.25
    vertex 8.225000000000001 23 -0.75
  endloop
endfacet
facet normal 0 -1 0
  outer loop
    vertex 7.050000000000001 23 -1.5
    vertex 7.050000000000001 23 -3
    vertex 8.225000000000001 23 -2.25
  endloop
endfacet
facet normal 0 -1 0
  outer loop
    vertex 8.225000000000001 23 -0.75
    vertex 8.225000000000001 23 -2.25
    vertex 9.399999999999999 23 -1.5
  endloop
endfacet
facet normal 0 -1 0
  outer loop
    vertex 7.050000000000001 23 -3
    vertex 9.399999999999999 23 -3
    vertex 8.225000000000001 23 -2.25
  endloop
endfacet
facet normal 0 -1 0
  outer loop
    vertex 9.399999999999999 23 -3
    vertex 10.575 23 -2.25
    vertex 8.225000000000001 23 -2.25
  endloop
endfacet
facet normal 0 -1 0
  outer loop
    vertex 9.399999999999999 23 -3
    vertex 11.75 23 -3
    vertex 10.575 23 -2.25
  endloop
endfacet
facet normal 0 -1 0
  outer loop
    vertex 8.225000000000001 23 -2.25
    vertex 10.575 23 -2.25
    vertex 9.399999999999999 23 -1.5
  endloop
endfacet
facet normal 0 -1 0
  outer loop
    vertex -11.75 23 -3
    vertex -9.4 23 -3
    vertex -10.575 23 -2.25
  endloop
endfacet
facet normal 0 -1 0
  outer loop
    vertex -9.4 23 -3
    vertex -8.225 23 -2.25
    vertex -10.575 23 -2.25
  endloop
endfacet
facet normal 0 -1 0
  outer loop
    vertex -9.4 23 -3
    vertex -7.05 23 -3
    vertex -8.225 23 -2.25
  endloop
endfacet
facet normal 0 -1 0
  outer loop
    vertex -10.575 23 -2.25
    vertex -8.225 23 -2.25
    vertex -9.4 23 -1.5
  endloop
endfacet
facet normal -0 -1 0
  outer loop
    vertex -7.05 23 0
    vertex -9.4 23 0
    vertex -8.225 23 -0.75
  endloop
endfacet
facet normal 0 -1 -0
  outer loop
    vertex -9.4 23 0
    vertex -10.575 23 -0.75
    vertex -8.225 23 -0.75
  endloop
endfacet
facet normal -0 -1 0
  outer loop
    vertex -9.4 23 0
    vertex -11.75 23 0
    vertex -10.575 23 -0.75
  endloop
endfacet
facet normal -0 -1 0
  outer loop
    vertex -8.225 23 -0.75
    vertex -10.575 23 -0.75
    vertex -9.4 23 -1.5
  endloop
endfacet
facet normal -0 -1 0
  outer loop
    vertex 11.75 23 0
    vertex 9.399999999999999 23 0
    vertex 10.575 23 -0.75
  endloop
endfacet
facet normal 0 -1 -0
  outer loop
    vertex 9.399999999999999 23 0
    vertex 8.225000000000001 23 -0.75
    vertex 10.575 23 -0.75
  endloop
endfacet
facet normal -0 -1 0
  outer loop
    vertex 9.399999999999999 23 0
    vertex 7.050000000000001 23 0
    vertex 8.225000000000001 23 -0.75
  endloop
endfacet
facet normal -0 -1 0
  outer loop
    vertex 10.575 23 -0.75
    vertex 8.225000000000001 23 -0.75
    vertex 9.399999999999999 23 -1.5
  endloop
endfacet
facet normal 0 -1 0
  outer loop
    vertex -7.05 23 -3
    vertex -4.7 23 -3
    vertex -5.875 23 -2.25
  endloop
endfacet
facet normal 0 -1 0
  outer loop
    vertex -4.7 23 -3
    vertex -3.525 23 -2.25
    vertex -5.875 23 -2.25
  endloop
endfacet
facet normal 0 -1 0
  outer loop
    vertex -4.7 23 -3
    vertex -2.35 23 -3
    vertex -3.525 23 -2.25
  endloop
endfacet
facet normal 0 -1 0
  outer loop
    vertex -5.875 23 -2.25
    vertex -3.525 23 -2.25
    vertex -4.7 23 -1.5
  endloop
endfacet
facet normal 0 -1 0
  outer loop
    vertex -2.35 23 -3
    vertex 0 23 -3
    vertex -1.175000000000001 23 -2.25
  endloop
endfacet
facet normal 0 -1 0
  outer loop
    vertex 0 23 -3
    vertex 1.175000000000001 23 -2.25
    vertex -1.175000000000001 23 -2.25
  endloop
endfacet
facet normal 0 -1 0
  outer loop
    vertex 0 23 -3
    vertex 2.35 23 -3
    vertex 1.175000000000001 23 -2.25
  endloop
endfacet
facet normal 0 -1 0
  outer loop
    vertex -1.175000000000001 23 -2.25
    vertex 1.175000000000001 23 -2.25
    vertex 0 23 -1.5
  endloop
endfacet
facet normal 0 -1 0
  outer loop
    vertex 2.35 23 -3
    vertex 4.699999999999999 23 -3
    vertex 3.524999999999999 23 -2.25
  endloop
endfacet
facet normal 0 -1 0
  outer loop
    vertex 4.699999999999999 23 -3
    vertex 5.875 23 -2.25
    vertex 3.524999999999999 23 -2.25
  endloop
endfacet
facet normal 0 -1 0
  outer loop
    vertex 4.699999999999999 23 -3
    vertex 7.050000000000001 23 -3
    vertex 5.875 23 -2.25
  endloop
endfacet
facet normal 0 -1 0
  outer loop
    vertex 3.524999999999999 23 -2.25
    vertex 5.875 23 -2.25
    vertex 4.699999999999999 23 -1.5
  endloop
endfacet
facet normal -0 -1 0
  outer loop
    vertex -2.35 23 0
    vertex -4.7 23 0
    vertex -3.525 23 -0.75
  endloop
endfacet
facet normal 0 -1 -0
  outer loop
    vertex -4.7 23 0
    vertex -5.875 23 -0.75
    vertex -3.525 23 -0.75
  endloop
endfacet
facet normal -0 -1 0
  outer loop
    vertex -4.7 23 0
    vertex -7.05 23 0
    vertex -5.875 23 -0.75
  endloop
endfacet
facet normal -0 -1 0
  outer loop
    vertex -3.525 23 -0.75
    vertex -5.875 23 -0.75
    vertex -4.7 23 -1.5
  endloop
endfacet
facet normal -0 -1 0
  outer loop
    vertex 2.35 23 0
    vertex 0 23 0
    vertex 1.175000000000001 23 -0.75
  endloop
endfacet
facet normal 0 -1 -0
  outer loop
    vertex 0 23 0
    vertex -1.175000000000001 23 -0.75
    vertex 1.175000000000001 23 -0.75
  endloop
endfacet
facet normal -0 -1 0
  outer loop
    vertex 0 23 0
    vertex -2.35 23 0
    vertex -1.175000000000001 23 -0.75
  endloop
endfacet
facet normal -0 -1 0
  outer loop
    vertex 1.175000000000001 23 -0.75
    vertex -1.175000000000001 23 -0.75
    vertex 0 23 -1.5
  endloop
endfacet
facet normal -0 -1 0
  outer loop
    vertex 7.050000000000001 23 0
    vertex 4.699999999999999 23 0
    vertex 5.875 23 -0.75
  endloop
endfacet
facet normal 0 -1 -0
  outer loop
    vertex 4.699999999999999 23 0
    vertex 3.524999999999999 23 -0.75
    vertex 5.875 23 -0.75
  endloop
endfacet
facet normal -0 -1 0
  outer loop
    vertex 4.699999999999999 23 0
    vertex 2.35 23 0
    vertex 3.524999999999999 23 -0.75
  endloop
endfacet
facet normal -0 -1 0
  outer loop
    vertex 5.875 23 -0.75
    vertex 3.524999999999999 23 -0.75
    vertex 4.699999999999999 23 -1.5
  endloop
endfacet
facet normal -1 0 0
  outer loop
    vertex 11.75 13.8 -3
    vertex 11.75 13.8 -1.5
    vertex 11.75 14.95 -2.25
  endloop
endfacet
facet normal -1 0 0
  outer loop
    vertex 11.75 13.8 -1.5
    vertex 11.75 14.95 -0.75
    vertex 11.75 14.95 -2.25
  endloop
endfacet
facet normal -1 0 0
  outer loop
    vertex 11.75 13.8 -1.5
    vertex 11.75 13.8 0
    vertex 11.75 14.95 -0.75
  endloop
endfacet
facet normal -1 0 0
  outer loop
    vertex 11.75 14.95 -2.25
    vertex 11.75 14.95 -0.75
    vertex 11.75 16.1 -1.5
  endloop
endfacet
facet normal -1 0 -0
  outer loop
    vertex 11.75 13.8 0
    vertex 11.75 13.8 -1.5
    vertex 11.75 12.65 -0.75
  endloop
endfacet
facet normal -1 -0 0
  outer loop
    vertex 11.75 13.8 -1.5
    vertex 11.75 12.65 -2.25
    vertex 11.75 12.65 -0.75
  endloop
endfacet
facet normal -1 0 -0
  outer loop
    vertex 11.75 13.8 -1.5
    vertex 11.75 13.8 -3
    vertex 11.75 12.65 -2.25
  endloop
endfacet
facet normal -1 0 -0
  outer loop
    vertex 11.75 12.65 -0.75
    vertex 11.75 12.65 -2.25
    vertex 11.75 11.49999999999999 -1.5
  endloop
endfacet
facet normal -1 0 -0
  outer loop
    vertex 11.75 18.40000000000001 0
    vertex 11.75 18.40000000000001 -1.5
    vertex 11.75 17.25000000000001 -0.75
  endloop
endfacet
facet normal -1 -0 0
  outer loop
    vertex 11.75 18.40000000000001 -1.5
    vertex 11.75 17.25000000000001 -2.25
    vertex 11.75 17.25000000000001 -0.75
  endloop
endfacet
facet normal -1 0 -0
  outer loop
    vertex 11.75 18.40000000000001 -1.5
    vertex 11.75 18.40000000000001 -3
    vertex 11.75 17.25000000000001 -2.25
  endloop
endfacet
facet normal -1 0 -0
  outer loop
    vertex 11.75 17.25000000000001 -0.75
    vertex 11.75 17.25000000000001 -2.25
    vertex 11.75 16.1 -1.5
  endloop
endfacet
facet normal -1 0 0
  outer loop
    vertex 11.75 9.199999999999987 -3
    vertex 11.75 9.199999999999987 -1.5
    vertex 11.75 10.34999999999999 -2.25
  endloop
endfacet
facet normal -1 0 0
  outer loop
    vertex 11.75 9.199999999999987 -1.5
    vertex 11.75 10.34999999999999 -0.75
    vertex 11.75 10.34999999999999 -2.25
  endloop
endfacet
facet normal -1 0 0
  outer loop
    vertex 11.75 9.199999999999987 -1.5
    vertex 11.75 9.199999999999987 0
    vertex 11.75 10.34999999999999 -0.75
  endloop
endfacet
facet normal -1 0 0
  outer loop
    vertex 11.75 10.34999999999999 -2.25
    vertex 11.75 10.34999999999999 -0.75
    vertex 11.75 11.49999999999999 -1.5
  endloop
endfacet
facet normal -1 0 0
  outer loop
    vertex 11.75 0 -3
    vertex 11.75 0 -1.5
    vertex 11.75 1.15 -2.25
  endloop
endfacet
facet normal -1 0 0
  outer loop
    vertex 11.75 0 -1.5
    vertex 11.75 1.15 -0.75
    vertex 11.75 1.15 -2.25
  endloop
endfacet
facet normal -1 0 0
  outer loop
    vertex 11.75 0 -1.5
    vertex 11.75 0 0
    vertex 11.75 1.15 -0.75
  endloop
endfacet
facet normal -1 0 0
  outer loop
    vertex 11.75 1.15 -2.25
    vertex 11.75 1.15 -0.75
    vertex 11.75 2.299999999999999 -1.5
  endloop
endfacet
facet normal -1 0 -0
  outer loop
    vertex 11.75 4.599999999999999 0
    vertex 11.75 4.599999999999999 -1.5
    vertex 11.75 3.449999999999999 -0.75
  endloop
endfacet
facet normal -1 -0 0
  outer loop
    vertex 11.75 4.599999999999999 -1.5
    vertex 11.75 3.449999999999999 -2.25
    vertex 11.75 3.449999999999999 -0.75
  endloop
endfacet
facet normal -1 0 -0
  outer loop
    vertex 11.75 4.599999999999999 -1.5
    vertex 11.75 4.599999999999999 -3
    vertex 11.75 3.449999999999999 -2.25
  endloop
endfacet
facet normal -1 0 -0
  outer loop
    vertex 11.75 3.449999999999999 -0.75
    vertex 11.75 3.449999999999999 -2.25
    vertex 11.75 2.299999999999999 -1.5
  endloop
endfacet
facet normal -1 0 -0
  outer loop
    vertex 11.75 23 0
    vertex 11.75 23 -1.5
    vertex 11.75 21.85 -0.75
  endloop
endfacet
facet normal -1 -0 0
  outer loop
    vertex 11.75 23 -1.5
    vertex 11.75 21.85 -2.25
    vertex 11.75 21.85 -0.75
  endloop
endfacet
facet normal -1 0 -0
  outer loop
    vertex 11.75 23 -1.5
    vertex 11.75 23 -3
    vertex 11.75 21.85 -2.25
  endloop
endfacet
facet normal -1 0 -0
  outer loop
    vertex 11.75 21.85 -0.75
    vertex 11.75 21.85 -2.25
    vertex 11.75 20.7 -1.5
  endloop
endfacet
facet normal -1 0 0
  outer loop
    vertex 11.75 4.599999999999999 -3
    vertex 11.75 4.599999999999999 -1.5
    vertex 11.75 5.749999999999995 -2.25
  endloop
endfacet
facet normal -1 0 0
  outer loop
    vertex 11.75 4.599999999999999 -1.5
    vertex 11.75 5.749999999999995 -0.75
    vertex 11.75 5.749999999999995 -2.25
  endloop
endfacet
facet normal -1 0 0
  outer loop
    vertex 11.75 4.599999999999999 -1.5
    vertex 11.75 4.599999999999999 0
    vertex 11.75 5.749999999999995 -0.75
  endloop
endfacet
facet normal -1 0 0
  outer loop
    vertex 11.75 5.749999999999995 -2.25
    vertex 11.75 5.749999999999995 -0.75
    vertex 11.75 6.899999999999991 -1.5
  endloop
endfacet
facet normal -1 0 -0
  outer loop
    vertex 11.75 9.199999999999987 0
    vertex 11.75 9.199999999999987 -1.5
    vertex 11.75 8.04999999999999 -0.75
  endloop
endfacet
facet normal -1 -0 0
  outer loop
    vertex 11.75 9.199999999999987 -1.5
    vertex 11.75 8.04999999999999 -2.25
    vertex 11.75 8.04999999999999 -0.75
  endloop
endfacet
facet normal -1 0 -0
  outer loop
    vertex 11.75 9.199999999999987 -1.5
    vertex 11.75 9.199999999999987 -3
    vertex 11.75 8.04999999999999 -2.25
  endloop
endfacet
facet normal -1 0 -0
  outer loop
    vertex 11.75 8.04999999999999 -0.75
    vertex 11.75 8.04999999999999 -2.25
    vertex 11.75 6.899999999999991 -1.5
  endloop
endfacet
facet normal -1 0 0
  outer loop
    vertex 11.75 18.40000000000001 -3
    vertex 11.75 18.40000000000001 -1.5
    vertex 11.75 19.55000000000001 -2.25
  endloop
endfacet
facet normal -1 0 0
  outer loop
    vertex 11.75 18.40000000000001 -1.5
    vertex 11.75 19.55000000000001 -0.75
    vertex 11.75 19.55000000000001 -2.25
  endloop
endfacet
facet normal -1 0 0
  outer loop
    vertex 11.75 18.40000000000001 -1.5
    vertex 11.75 18.40000000000001 0
    vertex 11.75 19.55000000000001 -0.75
  endloop
endfacet
facet normal -1 0 0
  outer loop
    vertex 11.75 19.55000000000001 -2.25
    vertex 11.75 19.55000000000001 -0.75
    vertex 11.75 20.7 -1.5
  endloop
endfacet
facet normal -1 0 0
  outer loop
    vertex 11.75 23 -3
    vertex 11.75 20.70000000000001 -3
    vertex 11.75 21.85 -2.25
  endloop
endfacet
facet normal -1 0 0
  outer loop
    vertex 11.75 20.70000000000001 -3
    vertex 11.75 19.55000000000001 -2.25
    vertex 11.75 21.85 -2.25
  endloop
endfacet
facet normal -1 0 0
  outer loop
    vertex 11.75 20.70000000000001 -3
    vertex 11.75 18.40000000000001 -3
    vertex 11.75 19.55000000000001 -2.25
  endloop
endfacet
facet normal -1 0 0
  outer loop
    vertex 11.75 21.85 -2.25
    vertex 11.75 19.55000000000001 -2.25
    vertex 11.75 20.7 -1.5
  endloop
endfacet
facet normal -1 0 0
  outer loop
    vertex 11.75 4.599999999999999 -3
    vertex 11.75 2.299999999999999 -3
    vertex 11.75 3.449999999999999 -2.25
  endloop
endfacet
facet normal -1 0 0
  outer loop
    vertex 11.75 2.299999999999999 -3
    vertex 11.75 1.15 -2.25
    vertex 11.75 3.449999999999999 -2.25
  endloop
endfacet
facet normal -1 0 0
  outer loop
    vertex 11.75 2.299999999999999 -3
    vertex 11.75 0 -3
    vertex 11.75 1.15 -2.25
  endloop
endfacet
facet normal -1 0 0
  outer loop
    vertex 11.75 3.449999999999999 -2.25
    vertex 11.75 1.15 -2.25
    vertex 11.75 2.299999999999999 -1.5
  endloop
endfacet
facet normal -1 0 0
  outer loop
    vertex 11.75 0 0
    vertex 11.75 2.299999999999999 0
    vertex 11.75 1.15 -0.75
  endloop
endfacet
facet normal -1 0 -0
  outer loop
    vertex 11.75 2.299999999999999 0
    vertex 11.75 3.449999999999999 -0.75
    vertex 11.75 1.15 -0.75
  endloop
endfacet
facet normal -1 0 0
  outer loop
    vertex 11.75 2.299999999999999 0
    vertex 11.75 4.599999999999999 0
    vertex 11.75 3.449999999999999 -0.75
  endloop
endfacet
facet normal -1 0 0
  outer loop
    vertex 11.75 1.15 -0.75
    vertex 11.75 3.449999999999999 -0.75
    vertex 11.75 2.299999999999999 -1.5
  endloop
endfacet
facet normal -1 0 0
  outer loop
    vertex 11.75 18.40000000000001 0
    vertex 11.75 20.70000000000001 0
    vertex 11.75 19.55000000000001 -0.75
  endloop
endfacet
facet normal -1 0 -0
  outer loop
    vertex 11.75 20.70000000000001 0
    vertex 11.75 21.85 -0.75
    vertex 11.75 19.55000000000001 -0.75
  endloop
endfacet
facet normal -1 0 0
  outer loop
    vertex 11.75 20.70000000000001 0
    vertex 11.75 23 0
    vertex 11.75 21.85 -0.75
  endloop
endfacet
facet normal -1 0 0
  outer loop
    vertex 11.75 19.55000000000001 -0.75
    vertex 11.75 21.85 -0.75
    vertex 11.75 20.7 -1.5
  endloop
endfacet
facet normal -1 0 0
  outer loop
    vertex 11.75 9.199999999999987 -3
    vertex 11.75 6.899999999999993 -3
    vertex 11.75 8.04999999999999 -2.25
  endloop
endfacet
facet normal -1 0 0
  outer loop
    vertex 11.75 6.899999999999993 -3
    vertex 11.75 5.749999999999995 -2.25
    vertex 11.75 8.04999999999999 -2.25
  endloop
endfacet
facet normal -1 0 0
  outer loop
    vertex 11.75 6.899999999999993 -3
    vertex 11.75 4.599999999999999 -3
    vertex 11.75 5.749999999999995 -2.25
  endloop
endfacet
facet normal -1 0 0
  outer loop
    vertex 11.75 8.04999999999999 -2.25
    vertex 11.75 5.749999999999995 -2.25
    vertex 11.75 6.899999999999991 -1.5
  endloop
endfacet
facet normal -1 0 0
  outer loop
    vertex 11.75 13.8 -3
    vertex 11.75 11.49999999999999 -3
    vertex 11.75 12.65 -2.25
  endloop
endfacet
facet normal -1 0 0
  outer loop
    vertex 11.75 11.49999999999999 -3
    vertex 11.75 10.34999999999999 -2.25
    vertex 11.75 12.65 -2.25
  endloop
endfacet
facet normal -1 0 0
  outer loop
    vertex 11.75 11.49999999999999 -3
    vertex 11.75 9.199999999999987 -3
    vertex 11.75 10.34999999999999 -2.25
  endloop
endfacet
facet normal -1 0 0
  outer loop
    vertex 11.75 12.65 -2.25
    vertex 11.75 10.34999999999999 -2.25
    vertex 11.75 11.49999999999999 -1.5
  endloop
endfacet
facet normal -1 0 0
  outer loop
    vertex 11.75 18.40000000000001 -3
    vertex 11.75 16.1 -3
    vertex 11.75 17.25000000000001 -2.25
  endloop
endfacet
facet normal -1 0 0
  outer loop
    vertex 11.75 16.1 -3
    vertex 11.75 14.95 -2.25
    vertex 11.75 17.25000000000001 -2.25
  endloop
endfacet
facet normal -1 0 0
  outer loop
    vertex 11.75 16.1 -3
    vertex 11.75 13.8 -3
    vertex 11.75 14.95 -2.25
  endloop
endfacet
facet normal -1 0 0
  outer loop
    vertex 11.75 17.25000000000001 -2.25
    vertex 11.75 14.95 -2.25
    vertex 11.75 16.1 -1.5
  endloop
endfacet
facet normal -1 0 0
  outer loop
    vertex 11.75 4.599999999999999 0
    vertex 11.75 6.899999999999993 0
    vertex 11.75 5.749999999999995 -0.75
  endloop
endfacet
facet normal -1 0 -0
  outer loop
    vertex 11.75 6.899999999999993 0
    vertex 11.75 8.04999999999999 -0.75
    vertex 11.75 5.749999999999995 -0.75
  endloop
endfacet
facet normal -1 0 0
  outer loop
    vertex 11.75 6.899999999999993 0
    vertex 11.75 9.199999999999987 0
    vertex 11.75 8.04999999999999 -0.75
  endloop
endfacet
facet normal -1 0 0
  outer loop
    vertex 11.75 5.749999999999995 -0.75
    vertex 11.75 8.04999999999999 -0.75
    vertex 11.75 6.899999999999991 -1.5
  endloop
endfacet
facet normal -1 0 0
  outer loop
    vertex 11.75 9.199999999999987 0
    vertex 11.75 11.49999999999999 0
    vertex 11.75 10.34999999999999 -0.75
  endloop
endfacet
facet normal -1 0 -0
  outer loop
    vertex 11.75 11.49999999999999 0
    vertex 11.75 12.65 -0.75
    vertex 11.75 10.34999999999999 -0.75
  endloop
endfacet
facet normal -1 0 0
  outer loop
    vertex 11.75 11.49999999999999 0
    vertex 11.75 13.8 0
    vertex 11.75 12.65 -0.75
  endloop
endfacet
facet normal -1 0 0
  outer loop
    vertex 11.75 10.34999999999999 -0.75
    vertex 11.75 12.65 -0.75
    vertex 11.75 11.49999999999999 -1.5
  endloop
endfacet
facet normal -1 0 0
  outer loop
    vertex 11.75 13.8 0
    vertex 11.75 16.1 0
    vertex 11.75 14.95 -0.75
  endloop
endfacet
facet normal -1 0 -0
  outer loop
    vertex 11.75 16.1 0
    vertex 11.75 17.25000000000001 -0.75
    vertex 11.75 14.95 -0.75
  endloop
endfacet
facet normal -1 0 0
  outer loop
    vertex 11.75 16.1 0
    vertex 11.75 18.40000000000001 0
    vertex 11.75 17.25000000000001 -0.75
  endloop
endfacet
facet normal -1 0 0
  outer loop
    vertex 11.75 14.95 -0.75
    vertex 11.75 17.25000000000001 -0.75
    vertex 11.75 16.1 -1.5
  endloop
endfacet
facet normal 0 -0 -1
  outer loop
    vertex 17.75 3 -3
    vertex 18.5 2.25 -3
    vertex 17 2.25 -3
  endloop
endfacet
facet normal 0 0 -1
  outer loop
    vertex 18.5 2.25 -3
    vertex 17.75 1.5 -3
    vertex 17 2.25 -3
  endloop
endfacet
facet normal 0 -0 -1
  outer loop
    vertex 18.5 2.25 -3
    vertex 19.25 1.500000000000001 -3
    vertex 17.75 1.5 -3
  endloop
endfacet
facet normal 0 -0 -1
  outer loop
    vertex 17 2.25 -3
    vertex 17.75 1.5 -3
    vertex 16.25 1.5 -3
  endloop
endfacet
facet normal 0 0 -1
  outer loop
    vertex 14.75 0 -3
    vertex 14.75 1.5 -3
    vertex 15.5 0.75 -3
  endloop
endfacet
facet normal 0 0 -1
  outer loop
    vertex 14.75 1.5 -3
    vertex 15.5 2.25 -3
    vertex 15.5 0.75 -3
  endloop
endfacet
facet normal 0 0 -1
  outer loop
    vertex 14.75 1.5 -3
    vertex 14.75 3 -3
    vertex 15.5 2.25 -3
  endloop
endfacet
facet normal 0 0 -1
  outer loop
    vertex 15.5 0.75 -3
    vertex 15.5 2.25 -3
    vertex 16.25 1.5 -3
  endloop
endfacet
facet normal 0 0 -1
  outer loop
    vertex 17.75 0 -3
    vertex 16.25 0 -3
    vertex 17 0.75 -3
  endloop
endfacet
facet normal 0 0 -1
  outer loop
    vertex 16.25 0 -3
    vertex 15.5 0.75 -3
    vertex 17 0.75 -3
  endloop
endfacet
facet normal 0 0 -1
  outer loop
    vertex 16.25 0 -3
    vertex 14.75 0 -3
    vertex 15.5 0.75 -3
  endloop
endfacet
facet normal 0 0 -1
  outer loop
    vertex 17 0.75 -3
    vertex 15.5 0.75 -3
    vertex 16.25 1.5 -3
  endloop
endfacet
facet normal 0 0 -1
  outer loop
    vertex 14.75 3 -3
    vertex 16.25 3 -3
    vertex 15.5 2.25 -3
  endloop
endfacet
facet normal 0 -0 -1
  outer loop
    vertex 16.25 3 -3
    vertex 17 2.25 -3
    vertex 15.5 2.25 -3
  endloop
endfacet
facet normal 0 0 -1
  outer loop
    vertex 16.25 3 -3
    vertex 17.75 3 -3
    vertex 17 2.25 -3
  endloop
endfacet
facet normal 0 0 -1
  outer loop
    vertex 15.5 2.25 -3
    vertex 17 2.25 -3
    vertex 16.25 1.5 -3
  endloop
endfacet
facet normal 0 -0 -1
  outer loop
    vertex 20.75 3 -3
    vertex 20.75 1.5 -3
    vertex 20 2.25 -3
  endloop
endfacet
facet normal -0 0 -1
  outer loop
    vertex 20.75 1.5 -3
    vertex 20 0.7500000000000006 -3
    vertex 20 2.25 -3
  endloop
endfacet
facet normal 0 -0 -1
  outer loop
    vertex 20.75 1.5 -3
    vertex 20.75 0 -3
    vertex 20 0.7500000000000006 -3
  endloop
endfacet
facet normal 0 -0 -1
  outer loop
    vertex 20 2.25 -3
    vertex 20 0.7500000000000006 -3
    vertex 19.25 1.500000000000001 -3
  endloop
endfacet
facet normal 0 0 -1
  outer loop
    vertex 20.75 0 -3
    vertex 19.25 0 -3
    vertex 20 0.7500000000000006 -3
  endloop
endfacet
facet normal 0 0 -1
  outer loop
    vertex 19.25 0 -3
    vertex 18.5 0.7500000000000006 -3
    vertex 20 0.7500000000000006 -3
  endloop
endfacet
facet normal 0 0 -1
  outer loop
    vertex 19.25 0 -3
    vertex 17.75 0 -3
    vertex 18.5 0.7500000000000006 -3
  endloop
endfacet
facet normal 0 0 -1
  outer loop
    vertex 20 0.7500000000000006 -3
    vertex 18.5 0.7500000000000006 -3
    vertex 19.25 1.500000000000001 -3
  endloop
endfacet
facet normal 0 0 -1
  outer loop
    vertex 17.75 3 -3
    vertex 19.25 3 -3
    vertex 18.5 2.25 -3
  endloop
endfacet
facet normal 0 -0 -1
  outer loop
    vertex 19.25 3 -3
    vertex 20 2.25 -3
    vertex 18.5 2.25 -3
  endloop
endfacet
facet normal 0 0 -1
  outer loop
    vertex 19.25 3 -3
    vertex 20.75 3 -3
    vertex 20 2.25 -3
  endloop
endfacet
facet normal 0 0 -1
  outer loop
    vertex 18.5 2.25 -3
    vertex 20 2.25 -3
    vertex 19.25 1.500000000000001 -3
  endloop
endfacet
facet normal 0 0 -1
  outer loop
    vertex 19.25 1.500000000000001 -3
    vertex 18.5 0.7500000000000006 -3
    vertex 17.75 1.5 -3
  endloop
endfacet
facet normal -0 0 -1
  outer loop
    vertex 18.5 0.7500000000000006 -3
    vertex 17 0.75 -3
    vertex 17.75 1.5 -3
  endloop
endfacet
facet normal 0 0 -1
  outer loop
    vertex 18.5 0.7500000000000006 -3
    vertex 17.75 0 -3
    vertex 17 0.75 -3
  endloop
endfacet
facet normal 0 0 -1
  outer loop
    vertex 17.75 1.5 -3
    vertex 17 0.75 -3
    vertex 16.25 1.5 -3
  endloop
endfacet
facet normal 0 1 0
  outer loop
    vertex 20.75 3 4.440892098500626e-16
    vertex 20.07868872535455 3 -0.1891427938628674
    vertex 19.91455676009782 3 0.5299663315799235
  endloop
endfacet
facet normal 0 1 0
  outer loop
    vertex 20.07868872535455 3 -0.1891427938628674
    vertex 19.4073774507091 3 0.3782855877257335
    vertex 19.91455676009782 3 0.5299663315799235
  endloop
endfacet
facet normal 0 1 0
  outer loop
    vertex 20.07868872535455 3 -0.1891427938628674
    vertex 19.4073774507091 3 -0.3782855877257355
    vertex 19.4073774507091 3 0.3782855877257335
  endloop
endfacet
facet normal 0 1 0
  outer loop
    vertex 19.91455676009782 3 0.5299663315799235
    vertex 19.4073774507091 3 0.3782855877257335
    vertex 19.07911352019565 3 1.059932663159846
  endloop
endfacet
facet normal 0 1 -0
  outer loop
    vertex 16.0926225492909 3 -0.3782855877257348
    vertex 15.42131127464545 3 -0.1891427938628674
    vertex 16.0926225492909 3 0.3782855877257342
  endloop
endfacet
facet normal 0 1 0
  outer loop
    vertex 15.42131127464545 3 -0.1891427938628674
    vertex 15.58544323990217 3 0.5299663315799243
    vertex 16.0926225492909 3 0.3782855877257342
  endloop
endfacet
facet normal 0 1 -0
  outer loop
    vertex 15.42131127464545 3 -0.1891427938628674
    vertex 14.75 3 4.440892098500626e-16
    vertex 15.58544323990217 3 0.5299663315799243
  endloop
endfacet
facet normal 0 1 -0
  outer loop
    vertex 16.0926225492909 3 0.3782855877257342
    vertex 15.58544323990217 3 0.5299663315799243
    vertex 16.42088647980435 3 1.059932663159848
  endloop
endfacet
facet normal 0 1 0
  outer loop
    vertex 17.01239764350015 3 -1.531647075434112
    vertex 17.75 3 -1.7
    vertex 17.38119882175008 3 -2.265823537717056
  endloop
endfacet
facet normal 0 1 0
  outer loop
    vertex 17.75 3 -1.7
    vertex 18.11880117824992 3 -2.265823537717057
    vertex 17.38119882175008 3 -2.265823537717056
  endloop
endfacet
facet normal -0 1 0
  outer loop
    vertex 17.75 3 -1.7
    vertex 18.48760235649985 3 -1.531647075434113
    vertex 18.11880117824992 3 -2.265823537717057
  endloop
endfacet
facet normal 0 1 0
  outer loop
    vertex 17.38119882175008 3 -2.265823537717056
    vertex 18.11880117824992 3 -2.265823537717057
    vertex 17.75 3 -3
  endloop
endfacet
facet normal 0 1 0
  outer loop
    vertex 20.75 3 4.440892098500626e-16
    vertex 20.24525878834443 3 -0.8379766431694939
    vertex 20.07868872535455 3 -0.1891427938628674
  endloop
endfacet
facet normal 0 1 0
  outer loop
    vertex 20.24525878834443 3 -0.8379766431694939
    vertex 19.57394751369898 3 -1.027119437032362
    vertex 20.07868872535455 3 -0.1891427938628674
  endloop
endfacet
facet normal 0 1 0
  outer loop
    vertex 20.24525878834443 3 -0.8379766431694939
    vertex 19.74051757668885 3 -1.675953286338989
    vertex 19.57394751369898 3 -1.027119437032362
  endloop
endfacet
facet normal 0 1 0
  outer loop
    vertex 20.07868872535455 3 -0.1891427938628674
    vertex 19.57394751369898 3 -1.027119437032362
    vertex 19.4073774507091 3 -0.3782855877257355
  endloop
endfacet
facet normal 0 1 0
  outer loop
    vertex 16.0926225492909 3 -0.3782855877257348
    vertex 15.92605248630102 3 -1.027119437032361
    vertex 15.42131127464545 3 -0.1891427938628674
  endloop
endfacet
facet normal 0 1 0
  outer loop
    vertex 15.92605248630102 3 -1.027119437032361
    vertex 15.25474121165557 3 -0.8379766431694935
    vertex 15.42131127464545 3 -0.1891427938628674
  endloop
endfacet
facet normal 0 1 0
  outer loop
    vertex 15.92605248630102 3 -1.027119437032361
    vertex 15.75948242331115 3 -1.675953286338988
    vertex 15.25474121165557 3 -0.8379766431694935
  endloop
endfacet
facet normal 0 1 0
  outer loop
    vertex 15.42131127464545 3 -0.1891427938628674
    vertex 15.25474121165557 3 -0.8379766431694935
    vertex 14.75 3 4.440892098500626e-16
  endloop
endfacet
facet normal 0 1 0
  outer loop
    vertex 19.4073774507091 3 -0.3782855877257355
    vertex 19.57394751369898 3 -1.027119437032362
    vertex 19.07911352019565 3 -1.059932663159848
  endloop
endfacet
facet normal 0 1 0
  outer loop
    vertex 19.57394751369898 3 -1.027119437032362
    vertex 19.11405996659435 3 -1.603800180886551
    vertex 19.07911352019565 3 -1.059932663159848
  endloop
endfacet
facet normal 0 1 0
  outer loop
    vertex 19.57394751369898 3 -1.027119437032362
    vertex 19.74051757668885 3 -1.675953286338989
    vertex 19.11405996659435 3 -1.603800180886551
  endloop
endfacet
facet normal 0 1 0
  outer loop
    vertex 19.07911352019565 3 -1.059932663159848
    vertex 19.11405996659435 3 -1.603800180886551
    vertex 18.48760235649985 3 -1.531647075434113
  endloop
endfacet
facet normal 0 1 0
  outer loop
    vertex 17.01239764350015 3 -1.531647075434112
    vertex 16.38594003340565 3 -1.60380018088655
    vertex 16.42088647980435 3 -1.059932663159847
  endloop
endfacet
facet normal 0 1 -0
  outer loop
    vertex 16.38594003340565 3 -1.60380018088655
    vertex 15.92605248630102 3 -1.027119437032361
    vertex 16.42088647980435 3 -1.059932663159847
  endloop
endfacet
facet normal 0 1 0
  outer loop
    vertex 16.38594003340565 3 -1.60380018088655
    vertex 15.75948242331115 3 -1.675953286338988
    vertex 15.92605248630102 3 -1.027119437032361
  endloop
endfacet
facet normal 0 1 0
  outer loop
    vertex 16.42088647980435 3 -1.059932663159847
    vertex 15.92605248630102 3 -1.027119437032361
    vertex 16.0926225492909 3 -0.3782855877257348
  endloop
endfacet
facet normal 0 1 0
  outer loop
    vertex 14.75 3 4.440892098500626e-16
    vertex 15.25474121165557 3 -0.8379766431694935
    vertex 14.75 3 -1.5
  endloop
endfacet
facet normal 0 1 0
  outer loop
    vertex 15.25474121165557 3 -0.8379766431694935
    vertex 15.25474121165557 3 -2.337976643169494
    vertex 14.75 3 -1.5
  endloop
endfacet
facet normal 0 1 0
  outer loop
    vertex 15.25474121165557 3 -0.8379766431694935
    vertex 15.75948242331115 3 -1.675953286338988
    vertex 15.25474121165557 3 -2.337976643169494
  endloop
endfacet
facet normal 0 1 0
  outer loop
    vertex 14.75 3 -1.5
    vertex 15.25474121165557 3 -2.337976643169494
    vertex 14.75 3 -3
  endloop
endfacet
facet normal 0 1 0
  outer loop
    vertex 14.75 3 -3
    vertex 15.25474121165557 3 -2.337976643169494
    vertex 16.25 3 -3
  endloop
endfacet
facet normal -0 1 0
  outer loop
    vertex 15.25474121165557 3 -2.337976643169494
    vertex 16.75474121165557 3 -2.337976643169494
    vertex 16.25 3 -3
  endloop
endfacet
facet normal 0 1 0
  outer loop
    vertex 15.25474121165557 3 -2.337976643169494
    vertex 15.75948242331115 3 -1.675953286338988
    vertex 16.75474121165557 3 -2.337976643169494
  endloop
endfacet
facet normal 0 1 0
  outer loop
    vertex 16.25 3 -3
    vertex 16.75474121165557 3 -2.337976643169494
    vertex 17.75 3 -3
  endloop
endfacet
facet normal 0 1 0
  outer loop
    vertex 16.42088647980435 3 1.059932663159848
    vertex 15.58544323990217 3 0.5299663315799243
    vertex 15.58544323990217 3 2.029966331579924
  endloop
endfacet
facet normal 0 1 -0
  outer loop
    vertex 15.58544323990217 3 0.5299663315799243
    vertex 14.75 3 1.5
    vertex 15.58544323990217 3 2.029966331579924
  endloop
endfacet
facet normal 0 1 0
  outer loop
    vertex 15.58544323990217 3 0.5299663315799243
    vertex 14.75 3 4.440892098500626e-16
    vertex 14.75 3 1.5
  endloop
endfacet
facet normal 0 1 0
  outer loop
    vertex 15.58544323990217 3 2.029966331579924
    vertex 14.75 3 1.5
    vertex 14.75 3 3
  endloop
endfacet
facet normal -0 1 0
  outer loop
    vertex 14.75 3 3
    vertex 16.25 3 3
    vertex 15.58544323990217 3 2.029966331579924
  endloop
endfacet
facet normal 0 1 0
  outer loop
    vertex 16.25 3 3
    vertex 17.08544323990218 3 2.029966331579924
    vertex 15.58544323990217 3 2.029966331579924
  endloop
endfacet
facet normal -0 1 0
  outer loop
    vertex 16.25 3 3
    vertex 17.75 3 3
    vertex 17.08544323990218 3 2.029966331579924
  endloop
endfacet
facet normal -0 1 0
  outer loop
    vertex 15.58544323990217 3 2.029966331579924
    vertex 17.08544323990218 3 2.029966331579924
    vertex 16.42088647980435 3 1.059932663159848
  endloop
endfacet
facet normal 0 1 0
  outer loop
    vertex 17.75 3 -3
    vertex 18.74525878834443 3 -2.337976643169494
    vertex 19.25 3 -3
  endloop
endfacet
facet normal -0 1 0
  outer loop
    vertex 18.74525878834443 3 -2.337976643169494
    vertex 20.24525878834443 3 -2.337976643169494
    vertex 19.25 3 -3
  endloop
endfacet
facet normal 0 1 0
  outer loop
    vertex 18.74525878834443 3 -2.337976643169494
    vertex 19.74051757668885 3 -1.675953286338989
    vertex 20.24525878834443 3 -2.337976643169494
  endloop
endfacet
facet normal 0 1 0
  outer loop
    vertex 19.25 3 -3
    vertex 20.24525878834443 3 -2.337976643169494
    vertex 20.75 3 -3
  endloop
endfacet
facet normal 0 1 -0
  outer loop
    vertex 20.75 3 -3
    vertex 20.24525878834443 3 -2.337976643169494
    vertex 20.75 3 -1.5
  endloop
endfacet
facet normal 0 1 0
  outer loop
    vertex 20.24525878834443 3 -2.337976643169494
    vertex 20.24525878834443 3 -0.8379766431694939
    vertex 20.75 3 -1.5
  endloop
endfacet
facet normal 0 1 -0
  outer loop
    vertex 20.24525878834443 3 -2.337976643169494
    vertex 19.74051757668885 3 -1.675953286338989
    vertex 20.24525878834443 3 -0.8379766431694939
  endloop
endfacet
facet normal 0 1 -0
  outer loop
    vertex 20.75 3 -1.5
    vertex 20.24525878834443 3 -0.8379766431694939
    vertex 20.75 3 4.440892098500626e-16
  endloop
endfacet
facet normal 0 1 -0
  outer loop
    vertex 20.75 3 4.440892098500626e-16
    vertex 19.91455676009782 3 0.5299663315799235
    vertex 20.75 3 1.5
  endloop
endfacet
facet normal 0 1 0
  outer loop
    vertex 19.91455676009782 3 0.5299663315799235
    vertex 19.91455676009782 3 2.029966331579923
    vertex 20.75 3 1.5
  endloop
endfacet
facet normal 0 1 -0
  outer loop
    vertex 19.91455676009782 3 0.5299663315799235
    vertex 19.07911352019565 3 1.059932663159846
    vertex 19.91455676009782 3 2.029966331579923
  endloop
endfacet
facet normal 0 1 -0
  outer loop
    vertex 20.75 3 1.5
    vertex 19.91455676009782 3 2.029966331579923
    vertex 20.75 3 3
  endloop
endfacet
facet normal 0 1 0
  outer loop
    vertex 20.75 3 3
    vertex 19.91455676009782 3 2.029966331579923
    vertex 19.25 3 3
  endloop
endfacet
facet normal 0 1 0
  outer loop
    vertex 19.91455676009782 3 2.029966331579923
    vertex 18.41455676009782 3 2.029966331579923
    vertex 19.25 3 3
  endloop
endfacet
facet normal 0 1 0
  outer loop
    vertex 19.91455676009782 3 2.029966331579923
    vertex 19.07911352019565 3 1.059932663159846
    vertex 18.41455676009782 3 2.029966331579923
  endloop
endfacet
facet normal 0 1 0
  outer loop
    vertex 19.25 3 3
    vertex 18.41455676009782 3 2.029966331579923
    vertex 17.75 3 3
  endloop
endfacet
facet normal 0 1 0
  outer loop
    vertex 17.75 3 3
    vertex 18.41455676009782 3 2.029966331579923
    vertex 17.75 3 2.35
  endloop
endfacet
facet normal 0 1 0
  outer loop
    vertex 18.41455676009782 3 2.029966331579923
    vertex 18.48760235649985 3 1.531647075434112
    vertex 17.75 3 2.35
  endloop
endfacet
facet normal 0 1 0
  outer loop
    vertex 18.41455676009782 3 2.029966331579923
    vertex 19.07911352019565 3 1.059932663159846
    vertex 18.48760235649985 3 1.531647075434112
  endloop
endfacet
facet normal 0 1 0
  outer loop
    vertex 17.75 3 2.35
    vertex 18.48760235649985 3 1.531647075434112
    vertex 17.75 3 1.7
  endloop
endfacet
facet normal 0 1 0
  outer loop
    vertex 17.75 3 3
    vertex 17.75 3 2.35
    vertex 17.08544323990218 3 2.029966331579924
  endloop
endfacet
facet normal 0 1 0
  outer loop
    vertex 17.75 3 2.35
    vertex 17.01239764350015 3 1.531647075434113
    vertex 17.08544323990218 3 2.029966331579924
  endloop
endfacet
facet normal 0 1 0
  outer loop
    vertex 17.75 3 2.35
    vertex 17.75 3 1.7
    vertex 17.01239764350015 3 1.531647075434113
  endloop
endfacet
facet normal 0 1 0
  outer loop
    vertex 17.08544323990218 3 2.029966331579924
    vertex 17.01239764350015 3 1.531647075434113
    vertex 16.42088647980435 3 1.059932663159848
  endloop
endfacet
facet normal 0 1 0
  outer loop
    vertex 18.48760235649985 3 -1.531647075434113
    vertex 19.11405996659435 3 -1.603800180886551
    vertex 18.11880117824992 3 -2.265823537717057
  endloop
endfacet
facet normal 0 1 0
  outer loop
    vertex 19.11405996659435 3 -1.603800180886551
    vertex 18.74525878834443 3 -2.337976643169494
    vertex 18.11880117824992 3 -2.265823537717057
  endloop
endfacet
facet normal 0 1 0
  outer loop
    vertex 19.11405996659435 3 -1.603800180886551
    vertex 19.74051757668885 3 -1.675953286338989
    vertex 18.74525878834443 3 -2.337976643169494
  endloop
endfacet
facet normal 0 1 0
  outer loop
    vertex 18.11880117824992 3 -2.265823537717057
    vertex 18.74525878834443 3 -2.337976643169494
    vertex 17.75 3 -3
  endloop
endfacet
facet normal 0 1 0
  outer loop
    vertex 17.75 3 -3
    vertex 16.75474121165557 3 -2.337976643169494
    vertex 17.38119882175008 3 -2.265823537717056
  endloop
endfacet
facet normal 0 1 -0
  outer loop
    vertex 16.75474121165557 3 -2.337976643169494
    vertex 16.38594003340565 3 -1.60380018088655
    vertex 17.38119882175008 3 -2.265823537717056
  endloop
endfacet
facet normal 0 1 0
  outer loop
    vertex 16.75474121165557 3 -2.337976643169494
    vertex 15.75948242331115 3 -1.675953286338988
    vertex 16.38594003340565 3 -1.60380018088655
  endloop
endfacet
facet normal 0 1 0
  outer loop
    vertex 17.38119882175008 3 -2.265823537717056
    vertex 16.38594003340565 3 -1.60380018088655
    vertex 17.01239764350015 3 -1.531647075434112
  endloop
endfacet
facet normal 0 -0 1
  outer loop
    vertex 17.75 0 3
    vertex 18.5 0.7500000000000006 3
    vertex 17 0.7500000000000001 3
  endloop
endfacet
facet normal 0 0 1
  outer loop
    vertex 18.5 0.7500000000000006 3
    vertex 17.75 1.500000000000001 3
    vertex 17 0.7500000000000001 3
  endloop
endfacet
facet normal 0 -0 1
  outer loop
    vertex 18.5 0.7500000000000006 3
    vertex 19.25 1.500000000000001 3
    vertex 17.75 1.500000000000001 3
  endloop
endfacet
facet normal 0 -0 1
  outer loop
    vertex 17 0.7500000000000001 3
    vertex 17.75 1.500000000000001 3
    vertex 16.25 1.5 3
  endloop
endfacet
facet normal 0 0 1
  outer loop
    vertex 14.75 0 3
    vertex 15.5 0.7500000000000001 3
    vertex 14.75 1.5 3
  endloop
endfacet
facet normal 0 -0 1
  outer loop
    vertex 15.5 0.7500000000000001 3
    vertex 15.5 2.25 3
    vertex 14.75 1.5 3
  endloop
endfacet
facet normal 0 0 1
  outer loop
    vertex 15.5 0.7500000000000001 3
    vertex 16.25 1.5 3
    vertex 15.5 2.25 3
  endloop
endfacet
facet normal 0 0 1
  outer loop
    vertex 14.75 1.5 3
    vertex 15.5 2.25 3
    vertex 14.75 3 3
  endloop
endfacet
facet normal -0 0 1
  outer loop
    vertex 14.75 3 3
    vertex 15.5 2.25 3
    vertex 16.25 3 3
  endloop
endfacet
facet normal 0 0 1
  outer loop
    vertex 15.5 2.25 3
    vertex 17 2.25 3
    vertex 16.25 3 3
  endloop
endfacet
facet normal -0 0 1
  outer loop
    vertex 15.5 2.25 3
    vertex 16.25 1.5 3
    vertex 17 2.25 3
  endloop
endfacet
facet normal -0 0 1
  outer loop
    vertex 16.25 3 3
    vertex 17 2.25 3
    vertex 17.75 3 3
  endloop
endfacet
facet normal 0 0 1
  outer loop
    vertex 17.75 0 3
    vertex 17 0.7500000000000001 3
    vertex 16.25 0 3
  endloop
endfacet
facet normal 0 0 1
  outer loop
    vertex 17 0.7500000000000001 3
    vertex 15.5 0.7500000000000001 3
    vertex 16.25 0 3
  endloop
endfacet
facet normal 0 0 1
  outer loop
    vertex 17 0.7500000000000001 3
    vertex 16.25 1.5 3
    vertex 15.5 0.7500000000000001 3
  endloop
endfacet
facet normal 0 0 1
  outer loop
    vertex 16.25 0 3
    vertex 15.5 0.7500000000000001 3
    vertex 14.75 0 3
  endloop
endfacet
facet normal 0 0 1
  outer loop
    vertex 20.75 3 3
    vertex 20 2.25 3
    vertex 20.75 1.5 3
  endloop
endfacet
facet normal 0 0 1
  outer loop
    vertex 20 2.25 3
    vertex 20 0.7500000000000006 3
    vertex 20.75 1.5 3
  endloop
endfacet
facet normal 0 0 1
  outer loop
    vertex 20 2.25 3
    vertex 19.25 1.500000000000001 3
    vertex 20 0.7500000000000006 3
  endloop
endfacet
facet normal 0 0 1
  outer loop
    vertex 20.75 1.5 3
    vertex 20 0.7500000000000006 3
    vertex 20.75 0 3
  endloop
endfacet
facet normal 0 0 1
  outer loop
    vertex 20.75 0 3
    vertex 20 0.7500000000000006 3
    vertex 19.25 0 3
  endloop
endfacet
facet normal 0 0 1
  outer loop
    vertex 20 0.7500000000000006 3
    vertex 18.5 0.7500000000000006 3
    vertex 19.25 0 3
  endloop
endfacet
facet normal 0 0 1
  outer loop
    vertex 20 0.7500000000000006 3
    vertex 19.25 1.500000000000001 3
    vertex 18.5 0.7500000000000006 3
  endloop
endfacet
facet normal 0 0 1
  outer loop
    vertex 19.25 0 3
    vertex 18.5 0.7500000000000006 3
    vertex 17.75 0 3
  endloop
endfacet
facet normal -0 0 1
  outer loop
    vertex 17.75 3 3
    vertex 18.5 2.25 3
    vertex 19.25 3 3
  endloop
endfacet
facet normal 0 0 1
  outer loop
    vertex 18.5 2.25 3
    vertex 20 2.25 3
    vertex 19.25 3 3
  endloop
endfacet
facet normal -0 0 1
  outer loop
    vertex 18.5 2.25 3
    vertex 19.25 1.500000000000001 3
    vertex 20 2.25 3
  endloop
endfacet
facet normal -0 0 1
  outer loop
    vertex 19.25 3 3
    vertex 20 2.25 3
    vertex 20.75 3 3
  endloop
endfacet
facet normal 0 0 1
  outer loop
    vertex 16.25 1.5 3
    vertex 17.75 1.500000000000001 3
    vertex 17 2.25 3
  endloop
endfacet
facet normal 0 -0 1
  outer loop
    vertex 17.75 1.500000000000001 3
    vertex 18.5 2.25 3
    vertex 17 2.25 3
  endloop
endfacet
facet normal 0 0 1
  outer loop
    vertex 17.75 1.500000000000001 3
    vertex 19.25 1.500000000000001 3
    vertex 18.5 2.25 3
  endloop
endfacet
facet normal 0 0 1
  outer loop
    vertex 17 2.25 3
    vertex 18.5 2.25 3
    vertex 17.75 3 3
  endloop
endfacet
facet normal 1 -0 0
  outer loop
    vertex 20.75 0 3
    vertex 20.75 0.75 2.25
    vertex 20.75 1.5 3
  endloop
endfacet
facet normal 1 0 0
  outer loop
    vertex 20.75 0.75 2.25
    vertex 20.75 2.25 2.25
    vertex 20.75 1.5 3
  endloop
endfacet
facet normal 1 -0 0
  outer loop
    vertex 20.75 0.75 2.25
    vertex 20.75 1.5 1.5
    vertex 20.75 2.25 2.25
  endloop
endfacet
facet normal 1 -0 0
  outer loop
    vertex 20.75 1.5 3
    vertex 20.75 2.25 2.25
    vertex 20.75 3 3
  endloop
endfacet
facet normal 1 0 0
  outer loop
    vertex 20.75 0 4.440892098500626e-16
    vertex 20.75 0.75 0.75
    vertex 20.75 0 1.5
  endloop
endfacet
facet normal 1 0 -0
  outer loop
    vertex 20.75 0.75 0.75
    vertex 20.75 0.75 2.25
    vertex 20.75 0 1.5
  endloop
endfacet
facet normal 1 0 0
  outer loop
    vertex 20.75 0.75 0.75
    vertex 20.75 1.5 1.5
    vertex 20.75 0.75 2.25
  endloop
endfacet
facet normal 1 0 0
  outer loop
    vertex 20.75 0 1.5
    vertex 20.75 0.75 2.25
    vertex 20.75 0 3
  endloop
endfacet
facet normal 1 0 0
  outer loop
    vertex 20.75 3 3
    vertex 20.75 2.25 2.25
    vertex 20.75 3 1.5
  endloop
endfacet
facet normal 1 0 0
  outer loop
    vertex 20.75 2.25 2.25
    vertex 20.75 2.25 0.75
    vertex 20.75 3 1.5
  endloop
endfacet
facet normal 1 0 0
  outer loop
    vertex 20.75 2.25 2.25
    vertex 20.75 1.5 1.5
    vertex 20.75 2.25 0.75
  endloop
endfacet
facet normal 1 0 0
  outer loop
    vertex 20.75 3 1.5
    vertex 20.75 2.25 0.75
    vertex 20.75 3 4.440892098500626e-16
  endloop
endfacet
facet normal 1 0 0
  outer loop
    vertex 20.75 3 4.440892098500626e-16
    vertex 20.75 2.25 0.75
    vertex 20.75 1.5 4.440892098500626e-16
  endloop
endfacet
facet normal 1 0 0
  outer loop
    vertex 20.75 2.25 0.75
    vertex 20.75 0.75 0.75
    vertex 20.75 1.5 4.440892098500626e-16
  endloop
endfacet
facet normal 1 0 0
  outer loop
    vertex 20.75 2.25 0.75
    vertex 20.75 1.5 1.5
    vertex 20.75 0.75 0.75
  endloop
endfacet
facet normal 1 0 0
  outer loop
    vertex 20.75 1.5 4.440892098500626e-16
    vertex 20.75 0.75 0.75
    vertex 20.75 0 4.440892098500626e-16
  endloop
endfacet
facet normal 1 0 0
  outer loop
    vertex 20.75 3 -3
    vertex 20.75 2.25 -2.25
    vertex 20.75 1.5 -3
  endloop
endfacet
facet normal 1 0 0
  outer loop
    vertex 20.75 2.25 -2.25
    vertex 20.75 0.75 -2.25
    vertex 20.75 1.5 -3
  endloop
endfacet
facet normal 1 0 0
  outer loop
    vertex 20.75 2.25 -2.25
    vertex 20.75 1.5 -1.5
    vertex 20.75 0.75 -2.25
  endloop
endfacet
facet normal 1 0 0
  outer loop
    vertex 20.75 1.5 -3
    vertex 20.75 0.75 -2.25
    vertex 20.75 0 -3
  endloop
endfacet
facet normal 1 -0 0
  outer loop
    vertex 20.75 0 4.440892098500626e-16
    vertex 20.75 0.75 -0.7499999999999996
    vertex 20.75 1.5 4.440892098500626e-16
  endloop
endfacet
facet normal 1 0 0
  outer loop
    vertex 20.75 0.75 -0.7499999999999996
    vertex 20.75 2.25 -0.7499999999999996
    vertex 20.75 1.5 4.440892098500626e-16
  endloop
endfacet
facet normal 1 -0 0
  outer loop
    vertex 20.75 0.75 -0.7499999999999996
    vertex 20.75 1.5 -1.5
    vertex 20.75 2.25 -0.7499999999999996
  endloop
endfacet
facet normal 1 -0 0
  outer loop
    vertex 20.75 1.5 4.440892098500626e-16
    vertex 20.75 2.25 -0.7499999999999996
    vertex 20.75 3 4.440892098500626e-16
  endloop
endfacet
facet normal 1 0 0
  outer loop
    vertex 20.75 0 -3
    vertex 20.75 0.75 -2.25
    vertex 20.75 0 -1.5
  endloop
endfacet
facet normal 1 0 -0
  outer loop
    vertex 20.75 0.75 -2.25
    vertex 20.75 0.75 -0.7499999999999996
    vertex 20.75 0 -1.5
  endloop
endfacet
facet normal 1 0 0
  outer loop
    vertex 20.75 0.75 -2.25
    vertex 20.75 1.5 -1.5
    vertex 20.75 0.75 -0.7499999999999996
  endloop
endfacet
facet normal 1 0 0
  outer loop
    vertex 20.75 0 -1.5
    vertex 20.75 0.75 -0.7499999999999996
    vertex 20.75 0 4.440892098500626e-16
  endloop
endfacet
facet normal 1 0 0
  outer loop
    vertex 20.75 3 4.440892098500626e-16
    vertex 20.75 2.25 -0.7499999999999996
    vertex 20.75 3 -1.5
  endloop
endfacet
facet normal 1 0 0
  outer loop
    vertex 20.75 2.25 -0.7499999999999996
    vertex 20.75 2.25 -2.25
    vertex 20.75 3 -1.5
  endloop
endfacet
facet normal 1 0 0
  outer loop
    vertex 20.75 2.25 -0.7499999999999996
    vertex 20.75 1.5 -1.5
    vertex 20.75 2.25 -2.25
  endloop
endfacet
facet normal 1 0 0
  outer loop
    vertex 20.75 3 -1.5
    vertex 20.75 2.25 -2.25
    vertex 20.75 3 -3
  endloop
endfacet
facet normal 0.170435 0 -0.985369
  outer loop
    vertex 17.75 3 1.7
    vertex 17.75 1.5 1.7
    vertex 17.17899794980089 2.260725994917279 1.601235978445529
  endloop
endfacet
facet normal 0.170435 0 -0.985369
  outer loop
    vertex 17.75 1.5 1.7
    vertex 17.17899794980089 0.7607259949172791 1.601235978445529
    vertex 17.17899794980089 2.260725994917279 1.601235978445529
  endloop
endfacet
facet normal 0.170435 0 -0.985369
  outer loop
    vertex 17.75 1.5 1.7
    vertex 17.75 0 1.7
    vertex 17.17899794980089 0.7607259949172791 1.601235978445529
  endloop
endfacet
facet normal 0.491503 0 -0.870876
  outer loop
    vertex 17.17899794980089 2.260725994917279 1.601235978445529
    vertex 17.17899794980089 0.7607259949172791 1.601235978445529
    vertex 16.67434232171179 1.521451989834558 1.316419598433421
  endloop
endfacet
facet normal -0.170435 0 -0.985369
  outer loop
    vertex 17.75 0 1.7
    vertex 17.75 1.5 1.7
    vertex 18.32100205019912 0.7392740050827253 1.601235978445526
  endloop
endfacet
facet normal -0.170435 0 -0.985369
  outer loop
    vertex 17.75 1.5 1.7
    vertex 18.32100205019912 2.239274005082725 1.601235978445526
    vertex 18.32100205019912 0.7392740050827253 1.601235978445526
  endloop
endfacet
facet normal -0.170435 0 -0.985369
  outer loop
    vertex 17.75 1.5 1.7
    vertex 17.75 3 1.7
    vertex 18.32100205019912 2.239274005082725 1.601235978445526
  endloop
endfacet
facet normal -0.491503 0 -0.870876
  outer loop
    vertex 18.32100205019912 0.7392740050827253 1.601235978445526
    vertex 18.32100205019912 2.239274005082725 1.601235978445526
    vertex 18.82565767828822 1.478548010165451 1.316419598433416
  endloop
endfacet
facet normal 0.622525 -0.0556094 0.780622
  outer loop
    vertex 17.01239764350015 3 -1.531647075434112
    vertex 16.42088647980435 3 -1.059932663159847
    vertex 16.68845231460716 2.234745621059712 -1.32782397614936
  endloop
endfacet
facet normal 0.781378 0.0556094 0.621576
  outer loop
    vertex 16.42088647980435 3 -1.059932663159847
    vertex 16.21745735200555 2.234745621059712 -0.7357397855751411
    vertex 16.68845231460716 2.234745621059712 -1.32782397614936
  endloop
endfacet
facet normal 0.899575 -0.0556094 0.433212
  outer loop
    vertex 16.42088647980435 3 -1.059932663159847
    vertex 16.0926225492909 3 -0.3782855877257348
    vertex 16.21745735200555 2.234745621059712 -0.7357397855751411
  endloop
endfacet
facet normal 0.781378 -0.0556094 0.621576
  outer loop
    vertex 16.68845231460716 2.234745621059712 -1.32782397614936
    vertex 16.21745735200555 2.234745621059712 -0.7357397855751411
    vertex 16.41831328662904 1.469491242119425 -1.056697921560958
  endloop
endfacet
facet normal -0.622512 0.0559904 0.780605
  outer loop
    vertex 18.48760235649985 0 -1.531647075434113
    vertex 19.07911352019565 0 -1.059932663159848
    vertex 18.80966434508664 0.7600529907207347 -1.329327452417991
  endloop
endfacet
facet normal -0.780479 -0.0559904 0.622669
  outer loop
    vertex 19.07911352019565 0 -1.059932663159848
    vertex 19.281498150916 0.7600529907207347 -0.7379115216208961
    vertex 18.80966434508664 0.7600529907207347 -1.329327452417991
  endloop
endfacet
facet normal -0.899556 0.0559904 0.433203
  outer loop
    vertex 19.07911352019565 0 -1.059932663159848
    vertex 19.4073774507091 0 -0.3782855877257355
    vertex 19.281498150916 0.7600529907207347 -0.7379115216208961
  endloop
endfacet
facet normal -0.780479 0.0559904 0.622669
  outer loop
    vertex 18.80966434508664 0.7600529907207347 -1.329327452417991
    vertex 19.281498150916 0.7600529907207347 -0.7379115216208961
    vertex 19.07868549328373 1.52010598144147 -1.060469169725073
  endloop
endfacet
facet normal -0.62295 0.0415888 -0.781155
  outer loop
    vertex 19.07911352019565 0 1.059932663159846
    vertex 18.48760235649985 0 1.531647075434112
    vertex 18.95920532427537 0.7392740050827253 1.194915262160503
  endloop
endfacet
facet normal -0.536591 -0.0415888 -0.842817
  outer loop
    vertex 18.48760235649985 0 1.531647075434112
    vertex 18.32100205019912 0.7392740050827253 1.601235978445526
    vertex 18.95920532427537 0.7392740050827253 1.194915262160503
  endloop
endfacet
facet normal -0.222328 0.0415888 -0.974084
  outer loop
    vertex 18.48760235649985 0 1.531647075434112
    vertex 17.75 0 1.7
    vertex 18.32100205019912 0.7392740050827253 1.601235978445526
  endloop
endfacet
facet normal -0.536591 0.0415888 -0.842817
  outer loop
    vertex 18.95920532427537 0.7392740050827253 1.194915262160503
    vertex 18.32100205019912 0.7392740050827253 1.601235978445526
    vertex 18.82565767828822 1.478548010165451 1.316419598433416
  endloop
endfacet
facet normal 0.62295 -0.0415888 -0.781155
  outer loop
    vertex 16.42088647980435 3 1.059932663159848
    vertex 17.01239764350015 3 1.531647075434113
    vertex 16.54079467572464 2.260725994917279 1.194915262160506
  endloop
endfacet
facet normal 0.536591 0.0415888 -0.842817
  outer loop
    vertex 17.01239764350015 3 1.531647075434113
    vertex 17.17899794980089 2.260725994917279 1.601235978445529
    vertex 16.54079467572464 2.260725994917279 1.194915262160506
  endloop
endfacet
facet normal 0.222328 -0.0415888 -0.974084
  outer loop
    vertex 17.01239764350015 3 1.531647075434113
    vertex 17.75 3 1.7
    vertex 17.17899794980089 2.260725994917279 1.601235978445529
  endloop
endfacet
facet normal 0.536591 -0.0415888 -0.842817
  outer loop
    vertex 16.54079467572464 2.260725994917279 1.194915262160506
    vertex 17.17899794980089 2.260725994917279 1.601235978445529
    vertex 16.67434232171179 1.521451989834558 1.316419598433421
  endloop
endfacet
facet normal -0.43262 -0.0562085 0.899823
  outer loop
    vertex 18.48760235649985 0 -1.531647075434113
    vertex 18.80966434508664 0.7600529907207347 -1.329327452417991
    vertex 18.12784196600768 0.7545711321337856 -1.657478642011248
  endloop
endfacet
facet normal -0.433353 0.0562085 0.899469
  outer loop
    vertex 18.80966434508664 0.7600529907207347 -1.329327452417991
    vertex 18.48688313947784 1.514624122854521 -1.531993224121207
    vertex 18.12784196600768 0.7545711321337856 -1.657478642011248
  endloop
endfacet
facet normal -0.621845 -0.0562085 0.781121
  outer loop
    vertex 18.80966434508664 0.7600529907207347 -1.329327452417991
    vertex 19.07868549328373 1.52010598144147 -1.060469169725073
    vertex 18.48688313947784 1.514624122854521 -1.531993224121207
  endloop
endfacet
facet normal -0.221283 -0.0562085 0.973588
  outer loop
    vertex 18.12784196600768 0.7545711321337856 -1.657478642011248
    vertex 18.48688313947784 1.514624122854521 -1.531993224121207
    vertex 17.74908996727571 1.509142264267571 -1.699999756423642
  endloop
endfacet
facet normal 0.222167 0.0563958 0.973376
  outer loop
    vertex 17.01239764350015 0 -1.531647075434112
    vertex 17.75 0 -1.7
    vertex 17.37127081765663 0.7545711321337856 -1.657276140672254
  endloop
endfacet
facet normal 0.000267231 -0.0563958 0.998408
  outer loop
    vertex 17.75 0 -1.7
    vertex 18.12784196600768 0.7545711321337856 -1.657478642011248
    vertex 17.37127081765663 0.7545711321337856 -1.657276140672254
  endloop
endfacet
facet normal -0.222167 0.0563958 0.973376
  outer loop
    vertex 17.75 0 -1.7
    vertex 18.48760235649985 0 -1.531647075434113
    vertex 18.12784196600768 0.7545711321337856 -1.657478642011248
  endloop
endfacet
facet normal 0.000267231 0.0563958 0.998408
  outer loop
    vertex 17.37127081765663 0.7545711321337856 -1.657276140672254
    vertex 18.12784196600768 0.7545711321337856 -1.657478642011248
    vertex 17.74908996727571 1.509142264267571 -1.699999756423642
  endloop
endfacet
facet normal 0.899575 0.0556075 -0.433212
  outer loop
    vertex 16.42088647980435 0 1.059932663159848
    vertex 16.0926225492909 0 0.3782855877257342
    vertex 16.19921846128227 0.7544372418798369 0.6964744210466527
  endloop
endfacet
facet normal 0.979001 -0.0556075 -0.196126
  outer loop
    vertex 16.0926225492909 0 0.3782855877257342
    vertex 16.05060518669406 0.7544372418798369 -0.04535712191993333
    vertex 16.19921846128227 0.7544372418798369 0.6964744210466527
  endloop
endfacet
facet normal 0.998453 0.0556075 0
  outer loop
    vertex 16.0926225492909 0 0.3782855877257342
    vertex 16.0926225492909 0 -0.3782855877257348
    vertex 16.05060518669406 0.7544372418798369 -0.04535712191993333
  endloop
endfacet
facet normal 0.979001 0.0556075 -0.196126
  outer loop
    vertex 16.19921846128227 0.7544372418798369 0.6964744210466527
    vertex 16.05060518669406 0.7544372418798369 -0.04535712191993333
    vertex 16.07480355054198 1.508874483759674 0.2893386523146447
  endloop
endfacet
facet normal -0.89958 -0.0554975 -0.433215
  outer loop
    vertex 19.07911352019565 3 1.059932663159846
    vertex 19.4073774507091 3 0.3782855877257335
    vertex 19.30109005349377 2.244428283522137 0.6957870694060673
  endloop
endfacet
facet normal -0.979094 0.0554975 -0.195693
  outer loop
    vertex 19.4073774507091 3 0.3782855877257335
    vertex 19.44937454481454 2.244428283522137 -0.04611026389400522
    vertex 19.30109005349377 2.244428283522137 0.6957870694060673
  endloop
endfacet
facet normal -0.998459 -0.0554975 -0
  outer loop
    vertex 19.4073774507091 3 0.3782855877257335
    vertex 19.4073774507091 3 -0.3782855877257355
    vertex 19.44937454481454 2.244428283522137 -0.04611026389400522
  endloop
endfacet
facet normal -0.979094 -0.0554975 -0.195693
  outer loop
    vertex 19.30109005349377 2.244428283522137 0.6957870694060673
    vertex 19.44937454481454 2.244428283522137 -0.04611026389400522
    vertex 19.42545225252033 1.488856567044274 0.287853694651534
  endloop
endfacet
facet normal 0.895424 0.0494475 0.44246
  outer loop
    vertex 16.41831328662904 1.469491242119425 -1.056697921560958
    vertex 16.21745735200555 2.234745621059712 -0.7357397855751411
    vertex 16.10279321174335 1.489182862939549 -0.4203686438368219
  endloop
endfacet
facet normal 0.970503 -0.0494475 0.235962
  outer loop
    vertex 16.21745735200555 2.234745621059712 -0.7357397855751411
    vertex 16.05060518669406 2.254437241879836 -0.04535712191993333
    vertex 16.10279321174335 1.489182862939549 -0.4203686438368219
  endloop
endfacet
facet normal 0.971147 0.0494475 0.233297
  outer loop
    vertex 16.21745735200555 2.234745621059712 -0.7357397855751411
    vertex 16.0926225492909 3 -0.3782855877257348
    vertex 16.05060518669406 2.254437241879836 -0.04535712191993333
  endloop
endfacet
facet normal 0.998054 0.0494475 0.0379896
  outer loop
    vertex 16.10279321174335 1.489182862939549 -0.4203686438368219
    vertex 16.05060518669406 2.254437241879836 -0.04535712191993333
    vertex 16.07480355054198 1.508874483759674 0.2893386523146447
  endloop
endfacet
facet normal -0.894241 -0.0498514 0.4448
  outer loop
    vertex 19.07868549328373 1.52010598144147 -1.060469169725073
    vertex 19.281498150916 0.7600529907207347 -0.7379115216208961
    vertex 19.39642173685583 1.504481274242872 -0.4234329514913107
  endloop
endfacet
facet normal -0.970329 0.0498514 0.236592
  outer loop
    vertex 19.281498150916 0.7600529907207347 -0.7379115216208961
    vertex 19.44937454481454 0.7444282835221374 -0.04611026389400522
    vertex 19.39642173685583 1.504481274242872 -0.4234329514913107
  endloop
endfacet
facet normal -0.970846 -0.0498514 0.234465
  outer loop
    vertex 19.281498150916 0.7600529907207347 -0.7379115216208961
    vertex 19.4073774507091 0 -0.3782855877257355
    vertex 19.44937454481454 0.7444282835221374 -0.04611026389400522
  endloop
endfacet
facet normal -0.99797 -0.0498514 0.0396362
  outer loop
    vertex 19.39642173685583 1.504481274242872 -0.4234329514913107
    vertex 19.44937454481454 0.7444282835221374 -0.04611026389400522
    vertex 19.42545225252033 1.488856567044274 0.287853694651534
  endloop
endfacet
facet normal 0.432523 0.0565768 0.899846
  outer loop
    vertex 17.01239764350015 3 -1.531647075434112
    vertex 16.68845231460716 2.234745621059712 -1.32782397614936
    vertex 17.37127081765663 2.254571132133785 -1.657276140672254
  endloop
endfacet
facet normal 0.435188 -0.0565768 0.89856
  outer loop
    vertex 16.68845231460716 2.234745621059712 -1.32782397614936
    vertex 17.010126473909 1.489316753193498 -1.530551261928089
    vertex 17.37127081765663 2.254571132133785 -1.657276140672254
  endloop
endfacet
facet normal 0.622862 0.0565768 0.780283
  outer loop
    vertex 16.68845231460716 2.234745621059712 -1.32782397614936
    vertex 16.41831328662904 1.469491242119425 -1.056697921560958
    vertex 17.010126473909 1.489316753193498 -1.530551261928089
  endloop
endfacet
facet normal 0.221705 0.0565768 0.973471
  outer loop
    vertex 17.37127081765663 2.254571132133785 -1.657276140672254
    vertex 17.010126473909 1.489316753193498 -1.530551261928089
    vertex 17.74908996727571 1.509142264267571 -1.699999756423642
  endloop
endfacet
facet normal -0.824485 -0.0305564 -0.565058
  outer loop
    vertex 19.07911352019565 0 1.059932663159846
    vertex 18.95920532427537 0.7392740050827253 1.194915262160503
    vertex 19.30109005349377 0.7444282835221374 0.6957870694060673
  endloop
endfacet
facet normal -0.824779 0.0305564 -0.564628
  outer loop
    vertex 18.95920532427537 0.7392740050827253 1.194915262160503
    vertex 19.21854976676108 1.483702288604863 0.8563653324054976
    vertex 19.30109005349377 0.7444282835221374 0.6957870694060673
  endloop
endfacet
facet normal -0.759907 -0.0305564 -0.649313
  outer loop
    vertex 18.95920532427537 0.7392740050827253 1.194915262160503
    vertex 18.82565767828822 1.478548010165451 1.316419598433416
    vertex 19.21854976676108 1.483702288604863 0.8563653324054976
  endloop
endfacet
facet normal -0.939175 -0.0305564 -0.342078
  outer loop
    vertex 19.30109005349377 0.7444282835221374 0.6957870694060673
    vertex 19.21854976676108 1.483702288604863 0.8563653324054976
    vertex 19.42545225252033 1.488856567044274 0.287853694651534
  endloop
endfacet
facet normal 0.824329 0.030489 -0.565289
  outer loop
    vertex 16.42088647980435 3 1.059932663159848
    vertex 16.54079467572464 2.260725994917279 1.194915262160506
    vertex 16.19921846128227 2.254437241879836 0.6964744210466527
  endloop
endfacet
facet normal 0.824688 -0.030489 -0.564765
  outer loop
    vertex 16.54079467572464 2.260725994917279 1.194915262160506
    vertex 16.28182990579951 1.515163236797116 0.8570160876525716
    vertex 16.19921846128227 2.254437241879836 0.6964744210466527
  endloop
endfacet
facet normal 0.759728 0.030489 -0.649526
  outer loop
    vertex 16.54079467572464 2.260725994917279 1.194915262160506
    vertex 16.67434232171179 1.521451989834558 1.316419598433421
    vertex 16.28182990579951 1.515163236797116 0.8570160876525716
  endloop
endfacet
facet normal 0.93893 0.030489 -0.342756
  outer loop
    vertex 16.19921846128227 2.254437241879836 0.6964744210466527
    vertex 16.28182990579951 1.515163236797116 0.8570160876525716
    vertex 16.07480355054198 1.508874483759674 0.2893386523146447
  endloop
endfacet
facet normal 0.970468 -0.0500841 0.235972
  outer loop
    vertex 16.0926225492909 0 -0.3782855877257348
    vertex 16.21745735200555 0.7347456210597123 -0.7357397855751411
    vertex 16.05060518669406 0.7544372418798369 -0.04535712191993333
  endloop
endfacet
facet normal 0.971121 0.0500841 0.233273
  outer loop
    vertex 16.21745735200555 0.7347456210597123 -0.7357397855751411
    vertex 16.10279321174335 1.489182862939549 -0.4203686438368219
    vertex 16.05060518669406 0.7544372418798369 -0.04535712191993333
  endloop
endfacet
facet normal 0.89417 -0.0500841 0.444918
  outer loop
    vertex 16.21745735200555 0.7347456210597123 -0.7357397855751411
    vertex 16.41831328662904 1.469491242119425 -1.056697921560958
    vertex 16.10279321174335 1.489182862939549 -0.4203686438368219
  endloop
endfacet
facet normal 0.997914 -0.0500841 0.0407457
  outer loop
    vertex 16.05060518669406 0.7544372418798369 -0.04535712191993333
    vertex 16.10279321174335 1.489182862939549 -0.4203686438368219
    vertex 16.07480355054198 1.508874483759674 0.2893386523146447
  endloop
endfacet
facet normal -0.970317 0.0500814 0.236594
  outer loop
    vertex 19.4073774507091 3 -0.3782855877257355
    vertex 19.281498150916 2.260052990720735 -0.7379115216208961
    vertex 19.44937454481454 2.244428283522137 -0.04611026389400522
  endloop
endfacet
facet normal -0.970836 -0.0500814 0.234457
  outer loop
    vertex 19.281498150916 2.260052990720735 -0.7379115216208961
    vertex 19.39642173685583 1.504481274242872 -0.4234329514913107
    vertex 19.44937454481454 2.244428283522137 -0.04611026389400522
  endloop
endfacet
facet normal -0.893252 0.0500814 0.446758
  outer loop
    vertex 19.281498150916 2.260052990720735 -0.7379115216208961
    vertex 19.07868549328373 1.52010598144147 -1.060469169725073
    vertex 19.39642173685583 1.504481274242872 -0.4234329514913107
  endloop
endfacet
facet normal -0.997869 0.0500814 0.0418272
  outer loop
    vertex 19.44937454481454 2.244428283522137 -0.04611026389400522
    vertex 19.39642173685583 1.504481274242872 -0.4234329514913107
    vertex 19.42545225252033 1.488856567044274 0.287853694651534
  endloop
endfacet
facet normal 0.62516 -0.0573808 0.778385
  outer loop
    vertex 16.41831328662904 1.469491242119425 -1.056697921560958
    vertex 16.68845231460716 0.7347456210597123 -1.32782397614936
    vertex 17.010126473909 1.489316753193498 -1.530551261928089
  endloop
endfacet
facet normal 0.432484 0.0573808 0.899814
  outer loop
    vertex 16.68845231460716 0.7347456210597123 -1.32782397614936
    vertex 17.37127081765663 0.7545711321337856 -1.657276140672254
    vertex 17.010126473909 1.489316753193498 -1.530551261928089
  endloop
endfacet
facet normal 0.435187 -0.0573808 0.89851
  outer loop
    vertex 16.68845231460716 0.7347456210597123 -1.32782397614936
    vertex 17.01239764350015 0 -1.531647075434112
    vertex 17.37127081765663 0.7545711321337856 -1.657276140672254
  endloop
endfacet
facet normal 0.224599 -0.0573808 0.97276
  outer loop
    vertex 17.010126473909 1.489316753193498 -1.530551261928089
    vertex 17.37127081765663 0.7545711321337856 -1.657276140672254
    vertex 17.74908996727571 1.509142264267571 -1.699999756423642
  endloop
endfacet
facet normal 0.760152 -0.0297775 -0.649063
  outer loop
    vertex 16.67434232171179 1.521451989834558 1.316419598433421
    vertex 16.54079467572464 0.7607259949172791 1.194915262160506
    vertex 16.28182990579951 1.515163236797116 0.8570160876525716
  endloop
endfacet
facet normal 0.824351 0.0297775 -0.565295
  outer loop
    vertex 16.54079467572464 0.7607259949172791 1.194915262160506
    vertex 16.19921846128227 0.7544372418798369 0.6964744210466527
    vertex 16.28182990579951 1.515163236797116 0.8570160876525716
  endloop
endfacet
facet normal 0.824702 -0.0297775 -0.564784
  outer loop
    vertex 16.54079467572464 0.7607259949172791 1.194915262160506
    vertex 16.42088647980435 0 1.059932663159848
    vertex 16.19921846128227 0.7544372418798369 0.6964744210466527
  endloop
endfacet
facet normal 0.939165 -0.0297775 -0.342174
  outer loop
    vertex 16.28182990579951 1.515163236797116 0.8570160876525716
    vertex 16.19921846128227 0.7544372418798369 0.6964744210466527
    vertex 16.07480355054198 1.508874483759674 0.2893386523146447
  endloop
endfacet
facet normal -0.760258 0.0298165 -0.648936
  outer loop
    vertex 18.82565767828822 1.478548010165451 1.316419598433416
    vertex 18.95920532427537 2.239274005082725 1.194915262160503
    vertex 19.21854976676108 1.483702288604863 0.8563653324054976
  endloop
endfacet
facet normal -0.824507 -0.0298165 -0.565065
  outer loop
    vertex 18.95920532427537 2.239274005082725 1.194915262160503
    vertex 19.30109005349377 2.244428283522137 0.6957870694060673
    vertex 19.21854976676108 1.483702288604863 0.8563653324054976
  endloop
endfacet
facet normal -0.824794 0.0298165 -0.564646
  outer loop
    vertex 18.95920532427537 2.239274005082725 1.194915262160503
    vertex 19.07911352019565 3 1.059932663159846
    vertex 19.30109005349377 2.244428283522137 0.6957870694060673
  endloop
endfacet
facet normal -0.939372 0.0298165 -0.341602
  outer loop
    vertex 19.21854976676108 1.483702288604863 0.8563653324054976
    vertex 19.30109005349377 2.244428283522137 0.6957870694060673
    vertex 19.42545225252033 1.488856567044274 0.287853694651534
  endloop
endfacet
facet normal -0.998412 0.0563257 0
  outer loop
    vertex 19.4073774507091 0 -0.3782855877257355
    vertex 19.4073774507091 0 0.3782855877257335
    vertex 19.44937454481454 0.7444282835221374 -0.04611026389400522
  endloop
endfacet
facet normal -0.979048 -0.0563257 -0.195684
  outer loop
    vertex 19.4073774507091 0 0.3782855877257335
    vertex 19.30109005349377 0.7444282835221374 0.6957870694060673
    vertex 19.44937454481454 0.7444282835221374 -0.04611026389400522
  endloop
endfacet
facet normal -0.899539 0.0563257 -0.433195
  outer loop
    vertex 19.4073774507091 0 0.3782855877257335
    vertex 19.07911352019565 0 1.059932663159846
    vertex 19.30109005349377 0.7444282835221374 0.6957870694060673
  endloop
endfacet
facet normal -0.979048 0.0563257 -0.195684
  outer loop
    vertex 19.44937454481454 0.7444282835221374 -0.04611026389400522
    vertex 19.30109005349377 0.7444282835221374 0.6957870694060673
    vertex 19.42545225252033 1.488856567044274 0.287853694651534
  endloop
endfacet
facet normal 0.998416 -0.0562673 0
  outer loop
    vertex 16.0926225492909 3 -0.3782855877257348
    vertex 16.0926225492909 3 0.3782855877257342
    vertex 16.05060518669406 2.254437241879836 -0.04535712191993333
  endloop
endfacet
facet normal 0.978964 0.0562673 -0.196119
  outer loop
    vertex 16.0926225492909 3 0.3782855877257342
    vertex 16.19921846128227 2.254437241879836 0.6964744210466527
    vertex 16.05060518669406 2.254437241879836 -0.04535712191993333
  endloop
endfacet
facet normal 0.899541 -0.0562673 -0.433196
  outer loop
    vertex 16.0926225492909 3 0.3782855877257342
    vertex 16.42088647980435 3 1.059932663159848
    vertex 16.19921846128227 2.254437241879836 0.6964744210466527
  endloop
endfacet
facet normal 0.978964 -0.0562673 -0.196119
  outer loop
    vertex 16.05060518669406 2.254437241879836 -0.04535712191993333
    vertex 16.19921846128227 2.254437241879836 0.6964744210466527
    vertex 16.07480355054198 1.508874483759674 0.2893386523146447
  endloop
endfacet
facet normal -0.222158 -0.0570852 0.973338
  outer loop
    vertex 18.48760235649985 3 -1.531647075434113
    vertex 17.75 3 -1.7
    vertex 18.12784196600768 2.254571132133785 -1.657478642011248
  endloop
endfacet
facet normal 0.00026722 0.0570852 0.998369
  outer loop
    vertex 17.75 3 -1.7
    vertex 17.37127081765663 2.254571132133785 -1.657276140672254
    vertex 18.12784196600768 2.254571132133785 -1.657478642011248
  endloop
endfacet
facet normal 0.222158 -0.0570852 0.973338
  outer loop
    vertex 17.75 3 -1.7
    vertex 17.01239764350015 3 -1.531647075434112
    vertex 17.37127081765663 2.254571132133785 -1.657276140672254
  endloop
endfacet
facet normal 0.00026722 -0.0570852 0.998369
  outer loop
    vertex 18.12784196600768 2.254571132133785 -1.657478642011248
    vertex 17.37127081765663 2.254571132133785 -1.657276140672254
    vertex 17.74908996727571 1.509142264267571 -1.699999756423642
  endloop
endfacet
facet normal -0.622449 0.0573121 0.780559
  outer loop
    vertex 19.07868549328373 1.52010598144147 -1.060469169725073
    vertex 18.80966434508664 2.260052990720735 -1.329327452417991
    vertex 18.48688313947784 1.514624122854521 -1.531993224121207
  endloop
endfacet
facet normal -0.432585 -0.0573121 0.89977
  outer loop
    vertex 18.80966434508664 2.260052990720735 -1.329327452417991
    vertex 18.12784196600768 2.254571132133785 -1.657478642011248
    vertex 18.48688313947784 1.514624122854521 -1.531993224121207
  endloop
endfacet
facet normal -0.433333 0.0573121 0.899409
  outer loop
    vertex 18.80966434508664 2.260052990720735 -1.329327452417991
    vertex 18.48760235649985 3 -1.531647075434113
    vertex 18.12784196600768 2.254571132133785 -1.657478642011248
  endloop
endfacet
facet normal -0.222071 0.0573121 0.973345
  outer loop
    vertex 18.48688313947784 1.514624122854521 -1.531993224121207
    vertex 18.12784196600768 2.254571132133785 -1.657478642011248
    vertex 17.74908996727571 1.509142264267571 -1.699999756423642
  endloop
endfacet
facet normal -0.899478 -0.0575068 0.433166
  outer loop
    vertex 19.4073774507091 3 -0.3782855877257355
    vertex 19.07911352019565 3 -1.059932663159848
    vertex 19.281498150916 2.260052990720735 -0.7379115216208961
  endloop
endfacet
facet normal -0.780412 0.0575068 0.622616
  outer loop
    vertex 19.07911352019565 3 -1.059932663159848
    vertex 18.80966434508664 2.260052990720735 -1.329327452417991
    vertex 19.281498150916 2.260052990720735 -0.7379115216208961
  endloop
endfacet
facet normal -0.622458 -0.0575068 0.780538
  outer loop
    vertex 19.07911352019565 3 -1.059932663159848
    vertex 18.48760235649985 3 -1.531647075434113
    vertex 18.80966434508664 2.260052990720735 -1.329327452417991
  endloop
endfacet
facet normal -0.780412 -0.0575068 0.622616
  outer loop
    vertex 19.281498150916 2.260052990720735 -0.7379115216208961
    vertex 18.80966434508664 2.260052990720735 -1.329327452417991
    vertex 19.07868549328373 1.52010598144147 -1.060469169725073
  endloop
endfacet
facet normal 0.899457 0.0579109 0.433156
  outer loop
    vertex 16.0926225492909 0 -0.3782855877257348
    vertex 16.42088647980435 0 -1.059932663159847
    vertex 16.21745735200555 0.7347456210597123 -0.7357397855751411
  endloop
endfacet
facet normal 0.781276 -0.0579109 0.621494
  outer loop
    vertex 16.42088647980435 0 -1.059932663159847
    vertex 16.68845231460716 0.7347456210597123 -1.32782397614936
    vertex 16.21745735200555 0.7347456210597123 -0.7357397855751411
  endloop
endfacet
facet normal 0.622443 0.0579109 0.780519
  outer loop
    vertex 16.42088647980435 0 -1.059932663159847
    vertex 17.01239764350015 0 -1.531647075434112
    vertex 16.68845231460716 0.7347456210597123 -1.32782397614936
  endloop
endfacet
facet normal 0.781276 0.0579109 0.621494
  outer loop
    vertex 16.21745735200555 0.7347456210597123 -0.7357397855751411
    vertex 16.68845231460716 0.7347456210597123 -1.32782397614936
    vertex 16.41831328662904 1.469491242119425 -1.056697921560958
  endloop
endfacet
facet normal -0.222339 -0.0404179 -0.974131
  outer loop
    vertex 17.75 3 1.7
    vertex 18.48760235649985 3 1.531647075434112
    vertex 18.32100205019912 2.239274005082725 1.601235978445526
  endloop
endfacet
facet normal -0.536617 0.0404179 -0.842858
  outer loop
    vertex 18.48760235649985 3 1.531647075434112
    vertex 18.95920532427537 2.239274005082725 1.194915262160503
    vertex 18.32100205019912 2.239274005082725 1.601235978445526
  endloop
endfacet
facet normal -0.62298 -0.0404179 -0.781193
  outer loop
    vertex 18.48760235649985 3 1.531647075434112
    vertex 19.07911352019565 3 1.059932663159846
    vertex 18.95920532427537 2.239274005082725 1.194915262160503
  endloop
endfacet
facet normal -0.536617 -0.0404179 -0.842858
  outer loop
    vertex 18.32100205019912 2.239274005082725 1.601235978445526
    vertex 18.95920532427537 2.239274005082725 1.194915262160503
    vertex 18.82565767828822 1.478548010165451 1.316419598433416
  endloop
endfacet
facet normal 0.222339 0.0404179 -0.974131
  outer loop
    vertex 17.75 0 1.7
    vertex 17.01239764350015 0 1.531647075434113
    vertex 17.17899794980089 0.7607259949172791 1.601235978445529
  endloop
endfacet
facet normal 0.536617 -0.0404179 -0.842858
  outer loop
    vertex 17.01239764350015 0 1.531647075434113
    vertex 16.54079467572464 0.7607259949172791 1.194915262160506
    vertex 17.17899794980089 0.7607259949172791 1.601235978445529
  endloop
endfacet
facet normal 0.62298 0.0404179 -0.781193
  outer loop
    vertex 17.01239764350015 0 1.531647075434113
    vertex 16.42088647980435 0 1.059932663159848
    vertex 16.54079467572464 0.7607259949172791 1.194915262160506
  endloop
endfacet
facet normal 0.536617 0.0404179 -0.842858
  outer loop
    vertex 17.17899794980089 0.7607259949172791 1.601235978445529
    vertex 16.54079467572464 0.7607259949172791 1.194915262160506
    vertex 16.67434232171179 1.521451989834558 1.316419598433421
  endloop
endfacet
endsolid Created by Gmsh
