{"op_code":0,"worker_id":"9431f27f-894d-412a-aeff-4ffa4237ed44-140427108503552","study_name":"SensorFinger_13_optuna_evolutionary","directions":[2,2,2]}
{"op_code":4,"worker_id":"9431f27f-894d-412a-aeff-4ffa4237ed44-140427108503552","study_id":0,"datetime_start":"2026-05-28T20:58:14.153335"}
{"op_code":9,"worker_id":"9431f27f-894d-412a-aeff-4ffa4237ed44-140427108503552","trial_id":0,"system_attr":{"nsga2:generation":0}}
{"op_code":5,"worker_id":"9431f27f-894d-412a-aeff-4ffa4237ed44-140427108503552","trial_id":0,"param_name":"JointSlopeAngle","param_value_internal":0.9989169335734219,"distribution":"{\"name\": \"FloatDistribution\", \"attributes\": {\"step\": null, \"low\": 0.17453292519943295, \"high\": 1.0471975511965976, \"log\": false}}"}
{"op_code":0,"worker_id":"302ce342-051b-428c-94c4-8e8f1b9e5321-140244636663808","study_name":"SensorFinger_13_optuna_evolutionary","directions":[2,2,2]}
{"op_code":5,"worker_id":"9431f27f-894d-412a-aeff-4ffa4237ed44-140427108503552","trial_id":0,"param_name":"OuterRadius","param_value_internal":10.68535262879997,"distribution":"{\"name\": \"FloatDistribution\", \"attributes\": {\"step\": null, \"low\": 8.75, \"high\": 17.75, \"log\": false}}"}
{"op_code":0,"worker_id":"302ce342-051b-428c-94c4-8e8f1b9e5321-140244636663808","study_name":"SensorFinger_13_optuna_evolutionary","directions":[2,2,2]}
{"op_code":5,"worker_id":"9431f27f-894d-412a-aeff-4ffa4237ed44-140427108503552","trial_id":0,"param_name":"JointHeight","param_value_internal":6.151459698443001,"distribution":"{\"name\": \"FloatDistribution\", \"attributes\": {\"step\": null, \"low\": 5.0, \"high\": 8.0, \"log\": false}}"}
{"op_code":5,"worker_id":"9431f27f-894d-412a-aeff-4ffa4237ed44-140427108503552","trial_id":0,"param_name":"CavityCorkThickness","param_value_internal":2.7984136164713496,"distribution":"{\"name\": \"FloatDistribution\", \"attributes\": {\"step\": null, \"low\": 2.0, \"high\": 5.0, \"log\": false}}"}
{"op_code":4,"worker_id":"302ce342-051b-428c-94c4-8e8f1b9e5321-140244636663808","study_id":0,"datetime_start":"2026-05-28T20:58:14.238707"}
{"op_code":5,"worker_id":"9431f27f-894d-412a-aeff-4ffa4237ed44-140427108503552","trial_id":0,"param_name":"BellowHeight","param_value_internal":7.886969615939618,"distribution":"{\"name\": \"FloatDistribution\", \"attributes\": {\"step\": null, \"low\": 6.0, \"high\": 10.0, \"log\": false}}"}
{"op_code":5,"worker_id":"9431f27f-894d-412a-aeff-4ffa4237ed44-140427108503552","trial_id":0,"param_name":"WallThickness","param_value_internal":3.3542549041334633,"distribution":"{\"name\": \"FloatDistribution\", \"attributes\": {\"step\": null, \"low\": 2.0, \"high\": 4.0, \"log\": false}}"}
{"op_code":9,"worker_id":"302ce342-051b-428c-94c4-8e8f1b9e5321-140244636663808","trial_id":1,"system_attr":{"nsga2:generation":0}}
{"op_code":5,"worker_id":"9431f27f-894d-412a-aeff-4ffa4237ed44-140427108503552","trial_id":0,"param_name":"PlateauHeight","param_value_internal":2.957800512337168,"distribution":"{\"name\": \"FloatDistribution\", \"attributes\": {\"step\": null, \"low\": 2.0, \"high\": 4.0, \"log\": false}}"}
{"op_code":5,"worker_id":"302ce342-051b-428c-94c4-8e8f1b9e5321-140244636663808","trial_id":1,"param_name":"JointSlopeAngle","param_value_internal":0.17737555195642896,"distribution":"{\"name\": \"FloatDistribution\", \"attributes\": {\"step\": null, \"low\": 0.17453292519943295, \"high\": 1.0471975511965976, \"log\": false}}"}
{"op_code":5,"worker_id":"302ce342-051b-428c-94c4-8e8f1b9e5321-140244636663808","trial_id":1,"param_name":"OuterRadius","param_value_internal":9.557838809482579,"distribution":"{\"name\": \"FloatDistribution\", \"attributes\": {\"step\": null, \"low\": 8.75, \"high\": 17.75, \"log\": false}}"}
{"op_code":5,"worker_id":"302ce342-051b-428c-94c4-8e8f1b9e5321-140244636663808","trial_id":1,"param_name":"JointHeight","param_value_internal":6.385494423523551,"distribution":"{\"name\": \"FloatDistribution\", \"attributes\": {\"step\": null, \"low\": 5.0, \"high\": 8.0, \"log\": false}}"}
{"op_code":5,"worker_id":"302ce342-051b-428c-94c4-8e8f1b9e5321-140244636663808","trial_id":1,"param_name":"CavityCorkThickness","param_value_internal":3.083527360926134,"distribution":"{\"name\": \"FloatDistribution\", \"attributes\": {\"step\": null, \"low\": 2.0, \"high\": 5.0, \"log\": false}}"}
{"op_code":5,"worker_id":"302ce342-051b-428c-94c4-8e8f1b9e5321-140244636663808","trial_id":1,"param_name":"BellowHeight","param_value_internal":8.725678225419998,"distribution":"{\"name\": \"FloatDistribution\", \"attributes\": {\"step\": null, \"low\": 6.0, \"high\": 10.0, \"log\": false}}"}
{"op_code":5,"worker_id":"302ce342-051b-428c-94c4-8e8f1b9e5321-140244636663808","trial_id":1,"param_name":"WallThickness","param_value_internal":2.8498809336133113,"distribution":"{\"name\": \"FloatDistribution\", \"attributes\": {\"step\": null, \"low\": 2.0, \"high\": 4.0, \"log\": false}}"}
{"op_code":5,"worker_id":"302ce342-051b-428c-94c4-8e8f1b9e5321-140244636663808","trial_id":1,"param_name":"PlateauHeight","param_value_internal":2.1183614868168963,"distribution":"{\"name\": \"FloatDistribution\", \"attributes\": {\"step\": null, \"low\": 2.0, \"high\": 4.0, \"log\": false}}"}
{"op_code":6,"worker_id":"9431f27f-894d-412a-aeff-4ffa4237ed44-140427108503552","trial_id":0,"state":1,"values":[-Infinity,-Infinity,-Infinity],"datetime_complete":"2026-05-28T20:58:27.731118"}
{"op_code":4,"worker_id":"9431f27f-894d-412a-aeff-4ffa4237ed44-140427108503552","study_id":0,"datetime_start":"2026-05-28T20:58:27.747636"}
{"op_code":9,"worker_id":"9431f27f-894d-412a-aeff-4ffa4237ed44-140427108503552","trial_id":2,"system_attr":{"nsga2:generation":0}}
{"op_code":5,"worker_id":"9431f27f-894d-412a-aeff-4ffa4237ed44-140427108503552","trial_id":2,"param_name":"JointSlopeAngle","param_value_internal":0.840044550604353,"distribution":"{\"name\": \"FloatDistribution\", \"attributes\": {\"step\": null, \"low\": 0.17453292519943295, \"high\": 1.0471975511965976, \"log\": false}}"}
{"op_code":5,"worker_id":"9431f27f-894d-412a-aeff-4ffa4237ed44-140427108503552","trial_id":2,"param_name":"OuterRadius","param_value_internal":15.992167409601281,"distribution":"{\"name\": \"FloatDistribution\", \"attributes\": {\"step\": null, \"low\": 8.75, \"high\": 17.75, \"log\": false}}"}
{"op_code":5,"worker_id":"9431f27f-894d-412a-aeff-4ffa4237ed44-140427108503552","trial_id":2,"param_name":"JointHeight","param_value_internal":5.79277594776773,"distribution":"{\"name\": \"FloatDistribution\", \"attributes\": {\"step\": null, \"low\": 5.0, \"high\": 8.0, \"log\": false}}"}
{"op_code":5,"worker_id":"9431f27f-894d-412a-aeff-4ffa4237ed44-140427108503552","trial_id":2,"param_name":"CavityCorkThickness","param_value_internal":3.4826906895668426,"distribution":"{\"name\": \"FloatDistribution\", \"attributes\": {\"step\": null, \"low\": 2.0, \"high\": 5.0, \"log\": false}}"}
{"op_code":5,"worker_id":"9431f27f-894d-412a-aeff-4ffa4237ed44-140427108503552","trial_id":2,"param_name":"BellowHeight","param_value_internal":7.86469979116414,"distribution":"{\"name\": \"FloatDistribution\", \"attributes\": {\"step\": null, \"low\": 6.0, \"high\": 10.0, \"log\": false}}"}
{"op_code":5,"worker_id":"9431f27f-894d-412a-aeff-4ffa4237ed44-140427108503552","trial_id":2,"param_name":"WallThickness","param_value_internal":3.404643529387884,"distribution":"{\"name\": \"FloatDistribution\", \"attributes\": {\"step\": null, \"low\": 2.0, \"high\": 4.0, \"log\": false}}"}
{"op_code":5,"worker_id":"9431f27f-894d-412a-aeff-4ffa4237ed44-140427108503552","trial_id":2,"param_name":"PlateauHeight","param_value_internal":2.118972277218888,"distribution":"{\"name\": \"FloatDistribution\", \"attributes\": {\"step\": null, \"low\": 2.0, \"high\": 4.0, \"log\": false}}"}
{"op_code":6,"worker_id":"302ce342-051b-428c-94c4-8e8f1b9e5321-140244636663808","trial_id":1,"state":1,"values":[22.46403418722568,0.10730059415612637,0.3499444141995428],"datetime_complete":"2026-05-28T20:58:55.254919"}
{"op_code":4,"worker_id":"302ce342-051b-428c-94c4-8e8f1b9e5321-140244636663808","study_id":0,"datetime_start":"2026-05-28T20:58:55.269399"}
{"op_code":9,"worker_id":"302ce342-051b-428c-94c4-8e8f1b9e5321-140244636663808","trial_id":3,"system_attr":{"nsga2:generation":0}}
{"op_code":5,"worker_id":"302ce342-051b-428c-94c4-8e8f1b9e5321-140244636663808","trial_id":3,"param_name":"JointSlopeAngle","param_value_internal":0.2515474579994148,"distribution":"{\"name\": \"FloatDistribution\", \"attributes\": {\"step\": null, \"low\": 0.17453292519943295, \"high\": 1.0471975511965976, \"log\": false}}"}
{"op_code":5,"worker_id":"302ce342-051b-428c-94c4-8e8f1b9e5321-140244636663808","trial_id":3,"param_name":"OuterRadius","param_value_internal":12.034919377355568,"distribution":"{\"name\": \"FloatDistribution\", \"attributes\": {\"step\": null, \"low\": 8.75, \"high\": 17.75, \"log\": false}}"}
{"op_code":5,"worker_id":"302ce342-051b-428c-94c4-8e8f1b9e5321-140244636663808","trial_id":3,"param_name":"JointHeight","param_value_internal":7.6920688858942885,"distribution":"{\"name\": \"FloatDistribution\", \"attributes\": {\"step\": null, \"low\": 5.0, \"high\": 8.0, \"log\": false}}"}
{"op_code":5,"worker_id":"302ce342-051b-428c-94c4-8e8f1b9e5321-140244636663808","trial_id":3,"param_name":"CavityCorkThickness","param_value_internal":4.450088644799013,"distribution":"{\"name\": \"FloatDistribution\", \"attributes\": {\"step\": null, \"low\": 2.0, \"high\": 5.0, \"log\": false}}"}
{"op_code":5,"worker_id":"302ce342-051b-428c-94c4-8e8f1b9e5321-140244636663808","trial_id":3,"param_name":"BellowHeight","param_value_internal":8.358982826831989,"distribution":"{\"name\": \"FloatDistribution\", \"attributes\": {\"step\": null, \"low\": 6.0, \"high\": 10.0, \"log\": false}}"}
{"op_code":5,"worker_id":"302ce342-051b-428c-94c4-8e8f1b9e5321-140244636663808","trial_id":3,"param_name":"WallThickness","param_value_internal":3.577870618091281,"distribution":"{\"name\": \"FloatDistribution\", \"attributes\": {\"step\": null, \"low\": 2.0, \"high\": 4.0, \"log\": false}}"}
{"op_code":5,"worker_id":"302ce342-051b-428c-94c4-8e8f1b9e5321-140244636663808","trial_id":3,"param_name":"PlateauHeight","param_value_internal":2.46980168656893,"distribution":"{\"name\": \"FloatDistribution\", \"attributes\": {\"step\": null, \"low\": 2.0, \"high\": 4.0, \"log\": false}}"}
{"op_code":6,"worker_id":"9431f27f-894d-412a-aeff-4ffa4237ed44-140427108503552","trial_id":2,"state":1,"values":[53.86366107156766,0.07629985332132058,0.34919218284044784],"datetime_complete":"2026-05-28T20:59:04.992652"}
{"op_code":4,"worker_id":"9431f27f-894d-412a-aeff-4ffa4237ed44-140427108503552","study_id":0,"datetime_start":"2026-05-28T20:59:05.008334"}
{"op_code":9,"worker_id":"9431f27f-894d-412a-aeff-4ffa4237ed44-140427108503552","trial_id":4,"system_attr":{"nsga2:generation":0}}
{"op_code":5,"worker_id":"9431f27f-894d-412a-aeff-4ffa4237ed44-140427108503552","trial_id":4,"param_name":"JointSlopeAngle","param_value_internal":0.6514101966662729,"distribution":"{\"name\": \"FloatDistribution\", \"attributes\": {\"step\": null, \"low\": 0.17453292519943295, \"high\": 1.0471975511965976, \"log\": false}}"}
{"op_code":5,"worker_id":"9431f27f-894d-412a-aeff-4ffa4237ed44-140427108503552","trial_id":4,"param_name":"OuterRadius","param_value_internal":12.40216280669376,"distribution":"{\"name\": \"FloatDistribution\", \"attributes\": {\"step\": null, \"low\": 8.75, \"high\": 17.75, \"log\": false}}"}
{"op_code":5,"worker_id":"9431f27f-894d-412a-aeff-4ffa4237ed44-140427108503552","trial_id":4,"param_name":"JointHeight","param_value_internal":5.8741644177199115,"distribution":"{\"name\": \"FloatDistribution\", \"attributes\": {\"step\": null, \"low\": 5.0, \"high\": 8.0, \"log\": false}}"}
{"op_code":5,"worker_id":"9431f27f-894d-412a-aeff-4ffa4237ed44-140427108503552","trial_id":4,"param_name":"CavityCorkThickness","param_value_internal":4.5846813631520895,"distribution":"{\"name\": \"FloatDistribution\", \"attributes\": {\"step\": null, \"low\": 2.0, \"high\": 5.0, \"log\": false}}"}
{"op_code":5,"worker_id":"9431f27f-894d-412a-aeff-4ffa4237ed44-140427108503552","trial_id":4,"param_name":"BellowHeight","param_value_internal":7.686933981939517,"distribution":"{\"name\": \"FloatDistribution\", \"attributes\": {\"step\": null, \"low\": 6.0, \"high\": 10.0, \"log\": false}}"}
{"op_code":5,"worker_id":"9431f27f-894d-412a-aeff-4ffa4237ed44-140427108503552","trial_id":4,"param_name":"WallThickness","param_value_internal":2.4033688852079402,"distribution":"{\"name\": \"FloatDistribution\", \"attributes\": {\"step\": null, \"low\": 2.0, \"high\": 4.0, \"log\": false}}"}
{"op_code":5,"worker_id":"9431f27f-894d-412a-aeff-4ffa4237ed44-140427108503552","trial_id":4,"param_name":"PlateauHeight","param_value_internal":2.623492640568099,"distribution":"{\"name\": \"FloatDistribution\", \"attributes\": {\"step\": null, \"low\": 2.0, \"high\": 4.0, \"log\": false}}"}
{"op_code":6,"worker_id":"302ce342-051b-428c-94c4-8e8f1b9e5321-140244636663808","trial_id":3,"state":1,"values":[20.410758235051702,0.10809006728251715,0.41419200539645545],"datetime_complete":"2026-05-28T20:59:32.511931"}
{"op_code":4,"worker_id":"302ce342-051b-428c-94c4-8e8f1b9e5321-140244636663808","study_id":0,"datetime_start":"2026-05-28T20:59:32.527611"}
{"op_code":9,"worker_id":"302ce342-051b-428c-94c4-8e8f1b9e5321-140244636663808","trial_id":5,"system_attr":{"nsga2:generation":0}}
{"op_code":5,"worker_id":"302ce342-051b-428c-94c4-8e8f1b9e5321-140244636663808","trial_id":5,"param_name":"JointSlopeAngle","param_value_internal":0.6359529026439726,"distribution":"{\"name\": \"FloatDistribution\", \"attributes\": {\"step\": null, \"low\": 0.17453292519943295, \"high\": 1.0471975511965976, \"log\": false}}"}
{"op_code":5,"worker_id":"302ce342-051b-428c-94c4-8e8f1b9e5321-140244636663808","trial_id":5,"param_name":"OuterRadius","param_value_internal":11.640117621654358,"distribution":"{\"name\": \"FloatDistribution\", \"attributes\": {\"step\": null, \"low\": 8.75, \"high\": 17.75, \"log\": false}}"}
{"op_code":5,"worker_id":"302ce342-051b-428c-94c4-8e8f1b9e5321-140244636663808","trial_id":5,"param_name":"JointHeight","param_value_internal":6.329416871126339,"distribution":"{\"name\": \"FloatDistribution\", \"attributes\": {\"step\": null, \"low\": 5.0, \"high\": 8.0, \"log\": false}}"}
{"op_code":5,"worker_id":"302ce342-051b-428c-94c4-8e8f1b9e5321-140244636663808","trial_id":5,"param_name":"CavityCorkThickness","param_value_internal":2.2343155879743235,"distribution":"{\"name\": \"FloatDistribution\", \"attributes\": {\"step\": null, \"low\": 2.0, \"high\": 5.0, \"log\": false}}"}
{"op_code":5,"worker_id":"302ce342-051b-428c-94c4-8e8f1b9e5321-140244636663808","trial_id":5,"param_name":"BellowHeight","param_value_internal":7.729931183878122,"distribution":"{\"name\": \"FloatDistribution\", \"attributes\": {\"step\": null, \"low\": 6.0, \"high\": 10.0, \"log\": false}}"}
{"op_code":5,"worker_id":"302ce342-051b-428c-94c4-8e8f1b9e5321-140244636663808","trial_id":5,"param_name":"WallThickness","param_value_internal":2.9947955242219546,"distribution":"{\"name\": \"FloatDistribution\", \"attributes\": {\"step\": null, \"low\": 2.0, \"high\": 4.0, \"log\": false}}"}
{"op_code":5,"worker_id":"302ce342-051b-428c-94c4-8e8f1b9e5321-140244636663808","trial_id":5,"param_name":"PlateauHeight","param_value_internal":3.4037589099141643,"distribution":"{\"name\": \"FloatDistribution\", \"attributes\": {\"step\": null, \"low\": 2.0, \"high\": 4.0, \"log\": false}}"}
{"op_code":6,"worker_id":"9431f27f-894d-412a-aeff-4ffa4237ed44-140427108503552","trial_id":4,"state":1,"values":[42.995275098132026,0.13476254439168156,0.43697256089568765],"datetime_complete":"2026-05-28T20:59:41.694874"}
{"op_code":4,"worker_id":"9431f27f-894d-412a-aeff-4ffa4237ed44-140427108503552","study_id":0,"datetime_start":"2026-05-28T20:59:41.710143"}
{"op_code":9,"worker_id":"9431f27f-894d-412a-aeff-4ffa4237ed44-140427108503552","trial_id":6,"system_attr":{"nsga2:generation":0}}
{"op_code":5,"worker_id":"9431f27f-894d-412a-aeff-4ffa4237ed44-140427108503552","trial_id":6,"param_name":"JointSlopeAngle","param_value_internal":0.9384490745925683,"distribution":"{\"name\": \"FloatDistribution\", \"attributes\": {\"step\": null, \"low\": 0.17453292519943295, \"high\": 1.0471975511965976, \"log\": false}}"}
{"op_code":5,"worker_id":"9431f27f-894d-412a-aeff-4ffa4237ed44-140427108503552","trial_id":6,"param_name":"OuterRadius","param_value_internal":15.119812270198315,"distribution":"{\"name\": \"FloatDistribution\", \"attributes\": {\"step\": null, \"low\": 8.75, \"high\": 17.75, \"log\": false}}"}
{"op_code":5,"worker_id":"9431f27f-894d-412a-aeff-4ffa4237ed44-140427108503552","trial_id":6,"param_name":"JointHeight","param_value_internal":5.614959901728492,"distribution":"{\"name\": \"FloatDistribution\", \"attributes\": {\"step\": null, \"low\": 5.0, \"high\": 8.0, \"log\": false}}"}
{"op_code":5,"worker_id":"9431f27f-894d-412a-aeff-4ffa4237ed44-140427108503552","trial_id":6,"param_name":"CavityCorkThickness","param_value_internal":2.9638340784039916,"distribution":"{\"name\": \"FloatDistribution\", \"attributes\": {\"step\": null, \"low\": 2.0, \"high\": 5.0, \"log\": false}}"}
{"op_code":5,"worker_id":"9431f27f-894d-412a-aeff-4ffa4237ed44-140427108503552","trial_id":6,"param_name":"BellowHeight","param_value_internal":6.949320539743759,"distribution":"{\"name\": \"FloatDistribution\", \"attributes\": {\"step\": null, \"low\": 6.0, \"high\": 10.0, \"log\": false}}"}
{"op_code":5,"worker_id":"9431f27f-894d-412a-aeff-4ffa4237ed44-140427108503552","trial_id":6,"param_name":"WallThickness","param_value_internal":2.7841270204627406,"distribution":"{\"name\": \"FloatDistribution\", \"attributes\": {\"step\": null, \"low\": 2.0, \"high\": 4.0, \"log\": false}}"}
{"op_code":5,"worker_id":"9431f27f-894d-412a-aeff-4ffa4237ed44-140427108503552","trial_id":6,"param_name":"PlateauHeight","param_value_internal":3.3921487977461946,"distribution":"{\"name\": \"FloatDistribution\", \"attributes\": {\"step\": null, \"low\": 2.0, \"high\": 4.0, \"log\": false}}"}
{"op_code":6,"worker_id":"302ce342-051b-428c-94c4-8e8f1b9e5321-140244636663808","trial_id":5,"state":1,"values":[36.43271482076091,0.08042599158559426,0.46549153670257737],"datetime_complete":"2026-05-28T21:00:10.865716"}
{"op_code":4,"worker_id":"302ce342-051b-428c-94c4-8e8f1b9e5321-140244636663808","study_id":0,"datetime_start":"2026-05-28T21:00:10.882332"}
{"op_code":9,"worker_id":"302ce342-051b-428c-94c4-8e8f1b9e5321-140244636663808","trial_id":7,"system_attr":{"nsga2:generation":0}}
{"op_code":5,"worker_id":"302ce342-051b-428c-94c4-8e8f1b9e5321-140244636663808","trial_id":7,"param_name":"JointSlopeAngle","param_value_internal":0.3898899179956399,"distribution":"{\"name\": \"FloatDistribution\", \"attributes\": {\"step\": null, \"low\": 0.17453292519943295, \"high\": 1.0471975511965976, \"log\": false}}"}
{"op_code":5,"worker_id":"302ce342-051b-428c-94c4-8e8f1b9e5321-140244636663808","trial_id":7,"param_name":"OuterRadius","param_value_internal":13.692019533696822,"distribution":"{\"name\": \"FloatDistribution\", \"attributes\": {\"step\": null, \"low\": 8.75, \"high\": 17.75, \"log\": false}}"}
{"op_code":5,"worker_id":"302ce342-051b-428c-94c4-8e8f1b9e5321-140244636663808","trial_id":7,"param_name":"JointHeight","param_value_internal":5.983211885074025,"distribution":"{\"name\": \"FloatDistribution\", \"attributes\": {\"step\": null, \"low\": 5.0, \"high\": 8.0, \"log\": false}}"}
{"op_code":5,"worker_id":"302ce342-051b-428c-94c4-8e8f1b9e5321-140244636663808","trial_id":7,"param_name":"CavityCorkThickness","param_value_internal":2.692211339514228,"distribution":"{\"name\": \"FloatDistribution\", \"attributes\": {\"step\": null, \"low\": 2.0, \"high\": 5.0, \"log\": false}}"}
{"op_code":5,"worker_id":"302ce342-051b-428c-94c4-8e8f1b9e5321-140244636663808","trial_id":7,"param_name":"BellowHeight","param_value_internal":7.430908798684513,"distribution":"{\"name\": \"FloatDistribution\", \"attributes\": {\"step\": null, \"low\": 6.0, \"high\": 10.0, \"log\": false}}"}
{"op_code":5,"worker_id":"302ce342-051b-428c-94c4-8e8f1b9e5321-140244636663808","trial_id":7,"param_name":"WallThickness","param_value_internal":2.981747517220889,"distribution":"{\"name\": \"FloatDistribution\", \"attributes\": {\"step\": null, \"low\": 2.0, \"high\": 4.0, \"log\": false}}"}
{"op_code":5,"worker_id":"302ce342-051b-428c-94c4-8e8f1b9e5321-140244636663808","trial_id":7,"param_name":"PlateauHeight","param_value_internal":3.3230929277735575,"distribution":"{\"name\": \"FloatDistribution\", \"attributes\": {\"step\": null, \"low\": 2.0, \"high\": 4.0, \"log\": false}}"}
{"op_code":6,"worker_id":"9431f27f-894d-412a-aeff-4ffa4237ed44-140427108503552","trial_id":6,"state":1,"values":[52.83369229437551,0.06526751870014244,0.368922040736189],"datetime_complete":"2026-05-28T21:00:19.559248"}
{"op_code":4,"worker_id":"9431f27f-894d-412a-aeff-4ffa4237ed44-140427108503552","study_id":0,"datetime_start":"2026-05-28T21:00:19.574117"}
{"op_code":9,"worker_id":"9431f27f-894d-412a-aeff-4ffa4237ed44-140427108503552","trial_id":8,"system_attr":{"nsga2:generation":0}}
{"op_code":5,"worker_id":"9431f27f-894d-412a-aeff-4ffa4237ed44-140427108503552","trial_id":8,"param_name":"JointSlopeAngle","param_value_internal":0.9526723830921773,"distribution":"{\"name\": \"FloatDistribution\", \"attributes\": {\"step\": null, \"low\": 0.17453292519943295, \"high\": 1.0471975511965976, \"log\": false}}"}
{"op_code":5,"worker_id":"9431f27f-894d-412a-aeff-4ffa4237ed44-140427108503552","trial_id":8,"param_name":"OuterRadius","param_value_internal":14.556558332707098,"distribution":"{\"name\": \"FloatDistribution\", \"attributes\": {\"step\": null, \"low\": 8.75, \"high\": 17.75, \"log\": false}}"}
{"op_code":5,"worker_id":"9431f27f-894d-412a-aeff-4ffa4237ed44-140427108503552","trial_id":8,"param_name":"JointHeight","param_value_internal":6.512257842684219,"distribution":"{\"name\": \"FloatDistribution\", \"attributes\": {\"step\": null, \"low\": 5.0, \"high\": 8.0, \"log\": false}}"}
{"op_code":5,"worker_id":"9431f27f-894d-412a-aeff-4ffa4237ed44-140427108503552","trial_id":8,"param_name":"CavityCorkThickness","param_value_internal":3.382807239545252,"distribution":"{\"name\": \"FloatDistribution\", \"attributes\": {\"step\": null, \"low\": 2.0, \"high\": 5.0, \"log\": false}}"}
{"op_code":5,"worker_id":"9431f27f-894d-412a-aeff-4ffa4237ed44-140427108503552","trial_id":8,"param_name":"BellowHeight","param_value_internal":9.855418809723691,"distribution":"{\"name\": \"FloatDistribution\", \"attributes\": {\"step\": null, \"low\": 6.0, \"high\": 10.0, \"log\": false}}"}
{"op_code":5,"worker_id":"9431f27f-894d-412a-aeff-4ffa4237ed44-140427108503552","trial_id":8,"param_name":"WallThickness","param_value_internal":2.122518101490248,"distribution":"{\"name\": \"FloatDistribution\", \"attributes\": {\"step\": null, \"low\": 2.0, \"high\": 4.0, \"log\": false}}"}
{"op_code":5,"worker_id":"9431f27f-894d-412a-aeff-4ffa4237ed44-140427108503552","trial_id":8,"param_name":"PlateauHeight","param_value_internal":3.2005386861425666,"distribution":"{\"name\": \"FloatDistribution\", \"attributes\": {\"step\": null, \"low\": 2.0, \"high\": 4.0, \"log\": false}}"}
{"op_code":6,"worker_id":"302ce342-051b-428c-94c4-8e8f1b9e5321-140244636663808","trial_id":7,"state":1,"values":[33.64220984630515,0.05195062257876719,0.4179107045062048],"datetime_complete":"2026-05-28T21:00:49.403524"}
{"op_code":4,"worker_id":"302ce342-051b-428c-94c4-8e8f1b9e5321-140244636663808","study_id":0,"datetime_start":"2026-05-28T21:00:49.420406"}
{"op_code":9,"worker_id":"302ce342-051b-428c-94c4-8e8f1b9e5321-140244636663808","trial_id":9,"system_attr":{"nsga2:generation":0}}
{"op_code":5,"worker_id":"302ce342-051b-428c-94c4-8e8f1b9e5321-140244636663808","trial_id":9,"param_name":"JointSlopeAngle","param_value_internal":0.3083513904653584,"distribution":"{\"name\": \"FloatDistribution\", \"attributes\": {\"step\": null, \"low\": 0.17453292519943295, \"high\": 1.0471975511965976, \"log\": false}}"}
{"op_code":5,"worker_id":"302ce342-051b-428c-94c4-8e8f1b9e5321-140244636663808","trial_id":9,"param_name":"OuterRadius","param_value_internal":14.10013077975641,"distribution":"{\"name\": \"FloatDistribution\", \"attributes\": {\"step\": null, \"low\": 8.75, \"high\": 17.75, \"log\": false}}"}
{"op_code":5,"worker_id":"302ce342-051b-428c-94c4-8e8f1b9e5321-140244636663808","trial_id":9,"param_name":"JointHeight","param_value_internal":7.668148405994216,"distribution":"{\"name\": \"FloatDistribution\", \"attributes\": {\"step\": null, \"low\": 5.0, \"high\": 8.0, \"log\": false}}"}
{"op_code":5,"worker_id":"302ce342-051b-428c-94c4-8e8f1b9e5321-140244636663808","trial_id":9,"param_name":"CavityCorkThickness","param_value_internal":2.5696716449240977,"distribution":"{\"name\": \"FloatDistribution\", \"attributes\": {\"step\": null, \"low\": 2.0, \"high\": 5.0, \"log\": false}}"}
{"op_code":5,"worker_id":"302ce342-051b-428c-94c4-8e8f1b9e5321-140244636663808","trial_id":9,"param_name":"BellowHeight","param_value_internal":6.417561629395849,"distribution":"{\"name\": \"FloatDistribution\", \"attributes\": {\"step\": null, \"low\": 6.0, \"high\": 10.0, \"log\": false}}"}
{"op_code":5,"worker_id":"302ce342-051b-428c-94c4-8e8f1b9e5321-140244636663808","trial_id":9,"param_name":"WallThickness","param_value_internal":2.1982789253728923,"distribution":"{\"name\": \"FloatDistribution\", \"attributes\": {\"step\": null, \"low\": 2.0, \"high\": 4.0, \"log\": false}}"}
{"op_code":5,"worker_id":"302ce342-051b-428c-94c4-8e8f1b9e5321-140244636663808","trial_id":9,"param_name":"PlateauHeight","param_value_internal":3.6458701009187875,"distribution":"{\"name\": \"FloatDistribution\", \"attributes\": {\"step\": null, \"low\": 2.0, \"high\": 4.0, \"log\": false}}"}
{"op_code":6,"worker_id":"9431f27f-894d-412a-aeff-4ffa4237ed44-140427108503552","trial_id":8,"state":1,"values":[59.35366328624718,0.05870937305515834,0.39169167250172515],"datetime_complete":"2026-05-28T21:00:57.157366"}
{"op_code":4,"worker_id":"9431f27f-894d-412a-aeff-4ffa4237ed44-140427108503552","study_id":0,"datetime_start":"2026-05-28T21:00:57.173567"}
{"op_code":9,"worker_id":"9431f27f-894d-412a-aeff-4ffa4237ed44-140427108503552","trial_id":10,"system_attr":{"nsga2:generation":0}}
{"op_code":5,"worker_id":"9431f27f-894d-412a-aeff-4ffa4237ed44-140427108503552","trial_id":10,"param_name":"JointSlopeAngle","param_value_internal":0.1999570530309133,"distribution":"{\"name\": \"FloatDistribution\", \"attributes\": {\"step\": null, \"low\": 0.17453292519943295, \"high\": 1.0471975511965976, \"log\": false}}"}
{"op_code":5,"worker_id":"9431f27f-894d-412a-aeff-4ffa4237ed44-140427108503552","trial_id":10,"param_name":"OuterRadius","param_value_internal":17.634067168533925,"distribution":"{\"name\": \"FloatDistribution\", \"attributes\": {\"step\": null, \"low\": 8.75, \"high\": 17.75, \"log\": false}}"}
{"op_code":5,"worker_id":"9431f27f-894d-412a-aeff-4ffa4237ed44-140427108503552","trial_id":10,"param_name":"JointHeight","param_value_internal":6.739975825417013,"distribution":"{\"name\": \"FloatDistribution\", \"attributes\": {\"step\": null, \"low\": 5.0, \"high\": 8.0, \"log\": false}}"}
{"op_code":5,"worker_id":"9431f27f-894d-412a-aeff-4ffa4237ed44-140427108503552","trial_id":10,"param_name":"CavityCorkThickness","param_value_internal":2.7499069805974656,"distribution":"{\"name\": \"FloatDistribution\", \"attributes\": {\"step\": null, \"low\": 2.0, \"high\": 5.0, \"log\": false}}"}
{"op_code":5,"worker_id":"9431f27f-894d-412a-aeff-4ffa4237ed44-140427108503552","trial_id":10,"param_name":"BellowHeight","param_value_internal":8.578367327460388,"distribution":"{\"name\": \"FloatDistribution\", \"attributes\": {\"step\": null, \"low\": 6.0, \"high\": 10.0, \"log\": false}}"}
{"op_code":5,"worker_id":"9431f27f-894d-412a-aeff-4ffa4237ed44-140427108503552","trial_id":10,"param_name":"WallThickness","param_value_internal":3.352125660223665,"distribution":"{\"name\": \"FloatDistribution\", \"attributes\": {\"step\": null, \"low\": 2.0, \"high\": 4.0, \"log\": false}}"}
{"op_code":5,"worker_id":"9431f27f-894d-412a-aeff-4ffa4237ed44-140427108503552","trial_id":10,"param_name":"PlateauHeight","param_value_internal":2.293263620039397,"distribution":"{\"name\": \"FloatDistribution\", \"attributes\": {\"step\": null, \"low\": 2.0, \"high\": 4.0, \"log\": false}}"}
{"op_code":6,"worker_id":"302ce342-051b-428c-94c4-8e8f1b9e5321-140244636663808","trial_id":9,"state":1,"values":[59.20857353408985,0.0757257255072604,0.36087233547100417],"datetime_complete":"2026-05-28T21:01:27.667246"}
{"op_code":4,"worker_id":"302ce342-051b-428c-94c4-8e8f1b9e5321-140244636663808","study_id":0,"datetime_start":"2026-05-28T21:01:27.681865"}
{"op_code":9,"worker_id":"302ce342-051b-428c-94c4-8e8f1b9e5321-140244636663808","trial_id":11,"system_attr":{"nsga2:generation":0}}
{"op_code":5,"worker_id":"302ce342-051b-428c-94c4-8e8f1b9e5321-140244636663808","trial_id":11,"param_name":"JointSlopeAngle","param_value_internal":0.6660610753585449,"distribution":"{\"name\": \"FloatDistribution\", \"attributes\": {\"step\": null, \"low\": 0.17453292519943295, \"high\": 1.0471975511965976, \"log\": false}}"}
{"op_code":5,"worker_id":"302ce342-051b-428c-94c4-8e8f1b9e5321-140244636663808","trial_id":11,"param_name":"OuterRadius","param_value_internal":15.159466268426062,"distribution":"{\"name\": \"FloatDistribution\", \"attributes\": {\"step\": null, \"low\": 8.75, \"high\": 17.75, \"log\": false}}"}
{"op_code":5,"worker_id":"302ce342-051b-428c-94c4-8e8f1b9e5321-140244636663808","trial_id":11,"param_name":"JointHeight","param_value_internal":7.276982717225047,"distribution":"{\"name\": \"FloatDistribution\", \"attributes\": {\"step\": null, \"low\": 5.0, \"high\": 8.0, \"log\": false}}"}
{"op_code":5,"worker_id":"302ce342-051b-428c-94c4-8e8f1b9e5321-140244636663808","trial_id":11,"param_name":"CavityCorkThickness","param_value_internal":2.6870049255391217,"distribution":"{\"name\": \"FloatDistribution\", \"attributes\": {\"step\": null, \"low\": 2.0, \"high\": 5.0, \"log\": false}}"}
{"op_code":5,"worker_id":"302ce342-051b-428c-94c4-8e8f1b9e5321-140244636663808","trial_id":11,"param_name":"BellowHeight","param_value_internal":6.5346051775188325,"distribution":"{\"name\": \"FloatDistribution\", \"attributes\": {\"step\": null, \"low\": 6.0, \"high\": 10.0, \"log\": false}}"}
{"op_code":5,"worker_id":"302ce342-051b-428c-94c4-8e8f1b9e5321-140244636663808","trial_id":11,"param_name":"WallThickness","param_value_internal":3.0795474240095526,"distribution":"{\"name\": \"FloatDistribution\", \"attributes\": {\"step\": null, \"low\": 2.0, \"high\": 4.0, \"log\": false}}"}
{"op_code":5,"worker_id":"302ce342-051b-428c-94c4-8e8f1b9e5321-140244636663808","trial_id":11,"param_name":"PlateauHeight","param_value_internal":2.8317365678295614,"distribution":"{\"name\": \"FloatDistribution\", \"attributes\": {\"step\": null, \"low\": 2.0, \"high\": 4.0, \"log\": false}}"}
{"op_code":6,"worker_id":"9431f27f-894d-412a-aeff-4ffa4237ed44-140427108503552","trial_id":10,"state":1,"values":[36.71862123822484,0.030490742505389575,0.345534550663498],"datetime_complete":"2026-05-28T21:01:34.797178"}
{"op_code":4,"worker_id":"9431f27f-894d-412a-aeff-4ffa4237ed44-140427108503552","study_id":0,"datetime_start":"2026-05-28T21:01:34.813378"}
{"op_code":9,"worker_id":"9431f27f-894d-412a-aeff-4ffa4237ed44-140427108503552","trial_id":12,"system_attr":{"nsga2:generation":0}}
{"op_code":5,"worker_id":"9431f27f-894d-412a-aeff-4ffa4237ed44-140427108503552","trial_id":12,"param_name":"JointSlopeAngle","param_value_internal":0.6090943653795478,"distribution":"{\"name\": \"FloatDistribution\", \"attributes\": {\"step\": null, \"low\": 0.17453292519943295, \"high\": 1.0471975511965976, \"log\": false}}"}
{"op_code":5,"worker_id":"9431f27f-894d-412a-aeff-4ffa4237ed44-140427108503552","trial_id":12,"param_name":"OuterRadius","param_value_internal":17.265214475068273,"distribution":"{\"name\": \"FloatDistribution\", \"attributes\": {\"step\": null, \"low\": 8.75, \"high\": 17.75, \"log\": false}}"}
{"op_code":5,"worker_id":"9431f27f-894d-412a-aeff-4ffa4237ed44-140427108503552","trial_id":12,"param_name":"JointHeight","param_value_internal":7.1113174225487565,"distribution":"{\"name\": \"FloatDistribution\", \"attributes\": {\"step\": null, \"low\": 5.0, \"high\": 8.0, \"log\": false}}"}
{"op_code":5,"worker_id":"9431f27f-894d-412a-aeff-4ffa4237ed44-140427108503552","trial_id":12,"param_name":"CavityCorkThickness","param_value_internal":4.444144648294285,"distribution":"{\"name\": \"FloatDistribution\", \"attributes\": {\"step\": null, \"low\": 2.0, \"high\": 5.0, \"log\": false}}"}
{"op_code":5,"worker_id":"9431f27f-894d-412a-aeff-4ffa4237ed44-140427108503552","trial_id":12,"param_name":"BellowHeight","param_value_internal":7.30073541553402,"distribution":"{\"name\": \"FloatDistribution\", \"attributes\": {\"step\": null, \"low\": 6.0, \"high\": 10.0, \"log\": false}}"}
{"op_code":5,"worker_id":"9431f27f-894d-412a-aeff-4ffa4237ed44-140427108503552","trial_id":12,"param_name":"WallThickness","param_value_internal":3.2023016524309247,"distribution":"{\"name\": \"FloatDistribution\", \"attributes\": {\"step\": null, \"low\": 2.0, \"high\": 4.0, \"log\": false}}"}
{"op_code":5,"worker_id":"9431f27f-894d-412a-aeff-4ffa4237ed44-140427108503552","trial_id":12,"param_name":"PlateauHeight","param_value_internal":2.4310688101659186,"distribution":"{\"name\": \"FloatDistribution\", \"attributes\": {\"step\": null, \"low\": 2.0, \"high\": 4.0, \"log\": false}}"}
{"op_code":6,"worker_id":"302ce342-051b-428c-94c4-8e8f1b9e5321-140244636663808","trial_id":11,"state":1,"values":[56.021698811498595,0.07837045807073378,0.38117751253155013],"datetime_complete":"2026-05-28T21:02:05.944896"}
{"op_code":4,"worker_id":"302ce342-051b-428c-94c4-8e8f1b9e5321-140244636663808","study_id":0,"datetime_start":"2026-05-28T21:02:05.959935"}
{"op_code":9,"worker_id":"302ce342-051b-428c-94c4-8e8f1b9e5321-140244636663808","trial_id":13,"system_attr":{"nsga2:generation":0}}
{"op_code":5,"worker_id":"302ce342-051b-428c-94c4-8e8f1b9e5321-140244636663808","trial_id":13,"param_name":"JointSlopeAngle","param_value_internal":0.8110185048243487,"distribution":"{\"name\": \"FloatDistribution\", \"attributes\": {\"step\": null, \"low\": 0.17453292519943295, \"high\": 1.0471975511965976, \"log\": false}}"}
{"op_code":5,"worker_id":"302ce342-051b-428c-94c4-8e8f1b9e5321-140244636663808","trial_id":13,"param_name":"OuterRadius","param_value_internal":12.458646226206156,"distribution":"{\"name\": \"FloatDistribution\", \"attributes\": {\"step\": null, \"low\": 8.75, \"high\": 17.75, \"log\": false}}"}
{"op_code":5,"worker_id":"302ce342-051b-428c-94c4-8e8f1b9e5321-140244636663808","trial_id":13,"param_name":"JointHeight","param_value_internal":5.768428135571968,"distribution":"{\"name\": \"FloatDistribution\", \"attributes\": {\"step\": null, \"low\": 5.0, \"high\": 8.0, \"log\": false}}"}
{"op_code":5,"worker_id":"302ce342-051b-428c-94c4-8e8f1b9e5321-140244636663808","trial_id":13,"param_name":"CavityCorkThickness","param_value_internal":3.500579019919148,"distribution":"{\"name\": \"FloatDistribution\", \"attributes\": {\"step\": null, \"low\": 2.0, \"high\": 5.0, \"log\": false}}"}
{"op_code":5,"worker_id":"302ce342-051b-428c-94c4-8e8f1b9e5321-140244636663808","trial_id":13,"param_name":"BellowHeight","param_value_internal":7.994630474641923,"distribution":"{\"name\": \"FloatDistribution\", \"attributes\": {\"step\": null, \"low\": 6.0, \"high\": 10.0, \"log\": false}}"}
{"op_code":5,"worker_id":"302ce342-051b-428c-94c4-8e8f1b9e5321-140244636663808","trial_id":13,"param_name":"WallThickness","param_value_internal":2.5298409614029866,"distribution":"{\"name\": \"FloatDistribution\", \"attributes\": {\"step\": null, \"low\": 2.0, \"high\": 4.0, \"log\": false}}"}
{"op_code":5,"worker_id":"302ce342-051b-428c-94c4-8e8f1b9e5321-140244636663808","trial_id":13,"param_name":"PlateauHeight","param_value_internal":3.307476198421085,"distribution":"{\"name\": \"FloatDistribution\", \"attributes\": {\"step\": null, \"low\": 2.0, \"high\": 4.0, \"log\": false}}"}
{"op_code":6,"worker_id":"9431f27f-894d-412a-aeff-4ffa4237ed44-140427108503552","trial_id":12,"state":1,"values":[78.21222836803679,0.1040585396202737,0.3473416891280675],"datetime_complete":"2026-05-28T21:02:13.464322"}
{"op_code":4,"worker_id":"9431f27f-894d-412a-aeff-4ffa4237ed44-140427108503552","study_id":0,"datetime_start":"2026-05-28T21:02:13.479324"}
{"op_code":9,"worker_id":"9431f27f-894d-412a-aeff-4ffa4237ed44-140427108503552","trial_id":14,"system_attr":{"nsga2:generation":0}}
{"op_code":5,"worker_id":"9431f27f-894d-412a-aeff-4ffa4237ed44-140427108503552","trial_id":14,"param_name":"JointSlopeAngle","param_value_internal":0.4853215795172432,"distribution":"{\"name\": \"FloatDistribution\", \"attributes\": {\"step\": null, \"low\": 0.17453292519943295, \"high\": 1.0471975511965976, \"log\": false}}"}
{"op_code":5,"worker_id":"9431f27f-894d-412a-aeff-4ffa4237ed44-140427108503552","trial_id":14,"param_name":"OuterRadius","param_value_internal":11.342695990311945,"distribution":"{\"name\": \"FloatDistribution\", \"attributes\": {\"step\": null, \"low\": 8.75, \"high\": 17.75, \"log\": false}}"}
{"op_code":5,"worker_id":"9431f27f-894d-412a-aeff-4ffa4237ed44-140427108503552","trial_id":14,"param_name":"JointHeight","param_value_internal":5.458385355736822,"distribution":"{\"name\": \"FloatDistribution\", \"attributes\": {\"step\": null, \"low\": 5.0, \"high\": 8.0, \"log\": false}}"}
{"op_code":5,"worker_id":"9431f27f-894d-412a-aeff-4ffa4237ed44-140427108503552","trial_id":14,"param_name":"CavityCorkThickness","param_value_internal":2.885560302188327,"distribution":"{\"name\": \"FloatDistribution\", \"attributes\": {\"step\": null, \"low\": 2.0, \"high\": 5.0, \"log\": false}}"}
{"op_code":5,"worker_id":"9431f27f-894d-412a-aeff-4ffa4237ed44-140427108503552","trial_id":14,"param_name":"BellowHeight","param_value_internal":7.51909335597993,"distribution":"{\"name\": \"FloatDistribution\", \"attributes\": {\"step\": null, \"low\": 6.0, \"high\": 10.0, \"log\": false}}"}
{"op_code":5,"worker_id":"9431f27f-894d-412a-aeff-4ffa4237ed44-140427108503552","trial_id":14,"param_name":"WallThickness","param_value_internal":2.7056894974878736,"distribution":"{\"name\": \"FloatDistribution\", \"attributes\": {\"step\": null, \"low\": 2.0, \"high\": 4.0, \"log\": false}}"}
{"op_code":5,"worker_id":"9431f27f-894d-412a-aeff-4ffa4237ed44-140427108503552","trial_id":14,"param_name":"PlateauHeight","param_value_internal":3.808149792240684,"distribution":"{\"name\": \"FloatDistribution\", \"attributes\": {\"step\": null, \"low\": 2.0, \"high\": 4.0, \"log\": false}}"}
{"op_code":6,"worker_id":"302ce342-051b-428c-94c4-8e8f1b9e5321-140244636663808","trial_id":13,"state":1,"values":[44.35811723993504,0.09344764000550393,0.4436591030088255],"datetime_complete":"2026-05-28T21:02:43.784838"}
{"op_code":4,"worker_id":"302ce342-051b-428c-94c4-8e8f1b9e5321-140244636663808","study_id":0,"datetime_start":"2026-05-28T21:02:43.800585"}
{"op_code":9,"worker_id":"302ce342-051b-428c-94c4-8e8f1b9e5321-140244636663808","trial_id":15,"system_attr":{"nsga2:generation":0}}
{"op_code":5,"worker_id":"302ce342-051b-428c-94c4-8e8f1b9e5321-140244636663808","trial_id":15,"param_name":"JointSlopeAngle","param_value_internal":0.9297848729389682,"distribution":"{\"name\": \"FloatDistribution\", \"attributes\": {\"step\": null, \"low\": 0.17453292519943295, \"high\": 1.0471975511965976, \"log\": false}}"}
{"op_code":5,"worker_id":"302ce342-051b-428c-94c4-8e8f1b9e5321-140244636663808","trial_id":15,"param_name":"OuterRadius","param_value_internal":16.298776198657663,"distribution":"{\"name\": \"FloatDistribution\", \"attributes\": {\"step\": null, \"low\": 8.75, \"high\": 17.75, \"log\": false}}"}
{"op_code":5,"worker_id":"302ce342-051b-428c-94c4-8e8f1b9e5321-140244636663808","trial_id":15,"param_name":"JointHeight","param_value_internal":7.032150693352436,"distribution":"{\"name\": \"FloatDistribution\", \"attributes\": {\"step\": null, \"low\": 5.0, \"high\": 8.0, \"log\": false}}"}
{"op_code":5,"worker_id":"302ce342-051b-428c-94c4-8e8f1b9e5321-140244636663808","trial_id":15,"param_name":"CavityCorkThickness","param_value_internal":4.120272134475807,"distribution":"{\"name\": \"FloatDistribution\", \"attributes\": {\"step\": null, \"low\": 2.0, \"high\": 5.0, \"log\": false}}"}
{"op_code":5,"worker_id":"302ce342-051b-428c-94c4-8e8f1b9e5321-140244636663808","trial_id":15,"param_name":"BellowHeight","param_value_internal":7.646256208121855,"distribution":"{\"name\": \"FloatDistribution\", \"attributes\": {\"step\": null, \"low\": 6.0, \"high\": 10.0, \"log\": false}}"}
{"op_code":5,"worker_id":"302ce342-051b-428c-94c4-8e8f1b9e5321-140244636663808","trial_id":15,"param_name":"WallThickness","param_value_internal":2.0215676563021177,"distribution":"{\"name\": \"FloatDistribution\", \"attributes\": {\"step\": null, \"low\": 2.0, \"high\": 4.0, \"log\": false}}"}
{"op_code":5,"worker_id":"302ce342-051b-428c-94c4-8e8f1b9e5321-140244636663808","trial_id":15,"param_name":"PlateauHeight","param_value_internal":2.4239237915714935,"distribution":"{\"name\": \"FloatDistribution\", \"attributes\": {\"step\": null, \"low\": 2.0, \"high\": 4.0, \"log\": false}}"}
{"op_code":6,"worker_id":"9431f27f-894d-412a-aeff-4ffa4237ed44-140427108503552","trial_id":14,"state":1,"values":[38.27534903139451,0.0992090104912532,0.45272063409447233],"datetime_complete":"2026-05-28T21:02:50.696365"}
{"op_code":4,"worker_id":"9431f27f-894d-412a-aeff-4ffa4237ed44-140427108503552","study_id":0,"datetime_start":"2026-05-28T21:02:50.711227"}
{"op_code":9,"worker_id":"9431f27f-894d-412a-aeff-4ffa4237ed44-140427108503552","trial_id":16,"system_attr":{"nsga2:generation":0}}
{"op_code":5,"worker_id":"9431f27f-894d-412a-aeff-4ffa4237ed44-140427108503552","trial_id":16,"param_name":"JointSlopeAngle","param_value_internal":0.9342134413879534,"distribution":"{\"name\": \"FloatDistribution\", \"attributes\": {\"step\": null, \"low\": 0.17453292519943295, \"high\": 1.0471975511965976, \"log\": false}}"}
{"op_code":5,"worker_id":"9431f27f-894d-412a-aeff-4ffa4237ed44-140427108503552","trial_id":16,"param_name":"OuterRadius","param_value_internal":11.168758085308516,"distribution":"{\"name\": \"FloatDistribution\", \"attributes\": {\"step\": null, \"low\": 8.75, \"high\": 17.75, \"log\": false}}"}
{"op_code":5,"worker_id":"9431f27f-894d-412a-aeff-4ffa4237ed44-140427108503552","trial_id":16,"param_name":"JointHeight","param_value_internal":5.9707742292171675,"distribution":"{\"name\": \"FloatDistribution\", \"attributes\": {\"step\": null, \"low\": 5.0, \"high\": 8.0, \"log\": false}}"}
{"op_code":5,"worker_id":"9431f27f-894d-412a-aeff-4ffa4237ed44-140427108503552","trial_id":16,"param_name":"CavityCorkThickness","param_value_internal":4.4554189335892165,"distribution":"{\"name\": \"FloatDistribution\", \"attributes\": {\"step\": null, \"low\": 2.0, \"high\": 5.0, \"log\": false}}"}
{"op_code":5,"worker_id":"9431f27f-894d-412a-aeff-4ffa4237ed44-140427108503552","trial_id":16,"param_name":"BellowHeight","param_value_internal":6.745910664595325,"distribution":"{\"name\": \"FloatDistribution\", \"attributes\": {\"step\": null, \"low\": 6.0, \"high\": 10.0, \"log\": false}}"}
{"op_code":5,"worker_id":"9431f27f-894d-412a-aeff-4ffa4237ed44-140427108503552","trial_id":16,"param_name":"WallThickness","param_value_internal":2.579962660625315,"distribution":"{\"name\": \"FloatDistribution\", \"attributes\": {\"step\": null, \"low\": 2.0, \"high\": 4.0, \"log\": false}}"}
{"op_code":5,"worker_id":"9431f27f-894d-412a-aeff-4ffa4237ed44-140427108503552","trial_id":16,"param_name":"PlateauHeight","param_value_internal":2.9000029750075758,"distribution":"{\"name\": \"FloatDistribution\", \"attributes\": {\"step\": null, \"low\": 2.0, \"high\": 4.0, \"log\": false}}"}
{"op_code":6,"worker_id":"302ce342-051b-428c-94c4-8e8f1b9e5321-140244636663808","trial_id":15,"state":1,"values":[91.79175192401192,0.10117614655823964,0.34159410397527384],"datetime_complete":"2026-05-28T21:03:22.668208"}
{"op_code":4,"worker_id":"302ce342-051b-428c-94c4-8e8f1b9e5321-140244636663808","study_id":0,"datetime_start":"2026-05-28T21:03:22.685366"}
{"op_code":9,"worker_id":"302ce342-051b-428c-94c4-8e8f1b9e5321-140244636663808","trial_id":17,"system_attr":{"nsga2:generation":0}}
{"op_code":5,"worker_id":"302ce342-051b-428c-94c4-8e8f1b9e5321-140244636663808","trial_id":17,"param_name":"JointSlopeAngle","param_value_internal":0.7679383056286152,"distribution":"{\"name\": \"FloatDistribution\", \"attributes\": {\"step\": null, \"low\": 0.17453292519943295, \"high\": 1.0471975511965976, \"log\": false}}"}
{"op_code":5,"worker_id":"302ce342-051b-428c-94c4-8e8f1b9e5321-140244636663808","trial_id":17,"param_name":"OuterRadius","param_value_internal":10.739055096512908,"distribution":"{\"name\": \"FloatDistribution\", \"attributes\": {\"step\": null, \"low\": 8.75, \"high\": 17.75, \"log\": false}}"}
{"op_code":5,"worker_id":"302ce342-051b-428c-94c4-8e8f1b9e5321-140244636663808","trial_id":17,"param_name":"JointHeight","param_value_internal":6.313514296237612,"distribution":"{\"name\": \"FloatDistribution\", \"attributes\": {\"step\": null, \"low\": 5.0, \"high\": 8.0, \"log\": false}}"}
{"op_code":5,"worker_id":"302ce342-051b-428c-94c4-8e8f1b9e5321-140244636663808","trial_id":17,"param_name":"CavityCorkThickness","param_value_internal":3.363089889567412,"distribution":"{\"name\": \"FloatDistribution\", \"attributes\": {\"step\": null, \"low\": 2.0, \"high\": 5.0, \"log\": false}}"}
{"op_code":5,"worker_id":"302ce342-051b-428c-94c4-8e8f1b9e5321-140244636663808","trial_id":17,"param_name":"BellowHeight","param_value_internal":7.859402813840312,"distribution":"{\"name\": \"FloatDistribution\", \"attributes\": {\"step\": null, \"low\": 6.0, \"high\": 10.0, \"log\": false}}"}
{"op_code":5,"worker_id":"302ce342-051b-428c-94c4-8e8f1b9e5321-140244636663808","trial_id":17,"param_name":"WallThickness","param_value_internal":3.731854930918616,"distribution":"{\"name\": \"FloatDistribution\", \"attributes\": {\"step\": null, \"low\": 2.0, \"high\": 4.0, \"log\": false}}"}
{"op_code":5,"worker_id":"302ce342-051b-428c-94c4-8e8f1b9e5321-140244636663808","trial_id":17,"param_name":"PlateauHeight","param_value_internal":2.2437141642750884,"distribution":"{\"name\": \"FloatDistribution\", \"attributes\": {\"step\": null, \"low\": 2.0, \"high\": 4.0, \"log\": false}}"}
{"op_code":6,"worker_id":"9431f27f-894d-412a-aeff-4ffa4237ed44-140427108503552","trial_id":16,"state":1,"values":[18.6723100759271,0.09280865080654793,0.5000135237265114],"datetime_complete":"2026-05-28T21:03:28.097808"}
{"op_code":4,"worker_id":"9431f27f-894d-412a-aeff-4ffa4237ed44-140427108503552","study_id":0,"datetime_start":"2026-05-28T21:03:28.113570"}
{"op_code":9,"worker_id":"9431f27f-894d-412a-aeff-4ffa4237ed44-140427108503552","trial_id":18,"system_attr":{"nsga2:generation":0}}
{"op_code":5,"worker_id":"9431f27f-894d-412a-aeff-4ffa4237ed44-140427108503552","trial_id":18,"param_name":"JointSlopeAngle","param_value_internal":0.7910328964368478,"distribution":"{\"name\": \"FloatDistribution\", \"attributes\": {\"step\": null, \"low\": 0.17453292519943295, \"high\": 1.0471975511965976, \"log\": false}}"}
{"op_code":5,"worker_id":"9431f27f-894d-412a-aeff-4ffa4237ed44-140427108503552","trial_id":18,"param_name":"OuterRadius","param_value_internal":11.766810365695498,"distribution":"{\"name\": \"FloatDistribution\", \"attributes\": {\"step\": null, \"low\": 8.75, \"high\": 17.75, \"log\": false}}"}
{"op_code":5,"worker_id":"9431f27f-894d-412a-aeff-4ffa4237ed44-140427108503552","trial_id":18,"param_name":"JointHeight","param_value_internal":5.40970506787656,"distribution":"{\"name\": \"FloatDistribution\", \"attributes\": {\"step\": null, \"low\": 5.0, \"high\": 8.0, \"log\": false}}"}
{"op_code":5,"worker_id":"9431f27f-894d-412a-aeff-4ffa4237ed44-140427108503552","trial_id":18,"param_name":"CavityCorkThickness","param_value_internal":3.917842344558259,"distribution":"{\"name\": \"FloatDistribution\", \"attributes\": {\"step\": null, \"low\": 2.0, \"high\": 5.0, \"log\": false}}"}
{"op_code":5,"worker_id":"9431f27f-894d-412a-aeff-4ffa4237ed44-140427108503552","trial_id":18,"param_name":"BellowHeight","param_value_internal":9.555234729254323,"distribution":"{\"name\": \"FloatDistribution\", \"attributes\": {\"step\": null, \"low\": 6.0, \"high\": 10.0, \"log\": false}}"}
{"op_code":5,"worker_id":"9431f27f-894d-412a-aeff-4ffa4237ed44-140427108503552","trial_id":18,"param_name":"WallThickness","param_value_internal":3.681513267503684,"distribution":"{\"name\": \"FloatDistribution\", \"attributes\": {\"step\": null, \"low\": 2.0, \"high\": 4.0, \"log\": false}}"}
{"op_code":5,"worker_id":"9431f27f-894d-412a-aeff-4ffa4237ed44-140427108503552","trial_id":18,"param_name":"PlateauHeight","param_value_internal":3.4239603396265816,"distribution":"{\"name\": \"FloatDistribution\", \"attributes\": {\"step\": null, \"low\": 2.0, \"high\": 4.0, \"log\": false}}"}
{"op_code":6,"worker_id":"302ce342-051b-428c-94c4-8e8f1b9e5321-140244636663808","trial_id":17,"state":1,"values":[15.675730953970458,0.09621666892918312,0.5008267803226615],"datetime_complete":"2026-05-28T21:03:59.871667"}
{"op_code":4,"worker_id":"302ce342-051b-428c-94c4-8e8f1b9e5321-140244636663808","study_id":0,"datetime_start":"2026-05-28T21:03:59.886107"}
{"op_code":9,"worker_id":"302ce342-051b-428c-94c4-8e8f1b9e5321-140244636663808","trial_id":19,"system_attr":{"nsga2:generation":0}}
{"op_code":5,"worker_id":"302ce342-051b-428c-94c4-8e8f1b9e5321-140244636663808","trial_id":19,"param_name":"JointSlopeAngle","param_value_internal":0.9113548625297904,"distribution":"{\"name\": \"FloatDistribution\", \"attributes\": {\"step\": null, \"low\": 0.17453292519943295, \"high\": 1.0471975511965976, \"log\": false}}"}
{"op_code":5,"worker_id":"302ce342-051b-428c-94c4-8e8f1b9e5321-140244636663808","trial_id":19,"param_name":"OuterRadius","param_value_internal":17.425532137145968,"distribution":"{\"name\": \"FloatDistribution\", \"attributes\": {\"step\": null, \"low\": 8.75, \"high\": 17.75, \"log\": false}}"}
{"op_code":5,"worker_id":"302ce342-051b-428c-94c4-8e8f1b9e5321-140244636663808","trial_id":19,"param_name":"JointHeight","param_value_internal":7.164972920315613,"distribution":"{\"name\": \"FloatDistribution\", \"attributes\": {\"step\": null, \"low\": 5.0, \"high\": 8.0, \"log\": false}}"}
{"op_code":5,"worker_id":"302ce342-051b-428c-94c4-8e8f1b9e5321-140244636663808","trial_id":19,"param_name":"CavityCorkThickness","param_value_internal":2.1033859861361157,"distribution":"{\"name\": \"FloatDistribution\", \"attributes\": {\"step\": null, \"low\": 2.0, \"high\": 5.0, \"log\": false}}"}
{"op_code":5,"worker_id":"302ce342-051b-428c-94c4-8e8f1b9e5321-140244636663808","trial_id":19,"param_name":"BellowHeight","param_value_internal":8.647569351477152,"distribution":"{\"name\": \"FloatDistribution\", \"attributes\": {\"step\": null, \"low\": 6.0, \"high\": 10.0, \"log\": false}}"}
{"op_code":5,"worker_id":"302ce342-051b-428c-94c4-8e8f1b9e5321-140244636663808","trial_id":19,"param_name":"WallThickness","param_value_internal":2.4334825842133485,"distribution":"{\"name\": \"FloatDistribution\", \"attributes\": {\"step\": null, \"low\": 2.0, \"high\": 4.0, \"log\": false}}"}
{"op_code":5,"worker_id":"302ce342-051b-428c-94c4-8e8f1b9e5321-140244636663808","trial_id":19,"param_name":"PlateauHeight","param_value_internal":2.650760668247381,"distribution":"{\"name\": \"FloatDistribution\", \"attributes\": {\"step\": null, \"low\": 2.0, \"high\": 4.0, \"log\": false}}"}
{"op_code":6,"worker_id":"9431f27f-894d-412a-aeff-4ffa4237ed44-140427108503552","trial_id":18,"state":1,"values":[21.21200794751647,0.08475908586225499,0.4755259919405092],"datetime_complete":"2026-05-28T21:04:04.301344"}
{"op_code":4,"worker_id":"9431f27f-894d-412a-aeff-4ffa4237ed44-140427108503552","study_id":0,"datetime_start":"2026-05-28T21:04:04.315773"}
{"op_code":9,"worker_id":"9431f27f-894d-412a-aeff-4ffa4237ed44-140427108503552","trial_id":20,"system_attr":{"nsga2:generation":0}}
{"op_code":5,"worker_id":"9431f27f-894d-412a-aeff-4ffa4237ed44-140427108503552","trial_id":20,"param_name":"JointSlopeAngle","param_value_internal":0.2732137739850163,"distribution":"{\"name\": \"FloatDistribution\", \"attributes\": {\"step\": null, \"low\": 0.17453292519943295, \"high\": 1.0471975511965976, \"log\": false}}"}
{"op_code":5,"worker_id":"9431f27f-894d-412a-aeff-4ffa4237ed44-140427108503552","trial_id":20,"param_name":"OuterRadius","param_value_internal":11.731255434053079,"distribution":"{\"name\": \"FloatDistribution\", \"attributes\": {\"step\": null, \"low\": 8.75, \"high\": 17.75, \"log\": false}}"}
{"op_code":5,"worker_id":"9431f27f-894d-412a-aeff-4ffa4237ed44-140427108503552","trial_id":20,"param_name":"JointHeight","param_value_internal":5.566043727688191,"distribution":"{\"name\": \"FloatDistribution\", \"attributes\": {\"step\": null, \"low\": 5.0, \"high\": 8.0, \"log\": false}}"}
{"op_code":5,"worker_id":"9431f27f-894d-412a-aeff-4ffa4237ed44-140427108503552","trial_id":20,"param_name":"CavityCorkThickness","param_value_internal":4.912955710956253,"distribution":"{\"name\": \"FloatDistribution\", \"attributes\": {\"step\": null, \"low\": 2.0, \"high\": 5.0, \"log\": false}}"}
{"op_code":5,"worker_id":"9431f27f-894d-412a-aeff-4ffa4237ed44-140427108503552","trial_id":20,"param_name":"BellowHeight","param_value_internal":7.420338257940992,"distribution":"{\"name\": \"FloatDistribution\", \"attributes\": {\"step\": null, \"low\": 6.0, \"high\": 10.0, \"log\": false}}"}
{"op_code":5,"worker_id":"9431f27f-894d-412a-aeff-4ffa4237ed44-140427108503552","trial_id":20,"param_name":"WallThickness","param_value_internal":3.571260800873567,"distribution":"{\"name\": \"FloatDistribution\", \"attributes\": {\"step\": null, \"low\": 2.0, \"high\": 4.0, \"log\": false}}"}
{"op_code":5,"worker_id":"9431f27f-894d-412a-aeff-4ffa4237ed44-140427108503552","trial_id":20,"param_name":"PlateauHeight","param_value_internal":3.3138381901509977,"distribution":"{\"name\": \"FloatDistribution\", \"attributes\": {\"step\": null, \"low\": 2.0, \"high\": 4.0, \"log\": false}}"}
{"op_code":6,"worker_id":"302ce342-051b-428c-94c4-8e8f1b9e5321-140244636663808","trial_id":19,"state":1,"values":[127.38863877478502,0.08476086343744058,0.32314047361789694],"datetime_complete":"2026-05-28T21:04:39.551956"}
{"op_code":4,"worker_id":"302ce342-051b-428c-94c4-8e8f1b9e5321-140244636663808","study_id":0,"datetime_start":"2026-05-28T21:04:39.568337"}
{"op_code":9,"worker_id":"302ce342-051b-428c-94c4-8e8f1b9e5321-140244636663808","trial_id":21,"system_attr":{"nsga2:generation":0}}
{"op_code":5,"worker_id":"302ce342-051b-428c-94c4-8e8f1b9e5321-140244636663808","trial_id":21,"param_name":"JointSlopeAngle","param_value_internal":0.8530175716568212,"distribution":"{\"name\": \"FloatDistribution\", \"attributes\": {\"step\": null, \"low\": 0.17453292519943295, \"high\": 1.0471975511965976, \"log\": false}}"}
{"op_code":5,"worker_id":"302ce342-051b-428c-94c4-8e8f1b9e5321-140244636663808","trial_id":21,"param_name":"OuterRadius","param_value_internal":9.94952073879575,"distribution":"{\"name\": \"FloatDistribution\", \"attributes\": {\"step\": null, \"low\": 8.75, \"high\": 17.75, \"log\": false}}"}
{"op_code":5,"worker_id":"302ce342-051b-428c-94c4-8e8f1b9e5321-140244636663808","trial_id":21,"param_name":"JointHeight","param_value_internal":7.085413705794295,"distribution":"{\"name\": \"FloatDistribution\", \"attributes\": {\"step\": null, \"low\": 5.0, \"high\": 8.0, \"log\": false}}"}
{"op_code":5,"worker_id":"302ce342-051b-428c-94c4-8e8f1b9e5321-140244636663808","trial_id":21,"param_name":"CavityCorkThickness","param_value_internal":2.5291783148481057,"distribution":"{\"name\": \"FloatDistribution\", \"attributes\": {\"step\": null, \"low\": 2.0, \"high\": 5.0, \"log\": false}}"}
{"op_code":5,"worker_id":"302ce342-051b-428c-94c4-8e8f1b9e5321-140244636663808","trial_id":21,"param_name":"BellowHeight","param_value_internal":9.367228807475758,"distribution":"{\"name\": \"FloatDistribution\", \"attributes\": {\"step\": null, \"low\": 6.0, \"high\": 10.0, \"log\": false}}"}
{"op_code":5,"worker_id":"302ce342-051b-428c-94c4-8e8f1b9e5321-140244636663808","trial_id":21,"param_name":"WallThickness","param_value_internal":3.750105430222216,"distribution":"{\"name\": \"FloatDistribution\", \"attributes\": {\"step\": null, \"low\": 2.0, \"high\": 4.0, \"log\": false}}"}
{"op_code":5,"worker_id":"302ce342-051b-428c-94c4-8e8f1b9e5321-140244636663808","trial_id":21,"param_name":"PlateauHeight","param_value_internal":2.7911984234554836,"distribution":"{\"name\": \"FloatDistribution\", \"attributes\": {\"step\": null, \"low\": 2.0, \"high\": 4.0, \"log\": false}}"}
{"op_code":6,"worker_id":"9431f27f-894d-412a-aeff-4ffa4237ed44-140427108503552","trial_id":20,"state":1,"values":[18.070920959150897,0.13896528903729055,0.37645106629825],"datetime_complete":"2026-05-28T21:04:41.356108"}
{"op_code":4,"worker_id":"9431f27f-894d-412a-aeff-4ffa4237ed44-140427108503552","study_id":0,"datetime_start":"2026-05-28T21:04:41.372204"}
{"op_code":9,"worker_id":"9431f27f-894d-412a-aeff-4ffa4237ed44-140427108503552","trial_id":22,"system_attr":{"nsga2:generation":0}}
{"op_code":5,"worker_id":"9431f27f-894d-412a-aeff-4ffa4237ed44-140427108503552","trial_id":22,"param_name":"JointSlopeAngle","param_value_internal":0.5852465981081705,"distribution":"{\"name\": \"FloatDistribution\", \"attributes\": {\"step\": null, \"low\": 0.17453292519943295, \"high\": 1.0471975511965976, \"log\": false}}"}
{"op_code":5,"worker_id":"9431f27f-894d-412a-aeff-4ffa4237ed44-140427108503552","trial_id":22,"param_name":"OuterRadius","param_value_internal":15.99603399757401,"distribution":"{\"name\": \"FloatDistribution\", \"attributes\": {\"step\": null, \"low\": 8.75, \"high\": 17.75, \"log\": false}}"}
{"op_code":5,"worker_id":"9431f27f-894d-412a-aeff-4ffa4237ed44-140427108503552","trial_id":22,"param_name":"JointHeight","param_value_internal":5.4726252712851915,"distribution":"{\"name\": \"FloatDistribution\", \"attributes\": {\"step\": null, \"low\": 5.0, \"high\": 8.0, \"log\": false}}"}
{"op_code":5,"worker_id":"9431f27f-894d-412a-aeff-4ffa4237ed44-140427108503552","trial_id":22,"param_name":"CavityCorkThickness","param_value_internal":2.188428291256305,"distribution":"{\"name\": \"FloatDistribution\", \"attributes\": {\"step\": null, \"low\": 2.0, \"high\": 5.0, \"log\": false}}"}
{"op_code":5,"worker_id":"9431f27f-894d-412a-aeff-4ffa4237ed44-140427108503552","trial_id":22,"param_name":"BellowHeight","param_value_internal":6.218721227495308,"distribution":"{\"name\": \"FloatDistribution\", \"attributes\": {\"step\": null, \"low\": 6.0, \"high\": 10.0, \"log\": false}}"}
{"op_code":5,"worker_id":"9431f27f-894d-412a-aeff-4ffa4237ed44-140427108503552","trial_id":22,"param_name":"WallThickness","param_value_internal":3.4667080411646554,"distribution":"{\"name\": \"FloatDistribution\", \"attributes\": {\"step\": null, \"low\": 2.0, \"high\": 4.0, \"log\": false}}"}
{"op_code":5,"worker_id":"9431f27f-894d-412a-aeff-4ffa4237ed44-140427108503552","trial_id":22,"param_name":"PlateauHeight","param_value_internal":3.497282529535906,"distribution":"{\"name\": \"FloatDistribution\", \"attributes\": {\"step\": null, \"low\": 2.0, \"high\": 4.0, \"log\": false}}"}
{"op_code":6,"worker_id":"302ce342-051b-428c-94c4-8e8f1b9e5321-140244636663808","trial_id":21,"state":1,"values":[19.34112347337927,0.09243198688713403,0.4747944732412322],"datetime_complete":"2026-05-28T21:05:17.499608"}
{"op_code":4,"worker_id":"302ce342-051b-428c-94c4-8e8f1b9e5321-140244636663808","study_id":0,"datetime_start":"2026-05-28T21:05:17.517003"}
{"op_code":9,"worker_id":"302ce342-051b-428c-94c4-8e8f1b9e5321-140244636663808","trial_id":23,"system_attr":{"nsga2:generation":0}}
{"op_code":5,"worker_id":"302ce342-051b-428c-94c4-8e8f1b9e5321-140244636663808","trial_id":23,"param_name":"JointSlopeAngle","param_value_internal":0.8658752833005506,"distribution":"{\"name\": \"FloatDistribution\", \"attributes\": {\"step\": null, \"low\": 0.17453292519943295, \"high\": 1.0471975511965976, \"log\": false}}"}
{"op_code":5,"worker_id":"302ce342-051b-428c-94c4-8e8f1b9e5321-140244636663808","trial_id":23,"param_name":"OuterRadius","param_value_internal":10.972473835358148,"distribution":"{\"name\": \"FloatDistribution\", \"attributes\": {\"step\": null, \"low\": 8.75, \"high\": 17.75, \"log\": false}}"}
{"op_code":5,"worker_id":"302ce342-051b-428c-94c4-8e8f1b9e5321-140244636663808","trial_id":23,"param_name":"JointHeight","param_value_internal":5.474205040178538,"distribution":"{\"name\": \"FloatDistribution\", \"attributes\": {\"step\": null, \"low\": 5.0, \"high\": 8.0, \"log\": false}}"}
{"op_code":5,"worker_id":"302ce342-051b-428c-94c4-8e8f1b9e5321-140244636663808","trial_id":23,"param_name":"CavityCorkThickness","param_value_internal":2.7517814542529067,"distribution":"{\"name\": \"FloatDistribution\", \"attributes\": {\"step\": null, \"low\": 2.0, \"high\": 5.0, \"log\": false}}"}
{"op_code":5,"worker_id":"302ce342-051b-428c-94c4-8e8f1b9e5321-140244636663808","trial_id":23,"param_name":"BellowHeight","param_value_internal":8.84039489845335,"distribution":"{\"name\": \"FloatDistribution\", \"attributes\": {\"step\": null, \"low\": 6.0, \"high\": 10.0, \"log\": false}}"}
{"op_code":5,"worker_id":"302ce342-051b-428c-94c4-8e8f1b9e5321-140244636663808","trial_id":23,"param_name":"WallThickness","param_value_internal":2.572774572846695,"distribution":"{\"name\": \"FloatDistribution\", \"attributes\": {\"step\": null, \"low\": 2.0, \"high\": 4.0, \"log\": false}}"}
{"op_code":5,"worker_id":"302ce342-051b-428c-94c4-8e8f1b9e5321-140244636663808","trial_id":23,"param_name":"PlateauHeight","param_value_internal":2.105795631576325,"distribution":"{\"name\": \"FloatDistribution\", \"attributes\": {\"step\": null, \"low\": 2.0, \"high\": 4.0, \"log\": false}}"}
{"op_code":6,"worker_id":"9431f27f-894d-412a-aeff-4ffa4237ed44-140427108503552","trial_id":22,"state":1,"values":[70.36188943052775,0.08240875615714803,0.3581419853593392],"datetime_complete":"2026-05-28T21:05:19.459913"}
{"op_code":4,"worker_id":"9431f27f-894d-412a-aeff-4ffa4237ed44-140427108503552","study_id":0,"datetime_start":"2026-05-28T21:05:19.474910"}
{"op_code":9,"worker_id":"9431f27f-894d-412a-aeff-4ffa4237ed44-140427108503552","trial_id":24,"system_attr":{"nsga2:generation":0}}
{"op_code":5,"worker_id":"9431f27f-894d-412a-aeff-4ffa4237ed44-140427108503552","trial_id":24,"param_name":"JointSlopeAngle","param_value_internal":0.9459129416811477,"distribution":"{\"name\": \"FloatDistribution\", \"attributes\": {\"step\": null, \"low\": 0.17453292519943295, \"high\": 1.0471975511965976, \"log\": false}}"}
{"op_code":5,"worker_id":"9431f27f-894d-412a-aeff-4ffa4237ed44-140427108503552","trial_id":24,"param_name":"OuterRadius","param_value_internal":9.572545694636164,"distribution":"{\"name\": \"FloatDistribution\", \"attributes\": {\"step\": null, \"low\": 8.75, \"high\": 17.75, \"log\": false}}"}
{"op_code":5,"worker_id":"9431f27f-894d-412a-aeff-4ffa4237ed44-140427108503552","trial_id":24,"param_name":"JointHeight","param_value_internal":6.286501980096286,"distribution":"{\"name\": \"FloatDistribution\", \"attributes\": {\"step\": null, \"low\": 5.0, \"high\": 8.0, \"log\": false}}"}
{"op_code":5,"worker_id":"9431f27f-894d-412a-aeff-4ffa4237ed44-140427108503552","trial_id":24,"param_name":"CavityCorkThickness","param_value_internal":2.6830577369424233,"distribution":"{\"name\": \"FloatDistribution\", \"attributes\": {\"step\": null, \"low\": 2.0, \"high\": 5.0, \"log\": false}}"}
{"op_code":5,"worker_id":"9431f27f-894d-412a-aeff-4ffa4237ed44-140427108503552","trial_id":24,"param_name":"BellowHeight","param_value_internal":6.387116764185715,"distribution":"{\"name\": \"FloatDistribution\", \"attributes\": {\"step\": null, \"low\": 6.0, \"high\": 10.0, \"log\": false}}"}
{"op_code":5,"worker_id":"9431f27f-894d-412a-aeff-4ffa4237ed44-140427108503552","trial_id":24,"param_name":"WallThickness","param_value_internal":2.7644256005489485,"distribution":"{\"name\": \"FloatDistribution\", \"attributes\": {\"step\": null, \"low\": 2.0, \"high\": 4.0, \"log\": false}}"}
{"op_code":5,"worker_id":"9431f27f-894d-412a-aeff-4ffa4237ed44-140427108503552","trial_id":24,"param_name":"PlateauHeight","param_value_internal":2.3546158820684813,"distribution":"{\"name\": \"FloatDistribution\", \"attributes\": {\"step\": null, \"low\": 2.0, \"high\": 4.0, \"log\": false}}"}
{"op_code":6,"worker_id":"302ce342-051b-428c-94c4-8e8f1b9e5321-140244636663808","trial_id":23,"state":1,"values":[32.302382521235074,0.07917880419509198,0.48560570693163724],"datetime_complete":"2026-05-28T21:05:54.782185"}
{"op_code":4,"worker_id":"302ce342-051b-428c-94c4-8e8f1b9e5321-140244636663808","study_id":0,"datetime_start":"2026-05-28T21:05:54.800762"}
{"op_code":9,"worker_id":"302ce342-051b-428c-94c4-8e8f1b9e5321-140244636663808","trial_id":25,"system_attr":{"nsga2:generation":0}}
{"op_code":5,"worker_id":"302ce342-051b-428c-94c4-8e8f1b9e5321-140244636663808","trial_id":25,"param_name":"JointSlopeAngle","param_value_internal":0.9621973800922958,"distribution":"{\"name\": \"FloatDistribution\", \"attributes\": {\"step\": null, \"low\": 0.17453292519943295, \"high\": 1.0471975511965976, \"log\": false}}"}
{"op_code":5,"worker_id":"302ce342-051b-428c-94c4-8e8f1b9e5321-140244636663808","trial_id":25,"param_name":"OuterRadius","param_value_internal":9.597407009556182,"distribution":"{\"name\": \"FloatDistribution\", \"attributes\": {\"step\": null, \"low\": 8.75, \"high\": 17.75, \"log\": false}}"}
{"op_code":5,"worker_id":"302ce342-051b-428c-94c4-8e8f1b9e5321-140244636663808","trial_id":25,"param_name":"JointHeight","param_value_internal":7.479232295155116,"distribution":"{\"name\": \"FloatDistribution\", \"attributes\": {\"step\": null, \"low\": 5.0, \"high\": 8.0, \"log\": false}}"}
{"op_code":5,"worker_id":"302ce342-051b-428c-94c4-8e8f1b9e5321-140244636663808","trial_id":25,"param_name":"CavityCorkThickness","param_value_internal":3.104415015997992,"distribution":"{\"name\": \"FloatDistribution\", \"attributes\": {\"step\": null, \"low\": 2.0, \"high\": 5.0, \"log\": false}}"}
{"op_code":5,"worker_id":"302ce342-051b-428c-94c4-8e8f1b9e5321-140244636663808","trial_id":25,"param_name":"BellowHeight","param_value_internal":8.424653832331245,"distribution":"{\"name\": \"FloatDistribution\", \"attributes\": {\"step\": null, \"low\": 6.0, \"high\": 10.0, \"log\": false}}"}
{"op_code":5,"worker_id":"302ce342-051b-428c-94c4-8e8f1b9e5321-140244636663808","trial_id":25,"param_name":"WallThickness","param_value_internal":3.196246969535783,"distribution":"{\"name\": \"FloatDistribution\", \"attributes\": {\"step\": null, \"low\": 2.0, \"high\": 4.0, \"log\": false}}"}
{"op_code":5,"worker_id":"302ce342-051b-428c-94c4-8e8f1b9e5321-140244636663808","trial_id":25,"param_name":"PlateauHeight","param_value_internal":3.82493513180256,"distribution":"{\"name\": \"FloatDistribution\", \"attributes\": {\"step\": null, \"low\": 2.0, \"high\": 4.0, \"log\": false}}"}
{"op_code":6,"worker_id":"9431f27f-894d-412a-aeff-4ffa4237ed44-140427108503552","trial_id":24,"state":1,"values":[21.07401004900464,0.10993176567217827,0.5020926938295058],"datetime_complete":"2026-05-28T21:05:55.045036"}
{"op_code":4,"worker_id":"9431f27f-894d-412a-aeff-4ffa4237ed44-140427108503552","study_id":0,"datetime_start":"2026-05-28T21:05:55.060318"}
{"op_code":9,"worker_id":"9431f27f-894d-412a-aeff-4ffa4237ed44-140427108503552","trial_id":26,"system_attr":{"nsga2:generation":0}}
{"op_code":5,"worker_id":"9431f27f-894d-412a-aeff-4ffa4237ed44-140427108503552","trial_id":26,"param_name":"JointSlopeAngle","param_value_internal":0.7971422635277798,"distribution":"{\"name\": \"FloatDistribution\", \"attributes\": {\"step\": null, \"low\": 0.17453292519943295, \"high\": 1.0471975511965976, \"log\": false}}"}
{"op_code":5,"worker_id":"9431f27f-894d-412a-aeff-4ffa4237ed44-140427108503552","trial_id":26,"param_name":"OuterRadius","param_value_internal":8.854814004288265,"distribution":"{\"name\": \"FloatDistribution\", \"attributes\": {\"step\": null, \"low\": 8.75, \"high\": 17.75, \"log\": false}}"}
{"op_code":5,"worker_id":"9431f27f-894d-412a-aeff-4ffa4237ed44-140427108503552","trial_id":26,"param_name":"JointHeight","param_value_internal":7.186498379431134,"distribution":"{\"name\": \"FloatDistribution\", \"attributes\": {\"step\": null, \"low\": 5.0, \"high\": 8.0, \"log\": false}}"}
{"op_code":5,"worker_id":"9431f27f-894d-412a-aeff-4ffa4237ed44-140427108503552","trial_id":26,"param_name":"CavityCorkThickness","param_value_internal":3.1191527941661503,"distribution":"{\"name\": \"FloatDistribution\", \"attributes\": {\"step\": null, \"low\": 2.0, \"high\": 5.0, \"log\": false}}"}
{"op_code":5,"worker_id":"9431f27f-894d-412a-aeff-4ffa4237ed44-140427108503552","trial_id":26,"param_name":"BellowHeight","param_value_internal":9.52096971353431,"distribution":"{\"name\": \"FloatDistribution\", \"attributes\": {\"step\": null, \"low\": 6.0, \"high\": 10.0, \"log\": false}}"}
{"op_code":5,"worker_id":"9431f27f-894d-412a-aeff-4ffa4237ed44-140427108503552","trial_id":26,"param_name":"WallThickness","param_value_internal":3.1457421958069336,"distribution":"{\"name\": \"FloatDistribution\", \"attributes\": {\"step\": null, \"low\": 2.0, \"high\": 4.0, \"log\": false}}"}
{"op_code":5,"worker_id":"9431f27f-894d-412a-aeff-4ffa4237ed44-140427108503552","trial_id":26,"param_name":"PlateauHeight","param_value_internal":2.0677463932415714,"distribution":"{\"name\": \"FloatDistribution\", \"attributes\": {\"step\": null, \"low\": 2.0, \"high\": 4.0, \"log\": false}}"}
{"op_code":6,"worker_id":"9431f27f-894d-412a-aeff-4ffa4237ed44-140427108503552","trial_id":26,"state":1,"values":[12.613076403469535,0.08476551798734414,0.3982061688483915],"datetime_complete":"2026-05-28T21:06:30.779563"}
{"op_code":4,"worker_id":"9431f27f-894d-412a-aeff-4ffa4237ed44-140427108503552","study_id":0,"datetime_start":"2026-05-28T21:06:30.794505"}
{"op_code":9,"worker_id":"9431f27f-894d-412a-aeff-4ffa4237ed44-140427108503552","trial_id":27,"system_attr":{"nsga2:generation":0}}
{"op_code":5,"worker_id":"9431f27f-894d-412a-aeff-4ffa4237ed44-140427108503552","trial_id":27,"param_name":"JointSlopeAngle","param_value_internal":0.9261479158450542,"distribution":"{\"name\": \"FloatDistribution\", \"attributes\": {\"step\": null, \"low\": 0.17453292519943295, \"high\": 1.0471975511965976, \"log\": false}}"}
{"op_code":5,"worker_id":"9431f27f-894d-412a-aeff-4ffa4237ed44-140427108503552","trial_id":27,"param_name":"OuterRadius","param_value_internal":10.232245410416859,"distribution":"{\"name\": \"FloatDistribution\", \"attributes\": {\"step\": null, \"low\": 8.75, \"high\": 17.75, \"log\": false}}"}
{"op_code":5,"worker_id":"9431f27f-894d-412a-aeff-4ffa4237ed44-140427108503552","trial_id":27,"param_name":"JointHeight","param_value_internal":6.577801974262155,"distribution":"{\"name\": \"FloatDistribution\", \"attributes\": {\"step\": null, \"low\": 5.0, \"high\": 8.0, \"log\": false}}"}
{"op_code":5,"worker_id":"9431f27f-894d-412a-aeff-4ffa4237ed44-140427108503552","trial_id":27,"param_name":"CavityCorkThickness","param_value_internal":3.327952515995391,"distribution":"{\"name\": \"FloatDistribution\", \"attributes\": {\"step\": null, \"low\": 2.0, \"high\": 5.0, \"log\": false}}"}
{"op_code":5,"worker_id":"9431f27f-894d-412a-aeff-4ffa4237ed44-140427108503552","trial_id":27,"param_name":"BellowHeight","param_value_internal":7.164870266821776,"distribution":"{\"name\": \"FloatDistribution\", \"attributes\": {\"step\": null, \"low\": 6.0, \"high\": 10.0, \"log\": false}}"}
{"op_code":5,"worker_id":"9431f27f-894d-412a-aeff-4ffa4237ed44-140427108503552","trial_id":27,"param_name":"WallThickness","param_value_internal":2.248916559327598,"distribution":"{\"name\": \"FloatDistribution\", \"attributes\": {\"step\": null, \"low\": 2.0, \"high\": 4.0, \"log\": false}}"}
{"op_code":5,"worker_id":"9431f27f-894d-412a-aeff-4ffa4237ed44-140427108503552","trial_id":27,"param_name":"PlateauHeight","param_value_internal":2.6534402573663156,"distribution":"{\"name\": \"FloatDistribution\", \"attributes\": {\"step\": null, \"low\": 2.0, \"high\": 4.0, \"log\": false}}"}
{"op_code":6,"worker_id":"302ce342-051b-428c-94c4-8e8f1b9e5321-140244636663808","trial_id":25,"state":1,"values":[16.459242568660528,0.09167482034229435,0.46328360390422957],"datetime_complete":"2026-05-28T21:06:31.306114"}
{"op_code":4,"worker_id":"302ce342-051b-428c-94c4-8e8f1b9e5321-140244636663808","study_id":0,"datetime_start":"2026-05-28T21:06:31.320369"}
{"op_code":9,"worker_id":"302ce342-051b-428c-94c4-8e8f1b9e5321-140244636663808","trial_id":28,"system_attr":{"nsga2:generation":0}}
{"op_code":5,"worker_id":"302ce342-051b-428c-94c4-8e8f1b9e5321-140244636663808","trial_id":28,"param_name":"JointSlopeAngle","param_value_internal":0.29963796964100853,"distribution":"{\"name\": \"FloatDistribution\", \"attributes\": {\"step\": null, \"low\": 0.17453292519943295, \"high\": 1.0471975511965976, \"log\": false}}"}
{"op_code":5,"worker_id":"302ce342-051b-428c-94c4-8e8f1b9e5321-140244636663808","trial_id":28,"param_name":"OuterRadius","param_value_internal":11.175384571688511,"distribution":"{\"name\": \"FloatDistribution\", \"attributes\": {\"step\": null, \"low\": 8.75, \"high\": 17.75, \"log\": false}}"}
{"op_code":5,"worker_id":"302ce342-051b-428c-94c4-8e8f1b9e5321-140244636663808","trial_id":28,"param_name":"JointHeight","param_value_internal":7.9443031430980735,"distribution":"{\"name\": \"FloatDistribution\", \"attributes\": {\"step\": null, \"low\": 5.0, \"high\": 8.0, \"log\": false}}"}
{"op_code":5,"worker_id":"302ce342-051b-428c-94c4-8e8f1b9e5321-140244636663808","trial_id":28,"param_name":"CavityCorkThickness","param_value_internal":2.464131003722942,"distribution":"{\"name\": \"FloatDistribution\", \"attributes\": {\"step\": null, \"low\": 2.0, \"high\": 5.0, \"log\": false}}"}
{"op_code":5,"worker_id":"302ce342-051b-428c-94c4-8e8f1b9e5321-140244636663808","trial_id":28,"param_name":"BellowHeight","param_value_internal":9.232286977207224,"distribution":"{\"name\": \"FloatDistribution\", \"attributes\": {\"step\": null, \"low\": 6.0, \"high\": 10.0, \"log\": false}}"}
{"op_code":5,"worker_id":"302ce342-051b-428c-94c4-8e8f1b9e5321-140244636663808","trial_id":28,"param_name":"WallThickness","param_value_internal":3.227584675384059,"distribution":"{\"name\": \"FloatDistribution\", \"attributes\": {\"step\": null, \"low\": 2.0, \"high\": 4.0, \"log\": false}}"}
{"op_code":5,"worker_id":"302ce342-051b-428c-94c4-8e8f1b9e5321-140244636663808","trial_id":28,"param_name":"PlateauHeight","param_value_internal":3.9931577509636345,"distribution":"{\"name\": \"FloatDistribution\", \"attributes\": {\"step\": null, \"low\": 2.0, \"high\": 4.0, \"log\": false}}"}
{"op_code":6,"worker_id":"9431f27f-894d-412a-aeff-4ffa4237ed44-140427108503552","trial_id":27,"state":1,"values":[31.78403994633129,0.12211332055335514,0.5065199042635835],"datetime_complete":"2026-05-28T21:07:07.284325"}
{"op_code":4,"worker_id":"9431f27f-894d-412a-aeff-4ffa4237ed44-140427108503552","study_id":0,"datetime_start":"2026-05-28T21:07:07.300016"}
{"op_code":9,"worker_id":"9431f27f-894d-412a-aeff-4ffa4237ed44-140427108503552","trial_id":29,"system_attr":{"nsga2:generation":0}}
{"op_code":5,"worker_id":"9431f27f-894d-412a-aeff-4ffa4237ed44-140427108503552","trial_id":29,"param_name":"JointSlopeAngle","param_value_internal":0.28423537962449874,"distribution":"{\"name\": \"FloatDistribution\", \"attributes\": {\"step\": null, \"low\": 0.17453292519943295, \"high\": 1.0471975511965976, \"log\": false}}"}
{"op_code":5,"worker_id":"9431f27f-894d-412a-aeff-4ffa4237ed44-140427108503552","trial_id":29,"param_name":"OuterRadius","param_value_internal":15.528948055203632,"distribution":"{\"name\": \"FloatDistribution\", \"attributes\": {\"step\": null, \"low\": 8.75, \"high\": 17.75, \"log\": false}}"}
{"op_code":5,"worker_id":"9431f27f-894d-412a-aeff-4ffa4237ed44-140427108503552","trial_id":29,"param_name":"JointHeight","param_value_internal":5.672374529747194,"distribution":"{\"name\": \"FloatDistribution\", \"attributes\": {\"step\": null, \"low\": 5.0, \"high\": 8.0, \"log\": false}}"}
{"op_code":5,"worker_id":"9431f27f-894d-412a-aeff-4ffa4237ed44-140427108503552","trial_id":29,"param_name":"CavityCorkThickness","param_value_internal":3.204927459971633,"distribution":"{\"name\": \"FloatDistribution\", \"attributes\": {\"step\": null, \"low\": 2.0, \"high\": 5.0, \"log\": false}}"}
{"op_code":5,"worker_id":"9431f27f-894d-412a-aeff-4ffa4237ed44-140427108503552","trial_id":29,"param_name":"BellowHeight","param_value_internal":6.686599526265798,"distribution":"{\"name\": \"FloatDistribution\", \"attributes\": {\"step\": null, \"low\": 6.0, \"high\": 10.0, \"log\": false}}"}
{"op_code":5,"worker_id":"9431f27f-894d-412a-aeff-4ffa4237ed44-140427108503552","trial_id":29,"param_name":"WallThickness","param_value_internal":2.1237780657405176,"distribution":"{\"name\": \"FloatDistribution\", \"attributes\": {\"step\": null, \"low\": 2.0, \"high\": 4.0, \"log\": false}}"}
{"op_code":5,"worker_id":"9431f27f-894d-412a-aeff-4ffa4237ed44-140427108503552","trial_id":29,"param_name":"PlateauHeight","param_value_internal":3.9864459396520076,"distribution":"{\"name\": \"FloatDistribution\", \"attributes\": {\"step\": null, \"low\": 2.0, \"high\": 4.0, \"log\": false}}"}
{"op_code":6,"worker_id":"302ce342-051b-428c-94c4-8e8f1b9e5321-140244636663808","trial_id":28,"state":1,"values":[26.637963204249957,0.06300140354913339,0.3996406718939249],"datetime_complete":"2026-05-28T21:07:09.795102"}
{"op_code":4,"worker_id":"302ce342-051b-428c-94c4-8e8f1b9e5321-140244636663808","study_id":0,"datetime_start":"2026-05-28T21:07:09.811688"}
{"op_code":9,"worker_id":"302ce342-051b-428c-94c4-8e8f1b9e5321-140244636663808","trial_id":30,"system_attr":{"nsga2:generation":0}}
{"op_code":5,"worker_id":"302ce342-051b-428c-94c4-8e8f1b9e5321-140244636663808","trial_id":30,"param_name":"JointSlopeAngle","param_value_internal":0.8748680312298055,"distribution":"{\"name\": \"FloatDistribution\", \"attributes\": {\"step\": null, \"low\": 0.17453292519943295, \"high\": 1.0471975511965976, \"log\": false}}"}
{"op_code":5,"worker_id":"302ce342-051b-428c-94c4-8e8f1b9e5321-140244636663808","trial_id":30,"param_name":"OuterRadius","param_value_internal":13.858393867456938,"distribution":"{\"name\": \"FloatDistribution\", \"attributes\": {\"step\": null, \"low\": 8.75, \"high\": 17.75, \"log\": false}}"}
{"op_code":5,"worker_id":"302ce342-051b-428c-94c4-8e8f1b9e5321-140244636663808","trial_id":30,"param_name":"JointHeight","param_value_internal":7.828559093918221,"distribution":"{\"name\": \"FloatDistribution\", \"attributes\": {\"step\": null, \"low\": 5.0, \"high\": 8.0, \"log\": false}}"}
{"op_code":5,"worker_id":"302ce342-051b-428c-94c4-8e8f1b9e5321-140244636663808","trial_id":30,"param_name":"CavityCorkThickness","param_value_internal":3.216753339045557,"distribution":"{\"name\": \"FloatDistribution\", \"attributes\": {\"step\": null, \"low\": 2.0, \"high\": 5.0, \"log\": false}}"}
{"op_code":5,"worker_id":"302ce342-051b-428c-94c4-8e8f1b9e5321-140244636663808","trial_id":30,"param_name":"BellowHeight","param_value_internal":6.424468178216461,"distribution":"{\"name\": \"FloatDistribution\", \"attributes\": {\"step\": null, \"low\": 6.0, \"high\": 10.0, \"log\": false}}"}
{"op_code":5,"worker_id":"302ce342-051b-428c-94c4-8e8f1b9e5321-140244636663808","trial_id":30,"param_name":"WallThickness","param_value_internal":2.462822096233915,"distribution":"{\"name\": \"FloatDistribution\", \"attributes\": {\"step\": null, \"low\": 2.0, \"high\": 4.0, \"log\": false}}"}
{"op_code":5,"worker_id":"302ce342-051b-428c-94c4-8e8f1b9e5321-140244636663808","trial_id":30,"param_name":"PlateauHeight","param_value_internal":3.6692697923165056,"distribution":"{\"name\": \"FloatDistribution\", \"attributes\": {\"step\": null, \"low\": 2.0, \"high\": 4.0, \"log\": false}}"}
{"op_code":6,"worker_id":"302ce342-051b-428c-94c4-8e8f1b9e5321-140244636663808","trial_id":30,"state":1,"values":[57.15171844765257,0.09213273979245133,0.4162081686088871],"datetime_complete":"2026-05-28T21:07:48.065120"}
{"op_code":6,"worker_id":"9431f27f-894d-412a-aeff-4ffa4237ed44-140427108503552","trial_id":29,"state":1,"values":[92.65501936753867,0.096056237293905,0.36068879612407945],"datetime_complete":"2026-05-28T21:07:48.076731"}
{"op_code":4,"worker_id":"302ce342-051b-428c-94c4-8e8f1b9e5321-140244636663808","study_id":0,"datetime_start":"2026-05-28T21:07:48.082609"}
{"op_code":4,"worker_id":"9431f27f-894d-412a-aeff-4ffa4237ed44-140427108503552","study_id":0,"datetime_start":"2026-05-28T21:07:48.092805"}
{"op_code":9,"worker_id":"302ce342-051b-428c-94c4-8e8f1b9e5321-140244636663808","trial_id":31,"system_attr":{"nsga2:generation":0}}
{"op_code":5,"worker_id":"302ce342-051b-428c-94c4-8e8f1b9e5321-140244636663808","trial_id":31,"param_name":"JointSlopeAngle","param_value_internal":0.1897107006575878,"distribution":"{\"name\": \"FloatDistribution\", \"attributes\": {\"step\": null, \"low\": 0.17453292519943295, \"high\": 1.0471975511965976, \"log\": false}}"}
{"op_code":9,"worker_id":"9431f27f-894d-412a-aeff-4ffa4237ed44-140427108503552","trial_id":32,"system_attr":{"nsga2:generation":0}}
{"op_code":5,"worker_id":"302ce342-051b-428c-94c4-8e8f1b9e5321-140244636663808","trial_id":31,"param_name":"OuterRadius","param_value_internal":13.613996354910341,"distribution":"{\"name\": \"FloatDistribution\", \"attributes\": {\"step\": null, \"low\": 8.75, \"high\": 17.75, \"log\": false}}"}
{"op_code":5,"worker_id":"9431f27f-894d-412a-aeff-4ffa4237ed44-140427108503552","trial_id":32,"param_name":"JointSlopeAngle","param_value_internal":0.7283207601312749,"distribution":"{\"name\": \"FloatDistribution\", \"attributes\": {\"step\": null, \"low\": 0.17453292519943295, \"high\": 1.0471975511965976, \"log\": false}}"}
{"op_code":5,"worker_id":"302ce342-051b-428c-94c4-8e8f1b9e5321-140244636663808","trial_id":31,"param_name":"JointHeight","param_value_internal":7.034413177138003,"distribution":"{\"name\": \"FloatDistribution\", \"attributes\": {\"step\": null, \"low\": 5.0, \"high\": 8.0, \"log\": false}}"}
{"op_code":5,"worker_id":"9431f27f-894d-412a-aeff-4ffa4237ed44-140427108503552","trial_id":32,"param_name":"OuterRadius","param_value_internal":9.601215303649921,"distribution":"{\"name\": \"FloatDistribution\", \"attributes\": {\"step\": null, \"low\": 8.75, \"high\": 17.75, \"log\": false}}"}
{"op_code":5,"worker_id":"302ce342-051b-428c-94c4-8e8f1b9e5321-140244636663808","trial_id":31,"param_name":"CavityCorkThickness","param_value_internal":2.066712230917396,"distribution":"{\"name\": \"FloatDistribution\", \"attributes\": {\"step\": null, \"low\": 2.0, \"high\": 5.0, \"log\": false}}"}
{"op_code":5,"worker_id":"9431f27f-894d-412a-aeff-4ffa4237ed44-140427108503552","trial_id":32,"param_name":"JointHeight","param_value_internal":6.884794430341573,"distribution":"{\"name\": \"FloatDistribution\", \"attributes\": {\"step\": null, \"low\": 5.0, \"high\": 8.0, \"log\": false}}"}
{"op_code":5,"worker_id":"302ce342-051b-428c-94c4-8e8f1b9e5321-140244636663808","trial_id":31,"param_name":"BellowHeight","param_value_internal":9.705481797777745,"distribution":"{\"name\": \"FloatDistribution\", \"attributes\": {\"step\": null, \"low\": 6.0, \"high\": 10.0, \"log\": false}}"}
{"op_code":5,"worker_id":"9431f27f-894d-412a-aeff-4ffa4237ed44-140427108503552","trial_id":32,"param_name":"CavityCorkThickness","param_value_internal":4.901287644933483,"distribution":"{\"name\": \"FloatDistribution\", \"attributes\": {\"step\": null, \"low\": 2.0, \"high\": 5.0, \"log\": false}}"}
{"op_code":5,"worker_id":"302ce342-051b-428c-94c4-8e8f1b9e5321-140244636663808","trial_id":31,"param_name":"WallThickness","param_value_internal":3.364869718110597,"distribution":"{\"name\": \"FloatDistribution\", \"attributes\": {\"step\": null, \"low\": 2.0, \"high\": 4.0, \"log\": false}}"}
{"op_code":5,"worker_id":"9431f27f-894d-412a-aeff-4ffa4237ed44-140427108503552","trial_id":32,"param_name":"BellowHeight","param_value_internal":8.156869188227008,"distribution":"{\"name\": \"FloatDistribution\", \"attributes\": {\"step\": null, \"low\": 6.0, \"high\": 10.0, \"log\": false}}"}
{"op_code":5,"worker_id":"302ce342-051b-428c-94c4-8e8f1b9e5321-140244636663808","trial_id":31,"param_name":"PlateauHeight","param_value_internal":3.138059207494938,"distribution":"{\"name\": \"FloatDistribution\", \"attributes\": {\"step\": null, \"low\": 2.0, \"high\": 4.0, \"log\": false}}"}
{"op_code":5,"worker_id":"9431f27f-894d-412a-aeff-4ffa4237ed44-140427108503552","trial_id":32,"param_name":"WallThickness","param_value_internal":3.7907775388243783,"distribution":"{\"name\": \"FloatDistribution\", \"attributes\": {\"step\": null, \"low\": 2.0, \"high\": 4.0, \"log\": false}}"}
{"op_code":5,"worker_id":"9431f27f-894d-412a-aeff-4ffa4237ed44-140427108503552","trial_id":32,"param_name":"PlateauHeight","param_value_internal":2.743158257521019,"distribution":"{\"name\": \"FloatDistribution\", \"attributes\": {\"step\": null, \"low\": 2.0, \"high\": 4.0, \"log\": false}}"}
{"op_code":0,"worker_id":"21d0d68d-aeb8-4e5b-8332-dd5737dc2961-140193223114752","study_name":"SensorFinger_13_optuna_evolutionary","directions":[2,2,2]}
{"op_code":0,"worker_id":"21d0d68d-aeb8-4e5b-8332-dd5737dc2961-140193223114752","study_name":"SensorFinger_13_optuna_evolutionary","directions":[2,2,2]}
{"op_code":4,"worker_id":"21d0d68d-aeb8-4e5b-8332-dd5737dc2961-140193223114752","study_id":0,"datetime_start":"2026-05-28T21:29:22.649909"}
{"op_code":9,"worker_id":"21d0d68d-aeb8-4e5b-8332-dd5737dc2961-140193223114752","trial_id":33,"system_attr":{"nsga2:generation":0}}
{"op_code":5,"worker_id":"21d0d68d-aeb8-4e5b-8332-dd5737dc2961-140193223114752","trial_id":33,"param_name":"JointSlopeAngle","param_value_internal":0.18035463521194314,"distribution":"{\"name\": \"FloatDistribution\", \"attributes\": {\"step\": null, \"low\": 0.17453292519943295, \"high\": 1.0471975511965976, \"log\": false}}"}
{"op_code":5,"worker_id":"21d0d68d-aeb8-4e5b-8332-dd5737dc2961-140193223114752","trial_id":33,"param_name":"OuterRadius","param_value_internal":12.138220397267705,"distribution":"{\"name\": \"FloatDistribution\", \"attributes\": {\"step\": null, \"low\": 8.75, \"high\": 17.75, \"log\": false}}"}
{"op_code":0,"worker_id":"1d57d4b9-2efe-4085-8b4d-54f9f495ee39-139982114316288","study_name":"SensorFinger_13_optuna_evolutionary","directions":[2,2,2]}
{"op_code":5,"worker_id":"21d0d68d-aeb8-4e5b-8332-dd5737dc2961-140193223114752","trial_id":33,"param_name":"JointHeight","param_value_internal":7.282786008477444,"distribution":"{\"name\": \"FloatDistribution\", \"attributes\": {\"step\": null, \"low\": 5.0, \"high\": 8.0, \"log\": false}}"}
{"op_code":0,"worker_id":"1d57d4b9-2efe-4085-8b4d-54f9f495ee39-139982114316288","study_name":"SensorFinger_13_optuna_evolutionary","directions":[2,2,2]}
{"op_code":5,"worker_id":"21d0d68d-aeb8-4e5b-8332-dd5737dc2961-140193223114752","trial_id":33,"param_name":"CavityCorkThickness","param_value_internal":4.356999269075169,"distribution":"{\"name\": \"FloatDistribution\", \"attributes\": {\"step\": null, \"low\": 2.0, \"high\": 5.0, \"log\": false}}"}
{"op_code":0,"worker_id":"8ef529fe-e953-4a66-b211-34b627f6af18-139982915063808","study_name":"SensorFinger_13_optuna_evolutionary","directions":[2,2,2]}
{"op_code":0,"worker_id":"8a75add0-7778-42e4-866d-1286d98c173c-140410062901248","study_name":"SensorFinger_13_optuna_evolutionary","directions":[2,2,2]}
{"op_code":4,"worker_id":"1d57d4b9-2efe-4085-8b4d-54f9f495ee39-139982114316288","study_id":0,"datetime_start":"2026-05-28T21:29:22.708001"}
{"op_code":0,"worker_id":"9992359c-2947-4fa8-8b68-9e198020834d-140317543788544","study_name":"SensorFinger_13_optuna_evolutionary","directions":[2,2,2]}
{"op_code":5,"worker_id":"21d0d68d-aeb8-4e5b-8332-dd5737dc2961-140193223114752","trial_id":33,"param_name":"BellowHeight","param_value_internal":7.127822244293497,"distribution":"{\"name\": \"FloatDistribution\", \"attributes\": {\"step\": null, \"low\": 6.0, \"high\": 10.0, \"log\": false}}"}
{"op_code":9,"worker_id":"1d57d4b9-2efe-4085-8b4d-54f9f495ee39-139982114316288","trial_id":34,"system_attr":{"nsga2:generation":0}}
{"op_code":0,"worker_id":"8a75add0-7778-42e4-866d-1286d98c173c-140410062901248","study_name":"SensorFinger_13_optuna_evolutionary","directions":[2,2,2]}
{"op_code":5,"worker_id":"1d57d4b9-2efe-4085-8b4d-54f9f495ee39-139982114316288","trial_id":34,"param_name":"JointSlopeAngle","param_value_internal":0.9013525571194042,"distribution":"{\"name\": \"FloatDistribution\", \"attributes\": {\"step\": null, \"low\": 0.17453292519943295, \"high\": 1.0471975511965976, \"log\": false}}"}
{"op_code":0,"worker_id":"9992359c-2947-4fa8-8b68-9e198020834d-140317543788544","study_name":"SensorFinger_13_optuna_evolutionary","directions":[2,2,2]}
{"op_code":5,"worker_id":"21d0d68d-aeb8-4e5b-8332-dd5737dc2961-140193223114752","trial_id":33,"param_name":"WallThickness","param_value_internal":3.6139867320973806,"distribution":"{\"name\": \"FloatDistribution\", \"attributes\": {\"step\": null, \"low\": 2.0, \"high\": 4.0, \"log\": false}}"}
{"op_code":4,"worker_id":"8a75add0-7778-42e4-866d-1286d98c173c-140410062901248","study_id":0,"datetime_start":"2026-05-28T21:29:22.743317"}
{"op_code":5,"worker_id":"21d0d68d-aeb8-4e5b-8332-dd5737dc2961-140193223114752","trial_id":33,"param_name":"PlateauHeight","param_value_internal":3.7586213532919106,"distribution":"{\"name\": \"FloatDistribution\", \"attributes\": {\"step\": null, \"low\": 2.0, \"high\": 4.0, \"log\": false}}"}
{"op_code":4,"worker_id":"9992359c-2947-4fa8-8b68-9e198020834d-140317543788544","study_id":0,"datetime_start":"2026-05-28T21:29:22.757246"}
{"op_code":9,"worker_id":"8a75add0-7778-42e4-866d-1286d98c173c-140410062901248","trial_id":35,"system_attr":{"nsga2:generation":0}}
{"op_code":9,"worker_id":"9992359c-2947-4fa8-8b68-9e198020834d-140317543788544","trial_id":36,"system_attr":{"nsga2:generation":0}}
{"op_code":5,"worker_id":"8a75add0-7778-42e4-866d-1286d98c173c-140410062901248","trial_id":35,"param_name":"JointSlopeAngle","param_value_internal":0.20737174134319805,"distribution":"{\"name\": \"FloatDistribution\", \"attributes\": {\"step\": null, \"low\": 0.17453292519943295, \"high\": 1.0471975511965976, \"log\": false}}"}
{"op_code":5,"worker_id":"9992359c-2947-4fa8-8b68-9e198020834d-140317543788544","trial_id":36,"param_name":"JointSlopeAngle","param_value_internal":0.8804487673278345,"distribution":"{\"name\": \"FloatDistribution\", \"attributes\": {\"step\": null, \"low\": 0.17453292519943295, \"high\": 1.0471975511965976, \"log\": false}}"}
{"op_code":5,"worker_id":"8a75add0-7778-42e4-866d-1286d98c173c-140410062901248","trial_id":35,"param_name":"OuterRadius","param_value_internal":14.19454708556784,"distribution":"{\"name\": \"FloatDistribution\", \"attributes\": {\"step\": null, \"low\": 8.75, \"high\": 17.75, \"log\": false}}"}
{"op_code":5,"worker_id":"9992359c-2947-4fa8-8b68-9e198020834d-140317543788544","trial_id":36,"param_name":"OuterRadius","param_value_internal":12.440850963435764,"distribution":"{\"name\": \"FloatDistribution\", \"attributes\": {\"step\": null, \"low\": 8.75, \"high\": 17.75, \"log\": false}}"}
{"op_code":5,"worker_id":"8a75add0-7778-42e4-866d-1286d98c173c-140410062901248","trial_id":35,"param_name":"JointHeight","param_value_internal":5.6415134524878185,"distribution":"{\"name\": \"FloatDistribution\", \"attributes\": {\"step\": null, \"low\": 5.0, \"high\": 8.0, \"log\": false}}"}
{"op_code":5,"worker_id":"9992359c-2947-4fa8-8b68-9e198020834d-140317543788544","trial_id":36,"param_name":"JointHeight","param_value_internal":5.375773582898629,"distribution":"{\"name\": \"FloatDistribution\", \"attributes\": {\"step\": null, \"low\": 5.0, \"high\": 8.0, \"log\": false}}"}
{"op_code":5,"worker_id":"8a75add0-7778-42e4-866d-1286d98c173c-140410062901248","trial_id":35,"param_name":"CavityCorkThickness","param_value_internal":4.992382548973016,"distribution":"{\"name\": \"FloatDistribution\", \"attributes\": {\"step\": null, \"low\": 2.0, \"high\": 5.0, \"log\": false}}"}
{"op_code":5,"worker_id":"9992359c-2947-4fa8-8b68-9e198020834d-140317543788544","trial_id":36,"param_name":"CavityCorkThickness","param_value_internal":3.4079363015294715,"distribution":"{\"name\": \"FloatDistribution\", \"attributes\": {\"step\": null, \"low\": 2.0, \"high\": 5.0, \"log\": false}}"}
{"op_code":5,"worker_id":"8a75add0-7778-42e4-866d-1286d98c173c-140410062901248","trial_id":35,"param_name":"BellowHeight","param_value_internal":8.043388461261767,"distribution":"{\"name\": \"FloatDistribution\", \"attributes\": {\"step\": null, \"low\": 6.0, \"high\": 10.0, \"log\": false}}"}
{"op_code":5,"worker_id":"9992359c-2947-4fa8-8b68-9e198020834d-140317543788544","trial_id":36,"param_name":"BellowHeight","param_value_internal":8.932325076735276,"distribution":"{\"name\": \"FloatDistribution\", \"attributes\": {\"step\": null, \"low\": 6.0, \"high\": 10.0, \"log\": false}}"}
{"op_code":5,"worker_id":"8a75add0-7778-42e4-866d-1286d98c173c-140410062901248","trial_id":35,"param_name":"WallThickness","param_value_internal":2.228397848170032,"distribution":"{\"name\": \"FloatDistribution\", \"attributes\": {\"step\": null, \"low\": 2.0, \"high\": 4.0, \"log\": false}}"}
{"op_code":5,"worker_id":"9992359c-2947-4fa8-8b68-9e198020834d-140317543788544","trial_id":36,"param_name":"WallThickness","param_value_internal":3.7453411918384054,"distribution":"{\"name\": \"FloatDistribution\", \"attributes\": {\"step\": null, \"low\": 2.0, \"high\": 4.0, \"log\": false}}"}
{"op_code":5,"worker_id":"8a75add0-7778-42e4-866d-1286d98c173c-140410062901248","trial_id":35,"param_name":"PlateauHeight","param_value_internal":2.6428135144759732,"distribution":"{\"name\": \"FloatDistribution\", \"attributes\": {\"step\": null, \"low\": 2.0, \"high\": 4.0, \"log\": false}}"}
{"op_code":5,"worker_id":"9992359c-2947-4fa8-8b68-9e198020834d-140317543788544","trial_id":36,"param_name":"PlateauHeight","param_value_internal":3.352759957198095,"distribution":"{\"name\": \"FloatDistribution\", \"attributes\": {\"step\": null, \"low\": 2.0, \"high\": 4.0, \"log\": false}}"}
{"op_code":5,"worker_id":"1d57d4b9-2efe-4085-8b4d-54f9f495ee39-139982114316288","trial_id":34,"param_name":"OuterRadius","param_value_internal":16.461532129109493,"distribution":"{\"name\": \"FloatDistribution\", \"attributes\": {\"step\": null, \"low\": 8.75, \"high\": 17.75, \"log\": false}}"}
{"op_code":5,"worker_id":"1d57d4b9-2efe-4085-8b4d-54f9f495ee39-139982114316288","trial_id":34,"param_name":"JointHeight","param_value_internal":7.617402404221613,"distribution":"{\"name\": \"FloatDistribution\", \"attributes\": {\"step\": null, \"low\": 5.0, \"high\": 8.0, \"log\": false}}"}
{"op_code":5,"worker_id":"1d57d4b9-2efe-4085-8b4d-54f9f495ee39-139982114316288","trial_id":34,"param_name":"CavityCorkThickness","param_value_internal":4.982833790780033,"distribution":"{\"name\": \"FloatDistribution\", \"attributes\": {\"step\": null, \"low\": 2.0, \"high\": 5.0, \"log\": false}}"}
{"op_code":5,"worker_id":"1d57d4b9-2efe-4085-8b4d-54f9f495ee39-139982114316288","trial_id":34,"param_name":"BellowHeight","param_value_internal":9.227725330419243,"distribution":"{\"name\": \"FloatDistribution\", \"attributes\": {\"step\": null, \"low\": 6.0, \"high\": 10.0, \"log\": false}}"}
{"op_code":5,"worker_id":"1d57d4b9-2efe-4085-8b4d-54f9f495ee39-139982114316288","trial_id":34,"param_name":"WallThickness","param_value_internal":2.7850559247611386,"distribution":"{\"name\": \"FloatDistribution\", \"attributes\": {\"step\": null, \"low\": 2.0, \"high\": 4.0, \"log\": false}}"}
{"op_code":5,"worker_id":"1d57d4b9-2efe-4085-8b4d-54f9f495ee39-139982114316288","trial_id":34,"param_name":"PlateauHeight","param_value_internal":2.7999456902947077,"distribution":"{\"name\": \"FloatDistribution\", \"attributes\": {\"step\": null, \"low\": 2.0, \"high\": 4.0, \"log\": false}}"}
{"op_code":0,"worker_id":"8ef529fe-e953-4a66-b211-34b627f6af18-139982915063808","study_name":"SensorFinger_13_optuna_evolutionary","directions":[2,2,2]}
{"op_code":4,"worker_id":"8ef529fe-e953-4a66-b211-34b627f6af18-139982915063808","study_id":0,"datetime_start":"2026-05-28T21:29:22.980148"}
{"op_code":9,"worker_id":"8ef529fe-e953-4a66-b211-34b627f6af18-139982915063808","trial_id":37,"system_attr":{"nsga2:generation":0}}
{"op_code":5,"worker_id":"8ef529fe-e953-4a66-b211-34b627f6af18-139982915063808","trial_id":37,"param_name":"JointSlopeAngle","param_value_internal":0.7206669908069838,"distribution":"{\"name\": \"FloatDistribution\", \"attributes\": {\"step\": null, \"low\": 0.17453292519943295, \"high\": 1.0471975511965976, \"log\": false}}"}
{"op_code":5,"worker_id":"8ef529fe-e953-4a66-b211-34b627f6af18-139982915063808","trial_id":37,"param_name":"OuterRadius","param_value_internal":13.143584988540063,"distribution":"{\"name\": \"FloatDistribution\", \"attributes\": {\"step\": null, \"low\": 8.75, \"high\": 17.75, \"log\": false}}"}
{"op_code":5,"worker_id":"8ef529fe-e953-4a66-b211-34b627f6af18-139982915063808","trial_id":37,"param_name":"JointHeight","param_value_internal":5.915590300905033,"distribution":"{\"name\": \"FloatDistribution\", \"attributes\": {\"step\": null, \"low\": 5.0, \"high\": 8.0, \"log\": false}}"}
{"op_code":5,"worker_id":"8ef529fe-e953-4a66-b211-34b627f6af18-139982915063808","trial_id":37,"param_name":"CavityCorkThickness","param_value_internal":4.82260216707475,"distribution":"{\"name\": \"FloatDistribution\", \"attributes\": {\"step\": null, \"low\": 2.0, \"high\": 5.0, \"log\": false}}"}
{"op_code":5,"worker_id":"8ef529fe-e953-4a66-b211-34b627f6af18-139982915063808","trial_id":37,"param_name":"BellowHeight","param_value_internal":6.01423275275364,"distribution":"{\"name\": \"FloatDistribution\", \"attributes\": {\"step\": null, \"low\": 6.0, \"high\": 10.0, \"log\": false}}"}
{"op_code":5,"worker_id":"8ef529fe-e953-4a66-b211-34b627f6af18-139982915063808","trial_id":37,"param_name":"WallThickness","param_value_internal":2.4111740177745276,"distribution":"{\"name\": \"FloatDistribution\", \"attributes\": {\"step\": null, \"low\": 2.0, \"high\": 4.0, \"log\": false}}"}
{"op_code":5,"worker_id":"8ef529fe-e953-4a66-b211-34b627f6af18-139982915063808","trial_id":37,"param_name":"PlateauHeight","param_value_internal":3.3683756110483305,"distribution":"{\"name\": \"FloatDistribution\", \"attributes\": {\"step\": null, \"low\": 2.0, \"high\": 4.0, \"log\": false}}"}
{"op_code":0,"worker_id":"aa9c430d-c698-4b2e-a3ac-2e2d6f714747-140088878280704","study_name":"SensorFinger_13_optuna_evolutionary","directions":[2,2,2]}
{"op_code":0,"worker_id":"aa9c430d-c698-4b2e-a3ac-2e2d6f714747-140088878280704","study_name":"SensorFinger_13_optuna_evolutionary","directions":[2,2,2]}
{"op_code":0,"worker_id":"d6dec318-6198-4b0d-9442-33b13b0b99ff-140273271562240","study_name":"SensorFinger_13_optuna_evolutionary","directions":[2,2,2]}
{"op_code":0,"worker_id":"d6dec318-6198-4b0d-9442-33b13b0b99ff-140273271562240","study_name":"SensorFinger_13_optuna_evolutionary","directions":[2,2,2]}
{"op_code":4,"worker_id":"aa9c430d-c698-4b2e-a3ac-2e2d6f714747-140088878280704","study_id":0,"datetime_start":"2026-05-28T21:29:24.125398"}
{"op_code":4,"worker_id":"d6dec318-6198-4b0d-9442-33b13b0b99ff-140273271562240","study_id":0,"datetime_start":"2026-05-28T21:29:24.141885"}
{"op_code":9,"worker_id":"aa9c430d-c698-4b2e-a3ac-2e2d6f714747-140088878280704","trial_id":38,"system_attr":{"nsga2:generation":0}}
{"op_code":9,"worker_id":"d6dec318-6198-4b0d-9442-33b13b0b99ff-140273271562240","trial_id":39,"system_attr":{"nsga2:generation":0}}
{"op_code":5,"worker_id":"aa9c430d-c698-4b2e-a3ac-2e2d6f714747-140088878280704","trial_id":38,"param_name":"JointSlopeAngle","param_value_internal":0.18737442162891127,"distribution":"{\"name\": \"FloatDistribution\", \"attributes\": {\"step\": null, \"low\": 0.17453292519943295, \"high\": 1.0471975511965976, \"log\": false}}"}
{"op_code":5,"worker_id":"d6dec318-6198-4b0d-9442-33b13b0b99ff-140273271562240","trial_id":39,"param_name":"JointSlopeAngle","param_value_internal":0.897362932118025,"distribution":"{\"name\": \"FloatDistribution\", \"attributes\": {\"step\": null, \"low\": 0.17453292519943295, \"high\": 1.0471975511965976, \"log\": false}}"}
{"op_code":5,"worker_id":"aa9c430d-c698-4b2e-a3ac-2e2d6f714747-140088878280704","trial_id":38,"param_name":"OuterRadius","param_value_internal":13.332902367194794,"distribution":"{\"name\": \"FloatDistribution\", \"attributes\": {\"step\": null, \"low\": 8.75, \"high\": 17.75, \"log\": false}}"}
{"op_code":5,"worker_id":"d6dec318-6198-4b0d-9442-33b13b0b99ff-140273271562240","trial_id":39,"param_name":"OuterRadius","param_value_internal":12.155715163576295,"distribution":"{\"name\": \"FloatDistribution\", \"attributes\": {\"step\": null, \"low\": 8.75, \"high\": 17.75, \"log\": false}}"}
{"op_code":5,"worker_id":"aa9c430d-c698-4b2e-a3ac-2e2d6f714747-140088878280704","trial_id":38,"param_name":"JointHeight","param_value_internal":5.945399143586361,"distribution":"{\"name\": \"FloatDistribution\", \"attributes\": {\"step\": null, \"low\": 5.0, \"high\": 8.0, \"log\": false}}"}
{"op_code":5,"worker_id":"d6dec318-6198-4b0d-9442-33b13b0b99ff-140273271562240","trial_id":39,"param_name":"JointHeight","param_value_internal":5.079215579404154,"distribution":"{\"name\": \"FloatDistribution\", \"attributes\": {\"step\": null, \"low\": 5.0, \"high\": 8.0, \"log\": false}}"}
{"op_code":5,"worker_id":"aa9c430d-c698-4b2e-a3ac-2e2d6f714747-140088878280704","trial_id":38,"param_name":"CavityCorkThickness","param_value_internal":3.2578070111827353,"distribution":"{\"name\": \"FloatDistribution\", \"attributes\": {\"step\": null, \"low\": 2.0, \"high\": 5.0, \"log\": false}}"}
{"op_code":5,"worker_id":"d6dec318-6198-4b0d-9442-33b13b0b99ff-140273271562240","trial_id":39,"param_name":"CavityCorkThickness","param_value_internal":4.869899320956243,"distribution":"{\"name\": \"FloatDistribution\", \"attributes\": {\"step\": null, \"low\": 2.0, \"high\": 5.0, \"log\": false}}"}
{"op_code":5,"worker_id":"aa9c430d-c698-4b2e-a3ac-2e2d6f714747-140088878280704","trial_id":38,"param_name":"BellowHeight","param_value_internal":9.43833170611832,"distribution":"{\"name\": \"FloatDistribution\", \"attributes\": {\"step\": null, \"low\": 6.0, \"high\": 10.0, \"log\": false}}"}
{"op_code":5,"worker_id":"d6dec318-6198-4b0d-9442-33b13b0b99ff-140273271562240","trial_id":39,"param_name":"BellowHeight","param_value_internal":9.66953770843063,"distribution":"{\"name\": \"FloatDistribution\", \"attributes\": {\"step\": null, \"low\": 6.0, \"high\": 10.0, \"log\": false}}"}
{"op_code":5,"worker_id":"aa9c430d-c698-4b2e-a3ac-2e2d6f714747-140088878280704","trial_id":38,"param_name":"WallThickness","param_value_internal":3.305381630797543,"distribution":"{\"name\": \"FloatDistribution\", \"attributes\": {\"step\": null, \"low\": 2.0, \"high\": 4.0, \"log\": false}}"}
{"op_code":5,"worker_id":"d6dec318-6198-4b0d-9442-33b13b0b99ff-140273271562240","trial_id":39,"param_name":"WallThickness","param_value_internal":3.413052001870802,"distribution":"{\"name\": \"FloatDistribution\", \"attributes\": {\"step\": null, \"low\": 2.0, \"high\": 4.0, \"log\": false}}"}
{"op_code":5,"worker_id":"aa9c430d-c698-4b2e-a3ac-2e2d6f714747-140088878280704","trial_id":38,"param_name":"PlateauHeight","param_value_internal":2.380112962452162,"distribution":"{\"name\": \"FloatDistribution\", \"attributes\": {\"step\": null, \"low\": 2.0, \"high\": 4.0, \"log\": false}}"}
{"op_code":5,"worker_id":"d6dec318-6198-4b0d-9442-33b13b0b99ff-140273271562240","trial_id":39,"param_name":"PlateauHeight","param_value_internal":3.5085320813170853,"distribution":"{\"name\": \"FloatDistribution\", \"attributes\": {\"step\": null, \"low\": 2.0, \"high\": 4.0, \"log\": false}}"}
{"op_code":6,"worker_id":"21d0d68d-aeb8-4e5b-8332-dd5737dc2961-140193223114752","trial_id":33,"state":1,"values":[-Infinity,-Infinity,-Infinity],"datetime_complete":"2026-05-28T21:29:34.941305"}
{"op_code":4,"worker_id":"21d0d68d-aeb8-4e5b-8332-dd5737dc2961-140193223114752","study_id":0,"datetime_start":"2026-05-28T21:29:34.954147"}
{"op_code":9,"worker_id":"21d0d68d-aeb8-4e5b-8332-dd5737dc2961-140193223114752","trial_id":40,"system_attr":{"nsga2:generation":0}}
{"op_code":5,"worker_id":"21d0d68d-aeb8-4e5b-8332-dd5737dc2961-140193223114752","trial_id":40,"param_name":"JointSlopeAngle","param_value_internal":0.7191209171245115,"distribution":"{\"name\": \"FloatDistribution\", \"attributes\": {\"step\": null, \"low\": 0.17453292519943295, \"high\": 1.0471975511965976, \"log\": false}}"}
{"op_code":5,"worker_id":"21d0d68d-aeb8-4e5b-8332-dd5737dc2961-140193223114752","trial_id":40,"param_name":"OuterRadius","param_value_internal":16.263703644677186,"distribution":"{\"name\": \"FloatDistribution\", \"attributes\": {\"step\": null, \"low\": 8.75, \"high\": 17.75, \"log\": false}}"}
{"op_code":5,"worker_id":"21d0d68d-aeb8-4e5b-8332-dd5737dc2961-140193223114752","trial_id":40,"param_name":"JointHeight","param_value_internal":7.319728841821658,"distribution":"{\"name\": \"FloatDistribution\", \"attributes\": {\"step\": null, \"low\": 5.0, \"high\": 8.0, \"log\": false}}"}
{"op_code":5,"worker_id":"21d0d68d-aeb8-4e5b-8332-dd5737dc2961-140193223114752","trial_id":40,"param_name":"CavityCorkThickness","param_value_internal":2.173221682286436,"distribution":"{\"name\": \"FloatDistribution\", \"attributes\": {\"step\": null, \"low\": 2.0, \"high\": 5.0, \"log\": false}}"}
{"op_code":5,"worker_id":"21d0d68d-aeb8-4e5b-8332-dd5737dc2961-140193223114752","trial_id":40,"param_name":"BellowHeight","param_value_internal":9.897174739128797,"distribution":"{\"name\": \"FloatDistribution\", \"attributes\": {\"step\": null, \"low\": 6.0, \"high\": 10.0, \"log\": false}}"}
{"op_code":5,"worker_id":"21d0d68d-aeb8-4e5b-8332-dd5737dc2961-140193223114752","trial_id":40,"param_name":"WallThickness","param_value_internal":2.9869693814696983,"distribution":"{\"name\": \"FloatDistribution\", \"attributes\": {\"step\": null, \"low\": 2.0, \"high\": 4.0, \"log\": false}}"}
{"op_code":5,"worker_id":"21d0d68d-aeb8-4e5b-8332-dd5737dc2961-140193223114752","trial_id":40,"param_name":"PlateauHeight","param_value_internal":2.2890319676957254,"distribution":"{\"name\": \"FloatDistribution\", \"attributes\": {\"step\": null, \"low\": 2.0, \"high\": 4.0, \"log\": false}}"}
{"op_code":6,"worker_id":"8a75add0-7778-42e4-866d-1286d98c173c-140410062901248","trial_id":35,"state":1,"values":[-Infinity,-Infinity,-Infinity],"datetime_complete":"2026-05-28T21:29:35.117863"}
{"op_code":4,"worker_id":"8a75add0-7778-42e4-866d-1286d98c173c-140410062901248","study_id":0,"datetime_start":"2026-05-28T21:29:35.131065"}
{"op_code":9,"worker_id":"8a75add0-7778-42e4-866d-1286d98c173c-140410062901248","trial_id":41,"system_attr":{"nsga2:generation":0}}
{"op_code":5,"worker_id":"8a75add0-7778-42e4-866d-1286d98c173c-140410062901248","trial_id":41,"param_name":"JointSlopeAngle","param_value_internal":0.5427518808903334,"distribution":"{\"name\": \"FloatDistribution\", \"attributes\": {\"step\": null, \"low\": 0.17453292519943295, \"high\": 1.0471975511965976, \"log\": false}}"}
{"op_code":6,"worker_id":"9992359c-2947-4fa8-8b68-9e198020834d-140317543788544","trial_id":36,"state":1,"values":[-Infinity,-Infinity,-Infinity],"datetime_complete":"2026-05-28T21:29:35.155615"}
{"op_code":5,"worker_id":"8a75add0-7778-42e4-866d-1286d98c173c-140410062901248","trial_id":41,"param_name":"OuterRadius","param_value_internal":10.212436743732441,"distribution":"{\"name\": \"FloatDistribution\", \"attributes\": {\"step\": null, \"low\": 8.75, \"high\": 17.75, \"log\": false}}"}
{"op_code":5,"worker_id":"8a75add0-7778-42e4-866d-1286d98c173c-140410062901248","trial_id":41,"param_name":"JointHeight","param_value_internal":6.05579617910953,"distribution":"{\"name\": \"FloatDistribution\", \"attributes\": {\"step\": null, \"low\": 5.0, \"high\": 8.0, \"log\": false}}"}
{"op_code":4,"worker_id":"9992359c-2947-4fa8-8b68-9e198020834d-140317543788544","study_id":0,"datetime_start":"2026-05-28T21:29:35.169919"}
{"op_code":5,"worker_id":"8a75add0-7778-42e4-866d-1286d98c173c-140410062901248","trial_id":41,"param_name":"CavityCorkThickness","param_value_internal":4.450758873249269,"distribution":"{\"name\": \"FloatDistribution\", \"attributes\": {\"step\": null, \"low\": 2.0, \"high\": 5.0, \"log\": false}}"}
{"op_code":5,"worker_id":"8a75add0-7778-42e4-866d-1286d98c173c-140410062901248","trial_id":41,"param_name":"BellowHeight","param_value_internal":6.260606408583261,"distribution":"{\"name\": \"FloatDistribution\", \"attributes\": {\"step\": null, \"low\": 6.0, \"high\": 10.0, \"log\": false}}"}
{"op_code":9,"worker_id":"9992359c-2947-4fa8-8b68-9e198020834d-140317543788544","trial_id":42,"system_attr":{"nsga2:generation":0}}
{"op_code":5,"worker_id":"8a75add0-7778-42e4-866d-1286d98c173c-140410062901248","trial_id":41,"param_name":"WallThickness","param_value_internal":2.8633630884159196,"distribution":"{\"name\": \"FloatDistribution\", \"attributes\": {\"step\": null, \"low\": 2.0, \"high\": 4.0, \"log\": false}}"}
{"op_code":5,"worker_id":"9992359c-2947-4fa8-8b68-9e198020834d-140317543788544","trial_id":42,"param_name":"JointSlopeAngle","param_value_internal":0.24042994239326165,"distribution":"{\"name\": \"FloatDistribution\", \"attributes\": {\"step\": null, \"low\": 0.17453292519943295, \"high\": 1.0471975511965976, \"log\": false}}"}
{"op_code":5,"worker_id":"8a75add0-7778-42e4-866d-1286d98c173c-140410062901248","trial_id":41,"param_name":"PlateauHeight","param_value_internal":2.423026458023603,"distribution":"{\"name\": \"FloatDistribution\", \"attributes\": {\"step\": null, \"low\": 2.0, \"high\": 4.0, \"log\": false}}"}
{"op_code":6,"worker_id":"1d57d4b9-2efe-4085-8b4d-54f9f495ee39-139982114316288","trial_id":34,"state":1,"values":[-Infinity,-Infinity,-Infinity],"datetime_complete":"2026-05-28T21:29:35.206742"}
{"op_code":5,"worker_id":"9992359c-2947-4fa8-8b68-9e198020834d-140317543788544","trial_id":42,"param_name":"OuterRadius","param_value_internal":14.099577595746613,"distribution":"{\"name\": \"FloatDistribution\", \"attributes\": {\"step\": null, \"low\": 8.75, \"high\": 17.75, \"log\": false}}"}
{"op_code":5,"worker_id":"9992359c-2947-4fa8-8b68-9e198020834d-140317543788544","trial_id":42,"param_name":"JointHeight","param_value_internal":7.75597436700056,"distribution":"{\"name\": \"FloatDistribution\", \"attributes\": {\"step\": null, \"low\": 5.0, \"high\": 8.0, \"log\": false}}"}
{"op_code":4,"worker_id":"1d57d4b9-2efe-4085-8b4d-54f9f495ee39-139982114316288","study_id":0,"datetime_start":"2026-05-28T21:29:35.226774"}
{"op_code":5,"worker_id":"9992359c-2947-4fa8-8b68-9e198020834d-140317543788544","trial_id":42,"param_name":"CavityCorkThickness","param_value_internal":3.268333017350702,"distribution":"{\"name\": \"FloatDistribution\", \"attributes\": {\"step\": null, \"low\": 2.0, \"high\": 5.0, \"log\": false}}"}
{"op_code":5,"worker_id":"9992359c-2947-4fa8-8b68-9e198020834d-140317543788544","trial_id":42,"param_name":"BellowHeight","param_value_internal":6.6500016738408805,"distribution":"{\"name\": \"FloatDistribution\", \"attributes\": {\"step\": null, \"low\": 6.0, \"high\": 10.0, \"log\": false}}"}
{"op_code":9,"worker_id":"1d57d4b9-2efe-4085-8b4d-54f9f495ee39-139982114316288","trial_id":43,"system_attr":{"nsga2:generation":0}}
{"op_code":5,"worker_id":"9992359c-2947-4fa8-8b68-9e198020834d-140317543788544","trial_id":42,"param_name":"WallThickness","param_value_internal":3.634204122141389,"distribution":"{\"name\": \"FloatDistribution\", \"attributes\": {\"step\": null, \"low\": 2.0, \"high\": 4.0, \"log\": false}}"}
{"op_code":5,"worker_id":"1d57d4b9-2efe-4085-8b4d-54f9f495ee39-139982114316288","trial_id":43,"param_name":"JointSlopeAngle","param_value_internal":0.3814152370746732,"distribution":"{\"name\": \"FloatDistribution\", \"attributes\": {\"step\": null, \"low\": 0.17453292519943295, \"high\": 1.0471975511965976, \"log\": false}}"}
{"op_code":5,"worker_id":"9992359c-2947-4fa8-8b68-9e198020834d-140317543788544","trial_id":42,"param_name":"PlateauHeight","param_value_internal":2.85771678158598,"distribution":"{\"name\": \"FloatDistribution\", \"attributes\": {\"step\": null, \"low\": 2.0, \"high\": 4.0, \"log\": false}}"}
{"op_code":5,"worker_id":"1d57d4b9-2efe-4085-8b4d-54f9f495ee39-139982114316288","trial_id":43,"param_name":"OuterRadius","param_value_internal":16.949016493321494,"distribution":"{\"name\": \"FloatDistribution\", \"attributes\": {\"step\": null, \"low\": 8.75, \"high\": 17.75, \"log\": false}}"}
{"op_code":5,"worker_id":"1d57d4b9-2efe-4085-8b4d-54f9f495ee39-139982114316288","trial_id":43,"param_name":"JointHeight","param_value_internal":6.5091241676228195,"distribution":"{\"name\": \"FloatDistribution\", \"attributes\": {\"step\": null, \"low\": 5.0, \"high\": 8.0, \"log\": false}}"}
{"op_code":5,"worker_id":"1d57d4b9-2efe-4085-8b4d-54f9f495ee39-139982114316288","trial_id":43,"param_name":"CavityCorkThickness","param_value_internal":2.397696628579368,"distribution":"{\"name\": \"FloatDistribution\", \"attributes\": {\"step\": null, \"low\": 2.0, \"high\": 5.0, \"log\": false}}"}
{"op_code":5,"worker_id":"1d57d4b9-2efe-4085-8b4d-54f9f495ee39-139982114316288","trial_id":43,"param_name":"BellowHeight","param_value_internal":6.78080129813947,"distribution":"{\"name\": \"FloatDistribution\", \"attributes\": {\"step\": null, \"low\": 6.0, \"high\": 10.0, \"log\": false}}"}
{"op_code":5,"worker_id":"1d57d4b9-2efe-4085-8b4d-54f9f495ee39-139982114316288","trial_id":43,"param_name":"WallThickness","param_value_internal":3.0977386627034464,"distribution":"{\"name\": \"FloatDistribution\", \"attributes\": {\"step\": null, \"low\": 2.0, \"high\": 4.0, \"log\": false}}"}
{"op_code":5,"worker_id":"1d57d4b9-2efe-4085-8b4d-54f9f495ee39-139982114316288","trial_id":43,"param_name":"PlateauHeight","param_value_internal":2.5379000187740735,"distribution":"{\"name\": \"FloatDistribution\", \"attributes\": {\"step\": null, \"low\": 2.0, \"high\": 4.0, \"log\": false}}"}
{"op_code":6,"worker_id":"8ef529fe-e953-4a66-b211-34b627f6af18-139982915063808","trial_id":37,"state":1,"values":[-Infinity,-Infinity,-Infinity],"datetime_complete":"2026-05-28T21:29:35.354167"}
{"op_code":4,"worker_id":"8ef529fe-e953-4a66-b211-34b627f6af18-139982915063808","study_id":0,"datetime_start":"2026-05-28T21:29:35.368104"}
{"op_code":9,"worker_id":"8ef529fe-e953-4a66-b211-34b627f6af18-139982915063808","trial_id":44,"system_attr":{"nsga2:generation":0}}
{"op_code":5,"worker_id":"8ef529fe-e953-4a66-b211-34b627f6af18-139982915063808","trial_id":44,"param_name":"JointSlopeAngle","param_value_internal":0.2536664449621745,"distribution":"{\"name\": \"FloatDistribution\", \"attributes\": {\"step\": null, \"low\": 0.17453292519943295, \"high\": 1.0471975511965976, \"log\": false}}"}
{"op_code":5,"worker_id":"8ef529fe-e953-4a66-b211-34b627f6af18-139982915063808","trial_id":44,"param_name":"OuterRadius","param_value_internal":14.187321569192273,"distribution":"{\"name\": \"FloatDistribution\", \"attributes\": {\"step\": null, \"low\": 8.75, \"high\": 17.75, \"log\": false}}"}
{"op_code":5,"worker_id":"8ef529fe-e953-4a66-b211-34b627f6af18-139982915063808","trial_id":44,"param_name":"JointHeight","param_value_internal":7.0251997402225745,"distribution":"{\"name\": \"FloatDistribution\", \"attributes\": {\"step\": null, \"low\": 5.0, \"high\": 8.0, \"log\": false}}"}
{"op_code":5,"worker_id":"8ef529fe-e953-4a66-b211-34b627f6af18-139982915063808","trial_id":44,"param_name":"CavityCorkThickness","param_value_internal":3.3444670388113305,"distribution":"{\"name\": \"FloatDistribution\", \"attributes\": {\"step\": null, \"low\": 2.0, \"high\": 5.0, \"log\": false}}"}
{"op_code":5,"worker_id":"8ef529fe-e953-4a66-b211-34b627f6af18-139982915063808","trial_id":44,"param_name":"BellowHeight","param_value_internal":7.1400911595400665,"distribution":"{\"name\": \"FloatDistribution\", \"attributes\": {\"step\": null, \"low\": 6.0, \"high\": 10.0, \"log\": false}}"}
{"op_code":5,"worker_id":"8ef529fe-e953-4a66-b211-34b627f6af18-139982915063808","trial_id":44,"param_name":"WallThickness","param_value_internal":2.0235352338028405,"distribution":"{\"name\": \"FloatDistribution\", \"attributes\": {\"step\": null, \"low\": 2.0, \"high\": 4.0, \"log\": false}}"}
{"op_code":5,"worker_id":"8ef529fe-e953-4a66-b211-34b627f6af18-139982915063808","trial_id":44,"param_name":"PlateauHeight","param_value_internal":2.468786292394368,"distribution":"{\"name\": \"FloatDistribution\", \"attributes\": {\"step\": null, \"low\": 2.0, \"high\": 4.0, \"log\": false}}"}
{"op_code":6,"worker_id":"d6dec318-6198-4b0d-9442-33b13b0b99ff-140273271562240","trial_id":39,"state":1,"values":[-Infinity,-Infinity,-Infinity],"datetime_complete":"2026-05-28T21:29:37.872394"}
{"op_code":4,"worker_id":"d6dec318-6198-4b0d-9442-33b13b0b99ff-140273271562240","study_id":0,"datetime_start":"2026-05-28T21:29:37.890984"}
{"op_code":9,"worker_id":"d6dec318-6198-4b0d-9442-33b13b0b99ff-140273271562240","trial_id":45,"system_attr":{"nsga2:generation":0}}
{"op_code":5,"worker_id":"d6dec318-6198-4b0d-9442-33b13b0b99ff-140273271562240","trial_id":45,"param_name":"JointSlopeAngle","param_value_internal":0.47820113414801213,"distribution":"{\"name\": \"FloatDistribution\", \"attributes\": {\"step\": null, \"low\": 0.17453292519943295, \"high\": 1.0471975511965976, \"log\": false}}"}
{"op_code":5,"worker_id":"d6dec318-6198-4b0d-9442-33b13b0b99ff-140273271562240","trial_id":45,"param_name":"OuterRadius","param_value_internal":13.374732299826302,"distribution":"{\"name\": \"FloatDistribution\", \"attributes\": {\"step\": null, \"low\": 8.75, \"high\": 17.75, \"log\": false}}"}
{"op_code":5,"worker_id":"d6dec318-6198-4b0d-9442-33b13b0b99ff-140273271562240","trial_id":45,"param_name":"JointHeight","param_value_internal":6.807019352799042,"distribution":"{\"name\": \"FloatDistribution\", \"attributes\": {\"step\": null, \"low\": 5.0, \"high\": 8.0, \"log\": false}}"}
{"op_code":5,"worker_id":"d6dec318-6198-4b0d-9442-33b13b0b99ff-140273271562240","trial_id":45,"param_name":"CavityCorkThickness","param_value_internal":4.027452785659705,"distribution":"{\"name\": \"FloatDistribution\", \"attributes\": {\"step\": null, \"low\": 2.0, \"high\": 5.0, \"log\": false}}"}
{"op_code":5,"worker_id":"d6dec318-6198-4b0d-9442-33b13b0b99ff-140273271562240","trial_id":45,"param_name":"BellowHeight","param_value_internal":9.056469597542348,"distribution":"{\"name\": \"FloatDistribution\", \"attributes\": {\"step\": null, \"low\": 6.0, \"high\": 10.0, \"log\": false}}"}
{"op_code":5,"worker_id":"d6dec318-6198-4b0d-9442-33b13b0b99ff-140273271562240","trial_id":45,"param_name":"WallThickness","param_value_internal":3.8206100158160528,"distribution":"{\"name\": \"FloatDistribution\", \"attributes\": {\"step\": null, \"low\": 2.0, \"high\": 4.0, \"log\": false}}"}
{"op_code":6,"worker_id":"aa9c430d-c698-4b2e-a3ac-2e2d6f714747-140088878280704","trial_id":38,"state":1,"values":[-Infinity,-Infinity,-Infinity],"datetime_complete":"2026-05-28T21:29:37.968104"}
{"op_code":5,"worker_id":"d6dec318-6198-4b0d-9442-33b13b0b99ff-140273271562240","trial_id":45,"param_name":"PlateauHeight","param_value_internal":2.440381094306235,"distribution":"{\"name\": \"FloatDistribution\", \"attributes\": {\"step\": null, \"low\": 2.0, \"high\": 4.0, \"log\": false}}"}
{"op_code":4,"worker_id":"aa9c430d-c698-4b2e-a3ac-2e2d6f714747-140088878280704","study_id":0,"datetime_start":"2026-05-28T21:29:37.990874"}
{"op_code":9,"worker_id":"aa9c430d-c698-4b2e-a3ac-2e2d6f714747-140088878280704","trial_id":46,"system_attr":{"nsga2:generation":0}}
{"op_code":5,"worker_id":"aa9c430d-c698-4b2e-a3ac-2e2d6f714747-140088878280704","trial_id":46,"param_name":"JointSlopeAngle","param_value_internal":0.5033216242552011,"distribution":"{\"name\": \"FloatDistribution\", \"attributes\": {\"step\": null, \"low\": 0.17453292519943295, \"high\": 1.0471975511965976, \"log\": false}}"}
{"op_code":5,"worker_id":"aa9c430d-c698-4b2e-a3ac-2e2d6f714747-140088878280704","trial_id":46,"param_name":"OuterRadius","param_value_internal":15.52925082797861,"distribution":"{\"name\": \"FloatDistribution\", \"attributes\": {\"step\": null, \"low\": 8.75, \"high\": 17.75, \"log\": false}}"}
{"op_code":5,"worker_id":"aa9c430d-c698-4b2e-a3ac-2e2d6f714747-140088878280704","trial_id":46,"param_name":"JointHeight","param_value_internal":5.022106799016528,"distribution":"{\"name\": \"FloatDistribution\", \"attributes\": {\"step\": null, \"low\": 5.0, \"high\": 8.0, \"log\": false}}"}
{"op_code":5,"worker_id":"aa9c430d-c698-4b2e-a3ac-2e2d6f714747-140088878280704","trial_id":46,"param_name":"CavityCorkThickness","param_value_internal":3.5170887004964215,"distribution":"{\"name\": \"FloatDistribution\", \"attributes\": {\"step\": null, \"low\": 2.0, \"high\": 5.0, \"log\": false}}"}
{"op_code":5,"worker_id":"aa9c430d-c698-4b2e-a3ac-2e2d6f714747-140088878280704","trial_id":46,"param_name":"BellowHeight","param_value_internal":6.076082380766847,"distribution":"{\"name\": \"FloatDistribution\", \"attributes\": {\"step\": null, \"low\": 6.0, \"high\": 10.0, \"log\": false}}"}
{"op_code":5,"worker_id":"aa9c430d-c698-4b2e-a3ac-2e2d6f714747-140088878280704","trial_id":46,"param_name":"WallThickness","param_value_internal":3.089798447275231,"distribution":"{\"name\": \"FloatDistribution\", \"attributes\": {\"step\": null, \"low\": 2.0, \"high\": 4.0, \"log\": false}}"}
{"op_code":5,"worker_id":"aa9c430d-c698-4b2e-a3ac-2e2d6f714747-140088878280704","trial_id":46,"param_name":"PlateauHeight","param_value_internal":3.1237380789980973,"distribution":"{\"name\": \"FloatDistribution\", \"attributes\": {\"step\": null, \"low\": 2.0, \"high\": 4.0, \"log\": false}}"}
{"op_code":6,"worker_id":"8a75add0-7778-42e4-866d-1286d98c173c-140410062901248","trial_id":41,"state":1,"values":[-Infinity,-Infinity,-Infinity],"datetime_complete":"2026-05-28T21:29:45.420127"}
{"op_code":4,"worker_id":"8a75add0-7778-42e4-866d-1286d98c173c-140410062901248","study_id":0,"datetime_start":"2026-05-28T21:29:45.434751"}
{"op_code":9,"worker_id":"8a75add0-7778-42e4-866d-1286d98c173c-140410062901248","trial_id":47,"system_attr":{"nsga2:generation":0}}
{"op_code":5,"worker_id":"8a75add0-7778-42e4-866d-1286d98c173c-140410062901248","trial_id":47,"param_name":"JointSlopeAngle","param_value_internal":0.42064997162900464,"distribution":"{\"name\": \"FloatDistribution\", \"attributes\": {\"step\": null, \"low\": 0.17453292519943295, \"high\": 1.0471975511965976, \"log\": false}}"}
{"op_code":5,"worker_id":"8a75add0-7778-42e4-866d-1286d98c173c-140410062901248","trial_id":47,"param_name":"OuterRadius","param_value_internal":16.558125667486667,"distribution":"{\"name\": \"FloatDistribution\", \"attributes\": {\"step\": null, \"low\": 8.75, \"high\": 17.75, \"log\": false}}"}
{"op_code":5,"worker_id":"8a75add0-7778-42e4-866d-1286d98c173c-140410062901248","trial_id":47,"param_name":"JointHeight","param_value_internal":5.900137332761762,"distribution":"{\"name\": \"FloatDistribution\", \"attributes\": {\"step\": null, \"low\": 5.0, \"high\": 8.0, \"log\": false}}"}
{"op_code":6,"worker_id":"9992359c-2947-4fa8-8b68-9e198020834d-140317543788544","trial_id":42,"state":1,"values":[-Infinity,-Infinity,-Infinity],"datetime_complete":"2026-05-28T21:29:45.477887"}
{"op_code":5,"worker_id":"8a75add0-7778-42e4-866d-1286d98c173c-140410062901248","trial_id":47,"param_name":"CavityCorkThickness","param_value_internal":3.55098946546174,"distribution":"{\"name\": \"FloatDistribution\", \"attributes\": {\"step\": null, \"low\": 2.0, \"high\": 5.0, \"log\": false}}"}
{"op_code":5,"worker_id":"8a75add0-7778-42e4-866d-1286d98c173c-140410062901248","trial_id":47,"param_name":"BellowHeight","param_value_internal":7.987951851722516,"distribution":"{\"name\": \"FloatDistribution\", \"attributes\": {\"step\": null, \"low\": 6.0, \"high\": 10.0, \"log\": false}}"}
{"op_code":4,"worker_id":"9992359c-2947-4fa8-8b68-9e198020834d-140317543788544","study_id":0,"datetime_start":"2026-05-28T21:29:45.495773"}
{"op_code":5,"worker_id":"8a75add0-7778-42e4-866d-1286d98c173c-140410062901248","trial_id":47,"param_name":"WallThickness","param_value_internal":3.7835955467832108,"distribution":"{\"name\": \"FloatDistribution\", \"attributes\": {\"step\": null, \"low\": 2.0, \"high\": 4.0, \"log\": false}}"}
{"op_code":9,"worker_id":"9992359c-2947-4fa8-8b68-9e198020834d-140317543788544","trial_id":48,"system_attr":{"nsga2:generation":0}}
{"op_code":6,"worker_id":"1d57d4b9-2efe-4085-8b4d-54f9f495ee39-139982114316288","trial_id":43,"state":1,"values":[-Infinity,-Infinity,-Infinity],"datetime_complete":"2026-05-28T21:29:45.514549"}
{"op_code":5,"worker_id":"9992359c-2947-4fa8-8b68-9e198020834d-140317543788544","trial_id":48,"param_name":"JointSlopeAngle","param_value_internal":1.0025799678522922,"distribution":"{\"name\": \"FloatDistribution\", \"attributes\": {\"step\": null, \"low\": 0.17453292519943295, \"high\": 1.0471975511965976, \"log\": false}}"}
{"op_code":5,"worker_id":"9992359c-2947-4fa8-8b68-9e198020834d-140317543788544","trial_id":48,"param_name":"OuterRadius","param_value_internal":12.893487311388341,"distribution":"{\"name\": \"FloatDistribution\", \"attributes\": {\"step\": null, \"low\": 8.75, \"high\": 17.75, \"log\": false}}"}
{"op_code":4,"worker_id":"1d57d4b9-2efe-4085-8b4d-54f9f495ee39-139982114316288","study_id":0,"datetime_start":"2026-05-28T21:29:45.533348"}
{"op_code":5,"worker_id":"9992359c-2947-4fa8-8b68-9e198020834d-140317543788544","trial_id":48,"param_name":"JointHeight","param_value_internal":6.804701920103984,"distribution":"{\"name\": \"FloatDistribution\", \"attributes\": {\"step\": null, \"low\": 5.0, \"high\": 8.0, \"log\": false}}"}
{"op_code":5,"worker_id":"9992359c-2947-4fa8-8b68-9e198020834d-140317543788544","trial_id":48,"param_name":"CavityCorkThickness","param_value_internal":2.921852004566294,"distribution":"{\"name\": \"FloatDistribution\", \"attributes\": {\"step\": null, \"low\": 2.0, \"high\": 5.0, \"log\": false}}"}
{"op_code":9,"worker_id":"1d57d4b9-2efe-4085-8b4d-54f9f495ee39-139982114316288","trial_id":49,"system_attr":{"nsga2:generation":0}}
{"op_code":5,"worker_id":"9992359c-2947-4fa8-8b68-9e198020834d-140317543788544","trial_id":48,"param_name":"BellowHeight","param_value_internal":8.415276974565108,"distribution":"{\"name\": \"FloatDistribution\", \"attributes\": {\"step\": null, \"low\": 6.0, \"high\": 10.0, \"log\": false}}"}
{"op_code":5,"worker_id":"1d57d4b9-2efe-4085-8b4d-54f9f495ee39-139982114316288","trial_id":49,"param_name":"JointSlopeAngle","param_value_internal":0.5478051691981186,"distribution":"{\"name\": \"FloatDistribution\", \"attributes\": {\"step\": null, \"low\": 0.17453292519943295, \"high\": 1.0471975511965976, \"log\": false}}"}
{"op_code":5,"worker_id":"9992359c-2947-4fa8-8b68-9e198020834d-140317543788544","trial_id":48,"param_name":"WallThickness","param_value_internal":3.683064370946079,"distribution":"{\"name\": \"FloatDistribution\", \"attributes\": {\"step\": null, \"low\": 2.0, \"high\": 4.0, \"log\": false}}"}
{"op_code":5,"worker_id":"1d57d4b9-2efe-4085-8b4d-54f9f495ee39-139982114316288","trial_id":49,"param_name":"OuterRadius","param_value_internal":15.106837182519843,"distribution":"{\"name\": \"FloatDistribution\", \"attributes\": {\"step\": null, \"low\": 8.75, \"high\": 17.75, \"log\": false}}"}
{"op_code":5,"worker_id":"9992359c-2947-4fa8-8b68-9e198020834d-140317543788544","trial_id":48,"param_name":"PlateauHeight","param_value_internal":2.8634546225265693,"distribution":"{\"name\": \"FloatDistribution\", \"attributes\": {\"step\": null, \"low\": 2.0, \"high\": 4.0, \"log\": false}}"}
{"op_code":5,"worker_id":"1d57d4b9-2efe-4085-8b4d-54f9f495ee39-139982114316288","trial_id":49,"param_name":"JointHeight","param_value_internal":6.993393128311637,"distribution":"{\"name\": \"FloatDistribution\", \"attributes\": {\"step\": null, \"low\": 5.0, \"high\": 8.0, \"log\": false}}"}
{"op_code":5,"worker_id":"1d57d4b9-2efe-4085-8b4d-54f9f495ee39-139982114316288","trial_id":49,"param_name":"CavityCorkThickness","param_value_internal":3.395508063065443,"distribution":"{\"name\": \"FloatDistribution\", \"attributes\": {\"step\": null, \"low\": 2.0, \"high\": 5.0, \"log\": false}}"}
{"op_code":5,"worker_id":"1d57d4b9-2efe-4085-8b4d-54f9f495ee39-139982114316288","trial_id":49,"param_name":"BellowHeight","param_value_internal":7.020995464722487,"distribution":"{\"name\": \"FloatDistribution\", \"attributes\": {\"step\": null, \"low\": 6.0, \"high\": 10.0, \"log\": false}}"}
{"op_code":5,"worker_id":"1d57d4b9-2efe-4085-8b4d-54f9f495ee39-139982114316288","trial_id":49,"param_name":"WallThickness","param_value_internal":3.63338343131934,"distribution":"{\"name\": \"FloatDistribution\", \"attributes\": {\"step\": null, \"low\": 2.0, \"high\": 4.0, \"log\": false}}"}
{"op_code":5,"worker_id":"1d57d4b9-2efe-4085-8b4d-54f9f495ee39-139982114316288","trial_id":49,"param_name":"PlateauHeight","param_value_internal":3.1460455216275958,"distribution":"{\"name\": \"FloatDistribution\", \"attributes\": {\"step\": null, \"low\": 2.0, \"high\": 4.0, \"log\": false}}"}
{"op_code":6,"worker_id":"8ef529fe-e953-4a66-b211-34b627f6af18-139982915063808","trial_id":44,"state":1,"values":[-Infinity,-Infinity,-Infinity],"datetime_complete":"2026-05-28T21:29:45.635192"}
{"op_code":5,"worker_id":"8a75add0-7778-42e4-866d-1286d98c173c-140410062901248","trial_id":47,"param_name":"PlateauHeight","param_value_internal":2.0914357069359397,"distribution":"{\"name\": \"FloatDistribution\", \"attributes\": {\"step\": null, \"low\": 2.0, \"high\": 4.0, \"log\": false}}"}
{"op_code":4,"worker_id":"8ef529fe-e953-4a66-b211-34b627f6af18-139982915063808","study_id":0,"datetime_start":"2026-05-28T21:29:45.647647"}
{"op_code":9,"worker_id":"8ef529fe-e953-4a66-b211-34b627f6af18-139982915063808","trial_id":50,"system_attr":{"nsga2:generation":0}}
{"op_code":5,"worker_id":"8ef529fe-e953-4a66-b211-34b627f6af18-139982915063808","trial_id":50,"param_name":"JointSlopeAngle","param_value_internal":0.4971826600067385,"distribution":"{\"name\": \"FloatDistribution\", \"attributes\": {\"step\": null, \"low\": 0.17453292519943295, \"high\": 1.0471975511965976, \"log\": false}}"}
{"op_code":5,"worker_id":"8ef529fe-e953-4a66-b211-34b627f6af18-139982915063808","trial_id":50,"param_name":"OuterRadius","param_value_internal":11.819670239010229,"distribution":"{\"name\": \"FloatDistribution\", \"attributes\": {\"step\": null, \"low\": 8.75, \"high\": 17.75, \"log\": false}}"}
{"op_code":5,"worker_id":"8ef529fe-e953-4a66-b211-34b627f6af18-139982915063808","trial_id":50,"param_name":"JointHeight","param_value_internal":6.752844906400649,"distribution":"{\"name\": \"FloatDistribution\", \"attributes\": {\"step\": null, \"low\": 5.0, \"high\": 8.0, \"log\": false}}"}
{"op_code":5,"worker_id":"8ef529fe-e953-4a66-b211-34b627f6af18-139982915063808","trial_id":50,"param_name":"CavityCorkThickness","param_value_internal":4.554613221934789,"distribution":"{\"name\": \"FloatDistribution\", \"attributes\": {\"step\": null, \"low\": 2.0, \"high\": 5.0, \"log\": false}}"}
{"op_code":5,"worker_id":"8ef529fe-e953-4a66-b211-34b627f6af18-139982915063808","trial_id":50,"param_name":"BellowHeight","param_value_internal":7.660692112536824,"distribution":"{\"name\": \"FloatDistribution\", \"attributes\": {\"step\": null, \"low\": 6.0, \"high\": 10.0, \"log\": false}}"}
{"op_code":5,"worker_id":"8ef529fe-e953-4a66-b211-34b627f6af18-139982915063808","trial_id":50,"param_name":"WallThickness","param_value_internal":2.7432118692402776,"distribution":"{\"name\": \"FloatDistribution\", \"attributes\": {\"step\": null, \"low\": 2.0, \"high\": 4.0, \"log\": false}}"}
{"op_code":5,"worker_id":"8ef529fe-e953-4a66-b211-34b627f6af18-139982915063808","trial_id":50,"param_name":"PlateauHeight","param_value_internal":3.410592191802534,"distribution":"{\"name\": \"FloatDistribution\", \"attributes\": {\"step\": null, \"low\": 2.0, \"high\": 4.0, \"log\": false}}"}
{"op_code":6,"worker_id":"d6dec318-6198-4b0d-9442-33b13b0b99ff-140273271562240","trial_id":45,"state":1,"values":[-Infinity,-Infinity,-Infinity],"datetime_complete":"2026-05-28T21:29:48.273304"}
{"op_code":4,"worker_id":"d6dec318-6198-4b0d-9442-33b13b0b99ff-140273271562240","study_id":0,"datetime_start":"2026-05-28T21:29:48.291113"}
{"op_code":9,"worker_id":"d6dec318-6198-4b0d-9442-33b13b0b99ff-140273271562240","trial_id":51,"system_attr":{"nsga2:generation":0}}
{"op_code":5,"worker_id":"d6dec318-6198-4b0d-9442-33b13b0b99ff-140273271562240","trial_id":51,"param_name":"JointSlopeAngle","param_value_internal":0.38433540966169877,"distribution":"{\"name\": \"FloatDistribution\", \"attributes\": {\"step\": null, \"low\": 0.17453292519943295, \"high\": 1.0471975511965976, \"log\": false}}"}
{"op_code":5,"worker_id":"d6dec318-6198-4b0d-9442-33b13b0b99ff-140273271562240","trial_id":51,"param_name":"OuterRadius","param_value_internal":16.555755857372944,"distribution":"{\"name\": \"FloatDistribution\", \"attributes\": {\"step\": null, \"low\": 8.75, \"high\": 17.75, \"log\": false}}"}
{"op_code":5,"worker_id":"d6dec318-6198-4b0d-9442-33b13b0b99ff-140273271562240","trial_id":51,"param_name":"JointHeight","param_value_internal":7.7774227168955745,"distribution":"{\"name\": \"FloatDistribution\", \"attributes\": {\"step\": null, \"low\": 5.0, \"high\": 8.0, \"log\": false}}"}
{"op_code":5,"worker_id":"d6dec318-6198-4b0d-9442-33b13b0b99ff-140273271562240","trial_id":51,"param_name":"CavityCorkThickness","param_value_internal":3.12628770195823,"distribution":"{\"name\": \"FloatDistribution\", \"attributes\": {\"step\": null, \"low\": 2.0, \"high\": 5.0, \"log\": false}}"}
{"op_code":6,"worker_id":"aa9c430d-c698-4b2e-a3ac-2e2d6f714747-140088878280704","trial_id":46,"state":1,"values":[-Infinity,-Infinity,-Infinity],"datetime_complete":"2026-05-28T21:29:48.356291"}
{"op_code":5,"worker_id":"d6dec318-6198-4b0d-9442-33b13b0b99ff-140273271562240","trial_id":51,"param_name":"BellowHeight","param_value_internal":8.069449173859805,"distribution":"{\"name\": \"FloatDistribution\", \"attributes\": {\"step\": null, \"low\": 6.0, \"high\": 10.0, \"log\": false}}"}
{"op_code":5,"worker_id":"d6dec318-6198-4b0d-9442-33b13b0b99ff-140273271562240","trial_id":51,"param_name":"WallThickness","param_value_internal":2.2464536715401886,"distribution":"{\"name\": \"FloatDistribution\", \"attributes\": {\"step\": null, \"low\": 2.0, \"high\": 4.0, \"log\": false}}"}
{"op_code":4,"worker_id":"aa9c430d-c698-4b2e-a3ac-2e2d6f714747-140088878280704","study_id":0,"datetime_start":"2026-05-28T21:29:48.378029"}
{"op_code":5,"worker_id":"d6dec318-6198-4b0d-9442-33b13b0b99ff-140273271562240","trial_id":51,"param_name":"PlateauHeight","param_value_internal":3.245215065547368,"distribution":"{\"name\": \"FloatDistribution\", \"attributes\": {\"step\": null, \"low\": 2.0, \"high\": 4.0, \"log\": false}}"}
{"op_code":9,"worker_id":"aa9c430d-c698-4b2e-a3ac-2e2d6f714747-140088878280704","trial_id":52,"system_attr":{"nsga2:generation":0}}
{"op_code":5,"worker_id":"aa9c430d-c698-4b2e-a3ac-2e2d6f714747-140088878280704","trial_id":52,"param_name":"JointSlopeAngle","param_value_internal":0.40311435044476807,"distribution":"{\"name\": \"FloatDistribution\", \"attributes\": {\"step\": null, \"low\": 0.17453292519943295, \"high\": 1.0471975511965976, \"log\": false}}"}
{"op_code":5,"worker_id":"aa9c430d-c698-4b2e-a3ac-2e2d6f714747-140088878280704","trial_id":52,"param_name":"OuterRadius","param_value_internal":15.02012494808961,"distribution":"{\"name\": \"FloatDistribution\", \"attributes\": {\"step\": null, \"low\": 8.75, \"high\": 17.75, \"log\": false}}"}
{"op_code":5,"worker_id":"aa9c430d-c698-4b2e-a3ac-2e2d6f714747-140088878280704","trial_id":52,"param_name":"JointHeight","param_value_internal":6.714520065131782,"distribution":"{\"name\": \"FloatDistribution\", \"attributes\": {\"step\": null, \"low\": 5.0, \"high\": 8.0, \"log\": false}}"}
{"op_code":5,"worker_id":"aa9c430d-c698-4b2e-a3ac-2e2d6f714747-140088878280704","trial_id":52,"param_name":"CavityCorkThickness","param_value_internal":4.093075445395042,"distribution":"{\"name\": \"FloatDistribution\", \"attributes\": {\"step\": null, \"low\": 2.0, \"high\": 5.0, \"log\": false}}"}
{"op_code":5,"worker_id":"aa9c430d-c698-4b2e-a3ac-2e2d6f714747-140088878280704","trial_id":52,"param_name":"BellowHeight","param_value_internal":9.842954776853334,"distribution":"{\"name\": \"FloatDistribution\", \"attributes\": {\"step\": null, \"low\": 6.0, \"high\": 10.0, \"log\": false}}"}
{"op_code":5,"worker_id":"aa9c430d-c698-4b2e-a3ac-2e2d6f714747-140088878280704","trial_id":52,"param_name":"WallThickness","param_value_internal":3.518558232316157,"distribution":"{\"name\": \"FloatDistribution\", \"attributes\": {\"step\": null, \"low\": 2.0, \"high\": 4.0, \"log\": false}}"}
{"op_code":5,"worker_id":"aa9c430d-c698-4b2e-a3ac-2e2d6f714747-140088878280704","trial_id":52,"param_name":"PlateauHeight","param_value_internal":2.4342847268591856,"distribution":"{\"name\": \"FloatDistribution\", \"attributes\": {\"step\": null, \"low\": 2.0, \"high\": 4.0, \"log\": false}}"}
{"op_code":6,"worker_id":"9992359c-2947-4fa8-8b68-9e198020834d-140317543788544","trial_id":48,"state":1,"values":[-Infinity,-Infinity,-Infinity],"datetime_complete":"2026-05-28T21:29:55.804312"}
{"op_code":4,"worker_id":"9992359c-2947-4fa8-8b68-9e198020834d-140317543788544","study_id":0,"datetime_start":"2026-05-28T21:29:55.817628"}
{"op_code":9,"worker_id":"9992359c-2947-4fa8-8b68-9e198020834d-140317543788544","trial_id":53,"system_attr":{"nsga2:generation":0}}
{"op_code":5,"worker_id":"9992359c-2947-4fa8-8b68-9e198020834d-140317543788544","trial_id":53,"param_name":"JointSlopeAngle","param_value_internal":0.7796712773766568,"distribution":"{\"name\": \"FloatDistribution\", \"attributes\": {\"step\": null, \"low\": 0.17453292519943295, \"high\": 1.0471975511965976, \"log\": false}}"}
{"op_code":5,"worker_id":"9992359c-2947-4fa8-8b68-9e198020834d-140317543788544","trial_id":53,"param_name":"OuterRadius","param_value_internal":14.187494759878295,"distribution":"{\"name\": \"FloatDistribution\", \"attributes\": {\"step\": null, \"low\": 8.75, \"high\": 17.75, \"log\": false}}"}
{"op_code":5,"worker_id":"9992359c-2947-4fa8-8b68-9e198020834d-140317543788544","trial_id":53,"param_name":"JointHeight","param_value_internal":6.260966637155939,"distribution":"{\"name\": \"FloatDistribution\", \"attributes\": {\"step\": null, \"low\": 5.0, \"high\": 8.0, \"log\": false}}"}
{"op_code":5,"worker_id":"9992359c-2947-4fa8-8b68-9e198020834d-140317543788544","trial_id":53,"param_name":"CavityCorkThickness","param_value_internal":3.5942087070341024,"distribution":"{\"name\": \"FloatDistribution\", \"attributes\": {\"step\": null, \"low\": 2.0, \"high\": 5.0, \"log\": false}}"}
{"op_code":5,"worker_id":"9992359c-2947-4fa8-8b68-9e198020834d-140317543788544","trial_id":53,"param_name":"BellowHeight","param_value_internal":6.307397684828864,"distribution":"{\"name\": \"FloatDistribution\", \"attributes\": {\"step\": null, \"low\": 6.0, \"high\": 10.0, \"log\": false}}"}
{"op_code":5,"worker_id":"9992359c-2947-4fa8-8b68-9e198020834d-140317543788544","trial_id":53,"param_name":"WallThickness","param_value_internal":3.0487836880222368,"distribution":"{\"name\": \"FloatDistribution\", \"attributes\": {\"step\": null, \"low\": 2.0, \"high\": 4.0, \"log\": false}}"}
{"op_code":5,"worker_id":"9992359c-2947-4fa8-8b68-9e198020834d-140317543788544","trial_id":53,"param_name":"PlateauHeight","param_value_internal":3.1087982306869772,"distribution":"{\"name\": \"FloatDistribution\", \"attributes\": {\"step\": null, \"low\": 2.0, \"high\": 4.0, \"log\": false}}"}
{"op_code":6,"worker_id":"d6dec318-6198-4b0d-9442-33b13b0b99ff-140273271562240","trial_id":51,"state":1,"values":[-Infinity,-Infinity,-Infinity],"datetime_complete":"2026-05-28T21:29:58.682114"}
{"op_code":4,"worker_id":"d6dec318-6198-4b0d-9442-33b13b0b99ff-140273271562240","study_id":0,"datetime_start":"2026-05-28T21:29:58.699828"}
{"op_code":9,"worker_id":"d6dec318-6198-4b0d-9442-33b13b0b99ff-140273271562240","trial_id":54,"system_attr":{"nsga2:generation":0}}
{"op_code":5,"worker_id":"d6dec318-6198-4b0d-9442-33b13b0b99ff-140273271562240","trial_id":54,"param_name":"JointSlopeAngle","param_value_internal":0.7521717327778662,"distribution":"{\"name\": \"FloatDistribution\", \"attributes\": {\"step\": null, \"low\": 0.17453292519943295, \"high\": 1.0471975511965976, \"log\": false}}"}
{"op_code":5,"worker_id":"d6dec318-6198-4b0d-9442-33b13b0b99ff-140273271562240","trial_id":54,"param_name":"OuterRadius","param_value_internal":14.279751251704464,"distribution":"{\"name\": \"FloatDistribution\", \"attributes\": {\"step\": null, \"low\": 8.75, \"high\": 17.75, \"log\": false}}"}
{"op_code":5,"worker_id":"d6dec318-6198-4b0d-9442-33b13b0b99ff-140273271562240","trial_id":54,"param_name":"JointHeight","param_value_internal":6.032411560086247,"distribution":"{\"name\": \"FloatDistribution\", \"attributes\": {\"step\": null, \"low\": 5.0, \"high\": 8.0, \"log\": false}}"}
{"op_code":5,"worker_id":"d6dec318-6198-4b0d-9442-33b13b0b99ff-140273271562240","trial_id":54,"param_name":"CavityCorkThickness","param_value_internal":3.005272092598988,"distribution":"{\"name\": \"FloatDistribution\", \"attributes\": {\"step\": null, \"low\": 2.0, \"high\": 5.0, \"log\": false}}"}
{"op_code":5,"worker_id":"d6dec318-6198-4b0d-9442-33b13b0b99ff-140273271562240","trial_id":54,"param_name":"BellowHeight","param_value_internal":9.978135083868036,"distribution":"{\"name\": \"FloatDistribution\", \"attributes\": {\"step\": null, \"low\": 6.0, \"high\": 10.0, \"log\": false}}"}
{"op_code":6,"worker_id":"aa9c430d-c698-4b2e-a3ac-2e2d6f714747-140088878280704","trial_id":52,"state":1,"values":[-Infinity,-Infinity,-Infinity],"datetime_complete":"2026-05-28T21:29:58.760690"}
{"op_code":5,"worker_id":"d6dec318-6198-4b0d-9442-33b13b0b99ff-140273271562240","trial_id":54,"param_name":"WallThickness","param_value_internal":3.4556339923919657,"distribution":"{\"name\": \"FloatDistribution\", \"attributes\": {\"step\": null, \"low\": 2.0, \"high\": 4.0, \"log\": false}}"}
{"op_code":5,"worker_id":"d6dec318-6198-4b0d-9442-33b13b0b99ff-140273271562240","trial_id":54,"param_name":"PlateauHeight","param_value_internal":3.4751355046059,"distribution":"{\"name\": \"FloatDistribution\", \"attributes\": {\"step\": null, \"low\": 2.0, \"high\": 4.0, \"log\": false}}"}
{"op_code":4,"worker_id":"aa9c430d-c698-4b2e-a3ac-2e2d6f714747-140088878280704","study_id":0,"datetime_start":"2026-05-28T21:29:58.784895"}
{"op_code":9,"worker_id":"aa9c430d-c698-4b2e-a3ac-2e2d6f714747-140088878280704","trial_id":55,"system_attr":{"nsga2:generation":0}}
{"op_code":5,"worker_id":"aa9c430d-c698-4b2e-a3ac-2e2d6f714747-140088878280704","trial_id":55,"param_name":"JointSlopeAngle","param_value_internal":0.18829277915508727,"distribution":"{\"name\": \"FloatDistribution\", \"attributes\": {\"step\": null, \"low\": 0.17453292519943295, \"high\": 1.0471975511965976, \"log\": false}}"}
{"op_code":5,"worker_id":"aa9c430d-c698-4b2e-a3ac-2e2d6f714747-140088878280704","trial_id":55,"param_name":"OuterRadius","param_value_internal":13.958034526731822,"distribution":"{\"name\": \"FloatDistribution\", \"attributes\": {\"step\": null, \"low\": 8.75, \"high\": 17.75, \"log\": false}}"}
{"op_code":5,"worker_id":"aa9c430d-c698-4b2e-a3ac-2e2d6f714747-140088878280704","trial_id":55,"param_name":"JointHeight","param_value_internal":6.010263044097616,"distribution":"{\"name\": \"FloatDistribution\", \"attributes\": {\"step\": null, \"low\": 5.0, \"high\": 8.0, \"log\": false}}"}
{"op_code":5,"worker_id":"aa9c430d-c698-4b2e-a3ac-2e2d6f714747-140088878280704","trial_id":55,"param_name":"CavityCorkThickness","param_value_internal":2.454973263294287,"distribution":"{\"name\": \"FloatDistribution\", \"attributes\": {\"step\": null, \"low\": 2.0, \"high\": 5.0, \"log\": false}}"}
{"op_code":5,"worker_id":"aa9c430d-c698-4b2e-a3ac-2e2d6f714747-140088878280704","trial_id":55,"param_name":"BellowHeight","param_value_internal":6.5951963804731175,"distribution":"{\"name\": \"FloatDistribution\", \"attributes\": {\"step\": null, \"low\": 6.0, \"high\": 10.0, \"log\": false}}"}
{"op_code":5,"worker_id":"aa9c430d-c698-4b2e-a3ac-2e2d6f714747-140088878280704","trial_id":55,"param_name":"WallThickness","param_value_internal":2.7116564522958058,"distribution":"{\"name\": \"FloatDistribution\", \"attributes\": {\"step\": null, \"low\": 2.0, \"high\": 4.0, \"log\": false}}"}
{"op_code":5,"worker_id":"aa9c430d-c698-4b2e-a3ac-2e2d6f714747-140088878280704","trial_id":55,"param_name":"PlateauHeight","param_value_internal":3.8622489224438157,"distribution":"{\"name\": \"FloatDistribution\", \"attributes\": {\"step\": null, \"low\": 2.0, \"high\": 4.0, \"log\": false}}"}
{"op_code":6,"worker_id":"d6dec318-6198-4b0d-9442-33b13b0b99ff-140273271562240","trial_id":54,"state":1,"values":[-Infinity,-Infinity,-Infinity],"datetime_complete":"2026-05-28T21:30:09.066691"}
{"op_code":4,"worker_id":"d6dec318-6198-4b0d-9442-33b13b0b99ff-140273271562240","study_id":0,"datetime_start":"2026-05-28T21:30:09.083827"}
{"op_code":9,"worker_id":"d6dec318-6198-4b0d-9442-33b13b0b99ff-140273271562240","trial_id":56,"system_attr":{"nsga2:generation":0}}
{"op_code":5,"worker_id":"d6dec318-6198-4b0d-9442-33b13b0b99ff-140273271562240","trial_id":56,"param_name":"JointSlopeAngle","param_value_internal":0.829634327251552,"distribution":"{\"name\": \"FloatDistribution\", \"attributes\": {\"step\": null, \"low\": 0.17453292519943295, \"high\": 1.0471975511965976, \"log\": false}}"}
{"op_code":5,"worker_id":"d6dec318-6198-4b0d-9442-33b13b0b99ff-140273271562240","trial_id":56,"param_name":"OuterRadius","param_value_internal":10.88694454515912,"distribution":"{\"name\": \"FloatDistribution\", \"attributes\": {\"step\": null, \"low\": 8.75, \"high\": 17.75, \"log\": false}}"}
{"op_code":5,"worker_id":"d6dec318-6198-4b0d-9442-33b13b0b99ff-140273271562240","trial_id":56,"param_name":"JointHeight","param_value_internal":7.080947702683477,"distribution":"{\"name\": \"FloatDistribution\", \"attributes\": {\"step\": null, \"low\": 5.0, \"high\": 8.0, \"log\": false}}"}
{"op_code":5,"worker_id":"d6dec318-6198-4b0d-9442-33b13b0b99ff-140273271562240","trial_id":56,"param_name":"CavityCorkThickness","param_value_internal":4.683372293299167,"distribution":"{\"name\": \"FloatDistribution\", \"attributes\": {\"step\": null, \"low\": 2.0, \"high\": 5.0, \"log\": false}}"}
{"op_code":6,"worker_id":"aa9c430d-c698-4b2e-a3ac-2e2d6f714747-140088878280704","trial_id":55,"state":1,"values":[-Infinity,-Infinity,-Infinity],"datetime_complete":"2026-05-28T21:30:09.136694"}
{"op_code":5,"worker_id":"d6dec318-6198-4b0d-9442-33b13b0b99ff-140273271562240","trial_id":56,"param_name":"BellowHeight","param_value_internal":6.842981852582764,"distribution":"{\"name\": \"FloatDistribution\", \"attributes\": {\"step\": null, \"low\": 6.0, \"high\": 10.0, \"log\": false}}"}
{"op_code":5,"worker_id":"d6dec318-6198-4b0d-9442-33b13b0b99ff-140273271562240","trial_id":56,"param_name":"WallThickness","param_value_internal":2.120492221253444,"distribution":"{\"name\": \"FloatDistribution\", \"attributes\": {\"step\": null, \"low\": 2.0, \"high\": 4.0, \"log\": false}}"}
{"op_code":4,"worker_id":"aa9c430d-c698-4b2e-a3ac-2e2d6f714747-140088878280704","study_id":0,"datetime_start":"2026-05-28T21:30:09.159719"}
{"op_code":5,"worker_id":"d6dec318-6198-4b0d-9442-33b13b0b99ff-140273271562240","trial_id":56,"param_name":"PlateauHeight","param_value_internal":3.344306370950229,"distribution":"{\"name\": \"FloatDistribution\", \"attributes\": {\"step\": null, \"low\": 2.0, \"high\": 4.0, \"log\": false}}"}
{"op_code":9,"worker_id":"aa9c430d-c698-4b2e-a3ac-2e2d6f714747-140088878280704","trial_id":57,"system_attr":{"nsga2:generation":0}}
{"op_code":5,"worker_id":"aa9c430d-c698-4b2e-a3ac-2e2d6f714747-140088878280704","trial_id":57,"param_name":"JointSlopeAngle","param_value_internal":0.25839365884978394,"distribution":"{\"name\": \"FloatDistribution\", \"attributes\": {\"step\": null, \"low\": 0.17453292519943295, \"high\": 1.0471975511965976, \"log\": false}}"}
{"op_code":5,"worker_id":"aa9c430d-c698-4b2e-a3ac-2e2d6f714747-140088878280704","trial_id":57,"param_name":"OuterRadius","param_value_internal":13.857272434039801,"distribution":"{\"name\": \"FloatDistribution\", \"attributes\": {\"step\": null, \"low\": 8.75, \"high\": 17.75, \"log\": false}}"}
{"op_code":5,"worker_id":"aa9c430d-c698-4b2e-a3ac-2e2d6f714747-140088878280704","trial_id":57,"param_name":"JointHeight","param_value_internal":5.745610697319891,"distribution":"{\"name\": \"FloatDistribution\", \"attributes\": {\"step\": null, \"low\": 5.0, \"high\": 8.0, \"log\": false}}"}
{"op_code":5,"worker_id":"aa9c430d-c698-4b2e-a3ac-2e2d6f714747-140088878280704","trial_id":57,"param_name":"CavityCorkThickness","param_value_internal":2.923980763231819,"distribution":"{\"name\": \"FloatDistribution\", \"attributes\": {\"step\": null, \"low\": 2.0, \"high\": 5.0, \"log\": false}}"}
{"op_code":5,"worker_id":"aa9c430d-c698-4b2e-a3ac-2e2d6f714747-140088878280704","trial_id":57,"param_name":"BellowHeight","param_value_internal":9.31237061032399,"distribution":"{\"name\": \"FloatDistribution\", \"attributes\": {\"step\": null, \"low\": 6.0, \"high\": 10.0, \"log\": false}}"}
{"op_code":5,"worker_id":"aa9c430d-c698-4b2e-a3ac-2e2d6f714747-140088878280704","trial_id":57,"param_name":"WallThickness","param_value_internal":2.609171759904442,"distribution":"{\"name\": \"FloatDistribution\", \"attributes\": {\"step\": null, \"low\": 2.0, \"high\": 4.0, \"log\": false}}"}
{"op_code":5,"worker_id":"aa9c430d-c698-4b2e-a3ac-2e2d6f714747-140088878280704","trial_id":57,"param_name":"PlateauHeight","param_value_internal":2.800863072194008,"distribution":"{\"name\": \"FloatDistribution\", \"attributes\": {\"step\": null, \"low\": 2.0, \"high\": 4.0, \"log\": false}}"}
{"op_code":6,"worker_id":"21d0d68d-aeb8-4e5b-8332-dd5737dc2961-140193223114752","trial_id":40,"state":1,"values":[56.52756169719237,0.04441239337730369,0.3673640450070832],"datetime_complete":"2026-05-28T21:30:16.748048"}
{"op_code":4,"worker_id":"21d0d68d-aeb8-4e5b-8332-dd5737dc2961-140193223114752","study_id":0,"datetime_start":"2026-05-28T21:30:16.761605"}
{"op_code":9,"worker_id":"21d0d68d-aeb8-4e5b-8332-dd5737dc2961-140193223114752","trial_id":58,"system_attr":{"nsga2:generation":1}}
{"op_code":5,"worker_id":"21d0d68d-aeb8-4e5b-8332-dd5737dc2961-140193223114752","trial_id":58,"param_name":"JointSlopeAngle","param_value_internal":0.2732137739850163,"distribution":"{\"name\": \"FloatDistribution\", \"attributes\": {\"step\": null, \"low\": 0.17453292519943295, \"high\": 1.0471975511965976, \"log\": false}}"}
{"op_code":5,"worker_id":"21d0d68d-aeb8-4e5b-8332-dd5737dc2961-140193223114752","trial_id":58,"param_name":"OuterRadius","param_value_internal":9.597407009556182,"distribution":"{\"name\": \"FloatDistribution\", \"attributes\": {\"step\": null, \"low\": 8.75, \"high\": 17.75, \"log\": false}}"}
{"op_code":5,"worker_id":"21d0d68d-aeb8-4e5b-8332-dd5737dc2961-140193223114752","trial_id":58,"param_name":"JointHeight","param_value_internal":7.479232295155116,"distribution":"{\"name\": \"FloatDistribution\", \"attributes\": {\"step\": null, \"low\": 5.0, \"high\": 8.0, \"log\": false}}"}
{"op_code":5,"worker_id":"21d0d68d-aeb8-4e5b-8332-dd5737dc2961-140193223114752","trial_id":58,"param_name":"CavityCorkThickness","param_value_internal":4.912955710956253,"distribution":"{\"name\": \"FloatDistribution\", \"attributes\": {\"step\": null, \"low\": 2.0, \"high\": 5.0, \"log\": false}}"}
{"op_code":5,"worker_id":"21d0d68d-aeb8-4e5b-8332-dd5737dc2961-140193223114752","trial_id":58,"param_name":"BellowHeight","param_value_internal":8.424653832331245,"distribution":"{\"name\": \"FloatDistribution\", \"attributes\": {\"step\": null, \"low\": 6.0, \"high\": 10.0, \"log\": false}}"}
{"op_code":5,"worker_id":"21d0d68d-aeb8-4e5b-8332-dd5737dc2961-140193223114752","trial_id":58,"param_name":"WallThickness","param_value_internal":3.196246969535783,"distribution":"{\"name\": \"FloatDistribution\", \"attributes\": {\"step\": null, \"low\": 2.0, \"high\": 4.0, \"log\": false}}"}
{"op_code":5,"worker_id":"21d0d68d-aeb8-4e5b-8332-dd5737dc2961-140193223114752","trial_id":58,"param_name":"PlateauHeight","param_value_internal":3.82493513180256,"distribution":"{\"name\": \"FloatDistribution\", \"attributes\": {\"step\": null, \"low\": 2.0, \"high\": 4.0, \"log\": false}}"}
{"op_code":6,"worker_id":"d6dec318-6198-4b0d-9442-33b13b0b99ff-140273271562240","trial_id":56,"state":1,"values":[-Infinity,-Infinity,-Infinity],"datetime_complete":"2026-05-28T21:30:19.432738"}
{"op_code":4,"worker_id":"d6dec318-6198-4b0d-9442-33b13b0b99ff-140273271562240","study_id":0,"datetime_start":"2026-05-28T21:30:19.450419"}
{"op_code":9,"worker_id":"d6dec318-6198-4b0d-9442-33b13b0b99ff-140273271562240","trial_id":59,"system_attr":{"nsga2:generation":1}}
{"op_code":5,"worker_id":"d6dec318-6198-4b0d-9442-33b13b0b99ff-140273271562240","trial_id":59,"param_name":"JointSlopeAngle","param_value_internal":0.8530175716568212,"distribution":"{\"name\": \"FloatDistribution\", \"attributes\": {\"step\": null, \"low\": 0.17453292519943295, \"high\": 1.0471975511965976, \"log\": false}}"}
{"op_code":5,"worker_id":"d6dec318-6198-4b0d-9442-33b13b0b99ff-140273271562240","trial_id":59,"param_name":"OuterRadius","param_value_internal":9.94952073879575,"distribution":"{\"name\": \"FloatDistribution\", \"attributes\": {\"step\": null, \"low\": 8.75, \"high\": 17.75, \"log\": false}}"}
{"op_code":6,"worker_id":"aa9c430d-c698-4b2e-a3ac-2e2d6f714747-140088878280704","trial_id":57,"state":1,"values":[-Infinity,-Infinity,-Infinity],"datetime_complete":"2026-05-28T21:30:19.505123"}
{"op_code":5,"worker_id":"d6dec318-6198-4b0d-9442-33b13b0b99ff-140273271562240","trial_id":59,"param_name":"JointHeight","param_value_internal":7.479232295155116,"distribution":"{\"name\": \"FloatDistribution\", \"attributes\": {\"step\": null, \"low\": 5.0, \"high\": 8.0, \"log\": false}}"}
{"op_code":5,"worker_id":"d6dec318-6198-4b0d-9442-33b13b0b99ff-140273271562240","trial_id":59,"param_name":"CavityCorkThickness","param_value_internal":3.1556756751101847,"distribution":"{\"name\": \"FloatDistribution\", \"attributes\": {\"step\": null, \"low\": 2.0, \"high\": 5.0, \"log\": false}}"}
{"op_code":4,"worker_id":"aa9c430d-c698-4b2e-a3ac-2e2d6f714747-140088878280704","study_id":0,"datetime_start":"2026-05-28T21:30:19.530043"}
{"op_code":5,"worker_id":"d6dec318-6198-4b0d-9442-33b13b0b99ff-140273271562240","trial_id":59,"param_name":"BellowHeight","param_value_internal":9.367228807475758,"distribution":"{\"name\": \"FloatDistribution\", \"attributes\": {\"step\": null, \"low\": 6.0, \"high\": 10.0, \"log\": false}}"}
{"op_code":5,"worker_id":"d6dec318-6198-4b0d-9442-33b13b0b99ff-140273271562240","trial_id":59,"param_name":"WallThickness","param_value_internal":3.750105430222216,"distribution":"{\"name\": \"FloatDistribution\", \"attributes\": {\"step\": null, \"low\": 2.0, \"high\": 4.0, \"log\": false}}"}
{"op_code":5,"worker_id":"d6dec318-6198-4b0d-9442-33b13b0b99ff-140273271562240","trial_id":59,"param_name":"PlateauHeight","param_value_internal":3.82493513180256,"distribution":"{\"name\": \"FloatDistribution\", \"attributes\": {\"step\": null, \"low\": 2.0, \"high\": 4.0, \"log\": false}}"}
{"op_code":9,"worker_id":"aa9c430d-c698-4b2e-a3ac-2e2d6f714747-140088878280704","trial_id":60,"system_attr":{"nsga2:generation":1}}
{"op_code":5,"worker_id":"aa9c430d-c698-4b2e-a3ac-2e2d6f714747-140088878280704","trial_id":60,"param_name":"JointSlopeAngle","param_value_internal":0.6660610753585449,"distribution":"{\"name\": \"FloatDistribution\", \"attributes\": {\"step\": null, \"low\": 0.17453292519943295, \"high\": 1.0471975511965976, \"log\": false}}"}
{"op_code":5,"worker_id":"aa9c430d-c698-4b2e-a3ac-2e2d6f714747-140088878280704","trial_id":60,"param_name":"OuterRadius","param_value_internal":15.159466268426062,"distribution":"{\"name\": \"FloatDistribution\", \"attributes\": {\"step\": null, \"low\": 8.75, \"high\": 17.75, \"log\": false}}"}
{"op_code":5,"worker_id":"aa9c430d-c698-4b2e-a3ac-2e2d6f714747-140088878280704","trial_id":60,"param_name":"JointHeight","param_value_internal":7.276982717225047,"distribution":"{\"name\": \"FloatDistribution\", \"attributes\": {\"step\": null, \"low\": 5.0, \"high\": 8.0, \"log\": false}}"}
{"op_code":5,"worker_id":"aa9c430d-c698-4b2e-a3ac-2e2d6f714747-140088878280704","trial_id":60,"param_name":"CavityCorkThickness","param_value_internal":4.169409939865764,"distribution":"{\"name\": \"FloatDistribution\", \"attributes\": {\"step\": null, \"low\": 2.0, \"high\": 5.0, \"log\": false}}"}
{"op_code":5,"worker_id":"aa9c430d-c698-4b2e-a3ac-2e2d6f714747-140088878280704","trial_id":60,"param_name":"BellowHeight","param_value_internal":6.5346051775188325,"distribution":"{\"name\": \"FloatDistribution\", \"attributes\": {\"step\": null, \"low\": 6.0, \"high\": 10.0, \"log\": false}}"}
{"op_code":5,"worker_id":"aa9c430d-c698-4b2e-a3ac-2e2d6f714747-140088878280704","trial_id":60,"param_name":"WallThickness","param_value_internal":3.0795474240095526,"distribution":"{\"name\": \"FloatDistribution\", \"attributes\": {\"step\": null, \"low\": 2.0, \"high\": 4.0, \"log\": false}}"}
{"op_code":5,"worker_id":"aa9c430d-c698-4b2e-a3ac-2e2d6f714747-140088878280704","trial_id":60,"param_name":"PlateauHeight","param_value_internal":2.8317365678295614,"distribution":"{\"name\": \"FloatDistribution\", \"attributes\": {\"step\": null, \"low\": 2.0, \"high\": 4.0, \"log\": false}}"}
{"op_code":6,"worker_id":"8ef529fe-e953-4a66-b211-34b627f6af18-139982915063808","trial_id":50,"state":1,"values":[35.655552207877065,0.14374940041926934,0.4315248784225497],"datetime_complete":"2026-05-28T21:30:26.225447"}
{"op_code":4,"worker_id":"8ef529fe-e953-4a66-b211-34b627f6af18-139982915063808","study_id":0,"datetime_start":"2026-05-28T21:30:26.238454"}
{"op_code":9,"worker_id":"8ef529fe-e953-4a66-b211-34b627f6af18-139982915063808","trial_id":61,"system_attr":{"nsga2:generation":1}}
{"op_code":5,"worker_id":"8ef529fe-e953-4a66-b211-34b627f6af18-139982915063808","trial_id":61,"param_name":"JointSlopeAngle","param_value_internal":0.27015346157335896,"distribution":"{\"name\": \"FloatDistribution\", \"attributes\": {\"step\": null, \"low\": 0.17453292519943295, \"high\": 1.0471975511965976, \"log\": false}}"}
{"op_code":5,"worker_id":"8ef529fe-e953-4a66-b211-34b627f6af18-139982915063808","trial_id":61,"param_name":"OuterRadius","param_value_internal":9.597407009556182,"distribution":"{\"name\": \"FloatDistribution\", \"attributes\": {\"step\": null, \"low\": 8.75, \"high\": 17.75, \"log\": false}}"}
{"op_code":5,"worker_id":"8ef529fe-e953-4a66-b211-34b627f6af18-139982915063808","trial_id":61,"param_name":"JointHeight","param_value_internal":7.479232295155116,"distribution":"{\"name\": \"FloatDistribution\", \"attributes\": {\"step\": null, \"low\": 5.0, \"high\": 8.0, \"log\": false}}"}
{"op_code":5,"worker_id":"8ef529fe-e953-4a66-b211-34b627f6af18-139982915063808","trial_id":61,"param_name":"CavityCorkThickness","param_value_internal":3.104415015997992,"distribution":"{\"name\": \"FloatDistribution\", \"attributes\": {\"step\": null, \"low\": 2.0, \"high\": 5.0, \"log\": false}}"}
{"op_code":5,"worker_id":"8ef529fe-e953-4a66-b211-34b627f6af18-139982915063808","trial_id":61,"param_name":"BellowHeight","param_value_internal":8.424653832331245,"distribution":"{\"name\": \"FloatDistribution\", \"attributes\": {\"step\": null, \"low\": 6.0, \"high\": 10.0, \"log\": false}}"}
{"op_code":5,"worker_id":"8ef529fe-e953-4a66-b211-34b627f6af18-139982915063808","trial_id":61,"param_name":"WallThickness","param_value_internal":3.750105430222216,"distribution":"{\"name\": \"FloatDistribution\", \"attributes\": {\"step\": null, \"low\": 2.0, \"high\": 4.0, \"log\": false}}"}
{"op_code":5,"worker_id":"8ef529fe-e953-4a66-b211-34b627f6af18-139982915063808","trial_id":61,"param_name":"PlateauHeight","param_value_internal":2.7911984234554836,"distribution":"{\"name\": \"FloatDistribution\", \"attributes\": {\"step\": null, \"low\": 2.0, \"high\": 4.0, \"log\": false}}"}
{"op_code":6,"worker_id":"1d57d4b9-2efe-4085-8b4d-54f9f495ee39-139982114316288","trial_id":49,"state":1,"values":[40.92611670562951,0.06872123272402202,0.376814658489798],"datetime_complete":"2026-05-28T21:30:26.963153"}
{"op_code":4,"worker_id":"1d57d4b9-2efe-4085-8b4d-54f9f495ee39-139982114316288","study_id":0,"datetime_start":"2026-05-28T21:30:26.975784"}
{"op_code":9,"worker_id":"1d57d4b9-2efe-4085-8b4d-54f9f495ee39-139982114316288","trial_id":62,"system_attr":{"nsga2:generation":1}}
{"op_code":5,"worker_id":"1d57d4b9-2efe-4085-8b4d-54f9f495ee39-139982114316288","trial_id":62,"param_name":"JointSlopeAngle","param_value_internal":0.9342134413879534,"distribution":"{\"name\": \"FloatDistribution\", \"attributes\": {\"step\": null, \"low\": 0.17453292519943295, \"high\": 1.0471975511965976, \"log\": false}}"}
{"op_code":5,"worker_id":"1d57d4b9-2efe-4085-8b4d-54f9f495ee39-139982114316288","trial_id":62,"param_name":"OuterRadius","param_value_internal":11.168758085308516,"distribution":"{\"name\": \"FloatDistribution\", \"attributes\": {\"step\": null, \"low\": 8.75, \"high\": 17.75, \"log\": false}}"}
{"op_code":5,"worker_id":"1d57d4b9-2efe-4085-8b4d-54f9f495ee39-139982114316288","trial_id":62,"param_name":"JointHeight","param_value_internal":6.577801974262155,"distribution":"{\"name\": \"FloatDistribution\", \"attributes\": {\"step\": null, \"low\": 5.0, \"high\": 8.0, \"log\": false}}"}
{"op_code":5,"worker_id":"1d57d4b9-2efe-4085-8b4d-54f9f495ee39-139982114316288","trial_id":62,"param_name":"CavityCorkThickness","param_value_internal":4.4554189335892165,"distribution":"{\"name\": \"FloatDistribution\", \"attributes\": {\"step\": null, \"low\": 2.0, \"high\": 5.0, \"log\": false}}"}
{"op_code":5,"worker_id":"1d57d4b9-2efe-4085-8b4d-54f9f495ee39-139982114316288","trial_id":62,"param_name":"BellowHeight","param_value_internal":6.745910664595325,"distribution":"{\"name\": \"FloatDistribution\", \"attributes\": {\"step\": null, \"low\": 6.0, \"high\": 10.0, \"log\": false}}"}
{"op_code":5,"worker_id":"1d57d4b9-2efe-4085-8b4d-54f9f495ee39-139982114316288","trial_id":62,"param_name":"WallThickness","param_value_internal":2.248916559327598,"distribution":"{\"name\": \"FloatDistribution\", \"attributes\": {\"step\": null, \"low\": 2.0, \"high\": 4.0, \"log\": false}}"}
{"op_code":5,"worker_id":"1d57d4b9-2efe-4085-8b4d-54f9f495ee39-139982114316288","trial_id":62,"param_name":"PlateauHeight","param_value_internal":2.9000029750075758,"distribution":"{\"name\": \"FloatDistribution\", \"attributes\": {\"step\": null, \"low\": 2.0, \"high\": 4.0, \"log\": false}}"}
{"op_code":6,"worker_id":"8a75add0-7778-42e4-866d-1286d98c173c-140410062901248","trial_id":47,"state":1,"values":[42.17422834127376,0.05842715607921856,0.37211647590062624],"datetime_complete":"2026-05-28T21:30:27.059818"}
{"op_code":4,"worker_id":"8a75add0-7778-42e4-866d-1286d98c173c-140410062901248","study_id":0,"datetime_start":"2026-05-28T21:30:27.072608"}
{"op_code":9,"worker_id":"8a75add0-7778-42e4-866d-1286d98c173c-140410062901248","trial_id":63,"system_attr":{"nsga2:generation":1}}
{"op_code":5,"worker_id":"8a75add0-7778-42e4-866d-1286d98c173c-140410062901248","trial_id":63,"param_name":"JointSlopeAngle","param_value_internal":0.6971225490961811,"distribution":"{\"name\": \"FloatDistribution\", \"attributes\": {\"step\": null, \"low\": 0.17453292519943295, \"high\": 1.0471975511965976, \"log\": false}}"}
{"op_code":5,"worker_id":"8a75add0-7778-42e4-866d-1286d98c173c-140410062901248","trial_id":63,"param_name":"OuterRadius","param_value_internal":14.556558332707098,"distribution":"{\"name\": \"FloatDistribution\", \"attributes\": {\"step\": null, \"low\": 8.75, \"high\": 17.75, \"log\": false}}"}
{"op_code":5,"worker_id":"8a75add0-7778-42e4-866d-1286d98c173c-140410062901248","trial_id":63,"param_name":"JointHeight","param_value_internal":7.828559093918221,"distribution":"{\"name\": \"FloatDistribution\", \"attributes\": {\"step\": null, \"low\": 5.0, \"high\": 8.0, \"log\": false}}"}
{"op_code":5,"worker_id":"8a75add0-7778-42e4-866d-1286d98c173c-140410062901248","trial_id":63,"param_name":"CavityCorkThickness","param_value_internal":3.216753339045557,"distribution":"{\"name\": \"FloatDistribution\", \"attributes\": {\"step\": null, \"low\": 2.0, \"high\": 5.0, \"log\": false}}"}
{"op_code":5,"worker_id":"8a75add0-7778-42e4-866d-1286d98c173c-140410062901248","trial_id":63,"param_name":"BellowHeight","param_value_internal":7.221434234090408,"distribution":"{\"name\": \"FloatDistribution\", \"attributes\": {\"step\": null, \"low\": 6.0, \"high\": 10.0, \"log\": false}}"}
{"op_code":5,"worker_id":"8a75add0-7778-42e4-866d-1286d98c173c-140410062901248","trial_id":63,"param_name":"WallThickness","param_value_internal":2.462822096233915,"distribution":"{\"name\": \"FloatDistribution\", \"attributes\": {\"step\": null, \"low\": 2.0, \"high\": 4.0, \"log\": false}}"}
{"op_code":5,"worker_id":"8a75add0-7778-42e4-866d-1286d98c173c-140410062901248","trial_id":63,"param_name":"PlateauHeight","param_value_internal":2.6190336538111945,"distribution":"{\"name\": \"FloatDistribution\", \"attributes\": {\"step\": null, \"low\": 2.0, \"high\": 4.0, \"log\": false}}"}
{"op_code":6,"worker_id":"9992359c-2947-4fa8-8b68-9e198020834d-140317543788544","trial_id":53,"state":1,"values":[44.71274154864301,0.08983737713796501,0.40089164854243536],"datetime_complete":"2026-05-28T21:30:35.171867"}
{"op_code":4,"worker_id":"9992359c-2947-4fa8-8b68-9e198020834d-140317543788544","study_id":0,"datetime_start":"2026-05-28T21:30:35.185090"}
{"op_code":9,"worker_id":"9992359c-2947-4fa8-8b68-9e198020834d-140317543788544","trial_id":64,"system_attr":{"nsga2:generation":1}}
{"op_code":5,"worker_id":"9992359c-2947-4fa8-8b68-9e198020834d-140317543788544","trial_id":64,"param_name":"JointSlopeAngle","param_value_internal":0.9526723830921773,"distribution":"{\"name\": \"FloatDistribution\", \"attributes\": {\"step\": null, \"low\": 0.17453292519943295, \"high\": 1.0471975511965976, \"log\": false}}"}
{"op_code":5,"worker_id":"9992359c-2947-4fa8-8b68-9e198020834d-140317543788544","trial_id":64,"param_name":"OuterRadius","param_value_internal":14.556558332707098,"distribution":"{\"name\": \"FloatDistribution\", \"attributes\": {\"step\": null, \"low\": 8.75, \"high\": 17.75, \"log\": false}}"}
{"op_code":5,"worker_id":"9992359c-2947-4fa8-8b68-9e198020834d-140317543788544","trial_id":64,"param_name":"JointHeight","param_value_internal":6.512257842684219,"distribution":"{\"name\": \"FloatDistribution\", \"attributes\": {\"step\": null, \"low\": 5.0, \"high\": 8.0, \"log\": false}}"}
{"op_code":5,"worker_id":"9992359c-2947-4fa8-8b68-9e198020834d-140317543788544","trial_id":64,"param_name":"CavityCorkThickness","param_value_internal":3.382807239545252,"distribution":"{\"name\": \"FloatDistribution\", \"attributes\": {\"step\": null, \"low\": 2.0, \"high\": 5.0, \"log\": false}}"}
{"op_code":5,"worker_id":"9992359c-2947-4fa8-8b68-9e198020834d-140317543788544","trial_id":64,"param_name":"BellowHeight","param_value_internal":9.855418809723691,"distribution":"{\"name\": \"FloatDistribution\", \"attributes\": {\"step\": null, \"low\": 6.0, \"high\": 10.0, \"log\": false}}"}
{"op_code":5,"worker_id":"9992359c-2947-4fa8-8b68-9e198020834d-140317543788544","trial_id":64,"param_name":"WallThickness","param_value_internal":2.122518101490248,"distribution":"{\"name\": \"FloatDistribution\", \"attributes\": {\"step\": null, \"low\": 2.0, \"high\": 4.0, \"log\": false}}"}
{"op_code":5,"worker_id":"9992359c-2947-4fa8-8b68-9e198020834d-140317543788544","trial_id":64,"param_name":"PlateauHeight","param_value_internal":3.2005386861425666,"distribution":"{\"name\": \"FloatDistribution\", \"attributes\": {\"step\": null, \"low\": 2.0, \"high\": 4.0, \"log\": false}}"}
{"op_code":6,"worker_id":"aa9c430d-c698-4b2e-a3ac-2e2d6f714747-140088878280704","trial_id":60,"state":1,"values":[-Infinity,-Infinity,-Infinity],"datetime_complete":"2026-05-28T21:30:49.646519"}
{"op_code":4,"worker_id":"aa9c430d-c698-4b2e-a3ac-2e2d6f714747-140088878280704","study_id":0,"datetime_start":"2026-05-28T21:30:49.666525"}
{"op_code":9,"worker_id":"aa9c430d-c698-4b2e-a3ac-2e2d6f714747-140088878280704","trial_id":65,"system_attr":{"nsga2:generation":1}}
{"op_code":5,"worker_id":"aa9c430d-c698-4b2e-a3ac-2e2d6f714747-140088878280704","trial_id":65,"param_name":"JointSlopeAngle","param_value_internal":0.9621973800922958,"distribution":"{\"name\": \"FloatDistribution\", \"attributes\": {\"step\": null, \"low\": 0.17453292519943295, \"high\": 1.0471975511965976, \"log\": false}}"}
{"op_code":5,"worker_id":"aa9c430d-c698-4b2e-a3ac-2e2d6f714747-140088878280704","trial_id":65,"param_name":"OuterRadius","param_value_internal":9.597407009556182,"distribution":"{\"name\": \"FloatDistribution\", \"attributes\": {\"step\": null, \"low\": 8.75, \"high\": 17.75, \"log\": false}}"}
{"op_code":5,"worker_id":"aa9c430d-c698-4b2e-a3ac-2e2d6f714747-140088878280704","trial_id":65,"param_name":"JointHeight","param_value_internal":6.577801974262155,"distribution":"{\"name\": \"FloatDistribution\", \"attributes\": {\"step\": null, \"low\": 5.0, \"high\": 8.0, \"log\": false}}"}
{"op_code":5,"worker_id":"aa9c430d-c698-4b2e-a3ac-2e2d6f714747-140088878280704","trial_id":65,"param_name":"CavityCorkThickness","param_value_internal":3.327952515995391,"distribution":"{\"name\": \"FloatDistribution\", \"attributes\": {\"step\": null, \"low\": 2.0, \"high\": 5.0, \"log\": false}}"}
{"op_code":5,"worker_id":"aa9c430d-c698-4b2e-a3ac-2e2d6f714747-140088878280704","trial_id":65,"param_name":"BellowHeight","param_value_internal":7.164870266821776,"distribution":"{\"name\": \"FloatDistribution\", \"attributes\": {\"step\": null, \"low\": 6.0, \"high\": 10.0, \"log\": false}}"}
{"op_code":5,"worker_id":"aa9c430d-c698-4b2e-a3ac-2e2d6f714747-140088878280704","trial_id":65,"param_name":"WallThickness","param_value_internal":3.4217428035505977,"distribution":"{\"name\": \"FloatDistribution\", \"attributes\": {\"step\": null, \"low\": 2.0, \"high\": 4.0, \"log\": false}}"}
{"op_code":5,"worker_id":"aa9c430d-c698-4b2e-a3ac-2e2d6f714747-140088878280704","trial_id":65,"param_name":"PlateauHeight","param_value_internal":3.82493513180256,"distribution":"{\"name\": \"FloatDistribution\", \"attributes\": {\"step\": null, \"low\": 2.0, \"high\": 4.0, \"log\": false}}"}
{"op_code":6,"worker_id":"21d0d68d-aeb8-4e5b-8332-dd5737dc2961-140193223114752","trial_id":58,"state":1,"values":[6.143485310782459,0.12573771436092657,0.42058758949468494],"datetime_complete":"2026-05-28T21:30:55.169874"}
{"op_code":4,"worker_id":"21d0d68d-aeb8-4e5b-8332-dd5737dc2961-140193223114752","study_id":0,"datetime_start":"2026-05-28T21:30:55.182682"}
{"op_code":9,"worker_id":"21d0d68d-aeb8-4e5b-8332-dd5737dc2961-140193223114752","trial_id":66,"system_attr":{"nsga2:generation":1}}
{"op_code":5,"worker_id":"21d0d68d-aeb8-4e5b-8332-dd5737dc2961-140193223114752","trial_id":66,"param_name":"JointSlopeAngle","param_value_internal":0.6514101966662729,"distribution":"{\"name\": \"FloatDistribution\", \"attributes\": {\"step\": null, \"low\": 0.17453292519943295, \"high\": 1.0471975511965976, \"log\": false}}"}
{"op_code":5,"worker_id":"21d0d68d-aeb8-4e5b-8332-dd5737dc2961-140193223114752","trial_id":66,"param_name":"OuterRadius","param_value_internal":15.992167409601281,"distribution":"{\"name\": \"FloatDistribution\", \"attributes\": {\"step\": null, \"low\": 8.75, \"high\": 17.75, \"log\": false}}"}
{"op_code":5,"worker_id":"21d0d68d-aeb8-4e5b-8332-dd5737dc2961-140193223114752","trial_id":66,"param_name":"JointHeight","param_value_internal":7.614648670111828,"distribution":"{\"name\": \"FloatDistribution\", \"attributes\": {\"step\": null, \"low\": 5.0, \"high\": 8.0, \"log\": false}}"}
{"op_code":5,"worker_id":"21d0d68d-aeb8-4e5b-8332-dd5737dc2961-140193223114752","trial_id":66,"param_name":"CavityCorkThickness","param_value_internal":3.4826906895668426,"distribution":"{\"name\": \"FloatDistribution\", \"attributes\": {\"step\": null, \"low\": 2.0, \"high\": 5.0, \"log\": false}}"}
{"op_code":5,"worker_id":"21d0d68d-aeb8-4e5b-8332-dd5737dc2961-140193223114752","trial_id":66,"param_name":"BellowHeight","param_value_internal":7.686933981939517,"distribution":"{\"name\": \"FloatDistribution\", \"attributes\": {\"step\": null, \"low\": 6.0, \"high\": 10.0, \"log\": false}}"}
{"op_code":5,"worker_id":"21d0d68d-aeb8-4e5b-8332-dd5737dc2961-140193223114752","trial_id":66,"param_name":"WallThickness","param_value_internal":2.4033688852079402,"distribution":"{\"name\": \"FloatDistribution\", \"attributes\": {\"step\": null, \"low\": 2.0, \"high\": 4.0, \"log\": false}}"}
{"op_code":5,"worker_id":"21d0d68d-aeb8-4e5b-8332-dd5737dc2961-140193223114752","trial_id":66,"param_name":"PlateauHeight","param_value_internal":2.623492640568099,"distribution":"{\"name\": \"FloatDistribution\", \"attributes\": {\"step\": null, \"low\": 2.0, \"high\": 4.0, \"log\": false}}"}
{"op_code":6,"worker_id":"d6dec318-6198-4b0d-9442-33b13b0b99ff-140273271562240","trial_id":59,"state":1,"values":[-Infinity,-Infinity,-Infinity],"datetime_complete":"2026-05-28T21:30:59.144395"}
{"op_code":4,"worker_id":"d6dec318-6198-4b0d-9442-33b13b0b99ff-140273271562240","study_id":0,"datetime_start":"2026-05-28T21:30:59.162801"}
{"op_code":9,"worker_id":"d6dec318-6198-4b0d-9442-33b13b0b99ff-140273271562240","trial_id":67,"system_attr":{"nsga2:generation":1}}
{"op_code":5,"worker_id":"d6dec318-6198-4b0d-9442-33b13b0b99ff-140273271562240","trial_id":67,"param_name":"JointSlopeAngle","param_value_internal":0.8658752833005506,"distribution":"{\"name\": \"FloatDistribution\", \"attributes\": {\"step\": null, \"low\": 0.17453292519943295, \"high\": 1.0471975511965976, \"log\": false}}"}
{"op_code":5,"worker_id":"d6dec318-6198-4b0d-9442-33b13b0b99ff-140273271562240","trial_id":67,"param_name":"OuterRadius","param_value_internal":13.692019533696822,"distribution":"{\"name\": \"FloatDistribution\", \"attributes\": {\"step\": null, \"low\": 8.75, \"high\": 17.75, \"log\": false}}"}
{"op_code":5,"worker_id":"d6dec318-6198-4b0d-9442-33b13b0b99ff-140273271562240","trial_id":67,"param_name":"JointHeight","param_value_internal":5.983211885074025,"distribution":"{\"name\": \"FloatDistribution\", \"attributes\": {\"step\": null, \"low\": 5.0, \"high\": 8.0, \"log\": false}}"}
{"op_code":5,"worker_id":"d6dec318-6198-4b0d-9442-33b13b0b99ff-140273271562240","trial_id":67,"param_name":"CavityCorkThickness","param_value_internal":2.7517814542529067,"distribution":"{\"name\": \"FloatDistribution\", \"attributes\": {\"step\": null, \"low\": 2.0, \"high\": 5.0, \"log\": false}}"}
{"op_code":5,"worker_id":"d6dec318-6198-4b0d-9442-33b13b0b99ff-140273271562240","trial_id":67,"param_name":"BellowHeight","param_value_internal":7.430908798684513,"distribution":"{\"name\": \"FloatDistribution\", \"attributes\": {\"step\": null, \"low\": 6.0, \"high\": 10.0, \"log\": false}}"}
{"op_code":5,"worker_id":"d6dec318-6198-4b0d-9442-33b13b0b99ff-140273271562240","trial_id":67,"param_name":"WallThickness","param_value_internal":2.572774572846695,"distribution":"{\"name\": \"FloatDistribution\", \"attributes\": {\"step\": null, \"low\": 2.0, \"high\": 4.0, \"log\": false}}"}
{"op_code":5,"worker_id":"d6dec318-6198-4b0d-9442-33b13b0b99ff-140273271562240","trial_id":67,"param_name":"PlateauHeight","param_value_internal":2.105795631576325,"distribution":"{\"name\": \"FloatDistribution\", \"attributes\": {\"step\": null, \"low\": 2.0, \"high\": 4.0, \"log\": false}}"}
{"op_code":6,"worker_id":"aa9c430d-c698-4b2e-a3ac-2e2d6f714747-140088878280704","trial_id":65,"state":1,"values":[-Infinity,-Infinity,-Infinity],"datetime_complete":"2026-05-28T21:31:00.054180"}
{"op_code":4,"worker_id":"aa9c430d-c698-4b2e-a3ac-2e2d6f714747-140088878280704","study_id":0,"datetime_start":"2026-05-28T21:31:00.071209"}
{"op_code":9,"worker_id":"aa9c430d-c698-4b2e-a3ac-2e2d6f714747-140088878280704","trial_id":68,"system_attr":{"nsga2:generation":1}}
{"op_code":5,"worker_id":"aa9c430d-c698-4b2e-a3ac-2e2d6f714747-140088878280704","trial_id":68,"param_name":"JointSlopeAngle","param_value_internal":0.6359529026439726,"distribution":"{\"name\": \"FloatDistribution\", \"attributes\": {\"step\": null, \"low\": 0.17453292519943295, \"high\": 1.0471975511965976, \"log\": false}}"}
{"op_code":5,"worker_id":"aa9c430d-c698-4b2e-a3ac-2e2d6f714747-140088878280704","trial_id":68,"param_name":"OuterRadius","param_value_internal":11.640117621654358,"distribution":"{\"name\": \"FloatDistribution\", \"attributes\": {\"step\": null, \"low\": 8.75, \"high\": 17.75, \"log\": false}}"}
{"op_code":5,"worker_id":"aa9c430d-c698-4b2e-a3ac-2e2d6f714747-140088878280704","trial_id":68,"param_name":"JointHeight","param_value_internal":6.329416871126339,"distribution":"{\"name\": \"FloatDistribution\", \"attributes\": {\"step\": null, \"low\": 5.0, \"high\": 8.0, \"log\": false}}"}
{"op_code":5,"worker_id":"aa9c430d-c698-4b2e-a3ac-2e2d6f714747-140088878280704","trial_id":68,"param_name":"CavityCorkThickness","param_value_internal":3.800744291105689,"distribution":"{\"name\": \"FloatDistribution\", \"attributes\": {\"step\": null, \"low\": 2.0, \"high\": 5.0, \"log\": false}}"}
{"op_code":5,"worker_id":"aa9c430d-c698-4b2e-a3ac-2e2d6f714747-140088878280704","trial_id":68,"param_name":"BellowHeight","param_value_internal":7.729931183878122,"distribution":"{\"name\": \"FloatDistribution\", \"attributes\": {\"step\": null, \"low\": 6.0, \"high\": 10.0, \"log\": false}}"}
{"op_code":5,"worker_id":"aa9c430d-c698-4b2e-a3ac-2e2d6f714747-140088878280704","trial_id":68,"param_name":"WallThickness","param_value_internal":2.9947955242219546,"distribution":"{\"name\": \"FloatDistribution\", \"attributes\": {\"step\": null, \"low\": 2.0, \"high\": 4.0, \"log\": false}}"}
{"op_code":5,"worker_id":"aa9c430d-c698-4b2e-a3ac-2e2d6f714747-140088878280704","trial_id":68,"param_name":"PlateauHeight","param_value_internal":3.4037589099141643,"distribution":"{\"name\": \"FloatDistribution\", \"attributes\": {\"step\": null, \"low\": 2.0, \"high\": 4.0, \"log\": false}}"}
{"op_code":6,"worker_id":"8ef529fe-e953-4a66-b211-34b627f6af18-139982915063808","trial_id":61,"state":1,"values":[8.688079172776227,0.068566327877518,0.3721850577833809],"datetime_complete":"2026-05-28T21:31:05.975834"}
{"op_code":4,"worker_id":"8ef529fe-e953-4a66-b211-34b627f6af18-139982915063808","study_id":0,"datetime_start":"2026-05-28T21:31:05.988129"}
{"op_code":9,"worker_id":"8ef529fe-e953-4a66-b211-34b627f6af18-139982915063808","trial_id":69,"system_attr":{"nsga2:generation":1}}
{"op_code":5,"worker_id":"8ef529fe-e953-4a66-b211-34b627f6af18-139982915063808","trial_id":69,"param_name":"JointSlopeAngle","param_value_internal":0.8658752833005506,"distribution":"{\"name\": \"FloatDistribution\", \"attributes\": {\"step\": null, \"low\": 0.17453292519943295, \"high\": 1.0471975511965976, \"log\": false}}"}
{"op_code":5,"worker_id":"8ef529fe-e953-4a66-b211-34b627f6af18-139982915063808","trial_id":69,"param_name":"OuterRadius","param_value_internal":10.553910055599223,"distribution":"{\"name\": \"FloatDistribution\", \"attributes\": {\"step\": null, \"low\": 8.75, \"high\": 17.75, \"log\": false}}"}
{"op_code":5,"worker_id":"8ef529fe-e953-4a66-b211-34b627f6af18-139982915063808","trial_id":69,"param_name":"JointHeight","param_value_internal":5.474205040178538,"distribution":"{\"name\": \"FloatDistribution\", \"attributes\": {\"step\": null, \"low\": 5.0, \"high\": 8.0, \"log\": false}}"}
{"op_code":5,"worker_id":"8ef529fe-e953-4a66-b211-34b627f6af18-139982915063808","trial_id":69,"param_name":"CavityCorkThickness","param_value_internal":2.7517814542529067,"distribution":"{\"name\": \"FloatDistribution\", \"attributes\": {\"step\": null, \"low\": 2.0, \"high\": 5.0, \"log\": false}}"}
{"op_code":5,"worker_id":"8ef529fe-e953-4a66-b211-34b627f6af18-139982915063808","trial_id":69,"param_name":"BellowHeight","param_value_internal":8.84039489845335,"distribution":"{\"name\": \"FloatDistribution\", \"attributes\": {\"step\": null, \"low\": 6.0, \"high\": 10.0, \"log\": false}}"}
{"op_code":5,"worker_id":"8ef529fe-e953-4a66-b211-34b627f6af18-139982915063808","trial_id":69,"param_name":"WallThickness","param_value_internal":3.7835955467832108,"distribution":"{\"name\": \"FloatDistribution\", \"attributes\": {\"step\": null, \"low\": 2.0, \"high\": 4.0, \"log\": false}}"}
{"op_code":5,"worker_id":"8ef529fe-e953-4a66-b211-34b627f6af18-139982915063808","trial_id":69,"param_name":"PlateauHeight","param_value_internal":2.0914357069359397,"distribution":"{\"name\": \"FloatDistribution\", \"attributes\": {\"step\": null, \"low\": 2.0, \"high\": 4.0, \"log\": false}}"}
{"op_code":6,"worker_id":"1d57d4b9-2efe-4085-8b4d-54f9f495ee39-139982114316288","trial_id":62,"state":1,"values":[31.21625816466738,0.13931390909752583,0.4957880294249832],"datetime_complete":"2026-05-28T21:31:07.197333"}
{"op_code":4,"worker_id":"1d57d4b9-2efe-4085-8b4d-54f9f495ee39-139982114316288","study_id":0,"datetime_start":"2026-05-28T21:31:07.210799"}
{"op_code":9,"worker_id":"1d57d4b9-2efe-4085-8b4d-54f9f495ee39-139982114316288","trial_id":70,"system_attr":{"nsga2:generation":1}}
{"op_code":5,"worker_id":"1d57d4b9-2efe-4085-8b4d-54f9f495ee39-139982114316288","trial_id":70,"param_name":"JointSlopeAngle","param_value_internal":0.8110185048243487,"distribution":"{\"name\": \"FloatDistribution\", \"attributes\": {\"step\": null, \"low\": 0.17453292519943295, \"high\": 1.0471975511965976, \"log\": false}}"}
{"op_code":5,"worker_id":"1d57d4b9-2efe-4085-8b4d-54f9f495ee39-139982114316288","trial_id":70,"param_name":"OuterRadius","param_value_internal":16.949016493321494,"distribution":"{\"name\": \"FloatDistribution\", \"attributes\": {\"step\": null, \"low\": 8.75, \"high\": 17.75, \"log\": false}}"}
{"op_code":5,"worker_id":"1d57d4b9-2efe-4085-8b4d-54f9f495ee39-139982114316288","trial_id":70,"param_name":"JointHeight","param_value_internal":5.768428135571968,"distribution":"{\"name\": \"FloatDistribution\", \"attributes\": {\"step\": null, \"low\": 5.0, \"high\": 8.0, \"log\": false}}"}
{"op_code":5,"worker_id":"1d57d4b9-2efe-4085-8b4d-54f9f495ee39-139982114316288","trial_id":70,"param_name":"CavityCorkThickness","param_value_internal":2.397696628579368,"distribution":"{\"name\": \"FloatDistribution\", \"attributes\": {\"step\": null, \"low\": 2.0, \"high\": 5.0, \"log\": false}}"}
{"op_code":5,"worker_id":"1d57d4b9-2efe-4085-8b4d-54f9f495ee39-139982114316288","trial_id":70,"param_name":"BellowHeight","param_value_internal":6.78080129813947,"distribution":"{\"name\": \"FloatDistribution\", \"attributes\": {\"step\": null, \"low\": 6.0, \"high\": 10.0, \"log\": false}}"}
{"op_code":5,"worker_id":"1d57d4b9-2efe-4085-8b4d-54f9f495ee39-139982114316288","trial_id":70,"param_name":"WallThickness","param_value_internal":3.0977386627034464,"distribution":"{\"name\": \"FloatDistribution\", \"attributes\": {\"step\": null, \"low\": 2.0, \"high\": 4.0, \"log\": false}}"}
{"op_code":5,"worker_id":"1d57d4b9-2efe-4085-8b4d-54f9f495ee39-139982114316288","trial_id":70,"param_name":"PlateauHeight","param_value_internal":2.433231459418897,"distribution":"{\"name\": \"FloatDistribution\", \"attributes\": {\"step\": null, \"low\": 2.0, \"high\": 4.0, \"log\": false}}"}
{"op_code":6,"worker_id":"8a75add0-7778-42e4-866d-1286d98c173c-140410062901248","trial_id":63,"state":1,"values":[60.58721488705919,0.08603739164150813,0.39289725049865637],"datetime_complete":"2026-05-28T21:31:07.469988"}
{"op_code":4,"worker_id":"8a75add0-7778-42e4-866d-1286d98c173c-140410062901248","study_id":0,"datetime_start":"2026-05-28T21:31:07.482849"}
{"op_code":9,"worker_id":"8a75add0-7778-42e4-866d-1286d98c173c-140410062901248","trial_id":71,"system_attr":{"nsga2:generation":1}}
{"op_code":5,"worker_id":"8a75add0-7778-42e4-866d-1286d98c173c-140410062901248","trial_id":71,"param_name":"JointSlopeAngle","param_value_internal":0.7191209171245115,"distribution":"{\"name\": \"FloatDistribution\", \"attributes\": {\"step\": null, \"low\": 0.17453292519943295, \"high\": 1.0471975511965976, \"log\": false}}"}
{"op_code":5,"worker_id":"8a75add0-7778-42e4-866d-1286d98c173c-140410062901248","trial_id":71,"param_name":"OuterRadius","param_value_internal":16.263703644677186,"distribution":"{\"name\": \"FloatDistribution\", \"attributes\": {\"step\": null, \"low\": 8.75, \"high\": 17.75, \"log\": false}}"}
{"op_code":5,"worker_id":"8a75add0-7778-42e4-866d-1286d98c173c-140410062901248","trial_id":71,"param_name":"JointHeight","param_value_internal":7.319728841821658,"distribution":"{\"name\": \"FloatDistribution\", \"attributes\": {\"step\": null, \"low\": 5.0, \"high\": 8.0, \"log\": false}}"}
{"op_code":5,"worker_id":"8a75add0-7778-42e4-866d-1286d98c173c-140410062901248","trial_id":71,"param_name":"CavityCorkThickness","param_value_internal":2.5365079646845103,"distribution":"{\"name\": \"FloatDistribution\", \"attributes\": {\"step\": null, \"low\": 2.0, \"high\": 5.0, \"log\": false}}"}
{"op_code":5,"worker_id":"8a75add0-7778-42e4-866d-1286d98c173c-140410062901248","trial_id":71,"param_name":"BellowHeight","param_value_internal":6.5951963804731175,"distribution":"{\"name\": \"FloatDistribution\", \"attributes\": {\"step\": null, \"low\": 6.0, \"high\": 10.0, \"log\": false}}"}
{"op_code":5,"worker_id":"8a75add0-7778-42e4-866d-1286d98c173c-140410062901248","trial_id":71,"param_name":"WallThickness","param_value_internal":2.9869693814696983,"distribution":"{\"name\": \"FloatDistribution\", \"attributes\": {\"step\": null, \"low\": 2.0, \"high\": 4.0, \"log\": false}}"}
{"op_code":5,"worker_id":"8a75add0-7778-42e4-866d-1286d98c173c-140410062901248","trial_id":71,"param_name":"PlateauHeight","param_value_internal":3.207818544033823,"distribution":"{\"name\": \"FloatDistribution\", \"attributes\": {\"step\": null, \"low\": 2.0, \"high\": 4.0, \"log\": false}}"}
{"op_code":6,"worker_id":"9992359c-2947-4fa8-8b68-9e198020834d-140317543788544","trial_id":64,"state":1,"values":[59.35366328624718,0.05870937305515834,0.39169167250172515],"datetime_complete":"2026-05-28T21:31:12.853299"}
{"op_code":4,"worker_id":"9992359c-2947-4fa8-8b68-9e198020834d-140317543788544","study_id":0,"datetime_start":"2026-05-28T21:31:12.866277"}
{"op_code":9,"worker_id":"9992359c-2947-4fa8-8b68-9e198020834d-140317543788544","trial_id":72,"system_attr":{"nsga2:generation":1}}
{"op_code":5,"worker_id":"9992359c-2947-4fa8-8b68-9e198020834d-140317543788544","trial_id":72,"param_name":"JointSlopeAngle","param_value_internal":0.8530175716568212,"distribution":"{\"name\": \"FloatDistribution\", \"attributes\": {\"step\": null, \"low\": 0.17453292519943295, \"high\": 1.0471975511965976, \"log\": false}}"}
{"op_code":5,"worker_id":"9992359c-2947-4fa8-8b68-9e198020834d-140317543788544","trial_id":72,"param_name":"OuterRadius","param_value_internal":9.94952073879575,"distribution":"{\"name\": \"FloatDistribution\", \"attributes\": {\"step\": null, \"low\": 8.75, \"high\": 17.75, \"log\": false}}"}
{"op_code":5,"worker_id":"9992359c-2947-4fa8-8b68-9e198020834d-140317543788544","trial_id":72,"param_name":"JointHeight","param_value_internal":7.085413705794295,"distribution":"{\"name\": \"FloatDistribution\", \"attributes\": {\"step\": null, \"low\": 5.0, \"high\": 8.0, \"log\": false}}"}
{"op_code":5,"worker_id":"9992359c-2947-4fa8-8b68-9e198020834d-140317543788544","trial_id":72,"param_name":"CavityCorkThickness","param_value_internal":3.083527360926134,"distribution":"{\"name\": \"FloatDistribution\", \"attributes\": {\"step\": null, \"low\": 2.0, \"high\": 5.0, \"log\": false}}"}
{"op_code":5,"worker_id":"9992359c-2947-4fa8-8b68-9e198020834d-140317543788544","trial_id":72,"param_name":"BellowHeight","param_value_internal":8.725678225419998,"distribution":"{\"name\": \"FloatDistribution\", \"attributes\": {\"step\": null, \"low\": 6.0, \"high\": 10.0, \"log\": false}}"}
{"op_code":5,"worker_id":"9992359c-2947-4fa8-8b68-9e198020834d-140317543788544","trial_id":72,"param_name":"WallThickness","param_value_internal":2.8498809336133113,"distribution":"{\"name\": \"FloatDistribution\", \"attributes\": {\"step\": null, \"low\": 2.0, \"high\": 4.0, \"log\": false}}"}
{"op_code":5,"worker_id":"9992359c-2947-4fa8-8b68-9e198020834d-140317543788544","trial_id":72,"param_name":"PlateauHeight","param_value_internal":2.844664271111279,"distribution":"{\"name\": \"FloatDistribution\", \"attributes\": {\"step\": null, \"low\": 2.0, \"high\": 4.0, \"log\": false}}"}
{"op_code":6,"worker_id":"d6dec318-6198-4b0d-9442-33b13b0b99ff-140273271562240","trial_id":67,"state":1,"values":[-Infinity,-Infinity,-Infinity],"datetime_complete":"2026-05-28T21:31:19.230813"}
{"op_code":4,"worker_id":"d6dec318-6198-4b0d-9442-33b13b0b99ff-140273271562240","study_id":0,"datetime_start":"2026-05-28T21:31:19.248625"}
{"op_code":9,"worker_id":"d6dec318-6198-4b0d-9442-33b13b0b99ff-140273271562240","trial_id":73,"system_attr":{"nsga2:generation":1}}
{"op_code":5,"worker_id":"d6dec318-6198-4b0d-9442-33b13b0b99ff-140273271562240","trial_id":73,"param_name":"JointSlopeAngle","param_value_internal":0.7191209171245115,"distribution":"{\"name\": \"FloatDistribution\", \"attributes\": {\"step\": null, \"low\": 0.17453292519943295, \"high\": 1.0471975511965976, \"log\": false}}"}
{"op_code":5,"worker_id":"d6dec318-6198-4b0d-9442-33b13b0b99ff-140273271562240","trial_id":73,"param_name":"OuterRadius","param_value_internal":16.263703644677186,"distribution":"{\"name\": \"FloatDistribution\", \"attributes\": {\"step\": null, \"low\": 8.75, \"high\": 17.75, \"log\": false}}"}
{"op_code":5,"worker_id":"d6dec318-6198-4b0d-9442-33b13b0b99ff-140273271562240","trial_id":73,"param_name":"JointHeight","param_value_internal":7.319728841821658,"distribution":"{\"name\": \"FloatDistribution\", \"attributes\": {\"step\": null, \"low\": 5.0, \"high\": 8.0, \"log\": false}}"}
{"op_code":5,"worker_id":"d6dec318-6198-4b0d-9442-33b13b0b99ff-140273271562240","trial_id":73,"param_name":"CavityCorkThickness","param_value_internal":2.173221682286436,"distribution":"{\"name\": \"FloatDistribution\", \"attributes\": {\"step\": null, \"low\": 2.0, \"high\": 5.0, \"log\": false}}"}
{"op_code":5,"worker_id":"d6dec318-6198-4b0d-9442-33b13b0b99ff-140273271562240","trial_id":73,"param_name":"BellowHeight","param_value_internal":8.581300815229493,"distribution":"{\"name\": \"FloatDistribution\", \"attributes\": {\"step\": null, \"low\": 6.0, \"high\": 10.0, \"log\": false}}"}
{"op_code":5,"worker_id":"d6dec318-6198-4b0d-9442-33b13b0b99ff-140273271562240","trial_id":73,"param_name":"WallThickness","param_value_internal":3.9124484755082953,"distribution":"{\"name\": \"FloatDistribution\", \"attributes\": {\"step\": null, \"low\": 2.0, \"high\": 4.0, \"log\": false}}"}
{"op_code":5,"worker_id":"d6dec318-6198-4b0d-9442-33b13b0b99ff-140273271562240","trial_id":73,"param_name":"PlateauHeight","param_value_internal":2.2890319676957254,"distribution":"{\"name\": \"FloatDistribution\", \"attributes\": {\"step\": null, \"low\": 2.0, \"high\": 4.0, \"log\": false}}"}
{"op_code":6,"worker_id":"d6dec318-6198-4b0d-9442-33b13b0b99ff-140273271562240","trial_id":73,"state":1,"values":[-Infinity,-Infinity,-Infinity],"datetime_complete":"2026-05-28T21:31:29.610010"}
{"op_code":4,"worker_id":"d6dec318-6198-4b0d-9442-33b13b0b99ff-140273271562240","study_id":0,"datetime_start":"2026-05-28T21:31:29.625668"}
{"op_code":9,"worker_id":"d6dec318-6198-4b0d-9442-33b13b0b99ff-140273271562240","trial_id":74,"system_attr":{"nsga2:generation":1}}
{"op_code":5,"worker_id":"d6dec318-6198-4b0d-9442-33b13b0b99ff-140273271562240","trial_id":74,"param_name":"JointSlopeAngle","param_value_internal":0.6514101966662729,"distribution":"{\"name\": \"FloatDistribution\", \"attributes\": {\"step\": null, \"low\": 0.17453292519943295, \"high\": 1.0471975511965976, \"log\": false}}"}
{"op_code":5,"worker_id":"d6dec318-6198-4b0d-9442-33b13b0b99ff-140273271562240","trial_id":74,"param_name":"OuterRadius","param_value_internal":12.40216280669376,"distribution":"{\"name\": \"FloatDistribution\", \"attributes\": {\"step\": null, \"low\": 8.75, \"high\": 17.75, \"log\": false}}"}
{"op_code":5,"worker_id":"d6dec318-6198-4b0d-9442-33b13b0b99ff-140273271562240","trial_id":74,"param_name":"JointHeight","param_value_internal":5.272942851766526,"distribution":"{\"name\": \"FloatDistribution\", \"attributes\": {\"step\": null, \"low\": 5.0, \"high\": 8.0, \"log\": false}}"}
{"op_code":5,"worker_id":"d6dec318-6198-4b0d-9442-33b13b0b99ff-140273271562240","trial_id":74,"param_name":"CavityCorkThickness","param_value_internal":2.2253533374509025,"distribution":"{\"name\": \"FloatDistribution\", \"attributes\": {\"step\": null, \"low\": 2.0, \"high\": 5.0, \"log\": false}}"}
{"op_code":5,"worker_id":"d6dec318-6198-4b0d-9442-33b13b0b99ff-140273271562240","trial_id":74,"param_name":"BellowHeight","param_value_internal":7.686933981939517,"distribution":"{\"name\": \"FloatDistribution\", \"attributes\": {\"step\": null, \"low\": 6.0, \"high\": 10.0, \"log\": false}}"}
{"op_code":5,"worker_id":"d6dec318-6198-4b0d-9442-33b13b0b99ff-140273271562240","trial_id":74,"param_name":"WallThickness","param_value_internal":2.4033688852079402,"distribution":"{\"name\": \"FloatDistribution\", \"attributes\": {\"step\": null, \"low\": 2.0, \"high\": 4.0, \"log\": false}}"}
{"op_code":5,"worker_id":"d6dec318-6198-4b0d-9442-33b13b0b99ff-140273271562240","trial_id":74,"param_name":"PlateauHeight","param_value_internal":2.623492640568099,"distribution":"{\"name\": \"FloatDistribution\", \"attributes\": {\"step\": null, \"low\": 2.0, \"high\": 4.0, \"log\": false}}"}
{"op_code":6,"worker_id":"21d0d68d-aeb8-4e5b-8332-dd5737dc2961-140193223114752","trial_id":66,"state":1,"values":[75.06521128526435,0.0814898088183885,0.3608937516194463],"datetime_complete":"2026-05-28T21:31:34.576849"}
{"op_code":4,"worker_id":"21d0d68d-aeb8-4e5b-8332-dd5737dc2961-140193223114752","study_id":0,"datetime_start":"2026-05-28T21:31:34.589664"}
{"op_code":9,"worker_id":"21d0d68d-aeb8-4e5b-8332-dd5737dc2961-140193223114752","trial_id":75,"system_attr":{"nsga2:generation":1}}
{"op_code":5,"worker_id":"21d0d68d-aeb8-4e5b-8332-dd5737dc2961-140193223114752","trial_id":75,"param_name":"JointSlopeAngle","param_value_internal":0.7266834579871014,"distribution":"{\"name\": \"FloatDistribution\", \"attributes\": {\"step\": null, \"low\": 0.17453292519943295, \"high\": 1.0471975511965976, \"log\": false}}"}
{"op_code":5,"worker_id":"21d0d68d-aeb8-4e5b-8332-dd5737dc2961-140193223114752","trial_id":75,"param_name":"OuterRadius","param_value_internal":10.972473835358148,"distribution":"{\"name\": \"FloatDistribution\", \"attributes\": {\"step\": null, \"low\": 8.75, \"high\": 17.75, \"log\": false}}"}
{"op_code":5,"worker_id":"21d0d68d-aeb8-4e5b-8332-dd5737dc2961-140193223114752","trial_id":75,"param_name":"JointHeight","param_value_internal":5.474205040178538,"distribution":"{\"name\": \"FloatDistribution\", \"attributes\": {\"step\": null, \"low\": 5.0, \"high\": 8.0, \"log\": false}}"}
{"op_code":5,"worker_id":"21d0d68d-aeb8-4e5b-8332-dd5737dc2961-140193223114752","trial_id":75,"param_name":"CavityCorkThickness","param_value_internal":2.7517814542529067,"distribution":"{\"name\": \"FloatDistribution\", \"attributes\": {\"step\": null, \"low\": 2.0, \"high\": 5.0, \"log\": false}}"}
{"op_code":5,"worker_id":"21d0d68d-aeb8-4e5b-8332-dd5737dc2961-140193223114752","trial_id":75,"param_name":"BellowHeight","param_value_internal":8.84039489845335,"distribution":"{\"name\": \"FloatDistribution\", \"attributes\": {\"step\": null, \"low\": 6.0, \"high\": 10.0, \"log\": false}}"}
{"op_code":5,"worker_id":"21d0d68d-aeb8-4e5b-8332-dd5737dc2961-140193223114752","trial_id":75,"param_name":"WallThickness","param_value_internal":2.572774572846695,"distribution":"{\"name\": \"FloatDistribution\", \"attributes\": {\"step\": null, \"low\": 2.0, \"high\": 4.0, \"log\": false}}"}
{"op_code":5,"worker_id":"21d0d68d-aeb8-4e5b-8332-dd5737dc2961-140193223114752","trial_id":75,"param_name":"PlateauHeight","param_value_internal":2.105795631576325,"distribution":"{\"name\": \"FloatDistribution\", \"attributes\": {\"step\": null, \"low\": 2.0, \"high\": 4.0, \"log\": false}}"}
{"op_code":6,"worker_id":"d6dec318-6198-4b0d-9442-33b13b0b99ff-140273271562240","trial_id":74,"state":1,"values":[-Infinity,-Infinity,-Infinity],"datetime_complete":"2026-05-28T21:31:40.007683"}
{"op_code":4,"worker_id":"d6dec318-6198-4b0d-9442-33b13b0b99ff-140273271562240","study_id":0,"datetime_start":"2026-05-28T21:31:40.026256"}
{"op_code":9,"worker_id":"d6dec318-6198-4b0d-9442-33b13b0b99ff-140273271562240","trial_id":76,"system_attr":{"nsga2:generation":1}}
{"op_code":5,"worker_id":"d6dec318-6198-4b0d-9442-33b13b0b99ff-140273271562240","trial_id":76,"param_name":"JointSlopeAngle","param_value_internal":0.6660610753585449,"distribution":"{\"name\": \"FloatDistribution\", \"attributes\": {\"step\": null, \"low\": 0.17453292519943295, \"high\": 1.0471975511965976, \"log\": false}}"}
{"op_code":5,"worker_id":"d6dec318-6198-4b0d-9442-33b13b0b99ff-140273271562240","trial_id":76,"param_name":"OuterRadius","param_value_internal":10.739055096512908,"distribution":"{\"name\": \"FloatDistribution\", \"attributes\": {\"step\": null, \"low\": 8.75, \"high\": 17.75, \"log\": false}}"}
{"op_code":5,"worker_id":"d6dec318-6198-4b0d-9442-33b13b0b99ff-140273271562240","trial_id":76,"param_name":"JointHeight","param_value_internal":7.276982717225047,"distribution":"{\"name\": \"FloatDistribution\", \"attributes\": {\"step\": null, \"low\": 5.0, \"high\": 8.0, \"log\": false}}"}
{"op_code":5,"worker_id":"d6dec318-6198-4b0d-9442-33b13b0b99ff-140273271562240","trial_id":76,"param_name":"CavityCorkThickness","param_value_internal":3.363089889567412,"distribution":"{\"name\": \"FloatDistribution\", \"attributes\": {\"step\": null, \"low\": 2.0, \"high\": 5.0, \"log\": false}}"}
{"op_code":5,"worker_id":"d6dec318-6198-4b0d-9442-33b13b0b99ff-140273271562240","trial_id":76,"param_name":"BellowHeight","param_value_internal":6.5346051775188325,"distribution":"{\"name\": \"FloatDistribution\", \"attributes\": {\"step\": null, \"low\": 6.0, \"high\": 10.0, \"log\": false}}"}
{"op_code":5,"worker_id":"d6dec318-6198-4b0d-9442-33b13b0b99ff-140273271562240","trial_id":76,"param_name":"WallThickness","param_value_internal":3.731854930918616,"distribution":"{\"name\": \"FloatDistribution\", \"attributes\": {\"step\": null, \"low\": 2.0, \"high\": 4.0, \"log\": false}}"}
{"op_code":5,"worker_id":"d6dec318-6198-4b0d-9442-33b13b0b99ff-140273271562240","trial_id":76,"param_name":"PlateauHeight","param_value_internal":2.8317365678295614,"distribution":"{\"name\": \"FloatDistribution\", \"attributes\": {\"step\": null, \"low\": 2.0, \"high\": 4.0, \"log\": false}}"}
{"op_code":6,"worker_id":"aa9c430d-c698-4b2e-a3ac-2e2d6f714747-140088878280704","trial_id":68,"state":1,"values":[-Infinity,-Infinity,-Infinity],"datetime_complete":"2026-05-28T21:31:40.300862"}
{"op_code":4,"worker_id":"aa9c430d-c698-4b2e-a3ac-2e2d6f714747-140088878280704","study_id":0,"datetime_start":"2026-05-28T21:31:40.318896"}
{"op_code":9,"worker_id":"aa9c430d-c698-4b2e-a3ac-2e2d6f714747-140088878280704","trial_id":77,"system_attr":{"nsga2:generation":1}}
{"op_code":5,"worker_id":"aa9c430d-c698-4b2e-a3ac-2e2d6f714747-140088878280704","trial_id":77,"param_name":"JointSlopeAngle","param_value_internal":0.3083513904653584,"distribution":"{\"name\": \"FloatDistribution\", \"attributes\": {\"step\": null, \"low\": 0.17453292519943295, \"high\": 1.0471975511965976, \"log\": false}}"}
{"op_code":5,"worker_id":"aa9c430d-c698-4b2e-a3ac-2e2d6f714747-140088878280704","trial_id":77,"param_name":"OuterRadius","param_value_internal":14.10013077975641,"distribution":"{\"name\": \"FloatDistribution\", \"attributes\": {\"step\": null, \"low\": 8.75, \"high\": 17.75, \"log\": false}}"}
{"op_code":5,"worker_id":"aa9c430d-c698-4b2e-a3ac-2e2d6f714747-140088878280704","trial_id":77,"param_name":"JointHeight","param_value_internal":7.668148405994216,"distribution":"{\"name\": \"FloatDistribution\", \"attributes\": {\"step\": null, \"low\": 5.0, \"high\": 8.0, \"log\": false}}"}
{"op_code":5,"worker_id":"aa9c430d-c698-4b2e-a3ac-2e2d6f714747-140088878280704","trial_id":77,"param_name":"CavityCorkThickness","param_value_internal":2.5696716449240977,"distribution":"{\"name\": \"FloatDistribution\", \"attributes\": {\"step\": null, \"low\": 2.0, \"high\": 5.0, \"log\": false}}"}
{"op_code":5,"worker_id":"aa9c430d-c698-4b2e-a3ac-2e2d6f714747-140088878280704","trial_id":77,"param_name":"BellowHeight","param_value_internal":6.417561629395849,"distribution":"{\"name\": \"FloatDistribution\", \"attributes\": {\"step\": null, \"low\": 6.0, \"high\": 10.0, \"log\": false}}"}
{"op_code":5,"worker_id":"aa9c430d-c698-4b2e-a3ac-2e2d6f714747-140088878280704","trial_id":77,"param_name":"WallThickness","param_value_internal":2.1982789253728923,"distribution":"{\"name\": \"FloatDistribution\", \"attributes\": {\"step\": null, \"low\": 2.0, \"high\": 4.0, \"log\": false}}"}
{"op_code":5,"worker_id":"aa9c430d-c698-4b2e-a3ac-2e2d6f714747-140088878280704","trial_id":77,"param_name":"PlateauHeight","param_value_internal":2.7911984234554836,"distribution":"{\"name\": \"FloatDistribution\", \"attributes\": {\"step\": null, \"low\": 2.0, \"high\": 4.0, \"log\": false}}"}
{"op_code":6,"worker_id":"8ef529fe-e953-4a66-b211-34b627f6af18-139982915063808","trial_id":69,"state":1,"values":[13.47245506750292,0.06139763724959063,0.5250656264460971],"datetime_complete":"2026-05-28T21:31:44.208753"}
{"op_code":4,"worker_id":"8ef529fe-e953-4a66-b211-34b627f6af18-139982915063808","study_id":0,"datetime_start":"2026-05-28T21:31:44.221100"}
{"op_code":9,"worker_id":"8ef529fe-e953-4a66-b211-34b627f6af18-139982915063808","trial_id":78,"system_attr":{"nsga2:generation":1}}
{"op_code":5,"worker_id":"8ef529fe-e953-4a66-b211-34b627f6af18-139982915063808","trial_id":78,"param_name":"JointSlopeAngle","param_value_internal":0.8530175716568212,"distribution":"{\"name\": \"FloatDistribution\", \"attributes\": {\"step\": null, \"low\": 0.17453292519943295, \"high\": 1.0471975511965976, \"log\": false}}"}
{"op_code":5,"worker_id":"8ef529fe-e953-4a66-b211-34b627f6af18-139982915063808","trial_id":78,"param_name":"OuterRadius","param_value_internal":11.342695990311945,"distribution":"{\"name\": \"FloatDistribution\", \"attributes\": {\"step\": null, \"low\": 8.75, \"high\": 17.75, \"log\": false}}"}
{"op_code":5,"worker_id":"8ef529fe-e953-4a66-b211-34b627f6af18-139982915063808","trial_id":78,"param_name":"JointHeight","param_value_internal":5.458385355736822,"distribution":"{\"name\": \"FloatDistribution\", \"attributes\": {\"step\": null, \"low\": 5.0, \"high\": 8.0, \"log\": false}}"}
{"op_code":5,"worker_id":"8ef529fe-e953-4a66-b211-34b627f6af18-139982915063808","trial_id":78,"param_name":"CavityCorkThickness","param_value_internal":2.5291783148481057,"distribution":"{\"name\": \"FloatDistribution\", \"attributes\": {\"step\": null, \"low\": 2.0, \"high\": 5.0, \"log\": false}}"}
{"op_code":5,"worker_id":"8ef529fe-e953-4a66-b211-34b627f6af18-139982915063808","trial_id":78,"param_name":"BellowHeight","param_value_internal":7.51909335597993,"distribution":"{\"name\": \"FloatDistribution\", \"attributes\": {\"step\": null, \"low\": 6.0, \"high\": 10.0, \"log\": false}}"}
{"op_code":5,"worker_id":"8ef529fe-e953-4a66-b211-34b627f6af18-139982915063808","trial_id":78,"param_name":"WallThickness","param_value_internal":2.7056894974878736,"distribution":"{\"name\": \"FloatDistribution\", \"attributes\": {\"step\": null, \"low\": 2.0, \"high\": 4.0, \"log\": false}}"}
{"op_code":5,"worker_id":"8ef529fe-e953-4a66-b211-34b627f6af18-139982915063808","trial_id":78,"param_name":"PlateauHeight","param_value_internal":2.7911984234554836,"distribution":"{\"name\": \"FloatDistribution\", \"attributes\": {\"step\": null, \"low\": 2.0, \"high\": 4.0, \"log\": false}}"}
{"op_code":6,"worker_id":"8a75add0-7778-42e4-866d-1286d98c173c-140410062901248","trial_id":71,"state":1,"values":[84.64889729539436,0.09060307204427329,0.3567947650150157],"datetime_complete":"2026-05-28T21:31:47.262312"}
{"op_code":4,"worker_id":"8a75add0-7778-42e4-866d-1286d98c173c-140410062901248","study_id":0,"datetime_start":"2026-05-28T21:31:47.274514"}
{"op_code":9,"worker_id":"8a75add0-7778-42e4-866d-1286d98c173c-140410062901248","trial_id":79,"system_attr":{"nsga2:generation":1}}
{"op_code":5,"worker_id":"8a75add0-7778-42e4-866d-1286d98c173c-140410062901248","trial_id":79,"param_name":"JointSlopeAngle","param_value_internal":0.5478051691981186,"distribution":"{\"name\": \"FloatDistribution\", \"attributes\": {\"step\": null, \"low\": 0.17453292519943295, \"high\": 1.0471975511965976, \"log\": false}}"}
{"op_code":5,"worker_id":"8a75add0-7778-42e4-866d-1286d98c173c-140410062901248","trial_id":79,"param_name":"OuterRadius","param_value_internal":15.106837182519843,"distribution":"{\"name\": \"FloatDistribution\", \"attributes\": {\"step\": null, \"low\": 8.75, \"high\": 17.75, \"log\": false}}"}
{"op_code":5,"worker_id":"8a75add0-7778-42e4-866d-1286d98c173c-140410062901248","trial_id":79,"param_name":"JointHeight","param_value_internal":6.993393128311637,"distribution":"{\"name\": \"FloatDistribution\", \"attributes\": {\"step\": null, \"low\": 5.0, \"high\": 8.0, \"log\": false}}"}
{"op_code":5,"worker_id":"8a75add0-7778-42e4-866d-1286d98c173c-140410062901248","trial_id":79,"param_name":"CavityCorkThickness","param_value_internal":2.921852004566294,"distribution":"{\"name\": \"FloatDistribution\", \"attributes\": {\"step\": null, \"low\": 2.0, \"high\": 5.0, \"log\": false}}"}
{"op_code":5,"worker_id":"8a75add0-7778-42e4-866d-1286d98c173c-140410062901248","trial_id":79,"param_name":"BellowHeight","param_value_internal":8.415276974565108,"distribution":"{\"name\": \"FloatDistribution\", \"attributes\": {\"step\": null, \"low\": 6.0, \"high\": 10.0, \"log\": false}}"}
{"op_code":5,"worker_id":"8a75add0-7778-42e4-866d-1286d98c173c-140410062901248","trial_id":79,"param_name":"WallThickness","param_value_internal":2.4458665526518493,"distribution":"{\"name\": \"FloatDistribution\", \"attributes\": {\"step\": null, \"low\": 2.0, \"high\": 4.0, \"log\": false}}"}
{"op_code":5,"worker_id":"8a75add0-7778-42e4-866d-1286d98c173c-140410062901248","trial_id":79,"param_name":"PlateauHeight","param_value_internal":2.8634546225265693,"distribution":"{\"name\": \"FloatDistribution\", \"attributes\": {\"step\": null, \"low\": 2.0, \"high\": 4.0, \"log\": false}}"}
{"op_code":6,"worker_id":"1d57d4b9-2efe-4085-8b4d-54f9f495ee39-139982114316288","trial_id":70,"state":1,"values":[104.4734883739535,0.10947325378720194,0.3194004879085656],"datetime_complete":"2026-05-28T21:31:47.815779"}
{"op_code":4,"worker_id":"1d57d4b9-2efe-4085-8b4d-54f9f495ee39-139982114316288","study_id":0,"datetime_start":"2026-05-28T21:31:47.829078"}
{"op_code":9,"worker_id":"1d57d4b9-2efe-4085-8b4d-54f9f495ee39-139982114316288","trial_id":80,"system_attr":{"nsga2:generation":1}}
{"op_code":5,"worker_id":"1d57d4b9-2efe-4085-8b4d-54f9f495ee39-139982114316288","trial_id":80,"param_name":"JointSlopeAngle","param_value_internal":0.7971422635277798,"distribution":"{\"name\": \"FloatDistribution\", \"attributes\": {\"step\": null, \"low\": 0.17453292519943295, \"high\": 1.0471975511965976, \"log\": false}}"}
{"op_code":5,"worker_id":"1d57d4b9-2efe-4085-8b4d-54f9f495ee39-139982114316288","trial_id":80,"param_name":"OuterRadius","param_value_internal":13.858393867456938,"distribution":"{\"name\": \"FloatDistribution\", \"attributes\": {\"step\": null, \"low\": 8.75, \"high\": 17.75, \"log\": false}}"}
{"op_code":5,"worker_id":"1d57d4b9-2efe-4085-8b4d-54f9f495ee39-139982114316288","trial_id":80,"param_name":"JointHeight","param_value_internal":7.186498379431134,"distribution":"{\"name\": \"FloatDistribution\", \"attributes\": {\"step\": null, \"low\": 5.0, \"high\": 8.0, \"log\": false}}"}
{"op_code":5,"worker_id":"1d57d4b9-2efe-4085-8b4d-54f9f495ee39-139982114316288","trial_id":80,"param_name":"CavityCorkThickness","param_value_internal":3.216753339045557,"distribution":"{\"name\": \"FloatDistribution\", \"attributes\": {\"step\": null, \"low\": 2.0, \"high\": 5.0, \"log\": false}}"}
{"op_code":5,"worker_id":"1d57d4b9-2efe-4085-8b4d-54f9f495ee39-139982114316288","trial_id":80,"param_name":"BellowHeight","param_value_internal":8.491643329707284,"distribution":"{\"name\": \"FloatDistribution\", \"attributes\": {\"step\": null, \"low\": 6.0, \"high\": 10.0, \"log\": false}}"}
{"op_code":5,"worker_id":"1d57d4b9-2efe-4085-8b4d-54f9f495ee39-139982114316288","trial_id":80,"param_name":"WallThickness","param_value_internal":3.1457421958069336,"distribution":"{\"name\": \"FloatDistribution\", \"attributes\": {\"step\": null, \"low\": 2.0, \"high\": 4.0, \"log\": false}}"}
{"op_code":5,"worker_id":"1d57d4b9-2efe-4085-8b4d-54f9f495ee39-139982114316288","trial_id":80,"param_name":"PlateauHeight","param_value_internal":3.6692697923165056,"distribution":"{\"name\": \"FloatDistribution\", \"attributes\": {\"step\": null, \"low\": 2.0, \"high\": 4.0, \"log\": false}}"}
{"op_code":6,"worker_id":"9992359c-2947-4fa8-8b68-9e198020834d-140317543788544","trial_id":72,"state":1,"values":[27.616464806637765,0.11428044898191285,0.4513682343125508],"datetime_complete":"2026-05-28T21:31:50.999136"}
{"op_code":4,"worker_id":"9992359c-2947-4fa8-8b68-9e198020834d-140317543788544","study_id":0,"datetime_start":"2026-05-28T21:31:51.012067"}
{"op_code":9,"worker_id":"9992359c-2947-4fa8-8b68-9e198020834d-140317543788544","trial_id":81,"system_attr":{"nsga2:generation":1}}
{"op_code":5,"worker_id":"9992359c-2947-4fa8-8b68-9e198020834d-140317543788544","trial_id":81,"param_name":"JointSlopeAngle","param_value_internal":0.7971422635277798,"distribution":"{\"name\": \"FloatDistribution\", \"attributes\": {\"step\": null, \"low\": 0.17453292519943295, \"high\": 1.0471975511965976, \"log\": false}}"}
{"op_code":5,"worker_id":"9992359c-2947-4fa8-8b68-9e198020834d-140317543788544","trial_id":81,"param_name":"OuterRadius","param_value_internal":10.972473835358148,"distribution":"{\"name\": \"FloatDistribution\", \"attributes\": {\"step\": null, \"low\": 8.75, \"high\": 17.75, \"log\": false}}"}
{"op_code":5,"worker_id":"9992359c-2947-4fa8-8b68-9e198020834d-140317543788544","trial_id":81,"param_name":"JointHeight","param_value_internal":7.186498379431134,"distribution":"{\"name\": \"FloatDistribution\", \"attributes\": {\"step\": null, \"low\": 5.0, \"high\": 8.0, \"log\": false}}"}
{"op_code":5,"worker_id":"9992359c-2947-4fa8-8b68-9e198020834d-140317543788544","trial_id":81,"param_name":"CavityCorkThickness","param_value_internal":3.1191527941661503,"distribution":"{\"name\": \"FloatDistribution\", \"attributes\": {\"step\": null, \"low\": 2.0, \"high\": 5.0, \"log\": false}}"}
{"op_code":5,"worker_id":"9992359c-2947-4fa8-8b68-9e198020834d-140317543788544","trial_id":81,"param_name":"BellowHeight","param_value_internal":8.535941524576248,"distribution":"{\"name\": \"FloatDistribution\", \"attributes\": {\"step\": null, \"low\": 6.0, \"high\": 10.0, \"log\": false}}"}
{"op_code":5,"worker_id":"9992359c-2947-4fa8-8b68-9e198020834d-140317543788544","trial_id":81,"param_name":"WallThickness","param_value_internal":2.572774572846695,"distribution":"{\"name\": \"FloatDistribution\", \"attributes\": {\"step\": null, \"low\": 2.0, \"high\": 4.0, \"log\": false}}"}
{"op_code":5,"worker_id":"9992359c-2947-4fa8-8b68-9e198020834d-140317543788544","trial_id":81,"param_name":"PlateauHeight","param_value_internal":2.0677463932415714,"distribution":"{\"name\": \"FloatDistribution\", \"attributes\": {\"step\": null, \"low\": 2.0, \"high\": 4.0, \"log\": false}}"}
{"op_code":6,"worker_id":"aa9c430d-c698-4b2e-a3ac-2e2d6f714747-140088878280704","trial_id":77,"state":1,"values":[-Infinity,-Infinity,-Infinity],"datetime_complete":"2026-05-28T21:32:00.571978"}
{"op_code":4,"worker_id":"aa9c430d-c698-4b2e-a3ac-2e2d6f714747-140088878280704","study_id":0,"datetime_start":"2026-05-28T21:32:00.591009"}
{"op_code":9,"worker_id":"aa9c430d-c698-4b2e-a3ac-2e2d6f714747-140088878280704","trial_id":82,"system_attr":{"nsga2:generation":1}}
{"op_code":5,"worker_id":"aa9c430d-c698-4b2e-a3ac-2e2d6f714747-140088878280704","trial_id":82,"param_name":"JointSlopeAngle","param_value_internal":0.40311435044476807,"distribution":"{\"name\": \"FloatDistribution\", \"attributes\": {\"step\": null, \"low\": 0.17453292519943295, \"high\": 1.0471975511965976, \"log\": false}}"}
{"op_code":5,"worker_id":"aa9c430d-c698-4b2e-a3ac-2e2d6f714747-140088878280704","trial_id":82,"param_name":"OuterRadius","param_value_internal":15.02012494808961,"distribution":"{\"name\": \"FloatDistribution\", \"attributes\": {\"step\": null, \"low\": 8.75, \"high\": 17.75, \"log\": false}}"}
{"op_code":5,"worker_id":"aa9c430d-c698-4b2e-a3ac-2e2d6f714747-140088878280704","trial_id":82,"param_name":"JointHeight","param_value_internal":5.8741644177199115,"distribution":"{\"name\": \"FloatDistribution\", \"attributes\": {\"step\": null, \"low\": 5.0, \"high\": 8.0, \"log\": false}}"}
{"op_code":5,"worker_id":"aa9c430d-c698-4b2e-a3ac-2e2d6f714747-140088878280704","trial_id":82,"param_name":"CavityCorkThickness","param_value_internal":4.5846813631520895,"distribution":"{\"name\": \"FloatDistribution\", \"attributes\": {\"step\": null, \"low\": 2.0, \"high\": 5.0, \"log\": false}}"}
{"op_code":5,"worker_id":"aa9c430d-c698-4b2e-a3ac-2e2d6f714747-140088878280704","trial_id":82,"param_name":"BellowHeight","param_value_internal":6.592238441389878,"distribution":"{\"name\": \"FloatDistribution\", \"attributes\": {\"step\": null, \"low\": 6.0, \"high\": 10.0, \"log\": false}}"}
{"op_code":5,"worker_id":"aa9c430d-c698-4b2e-a3ac-2e2d6f714747-140088878280704","trial_id":82,"param_name":"WallThickness","param_value_internal":3.518558232316157,"distribution":"{\"name\": \"FloatDistribution\", \"attributes\": {\"step\": null, \"low\": 2.0, \"high\": 4.0, \"log\": false}}"}
{"op_code":5,"worker_id":"aa9c430d-c698-4b2e-a3ac-2e2d6f714747-140088878280704","trial_id":82,"param_name":"PlateauHeight","param_value_internal":2.0851532055776594,"distribution":"{\"name\": \"FloatDistribution\", \"attributes\": {\"step\": null, \"low\": 2.0, \"high\": 4.0, \"log\": false}}"}
{"op_code":6,"worker_id":"aa9c430d-c698-4b2e-a3ac-2e2d6f714747-140088878280704","trial_id":82,"state":1,"values":[-Infinity,-Infinity,-Infinity],"datetime_complete":"2026-05-28T21:32:10.957395"}
{"op_code":4,"worker_id":"aa9c430d-c698-4b2e-a3ac-2e2d6f714747-140088878280704","study_id":0,"datetime_start":"2026-05-28T21:32:10.975898"}
{"op_code":9,"worker_id":"aa9c430d-c698-4b2e-a3ac-2e2d6f714747-140088878280704","trial_id":83,"system_attr":{"nsga2:generation":1}}
{"op_code":5,"worker_id":"aa9c430d-c698-4b2e-a3ac-2e2d6f714747-140088878280704","trial_id":83,"param_name":"JointSlopeAngle","param_value_internal":0.9342134413879534,"distribution":"{\"name\": \"FloatDistribution\", \"attributes\": {\"step\": null, \"low\": 0.17453292519943295, \"high\": 1.0471975511965976, \"log\": false}}"}
{"op_code":5,"worker_id":"aa9c430d-c698-4b2e-a3ac-2e2d6f714747-140088878280704","trial_id":83,"param_name":"OuterRadius","param_value_internal":17.265214475068273,"distribution":"{\"name\": \"FloatDistribution\", \"attributes\": {\"step\": null, \"low\": 8.75, \"high\": 17.75, \"log\": false}}"}
{"op_code":5,"worker_id":"aa9c430d-c698-4b2e-a3ac-2e2d6f714747-140088878280704","trial_id":83,"param_name":"JointHeight","param_value_internal":5.9707742292171675,"distribution":"{\"name\": \"FloatDistribution\", \"attributes\": {\"step\": null, \"low\": 5.0, \"high\": 8.0, \"log\": false}}"}
{"op_code":5,"worker_id":"aa9c430d-c698-4b2e-a3ac-2e2d6f714747-140088878280704","trial_id":83,"param_name":"CavityCorkThickness","param_value_internal":4.444144648294285,"distribution":"{\"name\": \"FloatDistribution\", \"attributes\": {\"step\": null, \"low\": 2.0, \"high\": 5.0, \"log\": false}}"}
{"op_code":5,"worker_id":"aa9c430d-c698-4b2e-a3ac-2e2d6f714747-140088878280704","trial_id":83,"param_name":"BellowHeight","param_value_internal":6.745910664595325,"distribution":"{\"name\": \"FloatDistribution\", \"attributes\": {\"step\": null, \"low\": 6.0, \"high\": 10.0, \"log\": false}}"}
{"op_code":5,"worker_id":"aa9c430d-c698-4b2e-a3ac-2e2d6f714747-140088878280704","trial_id":83,"param_name":"WallThickness","param_value_internal":2.4637040653257554,"distribution":"{\"name\": \"FloatDistribution\", \"attributes\": {\"step\": null, \"low\": 2.0, \"high\": 4.0, \"log\": false}}"}
{"op_code":5,"worker_id":"aa9c430d-c698-4b2e-a3ac-2e2d6f714747-140088878280704","trial_id":83,"param_name":"PlateauHeight","param_value_internal":2.9000029750075758,"distribution":"{\"name\": \"FloatDistribution\", \"attributes\": {\"step\": null, \"low\": 2.0, \"high\": 4.0, \"log\": false}}"}
{"op_code":6,"worker_id":"21d0d68d-aeb8-4e5b-8332-dd5737dc2961-140193223114752","trial_id":75,"state":1,"values":[41.55351550502479,0.10421822138519858,0.48750578479467693],"datetime_complete":"2026-05-28T21:32:12.774056"}
{"op_code":4,"worker_id":"21d0d68d-aeb8-4e5b-8332-dd5737dc2961-140193223114752","study_id":0,"datetime_start":"2026-05-28T21:32:12.788030"}
{"op_code":9,"worker_id":"21d0d68d-aeb8-4e5b-8332-dd5737dc2961-140193223114752","trial_id":84,"system_attr":{"nsga2:generation":1}}
{"op_code":5,"worker_id":"21d0d68d-aeb8-4e5b-8332-dd5737dc2961-140193223114752","trial_id":84,"param_name":"JointSlopeAngle","param_value_internal":0.6283301402413571,"distribution":"{\"name\": \"FloatDistribution\", \"attributes\": {\"step\": null, \"low\": 0.17453292519943295, \"high\": 1.0471975511965976, \"log\": false}}"}
{"op_code":5,"worker_id":"21d0d68d-aeb8-4e5b-8332-dd5737dc2961-140193223114752","trial_id":84,"param_name":"OuterRadius","param_value_internal":14.099577595746613,"distribution":"{\"name\": \"FloatDistribution\", \"attributes\": {\"step\": null, \"low\": 8.75, \"high\": 17.75, \"log\": false}}"}
{"op_code":5,"worker_id":"21d0d68d-aeb8-4e5b-8332-dd5737dc2961-140193223114752","trial_id":84,"param_name":"JointHeight","param_value_internal":5.8741644177199115,"distribution":"{\"name\": \"FloatDistribution\", \"attributes\": {\"step\": null, \"low\": 5.0, \"high\": 8.0, \"log\": false}}"}
{"op_code":5,"worker_id":"21d0d68d-aeb8-4e5b-8332-dd5737dc2961-140193223114752","trial_id":84,"param_name":"CavityCorkThickness","param_value_internal":3.268333017350702,"distribution":"{\"name\": \"FloatDistribution\", \"attributes\": {\"step\": null, \"low\": 2.0, \"high\": 5.0, \"log\": false}}"}
{"op_code":5,"worker_id":"21d0d68d-aeb8-4e5b-8332-dd5737dc2961-140193223114752","trial_id":84,"param_name":"BellowHeight","param_value_internal":6.6500016738408805,"distribution":"{\"name\": \"FloatDistribution\", \"attributes\": {\"step\": null, \"low\": 6.0, \"high\": 10.0, \"log\": false}}"}
{"op_code":5,"worker_id":"21d0d68d-aeb8-4e5b-8332-dd5737dc2961-140193223114752","trial_id":84,"param_name":"WallThickness","param_value_internal":2.4033688852079402,"distribution":"{\"name\": \"FloatDistribution\", \"attributes\": {\"step\": null, \"low\": 2.0, \"high\": 4.0, \"log\": false}}"}
{"op_code":5,"worker_id":"21d0d68d-aeb8-4e5b-8332-dd5737dc2961-140193223114752","trial_id":84,"param_name":"PlateauHeight","param_value_internal":2.623492640568099,"distribution":"{\"name\": \"FloatDistribution\", \"attributes\": {\"step\": null, \"low\": 2.0, \"high\": 4.0, \"log\": false}}"}
{"op_code":6,"worker_id":"d6dec318-6198-4b0d-9442-33b13b0b99ff-140273271562240","trial_id":76,"state":1,"values":[-Infinity,-Infinity,-Infinity],"datetime_complete":"2026-05-28T21:32:19.439784"}
{"op_code":4,"worker_id":"d6dec318-6198-4b0d-9442-33b13b0b99ff-140273271562240","study_id":0,"datetime_start":"2026-05-28T21:32:19.457652"}
{"op_code":9,"worker_id":"d6dec318-6198-4b0d-9442-33b13b0b99ff-140273271562240","trial_id":85,"system_attr":{"nsga2:generation":1}}
{"op_code":5,"worker_id":"d6dec318-6198-4b0d-9442-33b13b0b99ff-140273271562240","trial_id":85,"param_name":"JointSlopeAngle","param_value_internal":0.9261479158450542,"distribution":"{\"name\": \"FloatDistribution\", \"attributes\": {\"step\": null, \"low\": 0.17453292519943295, \"high\": 1.0471975511965976, \"log\": false}}"}
{"op_code":5,"worker_id":"d6dec318-6198-4b0d-9442-33b13b0b99ff-140273271562240","trial_id":85,"param_name":"OuterRadius","param_value_internal":11.175384571688511,"distribution":"{\"name\": \"FloatDistribution\", \"attributes\": {\"step\": null, \"low\": 8.75, \"high\": 17.75, \"log\": false}}"}
{"op_code":5,"worker_id":"d6dec318-6198-4b0d-9442-33b13b0b99ff-140273271562240","trial_id":85,"param_name":"JointHeight","param_value_internal":6.577801974262155,"distribution":"{\"name\": \"FloatDistribution\", \"attributes\": {\"step\": null, \"low\": 5.0, \"high\": 8.0, \"log\": false}}"}
{"op_code":5,"worker_id":"d6dec318-6198-4b0d-9442-33b13b0b99ff-140273271562240","trial_id":85,"param_name":"CavityCorkThickness","param_value_internal":2.464131003722942,"distribution":"{\"name\": \"FloatDistribution\", \"attributes\": {\"step\": null, \"low\": 2.0, \"high\": 5.0, \"log\": false}}"}
{"op_code":5,"worker_id":"d6dec318-6198-4b0d-9442-33b13b0b99ff-140273271562240","trial_id":85,"param_name":"BellowHeight","param_value_internal":9.232286977207224,"distribution":"{\"name\": \"FloatDistribution\", \"attributes\": {\"step\": null, \"low\": 6.0, \"high\": 10.0, \"log\": false}}"}
{"op_code":5,"worker_id":"d6dec318-6198-4b0d-9442-33b13b0b99ff-140273271562240","trial_id":85,"param_name":"WallThickness","param_value_internal":3.227584675384059,"distribution":"{\"name\": \"FloatDistribution\", \"attributes\": {\"step\": null, \"low\": 2.0, \"high\": 4.0, \"log\": false}}"}
{"op_code":5,"worker_id":"d6dec318-6198-4b0d-9442-33b13b0b99ff-140273271562240","trial_id":85,"param_name":"PlateauHeight","param_value_internal":2.6534402573663156,"distribution":"{\"name\": \"FloatDistribution\", \"attributes\": {\"step\": null, \"low\": 2.0, \"high\": 4.0, \"log\": false}}"}
{"op_code":6,"worker_id":"aa9c430d-c698-4b2e-a3ac-2e2d6f714747-140088878280704","trial_id":83,"state":1,"values":[-Infinity,-Infinity,-Infinity],"datetime_complete":"2026-05-28T21:32:21.325552"}
{"op_code":4,"worker_id":"aa9c430d-c698-4b2e-a3ac-2e2d6f714747-140088878280704","study_id":0,"datetime_start":"2026-05-28T21:32:21.342373"}
{"op_code":9,"worker_id":"aa9c430d-c698-4b2e-a3ac-2e2d6f714747-140088878280704","trial_id":86,"system_attr":{"nsga2:generation":1}}
{"op_code":5,"worker_id":"aa9c430d-c698-4b2e-a3ac-2e2d6f714747-140088878280704","trial_id":86,"param_name":"JointSlopeAngle","param_value_internal":0.17737555195642896,"distribution":"{\"name\": \"FloatDistribution\", \"attributes\": {\"step\": null, \"low\": 0.17453292519943295, \"high\": 1.0471975511965976, \"log\": false}}"}
{"op_code":5,"worker_id":"aa9c430d-c698-4b2e-a3ac-2e2d6f714747-140088878280704","trial_id":86,"param_name":"OuterRadius","param_value_internal":9.572545694636164,"distribution":"{\"name\": \"FloatDistribution\", \"attributes\": {\"step\": null, \"low\": 8.75, \"high\": 17.75, \"log\": false}}"}
{"op_code":5,"worker_id":"aa9c430d-c698-4b2e-a3ac-2e2d6f714747-140088878280704","trial_id":86,"param_name":"JointHeight","param_value_internal":6.385494423523551,"distribution":"{\"name\": \"FloatDistribution\", \"attributes\": {\"step\": null, \"low\": 5.0, \"high\": 8.0, \"log\": false}}"}
{"op_code":5,"worker_id":"aa9c430d-c698-4b2e-a3ac-2e2d6f714747-140088878280704","trial_id":86,"param_name":"CavityCorkThickness","param_value_internal":3.083527360926134,"distribution":"{\"name\": \"FloatDistribution\", \"attributes\": {\"step\": null, \"low\": 2.0, \"high\": 5.0, \"log\": false}}"}
{"op_code":5,"worker_id":"aa9c430d-c698-4b2e-a3ac-2e2d6f714747-140088878280704","trial_id":86,"param_name":"BellowHeight","param_value_internal":8.725678225419998,"distribution":"{\"name\": \"FloatDistribution\", \"attributes\": {\"step\": null, \"low\": 6.0, \"high\": 10.0, \"log\": false}}"}
{"op_code":5,"worker_id":"aa9c430d-c698-4b2e-a3ac-2e2d6f714747-140088878280704","trial_id":86,"param_name":"WallThickness","param_value_internal":2.8498809336133113,"distribution":"{\"name\": \"FloatDistribution\", \"attributes\": {\"step\": null, \"low\": 2.0, \"high\": 4.0, \"log\": false}}"}
{"op_code":5,"worker_id":"aa9c430d-c698-4b2e-a3ac-2e2d6f714747-140088878280704","trial_id":86,"param_name":"PlateauHeight","param_value_internal":2.1183614868168963,"distribution":"{\"name\": \"FloatDistribution\", \"attributes\": {\"step\": null, \"low\": 2.0, \"high\": 4.0, \"log\": false}}"}
{"op_code":6,"worker_id":"8ef529fe-e953-4a66-b211-34b627f6af18-139982915063808","trial_id":78,"state":1,"values":[29.129824306708144,0.07107698675342884,0.4715064557920148],"datetime_complete":"2026-05-28T21:32:23.080883"}
{"op_code":4,"worker_id":"8ef529fe-e953-4a66-b211-34b627f6af18-139982915063808","study_id":0,"datetime_start":"2026-05-28T21:32:23.092924"}
{"op_code":9,"worker_id":"8ef529fe-e953-4a66-b211-34b627f6af18-139982915063808","trial_id":87,"system_attr":{"nsga2:generation":1}}
{"op_code":5,"worker_id":"8ef529fe-e953-4a66-b211-34b627f6af18-139982915063808","trial_id":87,"param_name":"JointSlopeAngle","param_value_internal":0.4853215795172432,"distribution":"{\"name\": \"FloatDistribution\", \"attributes\": {\"step\": null, \"low\": 0.17453292519943295, \"high\": 1.0471975511965976, \"log\": false}}"}
{"op_code":5,"worker_id":"8ef529fe-e953-4a66-b211-34b627f6af18-139982915063808","trial_id":87,"param_name":"OuterRadius","param_value_internal":11.342695990311945,"distribution":"{\"name\": \"FloatDistribution\", \"attributes\": {\"step\": null, \"low\": 8.75, \"high\": 17.75, \"log\": false}}"}
{"op_code":5,"worker_id":"8ef529fe-e953-4a66-b211-34b627f6af18-139982915063808","trial_id":87,"param_name":"JointHeight","param_value_internal":5.458385355736822,"distribution":"{\"name\": \"FloatDistribution\", \"attributes\": {\"step\": null, \"low\": 5.0, \"high\": 8.0, \"log\": false}}"}
{"op_code":5,"worker_id":"8ef529fe-e953-4a66-b211-34b627f6af18-139982915063808","trial_id":87,"param_name":"CavityCorkThickness","param_value_internal":2.885560302188327,"distribution":"{\"name\": \"FloatDistribution\", \"attributes\": {\"step\": null, \"low\": 2.0, \"high\": 5.0, \"log\": false}}"}
{"op_code":5,"worker_id":"8ef529fe-e953-4a66-b211-34b627f6af18-139982915063808","trial_id":87,"param_name":"BellowHeight","param_value_internal":8.525458237243821,"distribution":"{\"name\": \"FloatDistribution\", \"attributes\": {\"step\": null, \"low\": 6.0, \"high\": 10.0, \"log\": false}}"}
{"op_code":5,"worker_id":"8ef529fe-e953-4a66-b211-34b627f6af18-139982915063808","trial_id":87,"param_name":"WallThickness","param_value_internal":3.750105430222216,"distribution":"{\"name\": \"FloatDistribution\", \"attributes\": {\"step\": null, \"low\": 2.0, \"high\": 4.0, \"log\": false}}"}
{"op_code":5,"worker_id":"8ef529fe-e953-4a66-b211-34b627f6af18-139982915063808","trial_id":87,"param_name":"PlateauHeight","param_value_internal":2.7911984234554836,"distribution":"{\"name\": \"FloatDistribution\", \"attributes\": {\"step\": null, \"low\": 2.0, \"high\": 4.0, \"log\": false}}"}
{"op_code":6,"worker_id":"8a75add0-7778-42e4-866d-1286d98c173c-140410062901248","trial_id":79,"state":1,"values":[79.5248543291815,0.08440087575416537,0.3720968027082611],"datetime_complete":"2026-05-28T21:32:26.613697"}
{"op_code":4,"worker_id":"8a75add0-7778-42e4-866d-1286d98c173c-140410062901248","study_id":0,"datetime_start":"2026-05-28T21:32:26.625835"}
{"op_code":9,"worker_id":"8a75add0-7778-42e4-866d-1286d98c173c-140410062901248","trial_id":88,"system_attr":{"nsga2:generation":1}}
{"op_code":5,"worker_id":"8a75add0-7778-42e4-866d-1286d98c173c-140410062901248","trial_id":88,"param_name":"JointSlopeAngle","param_value_internal":0.829634327251552,"distribution":"{\"name\": \"FloatDistribution\", \"attributes\": {\"step\": null, \"low\": 0.17453292519943295, \"high\": 1.0471975511965976, \"log\": false}}"}
{"op_code":5,"worker_id":"8a75add0-7778-42e4-866d-1286d98c173c-140410062901248","trial_id":88,"param_name":"OuterRadius","param_value_internal":10.88694454515912,"distribution":"{\"name\": \"FloatDistribution\", \"attributes\": {\"step\": null, \"low\": 8.75, \"high\": 17.75, \"log\": false}}"}
{"op_code":5,"worker_id":"8a75add0-7778-42e4-866d-1286d98c173c-140410062901248","trial_id":88,"param_name":"JointHeight","param_value_internal":7.147381649307654,"distribution":"{\"name\": \"FloatDistribution\", \"attributes\": {\"step\": null, \"low\": 5.0, \"high\": 8.0, \"log\": false}}"}
{"op_code":5,"worker_id":"8a75add0-7778-42e4-866d-1286d98c173c-140410062901248","trial_id":88,"param_name":"CavityCorkThickness","param_value_internal":2.885560302188327,"distribution":"{\"name\": \"FloatDistribution\", \"attributes\": {\"step\": null, \"low\": 2.0, \"high\": 5.0, \"log\": false}}"}
{"op_code":5,"worker_id":"8a75add0-7778-42e4-866d-1286d98c173c-140410062901248","trial_id":88,"param_name":"BellowHeight","param_value_internal":6.842981852582764,"distribution":"{\"name\": \"FloatDistribution\", \"attributes\": {\"step\": null, \"low\": 6.0, \"high\": 10.0, \"log\": false}}"}
{"op_code":5,"worker_id":"8a75add0-7778-42e4-866d-1286d98c173c-140410062901248","trial_id":88,"param_name":"WallThickness","param_value_internal":2.120492221253444,"distribution":"{\"name\": \"FloatDistribution\", \"attributes\": {\"step\": null, \"low\": 2.0, \"high\": 4.0, \"log\": false}}"}
{"op_code":5,"worker_id":"8a75add0-7778-42e4-866d-1286d98c173c-140410062901248","trial_id":88,"param_name":"PlateauHeight","param_value_internal":3.808149792240684,"distribution":"{\"name\": \"FloatDistribution\", \"attributes\": {\"step\": null, \"low\": 2.0, \"high\": 4.0, \"log\": false}}"}
{"op_code":6,"worker_id":"1d57d4b9-2efe-4085-8b4d-54f9f495ee39-139982114316288","trial_id":80,"state":1,"values":[42.68939009267126,0.06629325900010422,0.4280027035349512],"datetime_complete":"2026-05-28T21:32:27.262313"}
{"op_code":4,"worker_id":"1d57d4b9-2efe-4085-8b4d-54f9f495ee39-139982114316288","study_id":0,"datetime_start":"2026-05-28T21:32:27.274961"}
{"op_code":9,"worker_id":"1d57d4b9-2efe-4085-8b4d-54f9f495ee39-139982114316288","trial_id":89,"system_attr":{"nsga2:generation":1}}
{"op_code":5,"worker_id":"1d57d4b9-2efe-4085-8b4d-54f9f495ee39-139982114316288","trial_id":89,"param_name":"JointSlopeAngle","param_value_internal":0.17737555195642896,"distribution":"{\"name\": \"FloatDistribution\", \"attributes\": {\"step\": null, \"low\": 0.17453292519943295, \"high\": 1.0471975511965976, \"log\": false}}"}
{"op_code":5,"worker_id":"1d57d4b9-2efe-4085-8b4d-54f9f495ee39-139982114316288","trial_id":89,"param_name":"OuterRadius","param_value_internal":10.155327440571245,"distribution":"{\"name\": \"FloatDistribution\", \"attributes\": {\"step\": null, \"low\": 8.75, \"high\": 17.75, \"log\": false}}"}
{"op_code":5,"worker_id":"1d57d4b9-2efe-4085-8b4d-54f9f495ee39-139982114316288","trial_id":89,"param_name":"JointHeight","param_value_internal":6.385494423523551,"distribution":"{\"name\": \"FloatDistribution\", \"attributes\": {\"step\": null, \"low\": 5.0, \"high\": 8.0, \"log\": false}}"}
{"op_code":5,"worker_id":"1d57d4b9-2efe-4085-8b4d-54f9f495ee39-139982114316288","trial_id":89,"param_name":"CavityCorkThickness","param_value_internal":3.083527360926134,"distribution":"{\"name\": \"FloatDistribution\", \"attributes\": {\"step\": null, \"low\": 2.0, \"high\": 5.0, \"log\": false}}"}
{"op_code":5,"worker_id":"1d57d4b9-2efe-4085-8b4d-54f9f495ee39-139982114316288","trial_id":89,"param_name":"BellowHeight","param_value_internal":8.725678225419998,"distribution":"{\"name\": \"FloatDistribution\", \"attributes\": {\"step\": null, \"low\": 6.0, \"high\": 10.0, \"log\": false}}"}
{"op_code":5,"worker_id":"1d57d4b9-2efe-4085-8b4d-54f9f495ee39-139982114316288","trial_id":89,"param_name":"WallThickness","param_value_internal":2.8498809336133113,"distribution":"{\"name\": \"FloatDistribution\", \"attributes\": {\"step\": null, \"low\": 2.0, \"high\": 4.0, \"log\": false}}"}
{"op_code":5,"worker_id":"1d57d4b9-2efe-4085-8b4d-54f9f495ee39-139982114316288","trial_id":89,"param_name":"PlateauHeight","param_value_internal":3.9574149350688788,"distribution":"{\"name\": \"FloatDistribution\", \"attributes\": {\"step\": null, \"low\": 2.0, \"high\": 4.0, \"log\": false}}"}
{"op_code":6,"worker_id":"9992359c-2947-4fa8-8b68-9e198020834d-140317543788544","trial_id":81,"state":1,"values":[32.36018168557479,0.0924990715066421,0.45739059324841647],"datetime_complete":"2026-05-28T21:32:29.811587"}
{"op_code":4,"worker_id":"9992359c-2947-4fa8-8b68-9e198020834d-140317543788544","study_id":0,"datetime_start":"2026-05-28T21:32:29.824661"}
{"op_code":9,"worker_id":"9992359c-2947-4fa8-8b68-9e198020834d-140317543788544","trial_id":90,"system_attr":{"nsga2:generation":1}}
{"op_code":5,"worker_id":"9992359c-2947-4fa8-8b68-9e198020834d-140317543788544","trial_id":90,"param_name":"JointSlopeAngle","param_value_internal":0.6631054202483866,"distribution":"{\"name\": \"FloatDistribution\", \"attributes\": {\"step\": null, \"low\": 0.17453292519943295, \"high\": 1.0471975511965976, \"log\": false}}"}
{"op_code":5,"worker_id":"9992359c-2947-4fa8-8b68-9e198020834d-140317543788544","trial_id":90,"param_name":"OuterRadius","param_value_internal":8.854814004288265,"distribution":"{\"name\": \"FloatDistribution\", \"attributes\": {\"step\": null, \"low\": 8.75, \"high\": 17.75, \"log\": false}}"}
{"op_code":5,"worker_id":"9992359c-2947-4fa8-8b68-9e198020834d-140317543788544","trial_id":90,"param_name":"JointHeight","param_value_internal":7.668148405994216,"distribution":"{\"name\": \"FloatDistribution\", \"attributes\": {\"step\": null, \"low\": 5.0, \"high\": 8.0, \"log\": false}}"}
{"op_code":5,"worker_id":"9992359c-2947-4fa8-8b68-9e198020834d-140317543788544","trial_id":90,"param_name":"CavityCorkThickness","param_value_internal":2.5696716449240977,"distribution":"{\"name\": \"FloatDistribution\", \"attributes\": {\"step\": null, \"low\": 2.0, \"high\": 5.0, \"log\": false}}"}
{"op_code":5,"worker_id":"9992359c-2947-4fa8-8b68-9e198020834d-140317543788544","trial_id":90,"param_name":"BellowHeight","param_value_internal":9.52096971353431,"distribution":"{\"name\": \"FloatDistribution\", \"attributes\": {\"step\": null, \"low\": 6.0, \"high\": 10.0, \"log\": false}}"}
{"op_code":5,"worker_id":"9992359c-2947-4fa8-8b68-9e198020834d-140317543788544","trial_id":90,"param_name":"WallThickness","param_value_internal":3.1457421958069336,"distribution":"{\"name\": \"FloatDistribution\", \"attributes\": {\"step\": null, \"low\": 2.0, \"high\": 4.0, \"log\": false}}"}
{"op_code":5,"worker_id":"9992359c-2947-4fa8-8b68-9e198020834d-140317543788544","trial_id":90,"param_name":"PlateauHeight","param_value_internal":2.0677463932415714,"distribution":"{\"name\": \"FloatDistribution\", \"attributes\": {\"step\": null, \"low\": 2.0, \"high\": 4.0, \"log\": false}}"}
{"op_code":6,"worker_id":"21d0d68d-aeb8-4e5b-8332-dd5737dc2961-140193223114752","trial_id":84,"state":1,"values":[61.56655016433274,0.10229046928098923,0.4092746036361147],"datetime_complete":"2026-05-28T21:32:51.523718"}
{"op_code":4,"worker_id":"21d0d68d-aeb8-4e5b-8332-dd5737dc2961-140193223114752","study_id":0,"datetime_start":"2026-05-28T21:32:51.535938"}
{"op_code":9,"worker_id":"21d0d68d-aeb8-4e5b-8332-dd5737dc2961-140193223114752","trial_id":91,"system_attr":{"nsga2:generation":1}}
{"op_code":5,"worker_id":"21d0d68d-aeb8-4e5b-8332-dd5737dc2961-140193223114752","trial_id":91,"param_name":"JointSlopeAngle","param_value_internal":0.9621973800922958,"distribution":"{\"name\": \"FloatDistribution\", \"attributes\": {\"step\": null, \"low\": 0.17453292519943295, \"high\": 1.0471975511965976, \"log\": false}}"}
{"op_code":5,"worker_id":"21d0d68d-aeb8-4e5b-8332-dd5737dc2961-140193223114752","trial_id":91,"param_name":"OuterRadius","param_value_internal":15.897009663908072,"distribution":"{\"name\": \"FloatDistribution\", \"attributes\": {\"step\": null, \"low\": 8.75, \"high\": 17.75, \"log\": false}}"}
{"op_code":5,"worker_id":"21d0d68d-aeb8-4e5b-8332-dd5737dc2961-140193223114752","trial_id":91,"param_name":"JointHeight","param_value_internal":5.614959901728492,"distribution":"{\"name\": \"FloatDistribution\", \"attributes\": {\"step\": null, \"low\": 5.0, \"high\": 8.0, \"log\": false}}"}
{"op_code":5,"worker_id":"21d0d68d-aeb8-4e5b-8332-dd5737dc2961-140193223114752","trial_id":91,"param_name":"CavityCorkThickness","param_value_internal":2.9638340784039916,"distribution":"{\"name\": \"FloatDistribution\", \"attributes\": {\"step\": null, \"low\": 2.0, \"high\": 5.0, \"log\": false}}"}
{"op_code":5,"worker_id":"21d0d68d-aeb8-4e5b-8332-dd5737dc2961-140193223114752","trial_id":91,"param_name":"BellowHeight","param_value_internal":6.949320539743759,"distribution":"{\"name\": \"FloatDistribution\", \"attributes\": {\"step\": null, \"low\": 6.0, \"high\": 10.0, \"log\": false}}"}
{"op_code":5,"worker_id":"21d0d68d-aeb8-4e5b-8332-dd5737dc2961-140193223114752","trial_id":91,"param_name":"WallThickness","param_value_internal":3.086224491416342,"distribution":"{\"name\": \"FloatDistribution\", \"attributes\": {\"step\": null, \"low\": 2.0, \"high\": 4.0, \"log\": false}}"}
{"op_code":5,"worker_id":"21d0d68d-aeb8-4e5b-8332-dd5737dc2961-140193223114752","trial_id":91,"param_name":"PlateauHeight","param_value_internal":3.404576993401408,"distribution":"{\"name\": \"FloatDistribution\", \"attributes\": {\"step\": null, \"low\": 2.0, \"high\": 4.0, \"log\": false}}"}
{"op_code":6,"worker_id":"d6dec318-6198-4b0d-9442-33b13b0b99ff-140273271562240","trial_id":85,"state":1,"values":[-Infinity,-Infinity,-Infinity],"datetime_complete":"2026-05-28T21:32:59.051020"}
{"op_code":4,"worker_id":"d6dec318-6198-4b0d-9442-33b13b0b99ff-140273271562240","study_id":0,"datetime_start":"2026-05-28T21:32:59.067432"}
{"op_code":9,"worker_id":"d6dec318-6198-4b0d-9442-33b13b0b99ff-140273271562240","trial_id":92,"system_attr":{"nsga2:generation":1}}
{"op_code":5,"worker_id":"d6dec318-6198-4b0d-9442-33b13b0b99ff-140273271562240","trial_id":92,"param_name":"JointSlopeAngle","param_value_internal":0.1999570530309133,"distribution":"{\"name\": \"FloatDistribution\", \"attributes\": {\"step\": null, \"low\": 0.17453292519943295, \"high\": 1.0471975511965976, \"log\": false}}"}
{"op_code":5,"worker_id":"d6dec318-6198-4b0d-9442-33b13b0b99ff-140273271562240","trial_id":92,"param_name":"OuterRadius","param_value_internal":9.557838809482579,"distribution":"{\"name\": \"FloatDistribution\", \"attributes\": {\"step\": null, \"low\": 8.75, \"high\": 17.75, \"log\": false}}"}
{"op_code":5,"worker_id":"d6dec318-6198-4b0d-9442-33b13b0b99ff-140273271562240","trial_id":92,"param_name":"JointHeight","param_value_internal":6.739975825417013,"distribution":"{\"name\": \"FloatDistribution\", \"attributes\": {\"step\": null, \"low\": 5.0, \"high\": 8.0, \"log\": false}}"}
{"op_code":5,"worker_id":"d6dec318-6198-4b0d-9442-33b13b0b99ff-140273271562240","trial_id":92,"param_name":"CavityCorkThickness","param_value_internal":2.7499069805974656,"distribution":"{\"name\": \"FloatDistribution\", \"attributes\": {\"step\": null, \"low\": 2.0, \"high\": 5.0, \"log\": false}}"}
{"op_code":5,"worker_id":"d6dec318-6198-4b0d-9442-33b13b0b99ff-140273271562240","trial_id":92,"param_name":"BellowHeight","param_value_internal":7.00805577456477,"distribution":"{\"name\": \"FloatDistribution\", \"attributes\": {\"step\": null, \"low\": 6.0, \"high\": 10.0, \"log\": false}}"}
{"op_code":5,"worker_id":"d6dec318-6198-4b0d-9442-33b13b0b99ff-140273271562240","trial_id":92,"param_name":"WallThickness","param_value_internal":3.352125660223665,"distribution":"{\"name\": \"FloatDistribution\", \"attributes\": {\"step\": null, \"low\": 2.0, \"high\": 4.0, \"log\": false}}"}
{"op_code":5,"worker_id":"d6dec318-6198-4b0d-9442-33b13b0b99ff-140273271562240","trial_id":92,"param_name":"PlateauHeight","param_value_internal":2.1183614868168963,"distribution":"{\"name\": \"FloatDistribution\", \"attributes\": {\"step\": null, \"low\": 2.0, \"high\": 4.0, \"log\": false}}"}
{"op_code":6,"worker_id":"aa9c430d-c698-4b2e-a3ac-2e2d6f714747-140088878280704","trial_id":86,"state":1,"values":[-Infinity,-Infinity,-Infinity],"datetime_complete":"2026-05-28T21:33:00.767378"}
{"op_code":4,"worker_id":"aa9c430d-c698-4b2e-a3ac-2e2d6f714747-140088878280704","study_id":0,"datetime_start":"2026-05-28T21:33:00.784703"}
{"op_code":9,"worker_id":"aa9c430d-c698-4b2e-a3ac-2e2d6f714747-140088878280704","trial_id":93,"system_attr":{"nsga2:generation":1}}
{"op_code":5,"worker_id":"aa9c430d-c698-4b2e-a3ac-2e2d6f714747-140088878280704","trial_id":93,"param_name":"JointSlopeAngle","param_value_internal":0.9384490745925683,"distribution":"{\"name\": \"FloatDistribution\", \"attributes\": {\"step\": null, \"low\": 0.17453292519943295, \"high\": 1.0471975511965976, \"log\": false}}"}
{"op_code":5,"worker_id":"aa9c430d-c698-4b2e-a3ac-2e2d6f714747-140088878280704","trial_id":93,"param_name":"OuterRadius","param_value_internal":11.175384571688511,"distribution":"{\"name\": \"FloatDistribution\", \"attributes\": {\"step\": null, \"low\": 8.75, \"high\": 17.75, \"log\": false}}"}
{"op_code":5,"worker_id":"aa9c430d-c698-4b2e-a3ac-2e2d6f714747-140088878280704","trial_id":93,"param_name":"JointHeight","param_value_internal":5.614959901728492,"distribution":"{\"name\": \"FloatDistribution\", \"attributes\": {\"step\": null, \"low\": 5.0, \"high\": 8.0, \"log\": false}}"}
{"op_code":5,"worker_id":"aa9c430d-c698-4b2e-a3ac-2e2d6f714747-140088878280704","trial_id":93,"param_name":"CavityCorkThickness","param_value_internal":2.464131003722942,"distribution":"{\"name\": \"FloatDistribution\", \"attributes\": {\"step\": null, \"low\": 2.0, \"high\": 5.0, \"log\": false}}"}
{"op_code":5,"worker_id":"aa9c430d-c698-4b2e-a3ac-2e2d6f714747-140088878280704","trial_id":93,"param_name":"BellowHeight","param_value_internal":7.3110773661839215,"distribution":"{\"name\": \"FloatDistribution\", \"attributes\": {\"step\": null, \"low\": 6.0, \"high\": 10.0, \"log\": false}}"}
{"op_code":5,"worker_id":"aa9c430d-c698-4b2e-a3ac-2e2d6f714747-140088878280704","trial_id":93,"param_name":"WallThickness","param_value_internal":2.7841270204627406,"distribution":"{\"name\": \"FloatDistribution\", \"attributes\": {\"step\": null, \"low\": 2.0, \"high\": 4.0, \"log\": false}}"}
{"op_code":5,"worker_id":"aa9c430d-c698-4b2e-a3ac-2e2d6f714747-140088878280704","trial_id":93,"param_name":"PlateauHeight","param_value_internal":2.357381703072684,"distribution":"{\"name\": \"FloatDistribution\", \"attributes\": {\"step\": null, \"low\": 2.0, \"high\": 4.0, \"log\": false}}"}
{"op_code":6,"worker_id":"8ef529fe-e953-4a66-b211-34b627f6af18-139982915063808","trial_id":87,"state":1,"values":[26.017341380926723,0.09687121451326408,0.46385180129764353],"datetime_complete":"2026-05-28T21:33:01.665425"}
{"op_code":4,"worker_id":"8ef529fe-e953-4a66-b211-34b627f6af18-139982915063808","study_id":0,"datetime_start":"2026-05-28T21:33:01.676411"}
{"op_code":9,"worker_id":"8ef529fe-e953-4a66-b211-34b627f6af18-139982915063808","trial_id":94,"system_attr":{"nsga2:generation":1}}
{"op_code":5,"worker_id":"8ef529fe-e953-4a66-b211-34b627f6af18-139982915063808","trial_id":94,"param_name":"JointSlopeAngle","param_value_internal":0.4971826600067385,"distribution":"{\"name\": \"FloatDistribution\", \"attributes\": {\"step\": null, \"low\": 0.17453292519943295, \"high\": 1.0471975511965976, \"log\": false}}"}
{"op_code":5,"worker_id":"8ef529fe-e953-4a66-b211-34b627f6af18-139982915063808","trial_id":94,"param_name":"OuterRadius","param_value_internal":11.819670239010229,"distribution":"{\"name\": \"FloatDistribution\", \"attributes\": {\"step\": null, \"low\": 8.75, \"high\": 17.75, \"log\": false}}"}
{"op_code":5,"worker_id":"8ef529fe-e953-4a66-b211-34b627f6af18-139982915063808","trial_id":94,"param_name":"JointHeight","param_value_internal":6.752844906400649,"distribution":"{\"name\": \"FloatDistribution\", \"attributes\": {\"step\": null, \"low\": 5.0, \"high\": 8.0, \"log\": false}}"}
{"op_code":5,"worker_id":"8ef529fe-e953-4a66-b211-34b627f6af18-139982915063808","trial_id":94,"param_name":"CavityCorkThickness","param_value_internal":4.554613221934789,"distribution":"{\"name\": \"FloatDistribution\", \"attributes\": {\"step\": null, \"low\": 2.0, \"high\": 5.0, \"log\": false}}"}
{"op_code":5,"worker_id":"8ef529fe-e953-4a66-b211-34b627f6af18-139982915063808","trial_id":94,"param_name":"BellowHeight","param_value_internal":7.660692112536824,"distribution":"{\"name\": \"FloatDistribution\", \"attributes\": {\"step\": null, \"low\": 6.0, \"high\": 10.0, \"log\": false}}"}
{"op_code":5,"worker_id":"8ef529fe-e953-4a66-b211-34b627f6af18-139982915063808","trial_id":94,"param_name":"WallThickness","param_value_internal":2.7432118692402776,"distribution":"{\"name\": \"FloatDistribution\", \"attributes\": {\"step\": null, \"low\": 2.0, \"high\": 4.0, \"log\": false}}"}
{"op_code":5,"worker_id":"8ef529fe-e953-4a66-b211-34b627f6af18-139982915063808","trial_id":94,"param_name":"PlateauHeight","param_value_internal":3.410592191802534,"distribution":"{\"name\": \"FloatDistribution\", \"attributes\": {\"step\": null, \"low\": 2.0, \"high\": 4.0, \"log\": false}}"}
{"op_code":6,"worker_id":"21d0d68d-aeb8-4e5b-8332-dd5737dc2961-140193223114752","trial_id":91,"state":1,"values":[-Infinity,-Infinity,-Infinity],"datetime_complete":"2026-05-28T21:33:01.805445"}
{"op_code":4,"worker_id":"21d0d68d-aeb8-4e5b-8332-dd5737dc2961-140193223114752","study_id":0,"datetime_start":"2026-05-28T21:33:01.817469"}
{"op_code":9,"worker_id":"21d0d68d-aeb8-4e5b-8332-dd5737dc2961-140193223114752","trial_id":95,"system_attr":{"nsga2:generation":1}}
{"op_code":5,"worker_id":"21d0d68d-aeb8-4e5b-8332-dd5737dc2961-140193223114752","trial_id":95,"param_name":"JointSlopeAngle","param_value_internal":0.1897876786695865,"distribution":"{\"name\": \"FloatDistribution\", \"attributes\": {\"step\": null, \"low\": 0.17453292519943295, \"high\": 1.0471975511965976, \"log\": false}}"}
{"op_code":5,"worker_id":"21d0d68d-aeb8-4e5b-8332-dd5737dc2961-140193223114752","trial_id":95,"param_name":"OuterRadius","param_value_internal":9.597407009556182,"distribution":"{\"name\": \"FloatDistribution\", \"attributes\": {\"step\": null, \"low\": 8.75, \"high\": 17.75, \"log\": false}}"}
{"op_code":5,"worker_id":"21d0d68d-aeb8-4e5b-8332-dd5737dc2961-140193223114752","trial_id":95,"param_name":"JointHeight","param_value_internal":7.479232295155116,"distribution":"{\"name\": \"FloatDistribution\", \"attributes\": {\"step\": null, \"low\": 5.0, \"high\": 8.0, \"log\": false}}"}
{"op_code":5,"worker_id":"21d0d68d-aeb8-4e5b-8332-dd5737dc2961-140193223114752","trial_id":95,"param_name":"CavityCorkThickness","param_value_internal":3.5170887004964215,"distribution":"{\"name\": \"FloatDistribution\", \"attributes\": {\"step\": null, \"low\": 2.0, \"high\": 5.0, \"log\": false}}"}
{"op_code":5,"worker_id":"21d0d68d-aeb8-4e5b-8332-dd5737dc2961-140193223114752","trial_id":95,"param_name":"BellowHeight","param_value_internal":8.424653832331245,"distribution":"{\"name\": \"FloatDistribution\", \"attributes\": {\"step\": null, \"low\": 6.0, \"high\": 10.0, \"log\": false}}"}
{"op_code":5,"worker_id":"21d0d68d-aeb8-4e5b-8332-dd5737dc2961-140193223114752","trial_id":95,"param_name":"WallThickness","param_value_internal":3.196246969535783,"distribution":"{\"name\": \"FloatDistribution\", \"attributes\": {\"step\": null, \"low\": 2.0, \"high\": 4.0, \"log\": false}}"}
{"op_code":5,"worker_id":"21d0d68d-aeb8-4e5b-8332-dd5737dc2961-140193223114752","trial_id":95,"param_name":"PlateauHeight","param_value_internal":3.1237380789980973,"distribution":"{\"name\": \"FloatDistribution\", \"attributes\": {\"step\": null, \"low\": 2.0, \"high\": 4.0, \"log\": false}}"}
{"op_code":6,"worker_id":"8a75add0-7778-42e4-866d-1286d98c173c-140410062901248","trial_id":88,"state":1,"values":[42.47420211021722,0.11160392488691993,0.45587720619113276],"datetime_complete":"2026-05-28T21:33:04.660078"}
{"op_code":4,"worker_id":"8a75add0-7778-42e4-866d-1286d98c173c-140410062901248","study_id":0,"datetime_start":"2026-05-28T21:33:04.671235"}
{"op_code":9,"worker_id":"8a75add0-7778-42e4-866d-1286d98c173c-140410062901248","trial_id":96,"system_attr":{"nsga2:generation":1}}
{"op_code":5,"worker_id":"8a75add0-7778-42e4-866d-1286d98c173c-140410062901248","trial_id":96,"param_name":"JointSlopeAngle","param_value_internal":0.8665535152818254,"distribution":"{\"name\": \"FloatDistribution\", \"attributes\": {\"step\": null, \"low\": 0.17453292519943295, \"high\": 1.0471975511965976, \"log\": false}}"}
{"op_code":5,"worker_id":"8a75add0-7778-42e4-866d-1286d98c173c-140410062901248","trial_id":96,"param_name":"OuterRadius","param_value_internal":16.456512924736487,"distribution":"{\"name\": \"FloatDistribution\", \"attributes\": {\"step\": null, \"low\": 8.75, \"high\": 17.75, \"log\": false}}"}
{"op_code":5,"worker_id":"8a75add0-7778-42e4-866d-1286d98c173c-140410062901248","trial_id":96,"param_name":"JointHeight","param_value_internal":6.05579617910953,"distribution":"{\"name\": \"FloatDistribution\", \"attributes\": {\"step\": null, \"low\": 5.0, \"high\": 8.0, \"log\": false}}"}
{"op_code":5,"worker_id":"8a75add0-7778-42e4-866d-1286d98c173c-140410062901248","trial_id":96,"param_name":"CavityCorkThickness","param_value_internal":3.4826906895668426,"distribution":"{\"name\": \"FloatDistribution\", \"attributes\": {\"step\": null, \"low\": 2.0, \"high\": 5.0, \"log\": false}}"}
{"op_code":5,"worker_id":"8a75add0-7778-42e4-866d-1286d98c173c-140410062901248","trial_id":96,"param_name":"BellowHeight","param_value_internal":7.86469979116414,"distribution":"{\"name\": \"FloatDistribution\", \"attributes\": {\"step\": null, \"low\": 6.0, \"high\": 10.0, \"log\": false}}"}
{"op_code":5,"worker_id":"8a75add0-7778-42e4-866d-1286d98c173c-140410062901248","trial_id":96,"param_name":"WallThickness","param_value_internal":3.404643529387884,"distribution":"{\"name\": \"FloatDistribution\", \"attributes\": {\"step\": null, \"low\": 2.0, \"high\": 4.0, \"log\": false}}"}
{"op_code":5,"worker_id":"8a75add0-7778-42e4-866d-1286d98c173c-140410062901248","trial_id":96,"param_name":"PlateauHeight","param_value_internal":2.7635292417135604,"distribution":"{\"name\": \"FloatDistribution\", \"attributes\": {\"step\": null, \"low\": 2.0, \"high\": 4.0, \"log\": false}}"}
{"op_code":6,"worker_id":"1d57d4b9-2efe-4085-8b4d-54f9f495ee39-139982114316288","trial_id":89,"state":1,"values":[23.327028658903885,0.08444609605200211,0.33672212932937984],"datetime_complete":"2026-05-28T21:33:05.594997"}
{"op_code":4,"worker_id":"1d57d4b9-2efe-4085-8b4d-54f9f495ee39-139982114316288","study_id":0,"datetime_start":"2026-05-28T21:33:05.607192"}
{"op_code":9,"worker_id":"1d57d4b9-2efe-4085-8b4d-54f9f495ee39-139982114316288","trial_id":97,"system_attr":{"nsga2:generation":1}}
{"op_code":5,"worker_id":"1d57d4b9-2efe-4085-8b4d-54f9f495ee39-139982114316288","trial_id":97,"param_name":"JointSlopeAngle","param_value_internal":0.5478051691981186,"distribution":"{\"name\": \"FloatDistribution\", \"attributes\": {\"step\": null, \"low\": 0.17453292519943295, \"high\": 1.0471975511965976, \"log\": false}}"}
{"op_code":5,"worker_id":"1d57d4b9-2efe-4085-8b4d-54f9f495ee39-139982114316288","trial_id":97,"param_name":"OuterRadius","param_value_internal":12.877298723438173,"distribution":"{\"name\": \"FloatDistribution\", \"attributes\": {\"step\": null, \"low\": 8.75, \"high\": 17.75, \"log\": false}}"}
{"op_code":5,"worker_id":"1d57d4b9-2efe-4085-8b4d-54f9f495ee39-139982114316288","trial_id":97,"param_name":"JointHeight","param_value_internal":7.085413705794295,"distribution":"{\"name\": \"FloatDistribution\", \"attributes\": {\"step\": null, \"low\": 5.0, \"high\": 8.0, \"log\": false}}"}
{"op_code":5,"worker_id":"1d57d4b9-2efe-4085-8b4d-54f9f495ee39-139982114316288","trial_id":97,"param_name":"CavityCorkThickness","param_value_internal":2.5291783148481057,"distribution":"{\"name\": \"FloatDistribution\", \"attributes\": {\"step\": null, \"low\": 2.0, \"high\": 5.0, \"log\": false}}"}
{"op_code":5,"worker_id":"1d57d4b9-2efe-4085-8b4d-54f9f495ee39-139982114316288","trial_id":97,"param_name":"BellowHeight","param_value_internal":7.020995464722487,"distribution":"{\"name\": \"FloatDistribution\", \"attributes\": {\"step\": null, \"low\": 6.0, \"high\": 10.0, \"log\": false}}"}
{"op_code":5,"worker_id":"1d57d4b9-2efe-4085-8b4d-54f9f495ee39-139982114316288","trial_id":97,"param_name":"WallThickness","param_value_internal":3.750105430222216,"distribution":"{\"name\": \"FloatDistribution\", \"attributes\": {\"step\": null, \"low\": 2.0, \"high\": 4.0, \"log\": false}}"}
{"op_code":5,"worker_id":"1d57d4b9-2efe-4085-8b4d-54f9f495ee39-139982114316288","trial_id":97,"param_name":"PlateauHeight","param_value_internal":2.52865148569503,"distribution":"{\"name\": \"FloatDistribution\", \"attributes\": {\"step\": null, \"low\": 2.0, \"high\": 4.0, \"log\": false}}"}
{"op_code":6,"worker_id":"9992359c-2947-4fa8-8b68-9e198020834d-140317543788544","trial_id":90,"state":1,"values":[19.88763425129366,0.10317485554895524,0.42175355046648366],"datetime_complete":"2026-05-28T21:33:07.892825"}
{"op_code":4,"worker_id":"9992359c-2947-4fa8-8b68-9e198020834d-140317543788544","study_id":0,"datetime_start":"2026-05-28T21:33:07.905042"}
{"op_code":9,"worker_id":"9992359c-2947-4fa8-8b68-9e198020834d-140317543788544","trial_id":98,"system_attr":{"nsga2:generation":1}}
{"op_code":5,"worker_id":"9992359c-2947-4fa8-8b68-9e198020834d-140317543788544","trial_id":98,"param_name":"JointSlopeAngle","param_value_internal":0.3083513904653584,"distribution":"{\"name\": \"FloatDistribution\", \"attributes\": {\"step\": null, \"low\": 0.17453292519943295, \"high\": 1.0471975511965976, \"log\": false}}"}
{"op_code":5,"worker_id":"9992359c-2947-4fa8-8b68-9e198020834d-140317543788544","trial_id":98,"param_name":"OuterRadius","param_value_internal":14.10013077975641,"distribution":"{\"name\": \"FloatDistribution\", \"attributes\": {\"step\": null, \"low\": 8.75, \"high\": 17.75, \"log\": false}}"}
{"op_code":5,"worker_id":"9992359c-2947-4fa8-8b68-9e198020834d-140317543788544","trial_id":98,"param_name":"JointHeight","param_value_internal":7.668148405994216,"distribution":"{\"name\": \"FloatDistribution\", \"attributes\": {\"step\": null, \"low\": 5.0, \"high\": 8.0, \"log\": false}}"}
{"op_code":5,"worker_id":"9992359c-2947-4fa8-8b68-9e198020834d-140317543788544","trial_id":98,"param_name":"CavityCorkThickness","param_value_internal":3.2578070111827353,"distribution":"{\"name\": \"FloatDistribution\", \"attributes\": {\"step\": null, \"low\": 2.0, \"high\": 5.0, \"log\": false}}"}
{"op_code":5,"worker_id":"9992359c-2947-4fa8-8b68-9e198020834d-140317543788544","trial_id":98,"param_name":"BellowHeight","param_value_internal":6.417561629395849,"distribution":"{\"name\": \"FloatDistribution\", \"attributes\": {\"step\": null, \"low\": 6.0, \"high\": 10.0, \"log\": false}}"}
{"op_code":5,"worker_id":"9992359c-2947-4fa8-8b68-9e198020834d-140317543788544","trial_id":98,"param_name":"WallThickness","param_value_internal":3.305381630797543,"distribution":"{\"name\": \"FloatDistribution\", \"attributes\": {\"step\": null, \"low\": 2.0, \"high\": 4.0, \"log\": false}}"}
{"op_code":5,"worker_id":"9992359c-2947-4fa8-8b68-9e198020834d-140317543788544","trial_id":98,"param_name":"PlateauHeight","param_value_internal":2.522335524353059,"distribution":"{\"name\": \"FloatDistribution\", \"attributes\": {\"step\": null, \"low\": 2.0, \"high\": 4.0, \"log\": false}}"}
{"op_code":6,"worker_id":"d6dec318-6198-4b0d-9442-33b13b0b99ff-140273271562240","trial_id":92,"state":1,"values":[-Infinity,-Infinity,-Infinity],"datetime_complete":"2026-05-28T21:33:37.999239"}
{"op_code":4,"worker_id":"d6dec318-6198-4b0d-9442-33b13b0b99ff-140273271562240","study_id":0,"datetime_start":"2026-05-28T21:33:38.016360"}
{"op_code":9,"worker_id":"d6dec318-6198-4b0d-9442-33b13b0b99ff-140273271562240","trial_id":99,"system_attr":{"nsga2:generation":1}}
{"op_code":5,"worker_id":"d6dec318-6198-4b0d-9442-33b13b0b99ff-140273271562240","trial_id":99,"param_name":"JointSlopeAngle","param_value_internal":0.9459129416811477,"distribution":"{\"name\": \"FloatDistribution\", \"attributes\": {\"step\": null, \"low\": 0.17453292519943295, \"high\": 1.0471975511965976, \"log\": false}}"}
{"op_code":5,"worker_id":"d6dec318-6198-4b0d-9442-33b13b0b99ff-140273271562240","trial_id":99,"param_name":"OuterRadius","param_value_internal":11.766810365695498,"distribution":"{\"name\": \"FloatDistribution\", \"attributes\": {\"step\": null, \"low\": 8.75, \"high\": 17.75, \"log\": false}}"}
{"op_code":5,"worker_id":"d6dec318-6198-4b0d-9442-33b13b0b99ff-140273271562240","trial_id":99,"param_name":"JointHeight","param_value_internal":5.89657429893588,"distribution":"{\"name\": \"FloatDistribution\", \"attributes\": {\"step\": null, \"low\": 5.0, \"high\": 8.0, \"log\": false}}"}
{"op_code":5,"worker_id":"d6dec318-6198-4b0d-9442-33b13b0b99ff-140273271562240","trial_id":99,"param_name":"CavityCorkThickness","param_value_internal":2.6830577369424233,"distribution":"{\"name\": \"FloatDistribution\", \"attributes\": {\"step\": null, \"low\": 2.0, \"high\": 5.0, \"log\": false}}"}
{"op_code":5,"worker_id":"d6dec318-6198-4b0d-9442-33b13b0b99ff-140273271562240","trial_id":99,"param_name":"BellowHeight","param_value_internal":9.555234729254323,"distribution":"{\"name\": \"FloatDistribution\", \"attributes\": {\"step\": null, \"low\": 6.0, \"high\": 10.0, \"log\": false}}"}
{"op_code":5,"worker_id":"d6dec318-6198-4b0d-9442-33b13b0b99ff-140273271562240","trial_id":99,"param_name":"WallThickness","param_value_internal":2.7644256005489485,"distribution":"{\"name\": \"FloatDistribution\", \"attributes\": {\"step\": null, \"low\": 2.0, \"high\": 4.0, \"log\": false}}"}
{"op_code":5,"worker_id":"d6dec318-6198-4b0d-9442-33b13b0b99ff-140273271562240","trial_id":99,"param_name":"PlateauHeight","param_value_internal":3.4239603396265816,"distribution":"{\"name\": \"FloatDistribution\", \"attributes\": {\"step\": null, \"low\": 2.0, \"high\": 4.0, \"log\": false}}"}
{"op_code":6,"worker_id":"8ef529fe-e953-4a66-b211-34b627f6af18-139982915063808","trial_id":94,"state":1,"values":[35.655552207877065,0.14374940041926934,0.4315248784225497],"datetime_complete":"2026-05-28T21:33:38.240538"}
{"op_code":4,"worker_id":"8ef529fe-e953-4a66-b211-34b627f6af18-139982915063808","study_id":0,"datetime_start":"2026-05-28T21:33:38.252962"}
{"op_code":9,"worker_id":"8ef529fe-e953-4a66-b211-34b627f6af18-139982915063808","trial_id":100,"system_attr":{"nsga2:generation":1}}
{"op_code":5,"worker_id":"8ef529fe-e953-4a66-b211-34b627f6af18-139982915063808","trial_id":100,"param_name":"JointSlopeAngle","param_value_internal":0.7679383056286152,"distribution":"{\"name\": \"FloatDistribution\", \"attributes\": {\"step\": null, \"low\": 0.17453292519943295, \"high\": 1.0471975511965976, \"log\": false}}"}
{"op_code":5,"worker_id":"8ef529fe-e953-4a66-b211-34b627f6af18-139982915063808","trial_id":100,"param_name":"OuterRadius","param_value_internal":10.739055096512908,"distribution":"{\"name\": \"FloatDistribution\", \"attributes\": {\"step\": null, \"low\": 8.75, \"high\": 17.75, \"log\": false}}"}
{"op_code":5,"worker_id":"8ef529fe-e953-4a66-b211-34b627f6af18-139982915063808","trial_id":100,"param_name":"JointHeight","param_value_internal":5.474205040178538,"distribution":"{\"name\": \"FloatDistribution\", \"attributes\": {\"step\": null, \"low\": 5.0, \"high\": 8.0, \"log\": false}}"}
{"op_code":5,"worker_id":"8ef529fe-e953-4a66-b211-34b627f6af18-139982915063808","trial_id":100,"param_name":"CavityCorkThickness","param_value_internal":3.363089889567412,"distribution":"{\"name\": \"FloatDistribution\", \"attributes\": {\"step\": null, \"low\": 2.0, \"high\": 5.0, \"log\": false}}"}
{"op_code":5,"worker_id":"8ef529fe-e953-4a66-b211-34b627f6af18-139982915063808","trial_id":100,"param_name":"BellowHeight","param_value_internal":8.84039489845335,"distribution":"{\"name\": \"FloatDistribution\", \"attributes\": {\"step\": null, \"low\": 6.0, \"high\": 10.0, \"log\": false}}"}
{"op_code":5,"worker_id":"8ef529fe-e953-4a66-b211-34b627f6af18-139982915063808","trial_id":100,"param_name":"WallThickness","param_value_internal":2.572774572846695,"distribution":"{\"name\": \"FloatDistribution\", \"attributes\": {\"step\": null, \"low\": 2.0, \"high\": 4.0, \"log\": false}}"}
{"op_code":5,"worker_id":"8ef529fe-e953-4a66-b211-34b627f6af18-139982915063808","trial_id":100,"param_name":"PlateauHeight","param_value_internal":2.105795631576325,"distribution":"{\"name\": \"FloatDistribution\", \"attributes\": {\"step\": null, \"low\": 2.0, \"high\": 4.0, \"log\": false}}"}
{"op_code":6,"worker_id":"21d0d68d-aeb8-4e5b-8332-dd5737dc2961-140193223114752","trial_id":95,"state":1,"values":[11.67146248013674,0.0806563509657942,0.3702644006904778],"datetime_complete":"2026-05-28T21:33:39.950226"}
{"op_code":4,"worker_id":"21d0d68d-aeb8-4e5b-8332-dd5737dc2961-140193223114752","study_id":0,"datetime_start":"2026-05-28T21:33:39.962361"}
{"op_code":9,"worker_id":"21d0d68d-aeb8-4e5b-8332-dd5737dc2961-140193223114752","trial_id":101,"system_attr":{"nsga2:generation":1}}
{"op_code":5,"worker_id":"21d0d68d-aeb8-4e5b-8332-dd5737dc2961-140193223114752","trial_id":101,"param_name":"JointSlopeAngle","param_value_internal":0.25839365884978394,"distribution":"{\"name\": \"FloatDistribution\", \"attributes\": {\"step\": null, \"low\": 0.17453292519943295, \"high\": 1.0471975511965976, \"log\": false}}"}
{"op_code":5,"worker_id":"21d0d68d-aeb8-4e5b-8332-dd5737dc2961-140193223114752","trial_id":101,"param_name":"OuterRadius","param_value_internal":13.857272434039801,"distribution":"{\"name\": \"FloatDistribution\", \"attributes\": {\"step\": null, \"low\": 8.75, \"high\": 17.75, \"log\": false}}"}
{"op_code":5,"worker_id":"21d0d68d-aeb8-4e5b-8332-dd5737dc2961-140193223114752","trial_id":101,"param_name":"JointHeight","param_value_internal":6.993393128311637,"distribution":"{\"name\": \"FloatDistribution\", \"attributes\": {\"step\": null, \"low\": 5.0, \"high\": 8.0, \"log\": false}}"}
{"op_code":5,"worker_id":"21d0d68d-aeb8-4e5b-8332-dd5737dc2961-140193223114752","trial_id":101,"param_name":"CavityCorkThickness","param_value_internal":2.923980763231819,"distribution":"{\"name\": \"FloatDistribution\", \"attributes\": {\"step\": null, \"low\": 2.0, \"high\": 5.0, \"log\": false}}"}
{"op_code":5,"worker_id":"21d0d68d-aeb8-4e5b-8332-dd5737dc2961-140193223114752","trial_id":101,"param_name":"BellowHeight","param_value_internal":9.31237061032399,"distribution":"{\"name\": \"FloatDistribution\", \"attributes\": {\"step\": null, \"low\": 6.0, \"high\": 10.0, \"log\": false}}"}
{"op_code":5,"worker_id":"21d0d68d-aeb8-4e5b-8332-dd5737dc2961-140193223114752","trial_id":101,"param_name":"WallThickness","param_value_internal":3.63338343131934,"distribution":"{\"name\": \"FloatDistribution\", \"attributes\": {\"step\": null, \"low\": 2.0, \"high\": 4.0, \"log\": false}}"}
{"op_code":5,"worker_id":"21d0d68d-aeb8-4e5b-8332-dd5737dc2961-140193223114752","trial_id":101,"param_name":"PlateauHeight","param_value_internal":2.800863072194008,"distribution":"{\"name\": \"FloatDistribution\", \"attributes\": {\"step\": null, \"low\": 2.0, \"high\": 4.0, \"log\": false}}"}
{"op_code":6,"worker_id":"8a75add0-7778-42e4-866d-1286d98c173c-140410062901248","trial_id":96,"state":1,"values":[69.54457927245005,0.08472388109882835,0.3418080939460538],"datetime_complete":"2026-05-28T21:33:43.444878"}
{"op_code":4,"worker_id":"8a75add0-7778-42e4-866d-1286d98c173c-140410062901248","study_id":0,"datetime_start":"2026-05-28T21:33:43.456615"}
{"op_code":9,"worker_id":"8a75add0-7778-42e4-866d-1286d98c173c-140410062901248","trial_id":102,"system_attr":{"nsga2:generation":1}}
{"op_code":5,"worker_id":"8a75add0-7778-42e4-866d-1286d98c173c-140410062901248","trial_id":102,"param_name":"JointSlopeAngle","param_value_internal":0.18737442162891127,"distribution":"{\"name\": \"FloatDistribution\", \"attributes\": {\"step\": null, \"low\": 0.17453292519943295, \"high\": 1.0471975511965976, \"log\": false}}"}
{"op_code":5,"worker_id":"8a75add0-7778-42e4-866d-1286d98c173c-140410062901248","trial_id":102,"param_name":"OuterRadius","param_value_internal":13.332902367194794,"distribution":"{\"name\": \"FloatDistribution\", \"attributes\": {\"step\": null, \"low\": 8.75, \"high\": 17.75, \"log\": false}}"}
{"op_code":5,"worker_id":"8a75add0-7778-42e4-866d-1286d98c173c-140410062901248","trial_id":102,"param_name":"JointHeight","param_value_internal":5.945399143586361,"distribution":"{\"name\": \"FloatDistribution\", \"attributes\": {\"step\": null, \"low\": 5.0, \"high\": 8.0, \"log\": false}}"}
{"op_code":5,"worker_id":"8a75add0-7778-42e4-866d-1286d98c173c-140410062901248","trial_id":102,"param_name":"CavityCorkThickness","param_value_internal":3.2578070111827353,"distribution":"{\"name\": \"FloatDistribution\", \"attributes\": {\"step\": null, \"low\": 2.0, \"high\": 5.0, \"log\": false}}"}
{"op_code":5,"worker_id":"8a75add0-7778-42e4-866d-1286d98c173c-140410062901248","trial_id":102,"param_name":"BellowHeight","param_value_internal":9.43833170611832,"distribution":"{\"name\": \"FloatDistribution\", \"attributes\": {\"step\": null, \"low\": 6.0, \"high\": 10.0, \"log\": false}}"}
{"op_code":5,"worker_id":"8a75add0-7778-42e4-866d-1286d98c173c-140410062901248","trial_id":102,"param_name":"WallThickness","param_value_internal":3.305381630797543,"distribution":"{\"name\": \"FloatDistribution\", \"attributes\": {\"step\": null, \"low\": 2.0, \"high\": 4.0, \"log\": false}}"}
{"op_code":5,"worker_id":"8a75add0-7778-42e4-866d-1286d98c173c-140410062901248","trial_id":102,"param_name":"PlateauHeight","param_value_internal":2.380112962452162,"distribution":"{\"name\": \"FloatDistribution\", \"attributes\": {\"step\": null, \"low\": 2.0, \"high\": 4.0, \"log\": false}}"}
{"op_code":6,"worker_id":"aa9c430d-c698-4b2e-a3ac-2e2d6f714747-140088878280704","trial_id":93,"state":1,"values":[23.503659916035872,0.06284793797167404,0.488559637728957],"datetime_complete":"2026-05-28T21:33:45.212403"}
{"op_code":4,"worker_id":"aa9c430d-c698-4b2e-a3ac-2e2d6f714747-140088878280704","study_id":0,"datetime_start":"2026-05-28T21:33:45.227799"}
{"op_code":9,"worker_id":"aa9c430d-c698-4b2e-a3ac-2e2d6f714747-140088878280704","trial_id":103,"system_attr":{"nsga2:generation":1}}
{"op_code":5,"worker_id":"aa9c430d-c698-4b2e-a3ac-2e2d6f714747-140088878280704","trial_id":103,"param_name":"JointSlopeAngle","param_value_internal":0.18737442162891127,"distribution":"{\"name\": \"FloatDistribution\", \"attributes\": {\"step\": null, \"low\": 0.17453292519943295, \"high\": 1.0471975511965976, \"log\": false}}"}
{"op_code":5,"worker_id":"aa9c430d-c698-4b2e-a3ac-2e2d6f714747-140088878280704","trial_id":103,"param_name":"OuterRadius","param_value_internal":13.332902367194794,"distribution":"{\"name\": \"FloatDistribution\", \"attributes\": {\"step\": null, \"low\": 8.75, \"high\": 17.75, \"log\": false}}"}
{"op_code":5,"worker_id":"aa9c430d-c698-4b2e-a3ac-2e2d6f714747-140088878280704","trial_id":103,"param_name":"JointHeight","param_value_internal":5.945399143586361,"distribution":"{\"name\": \"FloatDistribution\", \"attributes\": {\"step\": null, \"low\": 5.0, \"high\": 8.0, \"log\": false}}"}
{"op_code":5,"worker_id":"aa9c430d-c698-4b2e-a3ac-2e2d6f714747-140088878280704","trial_id":103,"param_name":"CavityCorkThickness","param_value_internal":3.4826906895668426,"distribution":"{\"name\": \"FloatDistribution\", \"attributes\": {\"step\": null, \"low\": 2.0, \"high\": 5.0, \"log\": false}}"}
{"op_code":5,"worker_id":"aa9c430d-c698-4b2e-a3ac-2e2d6f714747-140088878280704","trial_id":103,"param_name":"BellowHeight","param_value_internal":9.43833170611832,"distribution":"{\"name\": \"FloatDistribution\", \"attributes\": {\"step\": null, \"low\": 6.0, \"high\": 10.0, \"log\": false}}"}
{"op_code":5,"worker_id":"aa9c430d-c698-4b2e-a3ac-2e2d6f714747-140088878280704","trial_id":103,"param_name":"WallThickness","param_value_internal":3.404643529387884,"distribution":"{\"name\": \"FloatDistribution\", \"attributes\": {\"step\": null, \"low\": 2.0, \"high\": 4.0, \"log\": false}}"}
{"op_code":5,"worker_id":"aa9c430d-c698-4b2e-a3ac-2e2d6f714747-140088878280704","trial_id":103,"param_name":"PlateauHeight","param_value_internal":2.118972277218888,"distribution":"{\"name\": \"FloatDistribution\", \"attributes\": {\"step\": null, \"low\": 2.0, \"high\": 4.0, \"log\": false}}"}
{"op_code":6,"worker_id":"1d57d4b9-2efe-4085-8b4d-54f9f495ee39-139982114316288","trial_id":97,"state":1,"values":[28.624981706805784,0.07302887393444765,0.44362662180590795],"datetime_complete":"2026-05-28T21:33:45.571331"}
{"op_code":4,"worker_id":"1d57d4b9-2efe-4085-8b4d-54f9f495ee39-139982114316288","study_id":0,"datetime_start":"2026-05-28T21:33:45.583394"}
{"op_code":9,"worker_id":"1d57d4b9-2efe-4085-8b4d-54f9f495ee39-139982114316288","trial_id":104,"system_attr":{"nsga2:generation":1}}
{"op_code":5,"worker_id":"1d57d4b9-2efe-4085-8b4d-54f9f495ee39-139982114316288","trial_id":104,"param_name":"JointSlopeAngle","param_value_internal":0.9297848729389682,"distribution":"{\"name\": \"FloatDistribution\", \"attributes\": {\"step\": null, \"low\": 0.17453292519943295, \"high\": 1.0471975511965976, \"log\": false}}"}
{"op_code":5,"worker_id":"1d57d4b9-2efe-4085-8b4d-54f9f495ee39-139982114316288","trial_id":104,"param_name":"OuterRadius","param_value_internal":16.298776198657663,"distribution":"{\"name\": \"FloatDistribution\", \"attributes\": {\"step\": null, \"low\": 8.75, \"high\": 17.75, \"log\": false}}"}
{"op_code":5,"worker_id":"1d57d4b9-2efe-4085-8b4d-54f9f495ee39-139982114316288","trial_id":104,"param_name":"JointHeight","param_value_internal":5.40970506787656,"distribution":"{\"name\": \"FloatDistribution\", \"attributes\": {\"step\": null, \"low\": 5.0, \"high\": 8.0, \"log\": false}}"}
{"op_code":5,"worker_id":"1d57d4b9-2efe-4085-8b4d-54f9f495ee39-139982114316288","trial_id":104,"param_name":"CavityCorkThickness","param_value_internal":4.120272134475807,"distribution":"{\"name\": \"FloatDistribution\", \"attributes\": {\"step\": null, \"low\": 2.0, \"high\": 5.0, \"log\": false}}"}
{"op_code":5,"worker_id":"1d57d4b9-2efe-4085-8b4d-54f9f495ee39-139982114316288","trial_id":104,"param_name":"BellowHeight","param_value_internal":7.646256208121855,"distribution":"{\"name\": \"FloatDistribution\", \"attributes\": {\"step\": null, \"low\": 6.0, \"high\": 10.0, \"log\": false}}"}
{"op_code":5,"worker_id":"1d57d4b9-2efe-4085-8b4d-54f9f495ee39-139982114316288","trial_id":104,"param_name":"WallThickness","param_value_internal":2.0215676563021177,"distribution":"{\"name\": \"FloatDistribution\", \"attributes\": {\"step\": null, \"low\": 2.0, \"high\": 4.0, \"log\": false}}"}
{"op_code":5,"worker_id":"1d57d4b9-2efe-4085-8b4d-54f9f495ee39-139982114316288","trial_id":104,"param_name":"PlateauHeight","param_value_internal":2.4239237915714935,"distribution":"{\"name\": \"FloatDistribution\", \"attributes\": {\"step\": null, \"low\": 2.0, \"high\": 4.0, \"log\": false}}"}
{"op_code":6,"worker_id":"9992359c-2947-4fa8-8b68-9e198020834d-140317543788544","trial_id":98,"state":1,"values":[25.100844633204304,0.05234649051589894,0.3905461309101318],"datetime_complete":"2026-05-28T21:33:46.186355"}
{"op_code":4,"worker_id":"9992359c-2947-4fa8-8b68-9e198020834d-140317543788544","study_id":0,"datetime_start":"2026-05-28T21:33:46.198719"}
{"op_code":9,"worker_id":"9992359c-2947-4fa8-8b68-9e198020834d-140317543788544","trial_id":105,"system_attr":{"nsga2:generation":1}}
{"op_code":5,"worker_id":"9992359c-2947-4fa8-8b68-9e198020834d-140317543788544","trial_id":105,"param_name":"JointSlopeAngle","param_value_internal":0.17737555195642896,"distribution":"{\"name\": \"FloatDistribution\", \"attributes\": {\"step\": null, \"low\": 0.17453292519943295, \"high\": 1.0471975511965976, \"log\": false}}"}
{"op_code":5,"worker_id":"9992359c-2947-4fa8-8b68-9e198020834d-140317543788544","trial_id":105,"param_name":"OuterRadius","param_value_internal":12.458646226206156,"distribution":"{\"name\": \"FloatDistribution\", \"attributes\": {\"step\": null, \"low\": 8.75, \"high\": 17.75, \"log\": false}}"}
{"op_code":5,"worker_id":"9992359c-2947-4fa8-8b68-9e198020834d-140317543788544","trial_id":105,"param_name":"JointHeight","param_value_internal":5.768428135571968,"distribution":"{\"name\": \"FloatDistribution\", \"attributes\": {\"step\": null, \"low\": 5.0, \"high\": 8.0, \"log\": false}}"}
{"op_code":5,"worker_id":"9992359c-2947-4fa8-8b68-9e198020834d-140317543788544","trial_id":105,"param_name":"CavityCorkThickness","param_value_internal":3.083527360926134,"distribution":"{\"name\": \"FloatDistribution\", \"attributes\": {\"step\": null, \"low\": 2.0, \"high\": 5.0, \"log\": false}}"}
{"op_code":5,"worker_id":"9992359c-2947-4fa8-8b68-9e198020834d-140317543788544","trial_id":105,"param_name":"BellowHeight","param_value_internal":7.994630474641923,"distribution":"{\"name\": \"FloatDistribution\", \"attributes\": {\"step\": null, \"low\": 6.0, \"high\": 10.0, \"log\": false}}"}
{"op_code":5,"worker_id":"9992359c-2947-4fa8-8b68-9e198020834d-140317543788544","trial_id":105,"param_name":"WallThickness","param_value_internal":2.8498809336133113,"distribution":"{\"name\": \"FloatDistribution\", \"attributes\": {\"step\": null, \"low\": 2.0, \"high\": 4.0, \"log\": false}}"}
{"op_code":5,"worker_id":"9992359c-2947-4fa8-8b68-9e198020834d-140317543788544","trial_id":105,"param_name":"PlateauHeight","param_value_internal":3.307476198421085,"distribution":"{\"name\": \"FloatDistribution\", \"attributes\": {\"step\": null, \"low\": 2.0, \"high\": 4.0, \"log\": false}}"}
{"op_code":6,"worker_id":"aa9c430d-c698-4b2e-a3ac-2e2d6f714747-140088878280704","trial_id":103,"state":1,"values":[-Infinity,-Infinity,-Infinity],"datetime_complete":"2026-05-28T21:33:55.536324"}
{"op_code":4,"worker_id":"aa9c430d-c698-4b2e-a3ac-2e2d6f714747-140088878280704","study_id":0,"datetime_start":"2026-05-28T21:33:55.554086"}
{"op_code":9,"worker_id":"aa9c430d-c698-4b2e-a3ac-2e2d6f714747-140088878280704","trial_id":106,"system_attr":{"nsga2:generation":1}}
{"op_code":5,"worker_id":"aa9c430d-c698-4b2e-a3ac-2e2d6f714747-140088878280704","trial_id":106,"param_name":"JointSlopeAngle","param_value_internal":0.8530175716568212,"distribution":"{\"name\": \"FloatDistribution\", \"attributes\": {\"step\": null, \"low\": 0.17453292519943295, \"high\": 1.0471975511965976, \"log\": false}}"}
{"op_code":5,"worker_id":"aa9c430d-c698-4b2e-a3ac-2e2d6f714747-140088878280704","trial_id":106,"param_name":"OuterRadius","param_value_internal":15.673188004280254,"distribution":"{\"name\": \"FloatDistribution\", \"attributes\": {\"step\": null, \"low\": 8.75, \"high\": 17.75, \"log\": false}}"}
{"op_code":5,"worker_id":"aa9c430d-c698-4b2e-a3ac-2e2d6f714747-140088878280704","trial_id":106,"param_name":"JointHeight","param_value_internal":7.085413705794295,"distribution":"{\"name\": \"FloatDistribution\", \"attributes\": {\"step\": null, \"low\": 5.0, \"high\": 8.0, \"log\": false}}"}
{"op_code":5,"worker_id":"aa9c430d-c698-4b2e-a3ac-2e2d6f714747-140088878280704","trial_id":106,"param_name":"CavityCorkThickness","param_value_internal":4.120272134475807,"distribution":"{\"name\": \"FloatDistribution\", \"attributes\": {\"step\": null, \"low\": 2.0, \"high\": 5.0, \"log\": false}}"}
{"op_code":5,"worker_id":"aa9c430d-c698-4b2e-a3ac-2e2d6f714747-140088878280704","trial_id":106,"param_name":"BellowHeight","param_value_internal":9.367228807475758,"distribution":"{\"name\": \"FloatDistribution\", \"attributes\": {\"step\": null, \"low\": 6.0, \"high\": 10.0, \"log\": false}}"}
{"op_code":5,"worker_id":"aa9c430d-c698-4b2e-a3ac-2e2d6f714747-140088878280704","trial_id":106,"param_name":"WallThickness","param_value_internal":3.750105430222216,"distribution":"{\"name\": \"FloatDistribution\", \"attributes\": {\"step\": null, \"low\": 2.0, \"high\": 4.0, \"log\": false}}"}
{"op_code":5,"worker_id":"aa9c430d-c698-4b2e-a3ac-2e2d6f714747-140088878280704","trial_id":106,"param_name":"PlateauHeight","param_value_internal":2.7911984234554836,"distribution":"{\"name\": \"FloatDistribution\", \"attributes\": {\"step\": null, \"low\": 2.0, \"high\": 4.0, \"log\": false}}"}
{"op_code":6,"worker_id":"aa9c430d-c698-4b2e-a3ac-2e2d6f714747-140088878280704","trial_id":106,"state":1,"values":[-Infinity,-Infinity,-Infinity],"datetime_complete":"2026-05-28T21:34:05.926599"}
{"op_code":4,"worker_id":"aa9c430d-c698-4b2e-a3ac-2e2d6f714747-140088878280704","study_id":0,"datetime_start":"2026-05-28T21:34:05.944667"}
{"op_code":9,"worker_id":"aa9c430d-c698-4b2e-a3ac-2e2d6f714747-140088878280704","trial_id":107,"system_attr":{"nsga2:generation":1}}
{"op_code":5,"worker_id":"aa9c430d-c698-4b2e-a3ac-2e2d6f714747-140088878280704","trial_id":107,"param_name":"JointSlopeAngle","param_value_internal":0.9342134413879534,"distribution":"{\"name\": \"FloatDistribution\", \"attributes\": {\"step\": null, \"low\": 0.17453292519943295, \"high\": 1.0471975511965976, \"log\": false}}"}
{"op_code":5,"worker_id":"aa9c430d-c698-4b2e-a3ac-2e2d6f714747-140088878280704","trial_id":107,"param_name":"OuterRadius","param_value_internal":13.148553460226172,"distribution":"{\"name\": \"FloatDistribution\", \"attributes\": {\"step\": null, \"low\": 8.75, \"high\": 17.75, \"log\": false}}"}
{"op_code":5,"worker_id":"aa9c430d-c698-4b2e-a3ac-2e2d6f714747-140088878280704","trial_id":107,"param_name":"JointHeight","param_value_internal":5.672374529747194,"distribution":"{\"name\": \"FloatDistribution\", \"attributes\": {\"step\": null, \"low\": 5.0, \"high\": 8.0, \"log\": false}}"}
{"op_code":5,"worker_id":"aa9c430d-c698-4b2e-a3ac-2e2d6f714747-140088878280704","trial_id":107,"param_name":"CavityCorkThickness","param_value_internal":4.4554189335892165,"distribution":"{\"name\": \"FloatDistribution\", \"attributes\": {\"step\": null, \"low\": 2.0, \"high\": 5.0, \"log\": false}}"}
{"op_code":5,"worker_id":"aa9c430d-c698-4b2e-a3ac-2e2d6f714747-140088878280704","trial_id":107,"param_name":"BellowHeight","param_value_internal":6.686599526265798,"distribution":"{\"name\": \"FloatDistribution\", \"attributes\": {\"step\": null, \"low\": 6.0, \"high\": 10.0, \"log\": false}}"}
{"op_code":5,"worker_id":"aa9c430d-c698-4b2e-a3ac-2e2d6f714747-140088878280704","trial_id":107,"param_name":"WallThickness","param_value_internal":2.1237780657405176,"distribution":"{\"name\": \"FloatDistribution\", \"attributes\": {\"step\": null, \"low\": 2.0, \"high\": 4.0, \"log\": false}}"}
{"op_code":5,"worker_id":"aa9c430d-c698-4b2e-a3ac-2e2d6f714747-140088878280704","trial_id":107,"param_name":"PlateauHeight","param_value_internal":3.9864459396520076,"distribution":"{\"name\": \"FloatDistribution\", \"attributes\": {\"step\": null, \"low\": 2.0, \"high\": 4.0, \"log\": false}}"}
{"op_code":6,"worker_id":"8ef529fe-e953-4a66-b211-34b627f6af18-139982915063808","trial_id":100,"state":1,"values":[35.518378897964226,0.11546212010550878,0.48833236466137436],"datetime_complete":"2026-05-28T21:34:15.694935"}
{"op_code":4,"worker_id":"8ef529fe-e953-4a66-b211-34b627f6af18-139982915063808","study_id":0,"datetime_start":"2026-05-28T21:34:15.706866"}
{"op_code":9,"worker_id":"8ef529fe-e953-4a66-b211-34b627f6af18-139982915063808","trial_id":108,"system_attr":{"nsga2:generation":1}}
{"op_code":5,"worker_id":"8ef529fe-e953-4a66-b211-34b627f6af18-139982915063808","trial_id":108,"param_name":"JointSlopeAngle","param_value_internal":0.2515474579994148,"distribution":"{\"name\": \"FloatDistribution\", \"attributes\": {\"step\": null, \"low\": 0.17453292519943295, \"high\": 1.0471975511965976, \"log\": false}}"}
{"op_code":5,"worker_id":"8ef529fe-e953-4a66-b211-34b627f6af18-139982915063808","trial_id":108,"param_name":"OuterRadius","param_value_internal":10.212436743732441,"distribution":"{\"name\": \"FloatDistribution\", \"attributes\": {\"step\": null, \"low\": 8.75, \"high\": 17.75, \"log\": false}}"}
{"op_code":5,"worker_id":"8ef529fe-e953-4a66-b211-34b627f6af18-139982915063808","trial_id":108,"param_name":"JointHeight","param_value_internal":6.05579617910953,"distribution":"{\"name\": \"FloatDistribution\", \"attributes\": {\"step\": null, \"low\": 5.0, \"high\": 8.0, \"log\": false}}"}
{"op_code":5,"worker_id":"8ef529fe-e953-4a66-b211-34b627f6af18-139982915063808","trial_id":108,"param_name":"CavityCorkThickness","param_value_internal":4.450088644799013,"distribution":"{\"name\": \"FloatDistribution\", \"attributes\": {\"step\": null, \"low\": 2.0, \"high\": 5.0, \"log\": false}}"}
{"op_code":5,"worker_id":"8ef529fe-e953-4a66-b211-34b627f6af18-139982915063808","trial_id":108,"param_name":"BellowHeight","param_value_internal":8.358982826831989,"distribution":"{\"name\": \"FloatDistribution\", \"attributes\": {\"step\": null, \"low\": 6.0, \"high\": 10.0, \"log\": false}}"}
{"op_code":5,"worker_id":"8ef529fe-e953-4a66-b211-34b627f6af18-139982915063808","trial_id":108,"param_name":"WallThickness","param_value_internal":3.959779899762554,"distribution":"{\"name\": \"FloatDistribution\", \"attributes\": {\"step\": null, \"low\": 2.0, \"high\": 4.0, \"log\": false}}"}
{"op_code":5,"worker_id":"8ef529fe-e953-4a66-b211-34b627f6af18-139982915063808","trial_id":108,"param_name":"PlateauHeight","param_value_internal":2.46980168656893,"distribution":"{\"name\": \"FloatDistribution\", \"attributes\": {\"step\": null, \"low\": 2.0, \"high\": 4.0, \"log\": false}}"}
{"op_code":6,"worker_id":"aa9c430d-c698-4b2e-a3ac-2e2d6f714747-140088878280704","trial_id":107,"state":1,"values":[-Infinity,-Infinity,-Infinity],"datetime_complete":"2026-05-28T21:34:16.321062"}
{"op_code":4,"worker_id":"aa9c430d-c698-4b2e-a3ac-2e2d6f714747-140088878280704","study_id":0,"datetime_start":"2026-05-28T21:34:16.339575"}
{"op_code":9,"worker_id":"aa9c430d-c698-4b2e-a3ac-2e2d6f714747-140088878280704","trial_id":109,"system_attr":{"nsga2:generation":1}}
{"op_code":5,"worker_id":"aa9c430d-c698-4b2e-a3ac-2e2d6f714747-140088878280704","trial_id":109,"param_name":"JointSlopeAngle","param_value_internal":0.7910328964368478,"distribution":"{\"name\": \"FloatDistribution\", \"attributes\": {\"step\": null, \"low\": 0.17453292519943295, \"high\": 1.0471975511965976, \"log\": false}}"}
{"op_code":5,"worker_id":"aa9c430d-c698-4b2e-a3ac-2e2d6f714747-140088878280704","trial_id":109,"param_name":"OuterRadius","param_value_internal":11.766810365695498,"distribution":"{\"name\": \"FloatDistribution\", \"attributes\": {\"step\": null, \"low\": 8.75, \"high\": 17.75, \"log\": false}}"}
{"op_code":5,"worker_id":"aa9c430d-c698-4b2e-a3ac-2e2d6f714747-140088878280704","trial_id":109,"param_name":"JointHeight","param_value_internal":5.40970506787656,"distribution":"{\"name\": \"FloatDistribution\", \"attributes\": {\"step\": null, \"low\": 5.0, \"high\": 8.0, \"log\": false}}"}
{"op_code":5,"worker_id":"aa9c430d-c698-4b2e-a3ac-2e2d6f714747-140088878280704","trial_id":109,"param_name":"CavityCorkThickness","param_value_internal":4.912955710956253,"distribution":"{\"name\": \"FloatDistribution\", \"attributes\": {\"step\": null, \"low\": 2.0, \"high\": 5.0, \"log\": false}}"}
{"op_code":5,"worker_id":"aa9c430d-c698-4b2e-a3ac-2e2d6f714747-140088878280704","trial_id":109,"param_name":"BellowHeight","param_value_internal":7.420338257940992,"distribution":"{\"name\": \"FloatDistribution\", \"attributes\": {\"step\": null, \"low\": 6.0, \"high\": 10.0, \"log\": false}}"}
{"op_code":5,"worker_id":"aa9c430d-c698-4b2e-a3ac-2e2d6f714747-140088878280704","trial_id":109,"param_name":"WallThickness","param_value_internal":3.7523734401789293,"distribution":"{\"name\": \"FloatDistribution\", \"attributes\": {\"step\": null, \"low\": 2.0, \"high\": 4.0, \"log\": false}}"}
{"op_code":5,"worker_id":"aa9c430d-c698-4b2e-a3ac-2e2d6f714747-140088878280704","trial_id":109,"param_name":"PlateauHeight","param_value_internal":3.192512091816238,"distribution":"{\"name\": \"FloatDistribution\", \"attributes\": {\"step\": null, \"low\": 2.0, \"high\": 4.0, \"log\": false}}"}
{"op_code":6,"worker_id":"d6dec318-6198-4b0d-9442-33b13b0b99ff-140273271562240","trial_id":99,"state":1,"values":[-Infinity,-Infinity,-Infinity],"datetime_complete":"2026-05-28T21:34:17.774227"}
{"op_code":4,"worker_id":"d6dec318-6198-4b0d-9442-33b13b0b99ff-140273271562240","study_id":0,"datetime_start":"2026-05-28T21:34:17.792022"}
{"op_code":9,"worker_id":"d6dec318-6198-4b0d-9442-33b13b0b99ff-140273271562240","trial_id":110,"system_attr":{"nsga2:generation":1}}
{"op_code":5,"worker_id":"d6dec318-6198-4b0d-9442-33b13b0b99ff-140273271562240","trial_id":110,"param_name":"JointSlopeAngle","param_value_internal":0.7971422635277798,"distribution":"{\"name\": \"FloatDistribution\", \"attributes\": {\"step\": null, \"low\": 0.17453292519943295, \"high\": 1.0471975511965976, \"log\": false}}"}
{"op_code":5,"worker_id":"d6dec318-6198-4b0d-9442-33b13b0b99ff-140273271562240","trial_id":110,"param_name":"OuterRadius","param_value_internal":11.175384571688511,"distribution":"{\"name\": \"FloatDistribution\", \"attributes\": {\"step\": null, \"low\": 8.75, \"high\": 17.75, \"log\": false}}"}
{"op_code":5,"worker_id":"d6dec318-6198-4b0d-9442-33b13b0b99ff-140273271562240","trial_id":110,"param_name":"JointHeight","param_value_internal":7.673030824276194,"distribution":"{\"name\": \"FloatDistribution\", \"attributes\": {\"step\": null, \"low\": 5.0, \"high\": 8.0, \"log\": false}}"}
{"op_code":5,"worker_id":"d6dec318-6198-4b0d-9442-33b13b0b99ff-140273271562240","trial_id":110,"param_name":"CavityCorkThickness","param_value_internal":2.464131003722942,"distribution":"{\"name\": \"FloatDistribution\", \"attributes\": {\"step\": null, \"low\": 2.0, \"high\": 5.0, \"log\": false}}"}
{"op_code":5,"worker_id":"d6dec318-6198-4b0d-9442-33b13b0b99ff-140273271562240","trial_id":110,"param_name":"BellowHeight","param_value_internal":9.232286977207224,"distribution":"{\"name\": \"FloatDistribution\", \"attributes\": {\"step\": null, \"low\": 6.0, \"high\": 10.0, \"log\": false}}"}
{"op_code":5,"worker_id":"d6dec318-6198-4b0d-9442-33b13b0b99ff-140273271562240","trial_id":110,"param_name":"WallThickness","param_value_internal":3.227584675384059,"distribution":"{\"name\": \"FloatDistribution\", \"attributes\": {\"step\": null, \"low\": 2.0, \"high\": 4.0, \"log\": false}}"}
{"op_code":5,"worker_id":"d6dec318-6198-4b0d-9442-33b13b0b99ff-140273271562240","trial_id":110,"param_name":"PlateauHeight","param_value_internal":3.9931577509636345,"distribution":"{\"name\": \"FloatDistribution\", \"attributes\": {\"step\": null, \"low\": 2.0, \"high\": 4.0, \"log\": false}}"}
{"op_code":6,"worker_id":"21d0d68d-aeb8-4e5b-8332-dd5737dc2961-140193223114752","trial_id":101,"state":1,"values":[19.809755135099408,0.032260872967513454,0.40045566886412176],"datetime_complete":"2026-05-28T21:34:18.229481"}
{"op_code":4,"worker_id":"21d0d68d-aeb8-4e5b-8332-dd5737dc2961-140193223114752","study_id":0,"datetime_start":"2026-05-28T21:34:18.242744"}
{"op_code":9,"worker_id":"21d0d68d-aeb8-4e5b-8332-dd5737dc2961-140193223114752","trial_id":111,"system_attr":{"nsga2:generation":1}}
{"op_code":5,"worker_id":"21d0d68d-aeb8-4e5b-8332-dd5737dc2961-140193223114752","trial_id":111,"param_name":"JointSlopeAngle","param_value_internal":0.2515474579994148,"distribution":"{\"name\": \"FloatDistribution\", \"attributes\": {\"step\": null, \"low\": 0.17453292519943295, \"high\": 1.0471975511965976, \"log\": false}}"}
{"op_code":5,"worker_id":"21d0d68d-aeb8-4e5b-8332-dd5737dc2961-140193223114752","trial_id":111,"param_name":"OuterRadius","param_value_internal":11.168758085308516,"distribution":"{\"name\": \"FloatDistribution\", \"attributes\": {\"step\": null, \"low\": 8.75, \"high\": 17.75, \"log\": false}}"}
{"op_code":5,"worker_id":"21d0d68d-aeb8-4e5b-8332-dd5737dc2961-140193223114752","trial_id":111,"param_name":"JointHeight","param_value_internal":7.6920688858942885,"distribution":"{\"name\": \"FloatDistribution\", \"attributes\": {\"step\": null, \"low\": 5.0, \"high\": 8.0, \"log\": false}}"}
{"op_code":5,"worker_id":"21d0d68d-aeb8-4e5b-8332-dd5737dc2961-140193223114752","trial_id":111,"param_name":"CavityCorkThickness","param_value_internal":4.450088644799013,"distribution":"{\"name\": \"FloatDistribution\", \"attributes\": {\"step\": null, \"low\": 2.0, \"high\": 5.0, \"log\": false}}"}
{"op_code":5,"worker_id":"21d0d68d-aeb8-4e5b-8332-dd5737dc2961-140193223114752","trial_id":111,"param_name":"BellowHeight","param_value_internal":6.745910664595325,"distribution":"{\"name\": \"FloatDistribution\", \"attributes\": {\"step\": null, \"low\": 6.0, \"high\": 10.0, \"log\": false}}"}
{"op_code":5,"worker_id":"21d0d68d-aeb8-4e5b-8332-dd5737dc2961-140193223114752","trial_id":111,"param_name":"WallThickness","param_value_internal":2.579962660625315,"distribution":"{\"name\": \"FloatDistribution\", \"attributes\": {\"step\": null, \"low\": 2.0, \"high\": 4.0, \"log\": false}}"}
{"op_code":5,"worker_id":"21d0d68d-aeb8-4e5b-8332-dd5737dc2961-140193223114752","trial_id":111,"param_name":"PlateauHeight","param_value_internal":2.9000029750075758,"distribution":"{\"name\": \"FloatDistribution\", \"attributes\": {\"step\": null, \"low\": 2.0, \"high\": 4.0, \"log\": false}}"}
{"op_code":6,"worker_id":"8a75add0-7778-42e4-866d-1286d98c173c-140410062901248","trial_id":102,"state":1,"values":[20.97352126405235,0.03882138381754733,0.34228514194378407],"datetime_complete":"2026-05-28T21:34:22.212778"}
{"op_code":4,"worker_id":"8a75add0-7778-42e4-866d-1286d98c173c-140410062901248","study_id":0,"datetime_start":"2026-05-28T21:34:22.225380"}
{"op_code":9,"worker_id":"8a75add0-7778-42e4-866d-1286d98c173c-140410062901248","trial_id":112,"system_attr":{"nsga2:generation":1}}
{"op_code":5,"worker_id":"8a75add0-7778-42e4-866d-1286d98c173c-140410062901248","trial_id":112,"param_name":"JointSlopeAngle","param_value_internal":0.2655229127355289,"distribution":"{\"name\": \"FloatDistribution\", \"attributes\": {\"step\": null, \"low\": 0.17453292519943295, \"high\": 1.0471975511965976, \"log\": false}}"}
{"op_code":5,"worker_id":"8a75add0-7778-42e4-866d-1286d98c173c-140410062901248","trial_id":112,"param_name":"OuterRadius","param_value_internal":15.119812270198315,"distribution":"{\"name\": \"FloatDistribution\", \"attributes\": {\"step\": null, \"low\": 8.75, \"high\": 17.75, \"log\": false}}"}
{"op_code":5,"worker_id":"8a75add0-7778-42e4-866d-1286d98c173c-140410062901248","trial_id":112,"param_name":"JointHeight","param_value_internal":5.614959901728492,"distribution":"{\"name\": \"FloatDistribution\", \"attributes\": {\"step\": null, \"low\": 5.0, \"high\": 8.0, \"log\": false}}"}
{"op_code":5,"worker_id":"8a75add0-7778-42e4-866d-1286d98c173c-140410062901248","trial_id":112,"param_name":"CavityCorkThickness","param_value_internal":2.9638340784039916,"distribution":"{\"name\": \"FloatDistribution\", \"attributes\": {\"step\": null, \"low\": 2.0, \"high\": 5.0, \"log\": false}}"}
{"op_code":5,"worker_id":"8a75add0-7778-42e4-866d-1286d98c173c-140410062901248","trial_id":112,"param_name":"BellowHeight","param_value_internal":6.949320539743759,"distribution":"{\"name\": \"FloatDistribution\", \"attributes\": {\"step\": null, \"low\": 6.0, \"high\": 10.0, \"log\": false}}"}
{"op_code":5,"worker_id":"8a75add0-7778-42e4-866d-1286d98c173c-140410062901248","trial_id":112,"param_name":"WallThickness","param_value_internal":2.9241750073141994,"distribution":"{\"name\": \"FloatDistribution\", \"attributes\": {\"step\": null, \"low\": 2.0, \"high\": 4.0, \"log\": false}}"}
{"op_code":5,"worker_id":"8a75add0-7778-42e4-866d-1286d98c173c-140410062901248","trial_id":112,"param_name":"PlateauHeight","param_value_internal":2.83057724439141,"distribution":"{\"name\": \"FloatDistribution\", \"attributes\": {\"step\": null, \"low\": 2.0, \"high\": 4.0, \"log\": false}}"}
{"op_code":6,"worker_id":"1d57d4b9-2efe-4085-8b4d-54f9f495ee39-139982114316288","trial_id":104,"state":1,"values":[83.81223625227221,0.0915754056469417,0.32827718015780616],"datetime_complete":"2026-05-28T21:34:24.817443"}
{"op_code":4,"worker_id":"1d57d4b9-2efe-4085-8b4d-54f9f495ee39-139982114316288","study_id":0,"datetime_start":"2026-05-28T21:34:24.830345"}
{"op_code":9,"worker_id":"1d57d4b9-2efe-4085-8b4d-54f9f495ee39-139982114316288","trial_id":113,"system_attr":{"nsga2:generation":1}}
{"op_code":5,"worker_id":"1d57d4b9-2efe-4085-8b4d-54f9f495ee39-139982114316288","trial_id":113,"param_name":"JointSlopeAngle","param_value_internal":0.6514101966662729,"distribution":"{\"name\": \"FloatDistribution\", \"attributes\": {\"step\": null, \"low\": 0.17453292519943295, \"high\": 1.0471975511965976, \"log\": false}}"}
{"op_code":5,"worker_id":"1d57d4b9-2efe-4085-8b4d-54f9f495ee39-139982114316288","trial_id":113,"param_name":"OuterRadius","param_value_internal":9.94952073879575,"distribution":"{\"name\": \"FloatDistribution\", \"attributes\": {\"step\": null, \"low\": 8.75, \"high\": 17.75, \"log\": false}}"}
{"op_code":5,"worker_id":"1d57d4b9-2efe-4085-8b4d-54f9f495ee39-139982114316288","trial_id":113,"param_name":"JointHeight","param_value_internal":5.8741644177199115,"distribution":"{\"name\": \"FloatDistribution\", \"attributes\": {\"step\": null, \"low\": 5.0, \"high\": 8.0, \"log\": false}}"}
{"op_code":5,"worker_id":"1d57d4b9-2efe-4085-8b4d-54f9f495ee39-139982114316288","trial_id":113,"param_name":"CavityCorkThickness","param_value_internal":2.5291783148481057,"distribution":"{\"name\": \"FloatDistribution\", \"attributes\": {\"step\": null, \"low\": 2.0, \"high\": 5.0, \"log\": false}}"}
{"op_code":5,"worker_id":"1d57d4b9-2efe-4085-8b4d-54f9f495ee39-139982114316288","trial_id":113,"param_name":"BellowHeight","param_value_internal":9.367228807475758,"distribution":"{\"name\": \"FloatDistribution\", \"attributes\": {\"step\": null, \"low\": 6.0, \"high\": 10.0, \"log\": false}}"}
{"op_code":5,"worker_id":"1d57d4b9-2efe-4085-8b4d-54f9f495ee39-139982114316288","trial_id":113,"param_name":"WallThickness","param_value_internal":2.446721494003385,"distribution":"{\"name\": \"FloatDistribution\", \"attributes\": {\"step\": null, \"low\": 2.0, \"high\": 4.0, \"log\": false}}"}
{"op_code":5,"worker_id":"1d57d4b9-2efe-4085-8b4d-54f9f495ee39-139982114316288","trial_id":113,"param_name":"PlateauHeight","param_value_internal":2.623492640568099,"distribution":"{\"name\": \"FloatDistribution\", \"attributes\": {\"step\": null, \"low\": 2.0, \"high\": 4.0, \"log\": false}}"}
{"op_code":6,"worker_id":"9992359c-2947-4fa8-8b68-9e198020834d-140317543788544","trial_id":105,"state":1,"values":[38.72741460161012,0.08046686510420657,0.3935784575290982],"datetime_complete":"2026-05-28T21:34:25.126061"}
{"op_code":4,"worker_id":"9992359c-2947-4fa8-8b68-9e198020834d-140317543788544","study_id":0,"datetime_start":"2026-05-28T21:34:25.138420"}
{"op_code":9,"worker_id":"9992359c-2947-4fa8-8b68-9e198020834d-140317543788544","trial_id":114,"system_attr":{"nsga2:generation":2}}
{"op_code":5,"worker_id":"9992359c-2947-4fa8-8b68-9e198020834d-140317543788544","trial_id":114,"param_name":"JointSlopeAngle","param_value_internal":0.9459129416811477,"distribution":"{\"name\": \"FloatDistribution\", \"attributes\": {\"step\": null, \"low\": 0.17453292519943295, \"high\": 1.0471975511965976, \"log\": false}}"}
{"op_code":5,"worker_id":"9992359c-2947-4fa8-8b68-9e198020834d-140317543788544","trial_id":114,"param_name":"OuterRadius","param_value_internal":9.572545694636164,"distribution":"{\"name\": \"FloatDistribution\", \"attributes\": {\"step\": null, \"low\": 8.75, \"high\": 17.75, \"log\": false}}"}
{"op_code":5,"worker_id":"9992359c-2947-4fa8-8b68-9e198020834d-140317543788544","trial_id":114,"param_name":"JointHeight","param_value_internal":5.458385355736822,"distribution":"{\"name\": \"FloatDistribution\", \"attributes\": {\"step\": null, \"low\": 5.0, \"high\": 8.0, \"log\": false}}"}
{"op_code":5,"worker_id":"9992359c-2947-4fa8-8b68-9e198020834d-140317543788544","trial_id":114,"param_name":"CavityCorkThickness","param_value_internal":2.5291783148481057,"distribution":"{\"name\": \"FloatDistribution\", \"attributes\": {\"step\": null, \"low\": 2.0, \"high\": 5.0, \"log\": false}}"}
{"op_code":5,"worker_id":"9992359c-2947-4fa8-8b68-9e198020834d-140317543788544","trial_id":114,"param_name":"BellowHeight","param_value_internal":7.51909335597993,"distribution":"{\"name\": \"FloatDistribution\", \"attributes\": {\"step\": null, \"low\": 6.0, \"high\": 10.0, \"log\": false}}"}
{"op_code":5,"worker_id":"9992359c-2947-4fa8-8b68-9e198020834d-140317543788544","trial_id":114,"param_name":"WallThickness","param_value_internal":2.7644256005489485,"distribution":"{\"name\": \"FloatDistribution\", \"attributes\": {\"step\": null, \"low\": 2.0, \"high\": 4.0, \"log\": false}}"}
{"op_code":5,"worker_id":"9992359c-2947-4fa8-8b68-9e198020834d-140317543788544","trial_id":114,"param_name":"PlateauHeight","param_value_internal":3.9790517972654413,"distribution":"{\"name\": \"FloatDistribution\", \"attributes\": {\"step\": null, \"low\": 2.0, \"high\": 4.0, \"log\": false}}"}
{"op_code":6,"worker_id":"8ef529fe-e953-4a66-b211-34b627f6af18-139982915063808","trial_id":108,"state":1,"values":[9.893161048418783,0.21018602648037188,0.40982561272163304],"datetime_complete":"2026-05-28T21:34:51.490473"}
{"op_code":4,"worker_id":"8ef529fe-e953-4a66-b211-34b627f6af18-139982915063808","study_id":0,"datetime_start":"2026-05-28T21:34:51.501919"}
{"op_code":9,"worker_id":"8ef529fe-e953-4a66-b211-34b627f6af18-139982915063808","trial_id":115,"system_attr":{"nsga2:generation":2}}
{"op_code":5,"worker_id":"8ef529fe-e953-4a66-b211-34b627f6af18-139982915063808","trial_id":115,"param_name":"JointSlopeAngle","param_value_internal":0.6283301402413571,"distribution":"{\"name\": \"FloatDistribution\", \"attributes\": {\"step\": null, \"low\": 0.17453292519943295, \"high\": 1.0471975511965976, \"log\": false}}"}
{"op_code":5,"worker_id":"8ef529fe-e953-4a66-b211-34b627f6af18-139982915063808","trial_id":115,"param_name":"OuterRadius","param_value_internal":14.099577595746613,"distribution":"{\"name\": \"FloatDistribution\", \"attributes\": {\"step\": null, \"low\": 8.75, \"high\": 17.75, \"log\": false}}"}
{"op_code":5,"worker_id":"8ef529fe-e953-4a66-b211-34b627f6af18-139982915063808","trial_id":115,"param_name":"JointHeight","param_value_internal":5.8741644177199115,"distribution":"{\"name\": \"FloatDistribution\", \"attributes\": {\"step\": null, \"low\": 5.0, \"high\": 8.0, \"log\": false}}"}
{"op_code":5,"worker_id":"8ef529fe-e953-4a66-b211-34b627f6af18-139982915063808","trial_id":115,"param_name":"CavityCorkThickness","param_value_internal":3.268333017350702,"distribution":"{\"name\": \"FloatDistribution\", \"attributes\": {\"step\": null, \"low\": 2.0, \"high\": 5.0, \"log\": false}}"}
{"op_code":5,"worker_id":"8ef529fe-e953-4a66-b211-34b627f6af18-139982915063808","trial_id":115,"param_name":"BellowHeight","param_value_internal":6.6500016738408805,"distribution":"{\"name\": \"FloatDistribution\", \"attributes\": {\"step\": null, \"low\": 6.0, \"high\": 10.0, \"log\": false}}"}
{"op_code":5,"worker_id":"8ef529fe-e953-4a66-b211-34b627f6af18-139982915063808","trial_id":115,"param_name":"WallThickness","param_value_internal":2.4033688852079402,"distribution":"{\"name\": \"FloatDistribution\", \"attributes\": {\"step\": null, \"low\": 2.0, \"high\": 4.0, \"log\": false}}"}
{"op_code":5,"worker_id":"8ef529fe-e953-4a66-b211-34b627f6af18-139982915063808","trial_id":115,"param_name":"PlateauHeight","param_value_internal":2.623492640568099,"distribution":"{\"name\": \"FloatDistribution\", \"attributes\": {\"step\": null, \"low\": 2.0, \"high\": 4.0, \"log\": false}}"}
{"op_code":6,"worker_id":"aa9c430d-c698-4b2e-a3ac-2e2d6f714747-140088878280704","trial_id":109,"state":1,"values":[10.470552866380103,0.08560762361312861,0.47999244697303056],"datetime_complete":"2026-05-28T21:34:58.279981"}
{"op_code":4,"worker_id":"aa9c430d-c698-4b2e-a3ac-2e2d6f714747-140088878280704","study_id":0,"datetime_start":"2026-05-28T21:34:58.296122"}
{"op_code":9,"worker_id":"aa9c430d-c698-4b2e-a3ac-2e2d6f714747-140088878280704","trial_id":116,"system_attr":{"nsga2:generation":2}}
{"op_code":5,"worker_id":"aa9c430d-c698-4b2e-a3ac-2e2d6f714747-140088878280704","trial_id":116,"param_name":"JointSlopeAngle","param_value_internal":0.9261479158450542,"distribution":"{\"name\": \"FloatDistribution\", \"attributes\": {\"step\": null, \"low\": 0.17453292519943295, \"high\": 1.0471975511965976, \"log\": false}}"}
{"op_code":5,"worker_id":"aa9c430d-c698-4b2e-a3ac-2e2d6f714747-140088878280704","trial_id":116,"param_name":"OuterRadius","param_value_internal":13.858393867456938,"distribution":"{\"name\": \"FloatDistribution\", \"attributes\": {\"step\": null, \"low\": 8.75, \"high\": 17.75, \"log\": false}}"}
{"op_code":5,"worker_id":"aa9c430d-c698-4b2e-a3ac-2e2d6f714747-140088878280704","trial_id":116,"param_name":"JointHeight","param_value_internal":6.577801974262155,"distribution":"{\"name\": \"FloatDistribution\", \"attributes\": {\"step\": null, \"low\": 5.0, \"high\": 8.0, \"log\": false}}"}
{"op_code":5,"worker_id":"aa9c430d-c698-4b2e-a3ac-2e2d6f714747-140088878280704","trial_id":116,"param_name":"CavityCorkThickness","param_value_internal":2.73893260772829,"distribution":"{\"name\": \"FloatDistribution\", \"attributes\": {\"step\": null, \"low\": 2.0, \"high\": 5.0, \"log\": false}}"}
{"op_code":5,"worker_id":"aa9c430d-c698-4b2e-a3ac-2e2d6f714747-140088878280704","trial_id":116,"param_name":"BellowHeight","param_value_internal":7.164870266821776,"distribution":"{\"name\": \"FloatDistribution\", \"attributes\": {\"step\": null, \"low\": 6.0, \"high\": 10.0, \"log\": false}}"}
{"op_code":5,"worker_id":"aa9c430d-c698-4b2e-a3ac-2e2d6f714747-140088878280704","trial_id":116,"param_name":"WallThickness","param_value_internal":3.1457421958069336,"distribution":"{\"name\": \"FloatDistribution\", \"attributes\": {\"step\": null, \"low\": 2.0, \"high\": 4.0, \"log\": false}}"}
{"op_code":5,"worker_id":"aa9c430d-c698-4b2e-a3ac-2e2d6f714747-140088878280704","trial_id":116,"param_name":"PlateauHeight","param_value_internal":3.6692697923165056,"distribution":"{\"name\": \"FloatDistribution\", \"attributes\": {\"step\": null, \"low\": 2.0, \"high\": 4.0, \"log\": false}}"}
{"op_code":6,"worker_id":"8a75add0-7778-42e4-866d-1286d98c173c-140410062901248","trial_id":112,"state":1,"values":[49.65592879748749,0.06708493871256492,0.37379150419509416],"datetime_complete":"2026-05-28T21:34:58.687108"}
{"op_code":4,"worker_id":"8a75add0-7778-42e4-866d-1286d98c173c-140410062901248","study_id":0,"datetime_start":"2026-05-28T21:34:58.698899"}
{"op_code":9,"worker_id":"8a75add0-7778-42e4-866d-1286d98c173c-140410062901248","trial_id":117,"system_attr":{"nsga2:generation":2}}
{"op_code":5,"worker_id":"8a75add0-7778-42e4-866d-1286d98c173c-140410062901248","trial_id":117,"param_name":"JointSlopeAngle","param_value_internal":0.7514096145496825,"distribution":"{\"name\": \"FloatDistribution\", \"attributes\": {\"step\": null, \"low\": 0.17453292519943295, \"high\": 1.0471975511965976, \"log\": false}}"}
{"op_code":5,"worker_id":"8a75add0-7778-42e4-866d-1286d98c173c-140410062901248","trial_id":117,"param_name":"OuterRadius","param_value_internal":13.858393867456938,"distribution":"{\"name\": \"FloatDistribution\", \"attributes\": {\"step\": null, \"low\": 8.75, \"high\": 17.75, \"log\": false}}"}
{"op_code":5,"worker_id":"8a75add0-7778-42e4-866d-1286d98c173c-140410062901248","trial_id":117,"param_name":"JointHeight","param_value_internal":5.672374529747194,"distribution":"{\"name\": \"FloatDistribution\", \"attributes\": {\"step\": null, \"low\": 5.0, \"high\": 8.0, \"log\": false}}"}
{"op_code":5,"worker_id":"8a75add0-7778-42e4-866d-1286d98c173c-140410062901248","trial_id":117,"param_name":"CavityCorkThickness","param_value_internal":4.316220348383265,"distribution":"{\"name\": \"FloatDistribution\", \"attributes\": {\"step\": null, \"low\": 2.0, \"high\": 5.0, \"log\": false}}"}
{"op_code":5,"worker_id":"8a75add0-7778-42e4-866d-1286d98c173c-140410062901248","trial_id":117,"param_name":"BellowHeight","param_value_internal":9.189778109094817,"distribution":"{\"name\": \"FloatDistribution\", \"attributes\": {\"step\": null, \"low\": 6.0, \"high\": 10.0, \"log\": false}}"}
{"op_code":5,"worker_id":"8a75add0-7778-42e4-866d-1286d98c173c-140410062901248","trial_id":117,"param_name":"WallThickness","param_value_internal":3.1457421958069336,"distribution":"{\"name\": \"FloatDistribution\", \"attributes\": {\"step\": null, \"low\": 2.0, \"high\": 4.0, \"log\": false}}"}
{"op_code":5,"worker_id":"8a75add0-7778-42e4-866d-1286d98c173c-140410062901248","trial_id":117,"param_name":"PlateauHeight","param_value_internal":3.6692697923165056,"distribution":"{\"name\": \"FloatDistribution\", \"attributes\": {\"step\": null, \"low\": 2.0, \"high\": 4.0, \"log\": false}}"}
{"op_code":6,"worker_id":"d6dec318-6198-4b0d-9442-33b13b0b99ff-140273271562240","trial_id":110,"state":1,"values":[33.31518021418708,0.08005797625036819,0.43011191667749676],"datetime_complete":"2026-05-28T21:34:59.650728"}
{"op_code":4,"worker_id":"d6dec318-6198-4b0d-9442-33b13b0b99ff-140273271562240","study_id":0,"datetime_start":"2026-05-28T21:34:59.665350"}
{"op_code":9,"worker_id":"d6dec318-6198-4b0d-9442-33b13b0b99ff-140273271562240","trial_id":118,"system_attr":{"nsga2:generation":2}}
{"op_code":5,"worker_id":"d6dec318-6198-4b0d-9442-33b13b0b99ff-140273271562240","trial_id":118,"param_name":"JointSlopeAngle","param_value_internal":0.5852465981081705,"distribution":"{\"name\": \"FloatDistribution\", \"attributes\": {\"step\": null, \"low\": 0.17453292519943295, \"high\": 1.0471975511965976, \"log\": false}}"}
{"op_code":5,"worker_id":"d6dec318-6198-4b0d-9442-33b13b0b99ff-140273271562240","trial_id":118,"param_name":"OuterRadius","param_value_internal":15.99603399757401,"distribution":"{\"name\": \"FloatDistribution\", \"attributes\": {\"step\": null, \"low\": 8.75, \"high\": 17.75, \"log\": false}}"}
{"op_code":5,"worker_id":"d6dec318-6198-4b0d-9442-33b13b0b99ff-140273271562240","trial_id":118,"param_name":"JointHeight","param_value_internal":5.4726252712851915,"distribution":"{\"name\": \"FloatDistribution\", \"attributes\": {\"step\": null, \"low\": 5.0, \"high\": 8.0, \"log\": false}}"}
{"op_code":5,"worker_id":"d6dec318-6198-4b0d-9442-33b13b0b99ff-140273271562240","trial_id":118,"param_name":"CavityCorkThickness","param_value_internal":2.188428291256305,"distribution":"{\"name\": \"FloatDistribution\", \"attributes\": {\"step\": null, \"low\": 2.0, \"high\": 5.0, \"log\": false}}"}
{"op_code":5,"worker_id":"d6dec318-6198-4b0d-9442-33b13b0b99ff-140273271562240","trial_id":118,"param_name":"BellowHeight","param_value_internal":7.646256208121855,"distribution":"{\"name\": \"FloatDistribution\", \"attributes\": {\"step\": null, \"low\": 6.0, \"high\": 10.0, \"log\": false}}"}
{"op_code":5,"worker_id":"d6dec318-6198-4b0d-9442-33b13b0b99ff-140273271562240","trial_id":118,"param_name":"WallThickness","param_value_internal":2.0215676563021177,"distribution":"{\"name\": \"FloatDistribution\", \"attributes\": {\"step\": null, \"low\": 2.0, \"high\": 4.0, \"log\": false}}"}
{"op_code":5,"worker_id":"d6dec318-6198-4b0d-9442-33b13b0b99ff-140273271562240","trial_id":118,"param_name":"PlateauHeight","param_value_internal":3.497282529535906,"distribution":"{\"name\": \"FloatDistribution\", \"attributes\": {\"step\": null, \"low\": 2.0, \"high\": 4.0, \"log\": false}}"}
{"op_code":6,"worker_id":"1d57d4b9-2efe-4085-8b4d-54f9f495ee39-139982114316288","trial_id":113,"state":1,"values":[37.49765729231183,0.10067733503864536,0.4696318463591136],"datetime_complete":"2026-05-28T21:35:00.286682"}
{"op_code":4,"worker_id":"1d57d4b9-2efe-4085-8b4d-54f9f495ee39-139982114316288","study_id":0,"datetime_start":"2026-05-28T21:35:00.299138"}
{"op_code":9,"worker_id":"1d57d4b9-2efe-4085-8b4d-54f9f495ee39-139982114316288","trial_id":119,"system_attr":{"nsga2:generation":2}}
{"op_code":5,"worker_id":"1d57d4b9-2efe-4085-8b4d-54f9f495ee39-139982114316288","trial_id":119,"param_name":"JointSlopeAngle","param_value_internal":0.9384490745925683,"distribution":"{\"name\": \"FloatDistribution\", \"attributes\": {\"step\": null, \"low\": 0.17453292519943295, \"high\": 1.0471975511965976, \"log\": false}}"}
{"op_code":5,"worker_id":"1d57d4b9-2efe-4085-8b4d-54f9f495ee39-139982114316288","trial_id":119,"param_name":"OuterRadius","param_value_internal":13.858393867456938,"distribution":"{\"name\": \"FloatDistribution\", \"attributes\": {\"step\": null, \"low\": 8.75, \"high\": 17.75, \"log\": false}}"}
{"op_code":5,"worker_id":"1d57d4b9-2efe-4085-8b4d-54f9f495ee39-139982114316288","trial_id":119,"param_name":"JointHeight","param_value_internal":7.186498379431134,"distribution":"{\"name\": \"FloatDistribution\", \"attributes\": {\"step\": null, \"low\": 5.0, \"high\": 8.0, \"log\": false}}"}
{"op_code":5,"worker_id":"1d57d4b9-2efe-4085-8b4d-54f9f495ee39-139982114316288","trial_id":119,"param_name":"CavityCorkThickness","param_value_internal":2.464131003722942,"distribution":"{\"name\": \"FloatDistribution\", \"attributes\": {\"step\": null, \"low\": 2.0, \"high\": 5.0, \"log\": false}}"}
{"op_code":5,"worker_id":"1d57d4b9-2efe-4085-8b4d-54f9f495ee39-139982114316288","trial_id":119,"param_name":"BellowHeight","param_value_internal":7.3110773661839215,"distribution":"{\"name\": \"FloatDistribution\", \"attributes\": {\"step\": null, \"low\": 6.0, \"high\": 10.0, \"log\": false}}"}
{"op_code":5,"worker_id":"1d57d4b9-2efe-4085-8b4d-54f9f495ee39-139982114316288","trial_id":119,"param_name":"WallThickness","param_value_internal":3.1457421958069336,"distribution":"{\"name\": \"FloatDistribution\", \"attributes\": {\"step\": null, \"low\": 2.0, \"high\": 4.0, \"log\": false}}"}
{"op_code":5,"worker_id":"1d57d4b9-2efe-4085-8b4d-54f9f495ee39-139982114316288","trial_id":119,"param_name":"PlateauHeight","param_value_internal":2.357381703072684,"distribution":"{\"name\": \"FloatDistribution\", \"attributes\": {\"step\": null, \"low\": 2.0, \"high\": 4.0, \"log\": false}}"}
{"op_code":6,"worker_id":"8ef529fe-e953-4a66-b211-34b627f6af18-139982915063808","trial_id":115,"state":1,"values":[61.56655016433274,0.10229046928098923,0.4092746036361147],"datetime_complete":"2026-05-28T21:35:24.490834"}
{"op_code":4,"worker_id":"8ef529fe-e953-4a66-b211-34b627f6af18-139982915063808","study_id":0,"datetime_start":"2026-05-28T21:35:24.502721"}
{"op_code":9,"worker_id":"8ef529fe-e953-4a66-b211-34b627f6af18-139982915063808","trial_id":120,"system_attr":{"nsga2:generation":2}}
{"op_code":5,"worker_id":"8ef529fe-e953-4a66-b211-34b627f6af18-139982915063808","trial_id":120,"param_name":"JointSlopeAngle","param_value_internal":0.9261479158450542,"distribution":"{\"name\": \"FloatDistribution\", \"attributes\": {\"step\": null, \"low\": 0.17453292519943295, \"high\": 1.0471975511965976, \"log\": false}}"}
{"op_code":5,"worker_id":"8ef529fe-e953-4a66-b211-34b627f6af18-139982915063808","trial_id":120,"param_name":"OuterRadius","param_value_internal":10.232245410416859,"distribution":"{\"name\": \"FloatDistribution\", \"attributes\": {\"step\": null, \"low\": 8.75, \"high\": 17.75, \"log\": false}}"}
{"op_code":5,"worker_id":"8ef529fe-e953-4a66-b211-34b627f6af18-139982915063808","trial_id":120,"param_name":"JointHeight","param_value_internal":5.474205040178538,"distribution":"{\"name\": \"FloatDistribution\", \"attributes\": {\"step\": null, \"low\": 5.0, \"high\": 8.0, \"log\": false}}"}
{"op_code":5,"worker_id":"8ef529fe-e953-4a66-b211-34b627f6af18-139982915063808","trial_id":120,"param_name":"CavityCorkThickness","param_value_internal":3.363089889567412,"distribution":"{\"name\": \"FloatDistribution\", \"attributes\": {\"step\": null, \"low\": 2.0, \"high\": 5.0, \"log\": false}}"}
{"op_code":5,"worker_id":"8ef529fe-e953-4a66-b211-34b627f6af18-139982915063808","trial_id":120,"param_name":"BellowHeight","param_value_internal":8.84039489845335,"distribution":"{\"name\": \"FloatDistribution\", \"attributes\": {\"step\": null, \"low\": 6.0, \"high\": 10.0, \"log\": false}}"}
{"op_code":5,"worker_id":"8ef529fe-e953-4a66-b211-34b627f6af18-139982915063808","trial_id":120,"param_name":"WallThickness","param_value_internal":2.248916559327598,"distribution":"{\"name\": \"FloatDistribution\", \"attributes\": {\"step\": null, \"low\": 2.0, \"high\": 4.0, \"log\": false}}"}
{"op_code":5,"worker_id":"8ef529fe-e953-4a66-b211-34b627f6af18-139982915063808","trial_id":120,"param_name":"PlateauHeight","param_value_internal":2.6534402573663156,"distribution":"{\"name\": \"FloatDistribution\", \"attributes\": {\"step\": null, \"low\": 2.0, \"high\": 4.0, \"log\": false}}"}
{"op_code":6,"worker_id":"8a75add0-7778-42e4-866d-1286d98c173c-140410062901248","trial_id":117,"state":1,"values":[44.96739559982848,0.08759032730266186,0.42075142071632027],"datetime_complete":"2026-05-28T21:35:33.852772"}
{"op_code":4,"worker_id":"8a75add0-7778-42e4-866d-1286d98c173c-140410062901248","study_id":0,"datetime_start":"2026-05-28T21:35:33.865106"}
{"op_code":9,"worker_id":"8a75add0-7778-42e4-866d-1286d98c173c-140410062901248","trial_id":121,"system_attr":{"nsga2:generation":2}}
{"op_code":5,"worker_id":"8a75add0-7778-42e4-866d-1286d98c173c-140410062901248","trial_id":121,"param_name":"JointSlopeAngle","param_value_internal":0.9342134413879534,"distribution":"{\"name\": \"FloatDistribution\", \"attributes\": {\"step\": null, \"low\": 0.17453292519943295, \"high\": 1.0471975511965976, \"log\": false}}"}
{"op_code":5,"worker_id":"8a75add0-7778-42e4-866d-1286d98c173c-140410062901248","trial_id":121,"param_name":"OuterRadius","param_value_internal":11.168758085308516,"distribution":"{\"name\": \"FloatDistribution\", \"attributes\": {\"step\": null, \"low\": 8.75, \"high\": 17.75, \"log\": false}}"}
{"op_code":5,"worker_id":"8a75add0-7778-42e4-866d-1286d98c173c-140410062901248","trial_id":121,"param_name":"JointHeight","param_value_internal":7.828559093918221,"distribution":"{\"name\": \"FloatDistribution\", \"attributes\": {\"step\": null, \"low\": 5.0, \"high\": 8.0, \"log\": false}}"}
{"op_code":5,"worker_id":"8a75add0-7778-42e4-866d-1286d98c173c-140410062901248","trial_id":121,"param_name":"CavityCorkThickness","param_value_internal":4.4554189335892165,"distribution":"{\"name\": \"FloatDistribution\", \"attributes\": {\"step\": null, \"low\": 2.0, \"high\": 5.0, \"log\": false}}"}
{"op_code":5,"worker_id":"8a75add0-7778-42e4-866d-1286d98c173c-140410062901248","trial_id":121,"param_name":"BellowHeight","param_value_internal":6.745910664595325,"distribution":"{\"name\": \"FloatDistribution\", \"attributes\": {\"step\": null, \"low\": 6.0, \"high\": 10.0, \"log\": false}}"}
{"op_code":5,"worker_id":"8a75add0-7778-42e4-866d-1286d98c173c-140410062901248","trial_id":121,"param_name":"WallThickness","param_value_internal":2.462822096233915,"distribution":"{\"name\": \"FloatDistribution\", \"attributes\": {\"step\": null, \"low\": 2.0, \"high\": 4.0, \"log\": false}}"}
{"op_code":5,"worker_id":"8a75add0-7778-42e4-866d-1286d98c173c-140410062901248","trial_id":121,"param_name":"PlateauHeight","param_value_internal":3.6692697923165056,"distribution":"{\"name\": \"FloatDistribution\", \"attributes\": {\"step\": null, \"low\": 2.0, \"high\": 4.0, \"log\": false}}"}
{"op_code":6,"worker_id":"1d57d4b9-2efe-4085-8b4d-54f9f495ee39-139982114316288","trial_id":119,"state":1,"values":[33.12104866269624,0.0545605753504313,0.41185885763642194],"datetime_complete":"2026-05-28T21:35:35.750830"}
{"op_code":4,"worker_id":"1d57d4b9-2efe-4085-8b4d-54f9f495ee39-139982114316288","study_id":0,"datetime_start":"2026-05-28T21:35:35.764250"}
{"op_code":9,"worker_id":"1d57d4b9-2efe-4085-8b4d-54f9f495ee39-139982114316288","trial_id":122,"system_attr":{"nsga2:generation":2}}
{"op_code":5,"worker_id":"1d57d4b9-2efe-4085-8b4d-54f9f495ee39-139982114316288","trial_id":122,"param_name":"JointSlopeAngle","param_value_internal":0.6283301402413571,"distribution":"{\"name\": \"FloatDistribution\", \"attributes\": {\"step\": null, \"low\": 0.17453292519943295, \"high\": 1.0471975511965976, \"log\": false}}"}
{"op_code":5,"worker_id":"1d57d4b9-2efe-4085-8b4d-54f9f495ee39-139982114316288","trial_id":122,"param_name":"OuterRadius","param_value_internal":15.99603399757401,"distribution":"{\"name\": \"FloatDistribution\", \"attributes\": {\"step\": null, \"low\": 8.75, \"high\": 17.75, \"log\": false}}"}
{"op_code":5,"worker_id":"1d57d4b9-2efe-4085-8b4d-54f9f495ee39-139982114316288","trial_id":122,"param_name":"JointHeight","param_value_internal":5.078511257783372,"distribution":"{\"name\": \"FloatDistribution\", \"attributes\": {\"step\": null, \"low\": 5.0, \"high\": 8.0, \"log\": false}}"}
{"op_code":5,"worker_id":"1d57d4b9-2efe-4085-8b4d-54f9f495ee39-139982114316288","trial_id":122,"param_name":"CavityCorkThickness","param_value_internal":2.188428291256305,"distribution":"{\"name\": \"FloatDistribution\", \"attributes\": {\"step\": null, \"low\": 2.0, \"high\": 5.0, \"log\": false}}"}
{"op_code":5,"worker_id":"1d57d4b9-2efe-4085-8b4d-54f9f495ee39-139982114316288","trial_id":122,"param_name":"BellowHeight","param_value_internal":7.636531411036658,"distribution":"{\"name\": \"FloatDistribution\", \"attributes\": {\"step\": null, \"low\": 6.0, \"high\": 10.0, \"log\": false}}"}
{"op_code":5,"worker_id":"1d57d4b9-2efe-4085-8b4d-54f9f495ee39-139982114316288","trial_id":122,"param_name":"WallThickness","param_value_internal":3.698951118427933,"distribution":"{\"name\": \"FloatDistribution\", \"attributes\": {\"step\": null, \"low\": 2.0, \"high\": 4.0, \"log\": false}}"}
{"op_code":5,"worker_id":"1d57d4b9-2efe-4085-8b4d-54f9f495ee39-139982114316288","trial_id":122,"param_name":"PlateauHeight","param_value_internal":2.623492640568099,"distribution":"{\"name\": \"FloatDistribution\", \"attributes\": {\"step\": null, \"low\": 2.0, \"high\": 4.0, \"log\": false}}"}
{"op_code":6,"worker_id":"aa9c430d-c698-4b2e-a3ac-2e2d6f714747-140088878280704","trial_id":116,"state":1,"values":[38.55028906401003,0.06080924472066491,0.4070133588614156],"datetime_complete":"2026-05-28T21:35:40.640895"}
{"op_code":4,"worker_id":"aa9c430d-c698-4b2e-a3ac-2e2d6f714747-140088878280704","study_id":0,"datetime_start":"2026-05-28T21:35:40.657569"}
{"op_code":9,"worker_id":"aa9c430d-c698-4b2e-a3ac-2e2d6f714747-140088878280704","trial_id":123,"system_attr":{"nsga2:generation":2}}
{"op_code":5,"worker_id":"aa9c430d-c698-4b2e-a3ac-2e2d6f714747-140088878280704","trial_id":123,"param_name":"JointSlopeAngle","param_value_internal":0.2515474579994148,"distribution":"{\"name\": \"FloatDistribution\", \"attributes\": {\"step\": null, \"low\": 0.17453292519943295, \"high\": 1.0471975511965976, \"log\": false}}"}
{"op_code":5,"worker_id":"aa9c430d-c698-4b2e-a3ac-2e2d6f714747-140088878280704","trial_id":123,"param_name":"OuterRadius","param_value_internal":15.477314392566804,"distribution":"{\"name\": \"FloatDistribution\", \"attributes\": {\"step\": null, \"low\": 8.75, \"high\": 17.75, \"log\": false}}"}
{"op_code":5,"worker_id":"aa9c430d-c698-4b2e-a3ac-2e2d6f714747-140088878280704","trial_id":123,"param_name":"JointHeight","param_value_internal":5.40970506787656,"distribution":"{\"name\": \"FloatDistribution\", \"attributes\": {\"step\": null, \"low\": 5.0, \"high\": 8.0, \"log\": false}}"}
{"op_code":5,"worker_id":"aa9c430d-c698-4b2e-a3ac-2e2d6f714747-140088878280704","trial_id":123,"param_name":"CavityCorkThickness","param_value_internal":4.450088644799013,"distribution":"{\"name\": \"FloatDistribution\", \"attributes\": {\"step\": null, \"low\": 2.0, \"high\": 5.0, \"log\": false}}"}
{"op_code":5,"worker_id":"aa9c430d-c698-4b2e-a3ac-2e2d6f714747-140088878280704","trial_id":123,"param_name":"BellowHeight","param_value_internal":9.555234729254323,"distribution":"{\"name\": \"FloatDistribution\", \"attributes\": {\"step\": null, \"low\": 6.0, \"high\": 10.0, \"log\": false}}"}
{"op_code":5,"worker_id":"aa9c430d-c698-4b2e-a3ac-2e2d6f714747-140088878280704","trial_id":123,"param_name":"WallThickness","param_value_internal":3.3280386980886547,"distribution":"{\"name\": \"FloatDistribution\", \"attributes\": {\"step\": null, \"low\": 2.0, \"high\": 4.0, \"log\": false}}"}
{"op_code":5,"worker_id":"aa9c430d-c698-4b2e-a3ac-2e2d6f714747-140088878280704","trial_id":123,"param_name":"PlateauHeight","param_value_internal":3.4239603396265816,"distribution":"{\"name\": \"FloatDistribution\", \"attributes\": {\"step\": null, \"low\": 2.0, \"high\": 4.0, \"log\": false}}"}
{"op_code":6,"worker_id":"d6dec318-6198-4b0d-9442-33b13b0b99ff-140273271562240","trial_id":118,"state":1,"values":[111.64656650999336,0.08667226580883941,0.3463042444484668],"datetime_complete":"2026-05-28T21:35:43.570324"}
{"op_code":4,"worker_id":"d6dec318-6198-4b0d-9442-33b13b0b99ff-140273271562240","study_id":0,"datetime_start":"2026-05-28T21:35:43.585816"}
{"op_code":9,"worker_id":"d6dec318-6198-4b0d-9442-33b13b0b99ff-140273271562240","trial_id":124,"system_attr":{"nsga2:generation":2}}
{"op_code":5,"worker_id":"d6dec318-6198-4b0d-9442-33b13b0b99ff-140273271562240","trial_id":124,"param_name":"JointSlopeAngle","param_value_internal":0.6514101966662729,"distribution":"{\"name\": \"FloatDistribution\", \"attributes\": {\"step\": null, \"low\": 0.17453292519943295, \"high\": 1.0471975511965976, \"log\": false}}"}
{"op_code":5,"worker_id":"d6dec318-6198-4b0d-9442-33b13b0b99ff-140273271562240","trial_id":124,"param_name":"OuterRadius","param_value_internal":8.755170202922134,"distribution":"{\"name\": \"FloatDistribution\", \"attributes\": {\"step\": null, \"low\": 8.75, \"high\": 17.75, \"log\": false}}"}
{"op_code":5,"worker_id":"d6dec318-6198-4b0d-9442-33b13b0b99ff-140273271562240","trial_id":124,"param_name":"JointHeight","param_value_internal":7.12140979384873,"distribution":"{\"name\": \"FloatDistribution\", \"attributes\": {\"step\": null, \"low\": 5.0, \"high\": 8.0, \"log\": false}}"}
{"op_code":5,"worker_id":"d6dec318-6198-4b0d-9442-33b13b0b99ff-140273271562240","trial_id":124,"param_name":"CavityCorkThickness","param_value_internal":2.5291783148481057,"distribution":"{\"name\": \"FloatDistribution\", \"attributes\": {\"step\": null, \"low\": 2.0, \"high\": 5.0, \"log\": false}}"}
{"op_code":5,"worker_id":"d6dec318-6198-4b0d-9442-33b13b0b99ff-140273271562240","trial_id":124,"param_name":"BellowHeight","param_value_internal":7.420338257940992,"distribution":"{\"name\": \"FloatDistribution\", \"attributes\": {\"step\": null, \"low\": 6.0, \"high\": 10.0, \"log\": false}}"}
{"op_code":5,"worker_id":"d6dec318-6198-4b0d-9442-33b13b0b99ff-140273271562240","trial_id":124,"param_name":"WallThickness","param_value_internal":3.571260800873567,"distribution":"{\"name\": \"FloatDistribution\", \"attributes\": {\"step\": null, \"low\": 2.0, \"high\": 4.0, \"log\": false}}"}
{"op_code":5,"worker_id":"d6dec318-6198-4b0d-9442-33b13b0b99ff-140273271562240","trial_id":124,"param_name":"PlateauHeight","param_value_internal":2.623492640568099,"distribution":"{\"name\": \"FloatDistribution\", \"attributes\": {\"step\": null, \"low\": 2.0, \"high\": 4.0, \"log\": false}}"}
{"op_code":6,"worker_id":"8ef529fe-e953-4a66-b211-34b627f6af18-139982915063808","trial_id":120,"state":1,"values":[34.691817727737316,0.11052183085405073,0.4994383320771004],"datetime_complete":"2026-05-28T21:35:58.528294"}
{"op_code":4,"worker_id":"8ef529fe-e953-4a66-b211-34b627f6af18-139982915063808","study_id":0,"datetime_start":"2026-05-28T21:35:58.539948"}
{"op_code":9,"worker_id":"8ef529fe-e953-4a66-b211-34b627f6af18-139982915063808","trial_id":125,"system_attr":{"nsga2:generation":2}}
{"op_code":5,"worker_id":"8ef529fe-e953-4a66-b211-34b627f6af18-139982915063808","trial_id":125,"param_name":"JointSlopeAngle","param_value_internal":0.5637017117188787,"distribution":"{\"name\": \"FloatDistribution\", \"attributes\": {\"step\": null, \"low\": 0.17453292519943295, \"high\": 1.0471975511965976, \"log\": false}}"}
{"op_code":5,"worker_id":"8ef529fe-e953-4a66-b211-34b627f6af18-139982915063808","trial_id":125,"param_name":"OuterRadius","param_value_internal":11.766810365695498,"distribution":"{\"name\": \"FloatDistribution\", \"attributes\": {\"step\": null, \"low\": 8.75, \"high\": 17.75, \"log\": false}}"}
{"op_code":5,"worker_id":"8ef529fe-e953-4a66-b211-34b627f6af18-139982915063808","trial_id":125,"param_name":"JointHeight","param_value_internal":5.40970506787656,"distribution":"{\"name\": \"FloatDistribution\", \"attributes\": {\"step\": null, \"low\": 5.0, \"high\": 8.0, \"log\": false}}"}
{"op_code":5,"worker_id":"8ef529fe-e953-4a66-b211-34b627f6af18-139982915063808","trial_id":125,"param_name":"CavityCorkThickness","param_value_internal":3.917842344558259,"distribution":"{\"name\": \"FloatDistribution\", \"attributes\": {\"step\": null, \"low\": 2.0, \"high\": 5.0, \"log\": false}}"}
{"op_code":5,"worker_id":"8ef529fe-e953-4a66-b211-34b627f6af18-139982915063808","trial_id":125,"param_name":"BellowHeight","param_value_internal":7.224150004289827,"distribution":"{\"name\": \"FloatDistribution\", \"attributes\": {\"step\": null, \"low\": 6.0, \"high\": 10.0, \"log\": false}}"}
{"op_code":5,"worker_id":"8ef529fe-e953-4a66-b211-34b627f6af18-139982915063808","trial_id":125,"param_name":"WallThickness","param_value_internal":3.681513267503684,"distribution":"{\"name\": \"FloatDistribution\", \"attributes\": {\"step\": null, \"low\": 2.0, \"high\": 4.0, \"log\": false}}"}
{"op_code":5,"worker_id":"8ef529fe-e953-4a66-b211-34b627f6af18-139982915063808","trial_id":125,"param_name":"PlateauHeight","param_value_internal":3.4239603396265816,"distribution":"{\"name\": \"FloatDistribution\", \"attributes\": {\"step\": null, \"low\": 2.0, \"high\": 4.0, \"log\": false}}"}
{"op_code":6,"worker_id":"8a75add0-7778-42e4-866d-1286d98c173c-140410062901248","trial_id":121,"state":1,"values":[29.133091671448085,0.13410232757232132,0.4709009733493054],"datetime_complete":"2026-05-28T21:36:07.741100"}
{"op_code":4,"worker_id":"8a75add0-7778-42e4-866d-1286d98c173c-140410062901248","study_id":0,"datetime_start":"2026-05-28T21:36:07.752968"}
{"op_code":9,"worker_id":"8a75add0-7778-42e4-866d-1286d98c173c-140410062901248","trial_id":126,"system_attr":{"nsga2:generation":2}}
{"op_code":5,"worker_id":"8a75add0-7778-42e4-866d-1286d98c173c-140410062901248","trial_id":126,"param_name":"JointSlopeAngle","param_value_internal":0.9297848729389682,"distribution":"{\"name\": \"FloatDistribution\", \"attributes\": {\"step\": null, \"low\": 0.17453292519943295, \"high\": 1.0471975511965976, \"log\": false}}"}
{"op_code":5,"worker_id":"8a75add0-7778-42e4-866d-1286d98c173c-140410062901248","trial_id":126,"param_name":"OuterRadius","param_value_internal":9.94952073879575,"distribution":"{\"name\": \"FloatDistribution\", \"attributes\": {\"step\": null, \"low\": 8.75, \"high\": 17.75, \"log\": false}}"}
{"op_code":5,"worker_id":"8a75add0-7778-42e4-866d-1286d98c173c-140410062901248","trial_id":126,"param_name":"JointHeight","param_value_internal":5.8741644177199115,"distribution":"{\"name\": \"FloatDistribution\", \"attributes\": {\"step\": null, \"low\": 5.0, \"high\": 8.0, \"log\": false}}"}
{"op_code":5,"worker_id":"8a75add0-7778-42e4-866d-1286d98c173c-140410062901248","trial_id":126,"param_name":"CavityCorkThickness","param_value_internal":4.120272134475807,"distribution":"{\"name\": \"FloatDistribution\", \"attributes\": {\"step\": null, \"low\": 2.0, \"high\": 5.0, \"log\": false}}"}
{"op_code":5,"worker_id":"8a75add0-7778-42e4-866d-1286d98c173c-140410062901248","trial_id":126,"param_name":"BellowHeight","param_value_internal":7.646256208121855,"distribution":"{\"name\": \"FloatDistribution\", \"attributes\": {\"step\": null, \"low\": 6.0, \"high\": 10.0, \"log\": false}}"}
{"op_code":5,"worker_id":"8a75add0-7778-42e4-866d-1286d98c173c-140410062901248","trial_id":126,"param_name":"WallThickness","param_value_internal":2.446721494003385,"distribution":"{\"name\": \"FloatDistribution\", \"attributes\": {\"step\": null, \"low\": 2.0, \"high\": 4.0, \"log\": false}}"}
{"op_code":5,"worker_id":"8a75add0-7778-42e4-866d-1286d98c173c-140410062901248","trial_id":126,"param_name":"PlateauHeight","param_value_internal":2.4239237915714935,"distribution":"{\"name\": \"FloatDistribution\", \"attributes\": {\"step\": null, \"low\": 2.0, \"high\": 4.0, \"log\": false}}"}
{"op_code":6,"worker_id":"1d57d4b9-2efe-4085-8b4d-54f9f495ee39-139982114316288","trial_id":122,"state":1,"values":[49.71157747384291,0.057043503591743865,0.37218170975789355],"datetime_complete":"2026-05-28T21:36:10.619906"}
{"op_code":4,"worker_id":"1d57d4b9-2efe-4085-8b4d-54f9f495ee39-139982114316288","study_id":0,"datetime_start":"2026-05-28T21:36:10.631762"}
{"op_code":9,"worker_id":"1d57d4b9-2efe-4085-8b4d-54f9f495ee39-139982114316288","trial_id":127,"system_attr":{"nsga2:generation":2}}
{"op_code":5,"worker_id":"1d57d4b9-2efe-4085-8b4d-54f9f495ee39-139982114316288","trial_id":127,"param_name":"JointSlopeAngle","param_value_internal":0.2732137739850163,"distribution":"{\"name\": \"FloatDistribution\", \"attributes\": {\"step\": null, \"low\": 0.17453292519943295, \"high\": 1.0471975511965976, \"log\": false}}"}
{"op_code":5,"worker_id":"1d57d4b9-2efe-4085-8b4d-54f9f495ee39-139982114316288","trial_id":127,"param_name":"OuterRadius","param_value_internal":11.731255434053079,"distribution":"{\"name\": \"FloatDistribution\", \"attributes\": {\"step\": null, \"low\": 8.75, \"high\": 17.75, \"log\": false}}"}
{"op_code":5,"worker_id":"1d57d4b9-2efe-4085-8b4d-54f9f495ee39-139982114316288","trial_id":127,"param_name":"JointHeight","param_value_internal":5.566043727688191,"distribution":"{\"name\": \"FloatDistribution\", \"attributes\": {\"step\": null, \"low\": 5.0, \"high\": 8.0, \"log\": false}}"}
{"op_code":5,"worker_id":"1d57d4b9-2efe-4085-8b4d-54f9f495ee39-139982114316288","trial_id":127,"param_name":"CavityCorkThickness","param_value_internal":2.5291783148481057,"distribution":"{\"name\": \"FloatDistribution\", \"attributes\": {\"step\": null, \"low\": 2.0, \"high\": 5.0, \"log\": false}}"}
{"op_code":5,"worker_id":"1d57d4b9-2efe-4085-8b4d-54f9f495ee39-139982114316288","trial_id":127,"param_name":"BellowHeight","param_value_internal":7.51909335597993,"distribution":"{\"name\": \"FloatDistribution\", \"attributes\": {\"step\": null, \"low\": 6.0, \"high\": 10.0, \"log\": false}}"}
{"op_code":5,"worker_id":"1d57d4b9-2efe-4085-8b4d-54f9f495ee39-139982114316288","trial_id":127,"param_name":"WallThickness","param_value_internal":3.571260800873567,"distribution":"{\"name\": \"FloatDistribution\", \"attributes\": {\"step\": null, \"low\": 2.0, \"high\": 4.0, \"log\": false}}"}
{"op_code":5,"worker_id":"1d57d4b9-2efe-4085-8b4d-54f9f495ee39-139982114316288","trial_id":127,"param_name":"PlateauHeight","param_value_internal":2.7911984234554836,"distribution":"{\"name\": \"FloatDistribution\", \"attributes\": {\"step\": null, \"low\": 2.0, \"high\": 4.0, \"log\": false}}"}
{"op_code":6,"worker_id":"aa9c430d-c698-4b2e-a3ac-2e2d6f714747-140088878280704","trial_id":123,"state":1,"values":[39.13991846343913,0.05467959250358896,0.3680986434097165],"datetime_complete":"2026-05-28T21:36:22.889410"}
{"op_code":4,"worker_id":"aa9c430d-c698-4b2e-a3ac-2e2d6f714747-140088878280704","study_id":0,"datetime_start":"2026-05-28T21:36:22.904788"}
{"op_code":9,"worker_id":"aa9c430d-c698-4b2e-a3ac-2e2d6f714747-140088878280704","trial_id":128,"system_attr":{"nsga2:generation":2}}
{"op_code":5,"worker_id":"aa9c430d-c698-4b2e-a3ac-2e2d6f714747-140088878280704","trial_id":128,"param_name":"JointSlopeAngle","param_value_internal":0.2515474579994148,"distribution":"{\"name\": \"FloatDistribution\", \"attributes\": {\"step\": null, \"low\": 0.17453292519943295, \"high\": 1.0471975511965976, \"log\": false}}"}
{"op_code":5,"worker_id":"aa9c430d-c698-4b2e-a3ac-2e2d6f714747-140088878280704","trial_id":128,"param_name":"OuterRadius","param_value_internal":12.034919377355568,"distribution":"{\"name\": \"FloatDistribution\", \"attributes\": {\"step\": null, \"low\": 8.75, \"high\": 17.75, \"log\": false}}"}
{"op_code":5,"worker_id":"aa9c430d-c698-4b2e-a3ac-2e2d6f714747-140088878280704","trial_id":128,"param_name":"JointHeight","param_value_internal":5.526078374392826,"distribution":"{\"name\": \"FloatDistribution\", \"attributes\": {\"step\": null, \"low\": 5.0, \"high\": 8.0, \"log\": false}}"}
{"op_code":5,"worker_id":"aa9c430d-c698-4b2e-a3ac-2e2d6f714747-140088878280704","trial_id":128,"param_name":"CavityCorkThickness","param_value_internal":4.450088644799013,"distribution":"{\"name\": \"FloatDistribution\", \"attributes\": {\"step\": null, \"low\": 2.0, \"high\": 5.0, \"log\": false}}"}
{"op_code":5,"worker_id":"aa9c430d-c698-4b2e-a3ac-2e2d6f714747-140088878280704","trial_id":128,"param_name":"BellowHeight","param_value_internal":8.358982826831989,"distribution":"{\"name\": \"FloatDistribution\", \"attributes\": {\"step\": null, \"low\": 6.0, \"high\": 10.0, \"log\": false}}"}
{"op_code":5,"worker_id":"aa9c430d-c698-4b2e-a3ac-2e2d6f714747-140088878280704","trial_id":128,"param_name":"WallThickness","param_value_internal":3.577870618091281,"distribution":"{\"name\": \"FloatDistribution\", \"attributes\": {\"step\": null, \"low\": 2.0, \"high\": 4.0, \"log\": false}}"}
{"op_code":5,"worker_id":"aa9c430d-c698-4b2e-a3ac-2e2d6f714747-140088878280704","trial_id":128,"param_name":"PlateauHeight","param_value_internal":2.46980168656893,"distribution":"{\"name\": \"FloatDistribution\", \"attributes\": {\"step\": null, \"low\": 2.0, \"high\": 4.0, \"log\": false}}"}
{"op_code":6,"worker_id":"d6dec318-6198-4b0d-9442-33b13b0b99ff-140273271562240","trial_id":124,"state":1,"values":[14.071668244036516,0.12539308881665534,0.44722101407637016],"datetime_complete":"2026-05-28T21:36:25.226280"}
{"op_code":4,"worker_id":"d6dec318-6198-4b0d-9442-33b13b0b99ff-140273271562240","study_id":0,"datetime_start":"2026-05-28T21:36:25.240837"}
{"op_code":9,"worker_id":"d6dec318-6198-4b0d-9442-33b13b0b99ff-140273271562240","trial_id":129,"system_attr":{"nsga2:generation":2}}
{"op_code":5,"worker_id":"d6dec318-6198-4b0d-9442-33b13b0b99ff-140273271562240","trial_id":129,"param_name":"JointSlopeAngle","param_value_internal":0.4853215795172432,"distribution":"{\"name\": \"FloatDistribution\", \"attributes\": {\"step\": null, \"low\": 0.17453292519943295, \"high\": 1.0471975511965976, \"log\": false}}"}
{"op_code":5,"worker_id":"d6dec318-6198-4b0d-9442-33b13b0b99ff-140273271562240","trial_id":129,"param_name":"OuterRadius","param_value_internal":14.099577595746613,"distribution":"{\"name\": \"FloatDistribution\", \"attributes\": {\"step\": null, \"low\": 8.75, \"high\": 17.75, \"log\": false}}"}
{"op_code":5,"worker_id":"d6dec318-6198-4b0d-9442-33b13b0b99ff-140273271562240","trial_id":129,"param_name":"JointHeight","param_value_internal":5.458385355736822,"distribution":"{\"name\": \"FloatDistribution\", \"attributes\": {\"step\": null, \"low\": 5.0, \"high\": 8.0, \"log\": false}}"}
{"op_code":5,"worker_id":"d6dec318-6198-4b0d-9442-33b13b0b99ff-140273271562240","trial_id":129,"param_name":"CavityCorkThickness","param_value_internal":3.268333017350702,"distribution":"{\"name\": \"FloatDistribution\", \"attributes\": {\"step\": null, \"low\": 2.0, \"high\": 5.0, \"log\": false}}"}
{"op_code":5,"worker_id":"d6dec318-6198-4b0d-9442-33b13b0b99ff-140273271562240","trial_id":129,"param_name":"BellowHeight","param_value_internal":7.51909335597993,"distribution":"{\"name\": \"FloatDistribution\", \"attributes\": {\"step\": null, \"low\": 6.0, \"high\": 10.0, \"log\": false}}"}
{"op_code":5,"worker_id":"d6dec318-6198-4b0d-9442-33b13b0b99ff-140273271562240","trial_id":129,"param_name":"WallThickness","param_value_internal":2.7056894974878736,"distribution":"{\"name\": \"FloatDistribution\", \"attributes\": {\"step\": null, \"low\": 2.0, \"high\": 4.0, \"log\": false}}"}
{"op_code":5,"worker_id":"d6dec318-6198-4b0d-9442-33b13b0b99ff-140273271562240","trial_id":129,"param_name":"PlateauHeight","param_value_internal":3.808149792240684,"distribution":"{\"name\": \"FloatDistribution\", \"attributes\": {\"step\": null, \"low\": 2.0, \"high\": 4.0, \"log\": false}}"}
{"op_code":6,"worker_id":"8ef529fe-e953-4a66-b211-34b627f6af18-139982915063808","trial_id":125,"state":1,"values":[20.296439831810204,0.10024017525755995,0.4614177465207114],"datetime_complete":"2026-05-28T21:36:32.585101"}
{"op_code":4,"worker_id":"8ef529fe-e953-4a66-b211-34b627f6af18-139982915063808","study_id":0,"datetime_start":"2026-05-28T21:36:32.598333"}
{"op_code":9,"worker_id":"8ef529fe-e953-4a66-b211-34b627f6af18-139982915063808","trial_id":130,"system_attr":{"nsga2:generation":2}}
{"op_code":5,"worker_id":"8ef529fe-e953-4a66-b211-34b627f6af18-139982915063808","trial_id":130,"param_name":"JointSlopeAngle","param_value_internal":0.8530175716568212,"distribution":"{\"name\": \"FloatDistribution\", \"attributes\": {\"step\": null, \"low\": 0.17453292519943295, \"high\": 1.0471975511965976, \"log\": false}}"}
{"op_code":5,"worker_id":"8ef529fe-e953-4a66-b211-34b627f6af18-139982915063808","trial_id":130,"param_name":"OuterRadius","param_value_internal":11.342695990311945,"distribution":"{\"name\": \"FloatDistribution\", \"attributes\": {\"step\": null, \"low\": 8.75, \"high\": 17.75, \"log\": false}}"}
{"op_code":5,"worker_id":"8ef529fe-e953-4a66-b211-34b627f6af18-139982915063808","trial_id":130,"param_name":"JointHeight","param_value_internal":5.458385355736822,"distribution":"{\"name\": \"FloatDistribution\", \"attributes\": {\"step\": null, \"low\": 5.0, \"high\": 8.0, \"log\": false}}"}
{"op_code":5,"worker_id":"8ef529fe-e953-4a66-b211-34b627f6af18-139982915063808","trial_id":130,"param_name":"CavityCorkThickness","param_value_internal":4.270138434628311,"distribution":"{\"name\": \"FloatDistribution\", \"attributes\": {\"step\": null, \"low\": 2.0, \"high\": 5.0, \"log\": false}}"}
{"op_code":5,"worker_id":"8ef529fe-e953-4a66-b211-34b627f6af18-139982915063808","trial_id":130,"param_name":"BellowHeight","param_value_internal":7.994630474641923,"distribution":"{\"name\": \"FloatDistribution\", \"attributes\": {\"step\": null, \"low\": 6.0, \"high\": 10.0, \"log\": false}}"}
{"op_code":5,"worker_id":"8ef529fe-e953-4a66-b211-34b627f6af18-139982915063808","trial_id":130,"param_name":"WallThickness","param_value_internal":2.7056894974878736,"distribution":"{\"name\": \"FloatDistribution\", \"attributes\": {\"step\": null, \"low\": 2.0, \"high\": 4.0, \"log\": false}}"}
{"op_code":5,"worker_id":"8ef529fe-e953-4a66-b211-34b627f6af18-139982915063808","trial_id":130,"param_name":"PlateauHeight","param_value_internal":3.307476198421085,"distribution":"{\"name\": \"FloatDistribution\", \"attributes\": {\"step\": null, \"low\": 2.0, \"high\": 4.0, \"log\": false}}"}
{"op_code":6,"worker_id":"8a75add0-7778-42e4-866d-1286d98c173c-140410062901248","trial_id":126,"state":1,"values":[24.945514367775132,0.15511175319376108,0.5268067906269647],"datetime_complete":"2026-05-28T21:36:41.632238"}
{"op_code":4,"worker_id":"8a75add0-7778-42e4-866d-1286d98c173c-140410062901248","study_id":0,"datetime_start":"2026-05-28T21:36:41.644697"}
{"op_code":9,"worker_id":"8a75add0-7778-42e4-866d-1286d98c173c-140410062901248","trial_id":131,"system_attr":{"nsga2:generation":2}}
{"op_code":5,"worker_id":"8a75add0-7778-42e4-866d-1286d98c173c-140410062901248","trial_id":131,"param_name":"JointSlopeAngle","param_value_internal":0.9526723830921773,"distribution":"{\"name\": \"FloatDistribution\", \"attributes\": {\"step\": null, \"low\": 0.17453292519943295, \"high\": 1.0471975511965976, \"log\": false}}"}
{"op_code":5,"worker_id":"8a75add0-7778-42e4-866d-1286d98c173c-140410062901248","trial_id":131,"param_name":"OuterRadius","param_value_internal":16.949016493321494,"distribution":"{\"name\": \"FloatDistribution\", \"attributes\": {\"step\": null, \"low\": 8.75, \"high\": 17.75, \"log\": false}}"}
{"op_code":5,"worker_id":"8a75add0-7778-42e4-866d-1286d98c173c-140410062901248","trial_id":131,"param_name":"JointHeight","param_value_internal":5.768428135571968,"distribution":"{\"name\": \"FloatDistribution\", \"attributes\": {\"step\": null, \"low\": 5.0, \"high\": 8.0, \"log\": false}}"}
{"op_code":5,"worker_id":"8a75add0-7778-42e4-866d-1286d98c173c-140410062901248","trial_id":131,"param_name":"CavityCorkThickness","param_value_internal":3.382807239545252,"distribution":"{\"name\": \"FloatDistribution\", \"attributes\": {\"step\": null, \"low\": 2.0, \"high\": 5.0, \"log\": false}}"}
{"op_code":5,"worker_id":"8a75add0-7778-42e4-866d-1286d98c173c-140410062901248","trial_id":131,"param_name":"BellowHeight","param_value_internal":9.855418809723691,"distribution":"{\"name\": \"FloatDistribution\", \"attributes\": {\"step\": null, \"low\": 6.0, \"high\": 10.0, \"log\": false}}"}
{"op_code":5,"worker_id":"8a75add0-7778-42e4-866d-1286d98c173c-140410062901248","trial_id":131,"param_name":"WallThickness","param_value_internal":2.122518101490248,"distribution":"{\"name\": \"FloatDistribution\", \"attributes\": {\"step\": null, \"low\": 2.0, \"high\": 4.0, \"log\": false}}"}
{"op_code":5,"worker_id":"8a75add0-7778-42e4-866d-1286d98c173c-140410062901248","trial_id":131,"param_name":"PlateauHeight","param_value_internal":3.2005386861425666,"distribution":"{\"name\": \"FloatDistribution\", \"attributes\": {\"step\": null, \"low\": 2.0, \"high\": 4.0, \"log\": false}}"}
{"op_code":6,"worker_id":"1d57d4b9-2efe-4085-8b4d-54f9f495ee39-139982114316288","trial_id":127,"state":1,"values":[21.607718345863532,0.06411195825506166,0.4301447689934279],"datetime_complete":"2026-05-28T21:36:45.221152"}
{"op_code":4,"worker_id":"1d57d4b9-2efe-4085-8b4d-54f9f495ee39-139982114316288","study_id":0,"datetime_start":"2026-05-28T21:36:45.233025"}
{"op_code":9,"worker_id":"1d57d4b9-2efe-4085-8b4d-54f9f495ee39-139982114316288","trial_id":132,"system_attr":{"nsga2:generation":2}}
{"op_code":5,"worker_id":"1d57d4b9-2efe-4085-8b4d-54f9f495ee39-139982114316288","trial_id":132,"param_name":"JointSlopeAngle","param_value_internal":0.7679383056286152,"distribution":"{\"name\": \"FloatDistribution\", \"attributes\": {\"step\": null, \"low\": 0.17453292519943295, \"high\": 1.0471975511965976, \"log\": false}}"}
{"op_code":5,"worker_id":"1d57d4b9-2efe-4085-8b4d-54f9f495ee39-139982114316288","trial_id":132,"param_name":"OuterRadius","param_value_internal":10.739055096512908,"distribution":"{\"name\": \"FloatDistribution\", \"attributes\": {\"step\": null, \"low\": 8.75, \"high\": 17.75, \"log\": false}}"}
{"op_code":5,"worker_id":"1d57d4b9-2efe-4085-8b4d-54f9f495ee39-139982114316288","trial_id":132,"param_name":"JointHeight","param_value_internal":5.474205040178538,"distribution":"{\"name\": \"FloatDistribution\", \"attributes\": {\"step\": null, \"low\": 5.0, \"high\": 8.0, \"log\": false}}"}
{"op_code":5,"worker_id":"1d57d4b9-2efe-4085-8b4d-54f9f495ee39-139982114316288","trial_id":132,"param_name":"CavityCorkThickness","param_value_internal":3.268333017350702,"distribution":"{\"name\": \"FloatDistribution\", \"attributes\": {\"step\": null, \"low\": 2.0, \"high\": 5.0, \"log\": false}}"}
{"op_code":5,"worker_id":"1d57d4b9-2efe-4085-8b4d-54f9f495ee39-139982114316288","trial_id":132,"param_name":"BellowHeight","param_value_internal":8.84039489845335,"distribution":"{\"name\": \"FloatDistribution\", \"attributes\": {\"step\": null, \"low\": 6.0, \"high\": 10.0, \"log\": false}}"}
{"op_code":5,"worker_id":"1d57d4b9-2efe-4085-8b4d-54f9f495ee39-139982114316288","trial_id":132,"param_name":"WallThickness","param_value_internal":2.4033688852079402,"distribution":"{\"name\": \"FloatDistribution\", \"attributes\": {\"step\": null, \"low\": 2.0, \"high\": 4.0, \"log\": false}}"}
{"op_code":5,"worker_id":"1d57d4b9-2efe-4085-8b4d-54f9f495ee39-139982114316288","trial_id":132,"param_name":"PlateauHeight","param_value_internal":2.105795631576325,"distribution":"{\"name\": \"FloatDistribution\", \"attributes\": {\"step\": null, \"low\": 2.0, \"high\": 4.0, \"log\": false}}"}
{"op_code":6,"worker_id":"8a75add0-7778-42e4-866d-1286d98c173c-140410062901248","trial_id":131,"state":1,"values":[-Infinity,-Infinity,-Infinity],"datetime_complete":"2026-05-28T21:36:51.905383"}
{"op_code":4,"worker_id":"8a75add0-7778-42e4-866d-1286d98c173c-140410062901248","study_id":0,"datetime_start":"2026-05-28T21:36:51.918244"}
{"op_code":9,"worker_id":"8a75add0-7778-42e4-866d-1286d98c173c-140410062901248","trial_id":133,"system_attr":{"nsga2:generation":2}}
{"op_code":5,"worker_id":"8a75add0-7778-42e4-866d-1286d98c173c-140410062901248","trial_id":133,"param_name":"JointSlopeAngle","param_value_internal":0.17737555195642896,"distribution":"{\"name\": \"FloatDistribution\", \"attributes\": {\"step\": null, \"low\": 0.17453292519943295, \"high\": 1.0471975511965976, \"log\": false}}"}
{"op_code":5,"worker_id":"8a75add0-7778-42e4-866d-1286d98c173c-140410062901248","trial_id":133,"param_name":"OuterRadius","param_value_internal":9.424076963914802,"distribution":"{\"name\": \"FloatDistribution\", \"attributes\": {\"step\": null, \"low\": 8.75, \"high\": 17.75, \"log\": false}}"}
{"op_code":5,"worker_id":"8a75add0-7778-42e4-866d-1286d98c173c-140410062901248","trial_id":133,"param_name":"JointHeight","param_value_internal":5.789659472061471,"distribution":"{\"name\": \"FloatDistribution\", \"attributes\": {\"step\": null, \"low\": 5.0, \"high\": 8.0, \"log\": false}}"}
{"op_code":5,"worker_id":"8a75add0-7778-42e4-866d-1286d98c173c-140410062901248","trial_id":133,"param_name":"CavityCorkThickness","param_value_internal":3.083527360926134,"distribution":"{\"name\": \"FloatDistribution\", \"attributes\": {\"step\": null, \"low\": 2.0, \"high\": 5.0, \"log\": false}}"}
{"op_code":5,"worker_id":"8a75add0-7778-42e4-866d-1286d98c173c-140410062901248","trial_id":133,"param_name":"BellowHeight","param_value_internal":7.994630474641923,"distribution":"{\"name\": \"FloatDistribution\", \"attributes\": {\"step\": null, \"low\": 6.0, \"high\": 10.0, \"log\": false}}"}
{"op_code":5,"worker_id":"8a75add0-7778-42e4-866d-1286d98c173c-140410062901248","trial_id":133,"param_name":"WallThickness","param_value_internal":2.8498809336133113,"distribution":"{\"name\": \"FloatDistribution\", \"attributes\": {\"step\": null, \"low\": 2.0, \"high\": 4.0, \"log\": false}}"}
{"op_code":5,"worker_id":"8a75add0-7778-42e4-866d-1286d98c173c-140410062901248","trial_id":133,"param_name":"PlateauHeight","param_value_internal":3.307476198421085,"distribution":"{\"name\": \"FloatDistribution\", \"attributes\": {\"step\": null, \"low\": 2.0, \"high\": 4.0, \"log\": false}}"}
{"op_code":6,"worker_id":"aa9c430d-c698-4b2e-a3ac-2e2d6f714747-140088878280704","trial_id":128,"state":1,"values":[20.158885048085097,0.10661400477843672,0.3988763525770447],"datetime_complete":"2026-05-28T21:37:03.181373"}
{"op_code":4,"worker_id":"aa9c430d-c698-4b2e-a3ac-2e2d6f714747-140088878280704","study_id":0,"datetime_start":"2026-05-28T21:37:03.197021"}
{"op_code":9,"worker_id":"aa9c430d-c698-4b2e-a3ac-2e2d6f714747-140088878280704","trial_id":134,"system_attr":{"nsga2:generation":2}}
{"op_code":5,"worker_id":"aa9c430d-c698-4b2e-a3ac-2e2d6f714747-140088878280704","trial_id":134,"param_name":"JointSlopeAngle","param_value_internal":0.7266834579871014,"distribution":"{\"name\": \"FloatDistribution\", \"attributes\": {\"step\": null, \"low\": 0.17453292519943295, \"high\": 1.0471975511965976, \"log\": false}}"}
{"op_code":5,"worker_id":"aa9c430d-c698-4b2e-a3ac-2e2d6f714747-140088878280704","trial_id":134,"param_name":"OuterRadius","param_value_internal":13.858393867456938,"distribution":"{\"name\": \"FloatDistribution\", \"attributes\": {\"step\": null, \"low\": 8.75, \"high\": 17.75, \"log\": false}}"}
{"op_code":5,"worker_id":"aa9c430d-c698-4b2e-a3ac-2e2d6f714747-140088878280704","trial_id":134,"param_name":"JointHeight","param_value_internal":5.474205040178538,"distribution":"{\"name\": \"FloatDistribution\", \"attributes\": {\"step\": null, \"low\": 5.0, \"high\": 8.0, \"log\": false}}"}
{"op_code":5,"worker_id":"aa9c430d-c698-4b2e-a3ac-2e2d6f714747-140088878280704","trial_id":134,"param_name":"CavityCorkThickness","param_value_internal":3.216753339045557,"distribution":"{\"name\": \"FloatDistribution\", \"attributes\": {\"step\": null, \"low\": 2.0, \"high\": 5.0, \"log\": false}}"}
{"op_code":5,"worker_id":"aa9c430d-c698-4b2e-a3ac-2e2d6f714747-140088878280704","trial_id":134,"param_name":"BellowHeight","param_value_internal":8.491643329707284,"distribution":"{\"name\": \"FloatDistribution\", \"attributes\": {\"step\": null, \"low\": 6.0, \"high\": 10.0, \"log\": false}}"}
{"op_code":5,"worker_id":"aa9c430d-c698-4b2e-a3ac-2e2d6f714747-140088878280704","trial_id":134,"param_name":"WallThickness","param_value_internal":3.1457421958069336,"distribution":"{\"name\": \"FloatDistribution\", \"attributes\": {\"step\": null, \"low\": 2.0, \"high\": 4.0, \"log\": false}}"}
{"op_code":5,"worker_id":"aa9c430d-c698-4b2e-a3ac-2e2d6f714747-140088878280704","trial_id":134,"param_name":"PlateauHeight","param_value_internal":2.105795631576325,"distribution":"{\"name\": \"FloatDistribution\", \"attributes\": {\"step\": null, \"low\": 2.0, \"high\": 4.0, \"log\": false}}"}
{"op_code":6,"worker_id":"d6dec318-6198-4b0d-9442-33b13b0b99ff-140273271562240","trial_id":129,"state":1,"values":[60.9048028118566,0.08871953873343459,0.4097920535453676],"datetime_complete":"2026-05-28T21:37:07.405129"}
{"op_code":4,"worker_id":"d6dec318-6198-4b0d-9442-33b13b0b99ff-140273271562240","study_id":0,"datetime_start":"2026-05-28T21:37:07.422303"}
{"op_code":9,"worker_id":"d6dec318-6198-4b0d-9442-33b13b0b99ff-140273271562240","trial_id":135,"system_attr":{"nsga2:generation":2}}
{"op_code":5,"worker_id":"d6dec318-6198-4b0d-9442-33b13b0b99ff-140273271562240","trial_id":135,"param_name":"JointSlopeAngle","param_value_internal":0.28423537962449874,"distribution":"{\"name\": \"FloatDistribution\", \"attributes\": {\"step\": null, \"low\": 0.17453292519943295, \"high\": 1.0471975511965976, \"log\": false}}"}
{"op_code":5,"worker_id":"d6dec318-6198-4b0d-9442-33b13b0b99ff-140273271562240","trial_id":135,"param_name":"OuterRadius","param_value_internal":13.858393867456938,"distribution":"{\"name\": \"FloatDistribution\", \"attributes\": {\"step\": null, \"low\": 8.75, \"high\": 17.75, \"log\": false}}"}
{"op_code":5,"worker_id":"d6dec318-6198-4b0d-9442-33b13b0b99ff-140273271562240","trial_id":135,"param_name":"JointHeight","param_value_internal":5.672374529747194,"distribution":"{\"name\": \"FloatDistribution\", \"attributes\": {\"step\": null, \"low\": 5.0, \"high\": 8.0, \"log\": false}}"}
{"op_code":5,"worker_id":"d6dec318-6198-4b0d-9442-33b13b0b99ff-140273271562240","trial_id":135,"param_name":"CavityCorkThickness","param_value_internal":3.216753339045557,"distribution":"{\"name\": \"FloatDistribution\", \"attributes\": {\"step\": null, \"low\": 2.0, \"high\": 5.0, \"log\": false}}"}
{"op_code":5,"worker_id":"d6dec318-6198-4b0d-9442-33b13b0b99ff-140273271562240","trial_id":135,"param_name":"BellowHeight","param_value_internal":8.491643329707284,"distribution":"{\"name\": \"FloatDistribution\", \"attributes\": {\"step\": null, \"low\": 6.0, \"high\": 10.0, \"log\": false}}"}
{"op_code":5,"worker_id":"d6dec318-6198-4b0d-9442-33b13b0b99ff-140273271562240","trial_id":135,"param_name":"WallThickness","param_value_internal":2.1237780657405176,"distribution":"{\"name\": \"FloatDistribution\", \"attributes\": {\"step\": null, \"low\": 2.0, \"high\": 4.0, \"log\": false}}"}
{"op_code":5,"worker_id":"d6dec318-6198-4b0d-9442-33b13b0b99ff-140273271562240","trial_id":135,"param_name":"PlateauHeight","param_value_internal":2.8862061459933885,"distribution":"{\"name\": \"FloatDistribution\", \"attributes\": {\"step\": null, \"low\": 2.0, \"high\": 4.0, \"log\": false}}"}
{"op_code":6,"worker_id":"8ef529fe-e953-4a66-b211-34b627f6af18-139982915063808","trial_id":130,"state":1,"values":[24.97090766798658,0.09849342700559553,0.4865547890084821],"datetime_complete":"2026-05-28T21:37:07.809691"}
{"op_code":4,"worker_id":"8ef529fe-e953-4a66-b211-34b627f6af18-139982915063808","study_id":0,"datetime_start":"2026-05-28T21:37:07.823706"}
{"op_code":9,"worker_id":"8ef529fe-e953-4a66-b211-34b627f6af18-139982915063808","trial_id":136,"system_attr":{"nsga2:generation":2}}
{"op_code":5,"worker_id":"8ef529fe-e953-4a66-b211-34b627f6af18-139982915063808","trial_id":136,"param_name":"JointSlopeAngle","param_value_internal":0.7266834579871014,"distribution":"{\"name\": \"FloatDistribution\", \"attributes\": {\"step\": null, \"low\": 0.17453292519943295, \"high\": 1.0471975511965976, \"log\": false}}"}
{"op_code":5,"worker_id":"8ef529fe-e953-4a66-b211-34b627f6af18-139982915063808","trial_id":136,"param_name":"OuterRadius","param_value_internal":15.159466268426062,"distribution":"{\"name\": \"FloatDistribution\", \"attributes\": {\"step\": null, \"low\": 8.75, \"high\": 17.75, \"log\": false}}"}
{"op_code":5,"worker_id":"8ef529fe-e953-4a66-b211-34b627f6af18-139982915063808","trial_id":136,"param_name":"JointHeight","param_value_internal":5.474205040178538,"distribution":"{\"name\": \"FloatDistribution\", \"attributes\": {\"step\": null, \"low\": 5.0, \"high\": 8.0, \"log\": false}}"}
{"op_code":5,"worker_id":"8ef529fe-e953-4a66-b211-34b627f6af18-139982915063808","trial_id":136,"param_name":"CavityCorkThickness","param_value_internal":3.00216272787883,"distribution":"{\"name\": \"FloatDistribution\", \"attributes\": {\"step\": null, \"low\": 2.0, \"high\": 5.0, \"log\": false}}"}
{"op_code":5,"worker_id":"8ef529fe-e953-4a66-b211-34b627f6af18-139982915063808","trial_id":136,"param_name":"BellowHeight","param_value_internal":9.821573903319734,"distribution":"{\"name\": \"FloatDistribution\", \"attributes\": {\"step\": null, \"low\": 6.0, \"high\": 10.0, \"log\": false}}"}
{"op_code":5,"worker_id":"8ef529fe-e953-4a66-b211-34b627f6af18-139982915063808","trial_id":136,"param_name":"WallThickness","param_value_internal":3.0795474240095526,"distribution":"{\"name\": \"FloatDistribution\", \"attributes\": {\"step\": null, \"low\": 2.0, \"high\": 4.0, \"log\": false}}"}
{"op_code":5,"worker_id":"8ef529fe-e953-4a66-b211-34b627f6af18-139982915063808","trial_id":136,"param_name":"PlateauHeight","param_value_internal":2.8317365678295614,"distribution":"{\"name\": \"FloatDistribution\", \"attributes\": {\"step\": null, \"low\": 2.0, \"high\": 4.0, \"log\": false}}"}
{"op_code":6,"worker_id":"1d57d4b9-2efe-4085-8b4d-54f9f495ee39-139982114316288","trial_id":132,"state":1,"values":[39.80042836338191,0.11722193781591857,0.48790991204976775],"datetime_complete":"2026-05-28T21:37:19.817401"}
{"op_code":4,"worker_id":"1d57d4b9-2efe-4085-8b4d-54f9f495ee39-139982114316288","study_id":0,"datetime_start":"2026-05-28T21:37:19.829617"}
{"op_code":9,"worker_id":"1d57d4b9-2efe-4085-8b4d-54f9f495ee39-139982114316288","trial_id":137,"system_attr":{"nsga2:generation":2}}
{"op_code":5,"worker_id":"1d57d4b9-2efe-4085-8b4d-54f9f495ee39-139982114316288","trial_id":137,"param_name":"JointSlopeAngle","param_value_internal":0.6514101966662729,"distribution":"{\"name\": \"FloatDistribution\", \"attributes\": {\"step\": null, \"low\": 0.17453292519943295, \"high\": 1.0471975511965976, \"log\": false}}"}
{"op_code":5,"worker_id":"1d57d4b9-2efe-4085-8b4d-54f9f495ee39-139982114316288","trial_id":137,"param_name":"OuterRadius","param_value_internal":11.168758085308516,"distribution":"{\"name\": \"FloatDistribution\", \"attributes\": {\"step\": null, \"low\": 8.75, \"high\": 17.75, \"log\": false}}"}
{"op_code":5,"worker_id":"1d57d4b9-2efe-4085-8b4d-54f9f495ee39-139982114316288","trial_id":137,"param_name":"JointHeight","param_value_internal":6.577801974262155,"distribution":"{\"name\": \"FloatDistribution\", \"attributes\": {\"step\": null, \"low\": 5.0, \"high\": 8.0, \"log\": false}}"}
{"op_code":5,"worker_id":"1d57d4b9-2efe-4085-8b4d-54f9f495ee39-139982114316288","trial_id":137,"param_name":"CavityCorkThickness","param_value_internal":4.4554189335892165,"distribution":"{\"name\": \"FloatDistribution\", \"attributes\": {\"step\": null, \"low\": 2.0, \"high\": 5.0, \"log\": false}}"}
{"op_code":5,"worker_id":"1d57d4b9-2efe-4085-8b4d-54f9f495ee39-139982114316288","trial_id":137,"param_name":"BellowHeight","param_value_internal":6.745910664595325,"distribution":"{\"name\": \"FloatDistribution\", \"attributes\": {\"step\": null, \"low\": 6.0, \"high\": 10.0, \"log\": false}}"}
{"op_code":5,"worker_id":"1d57d4b9-2efe-4085-8b4d-54f9f495ee39-139982114316288","trial_id":137,"param_name":"WallThickness","param_value_internal":2.248916559327598,"distribution":"{\"name\": \"FloatDistribution\", \"attributes\": {\"step\": null, \"low\": 2.0, \"high\": 4.0, \"log\": false}}"}
{"op_code":5,"worker_id":"1d57d4b9-2efe-4085-8b4d-54f9f495ee39-139982114316288","trial_id":137,"param_name":"PlateauHeight","param_value_internal":2.623492640568099,"distribution":"{\"name\": \"FloatDistribution\", \"attributes\": {\"step\": null, \"low\": 2.0, \"high\": 4.0, \"log\": false}}"}
{"op_code":6,"worker_id":"8a75add0-7778-42e4-866d-1286d98c173c-140410062901248","trial_id":133,"state":1,"values":[20.50851520292096,0.10861043582687208,0.3553309738807796],"datetime_complete":"2026-05-28T21:37:25.963633"}
{"op_code":4,"worker_id":"8a75add0-7778-42e4-866d-1286d98c173c-140410062901248","study_id":0,"datetime_start":"2026-05-28T21:37:25.976759"}
{"op_code":9,"worker_id":"8a75add0-7778-42e4-866d-1286d98c173c-140410062901248","trial_id":138,"system_attr":{"nsga2:generation":2}}
{"op_code":5,"worker_id":"8a75add0-7778-42e4-866d-1286d98c173c-140410062901248","trial_id":138,"param_name":"JointSlopeAngle","param_value_internal":0.4853215795172432,"distribution":"{\"name\": \"FloatDistribution\", \"attributes\": {\"step\": null, \"low\": 0.17453292519943295, \"high\": 1.0471975511965976, \"log\": false}}"}
{"op_code":5,"worker_id":"8a75add0-7778-42e4-866d-1286d98c173c-140410062901248","trial_id":138,"param_name":"OuterRadius","param_value_internal":16.298776198657663,"distribution":"{\"name\": \"FloatDistribution\", \"attributes\": {\"step\": null, \"low\": 8.75, \"high\": 17.75, \"log\": false}}"}
{"op_code":5,"worker_id":"8a75add0-7778-42e4-866d-1286d98c173c-140410062901248","trial_id":138,"param_name":"JointHeight","param_value_internal":7.032150693352436,"distribution":"{\"name\": \"FloatDistribution\", \"attributes\": {\"step\": null, \"low\": 5.0, \"high\": 8.0, \"log\": false}}"}
{"op_code":5,"worker_id":"8a75add0-7778-42e4-866d-1286d98c173c-140410062901248","trial_id":138,"param_name":"CavityCorkThickness","param_value_internal":4.592742050029207,"distribution":"{\"name\": \"FloatDistribution\", \"attributes\": {\"step\": null, \"low\": 2.0, \"high\": 5.0, \"log\": false}}"}
{"op_code":5,"worker_id":"8a75add0-7778-42e4-866d-1286d98c173c-140410062901248","trial_id":138,"param_name":"BellowHeight","param_value_internal":8.525458237243821,"distribution":"{\"name\": \"FloatDistribution\", \"attributes\": {\"step\": null, \"low\": 6.0, \"high\": 10.0, \"log\": false}}"}
{"op_code":5,"worker_id":"8a75add0-7778-42e4-866d-1286d98c173c-140410062901248","trial_id":138,"param_name":"WallThickness","param_value_internal":3.750105430222216,"distribution":"{\"name\": \"FloatDistribution\", \"attributes\": {\"step\": null, \"low\": 2.0, \"high\": 4.0, \"log\": false}}"}
{"op_code":5,"worker_id":"8a75add0-7778-42e4-866d-1286d98c173c-140410062901248","trial_id":138,"param_name":"PlateauHeight","param_value_internal":2.4239237915714935,"distribution":"{\"name\": \"FloatDistribution\", \"attributes\": {\"step\": null, \"low\": 2.0, \"high\": 4.0, \"log\": false}}"}
{"op_code":6,"worker_id":"8ef529fe-e953-4a66-b211-34b627f6af18-139982915063808","trial_id":136,"state":1,"values":[51.998078499968756,0.05585123129896263,0.38038477754234545],"datetime_complete":"2026-05-28T21:37:44.396685"}
{"op_code":4,"worker_id":"8ef529fe-e953-4a66-b211-34b627f6af18-139982915063808","study_id":0,"datetime_start":"2026-05-28T21:37:44.409018"}
{"op_code":9,"worker_id":"8ef529fe-e953-4a66-b211-34b627f6af18-139982915063808","trial_id":139,"system_attr":{"nsga2:generation":2}}
{"op_code":5,"worker_id":"8ef529fe-e953-4a66-b211-34b627f6af18-139982915063808","trial_id":139,"param_name":"JointSlopeAngle","param_value_internal":0.9261479158450542,"distribution":"{\"name\": \"FloatDistribution\", \"attributes\": {\"step\": null, \"low\": 0.17453292519943295, \"high\": 1.0471975511965976, \"log\": false}}"}
{"op_code":5,"worker_id":"8ef529fe-e953-4a66-b211-34b627f6af18-139982915063808","trial_id":139,"param_name":"OuterRadius","param_value_internal":10.232245410416859,"distribution":"{\"name\": \"FloatDistribution\", \"attributes\": {\"step\": null, \"low\": 8.75, \"high\": 17.75, \"log\": false}}"}
{"op_code":5,"worker_id":"8ef529fe-e953-4a66-b211-34b627f6af18-139982915063808","trial_id":139,"param_name":"JointHeight","param_value_internal":6.6539638639534715,"distribution":"{\"name\": \"FloatDistribution\", \"attributes\": {\"step\": null, \"low\": 5.0, \"high\": 8.0, \"log\": false}}"}
{"op_code":5,"worker_id":"8ef529fe-e953-4a66-b211-34b627f6af18-139982915063808","trial_id":139,"param_name":"CavityCorkThickness","param_value_internal":3.4826906895668426,"distribution":"{\"name\": \"FloatDistribution\", \"attributes\": {\"step\": null, \"low\": 2.0, \"high\": 5.0, \"log\": false}}"}
{"op_code":5,"worker_id":"8ef529fe-e953-4a66-b211-34b627f6af18-139982915063808","trial_id":139,"param_name":"BellowHeight","param_value_internal":7.86469979116414,"distribution":"{\"name\": \"FloatDistribution\", \"attributes\": {\"step\": null, \"low\": 6.0, \"high\": 10.0, \"log\": false}}"}
{"op_code":5,"worker_id":"8ef529fe-e953-4a66-b211-34b627f6af18-139982915063808","trial_id":139,"param_name":"WallThickness","param_value_internal":3.404643529387884,"distribution":"{\"name\": \"FloatDistribution\", \"attributes\": {\"step\": null, \"low\": 2.0, \"high\": 4.0, \"log\": false}}"}
{"op_code":5,"worker_id":"8ef529fe-e953-4a66-b211-34b627f6af18-139982915063808","trial_id":139,"param_name":"PlateauHeight","param_value_internal":2.6534402573663156,"distribution":"{\"name\": \"FloatDistribution\", \"attributes\": {\"step\": null, \"low\": 2.0, \"high\": 4.0, \"log\": false}}"}
{"op_code":6,"worker_id":"aa9c430d-c698-4b2e-a3ac-2e2d6f714747-140088878280704","trial_id":134,"state":1,"values":[29.05785333287099,0.05090156317079606,0.4142449350365847],"datetime_complete":"2026-05-28T21:37:44.857136"}
{"op_code":4,"worker_id":"aa9c430d-c698-4b2e-a3ac-2e2d6f714747-140088878280704","study_id":0,"datetime_start":"2026-05-28T21:37:44.874244"}
{"op_code":9,"worker_id":"aa9c430d-c698-4b2e-a3ac-2e2d6f714747-140088878280704","trial_id":140,"system_attr":{"nsga2:generation":2}}
{"op_code":5,"worker_id":"aa9c430d-c698-4b2e-a3ac-2e2d6f714747-140088878280704","trial_id":140,"param_name":"JointSlopeAngle","param_value_internal":0.5269933621553086,"distribution":"{\"name\": \"FloatDistribution\", \"attributes\": {\"step\": null, \"low\": 0.17453292519943295, \"high\": 1.0471975511965976, \"log\": false}}"}
{"op_code":5,"worker_id":"aa9c430d-c698-4b2e-a3ac-2e2d6f714747-140088878280704","trial_id":140,"param_name":"OuterRadius","param_value_internal":11.819670239010229,"distribution":"{\"name\": \"FloatDistribution\", \"attributes\": {\"step\": null, \"low\": 8.75, \"high\": 17.75, \"log\": false}}"}
{"op_code":5,"worker_id":"aa9c430d-c698-4b2e-a3ac-2e2d6f714747-140088878280704","trial_id":140,"param_name":"JointHeight","param_value_internal":7.008280349837074,"distribution":"{\"name\": \"FloatDistribution\", \"attributes\": {\"step\": null, \"low\": 5.0, \"high\": 8.0, \"log\": false}}"}
{"op_code":5,"worker_id":"aa9c430d-c698-4b2e-a3ac-2e2d6f714747-140088878280704","trial_id":140,"param_name":"CavityCorkThickness","param_value_internal":2.6830577369424233,"distribution":"{\"name\": \"FloatDistribution\", \"attributes\": {\"step\": null, \"low\": 2.0, \"high\": 5.0, \"log\": false}}"}
{"op_code":5,"worker_id":"aa9c430d-c698-4b2e-a3ac-2e2d6f714747-140088878280704","trial_id":140,"param_name":"BellowHeight","param_value_internal":6.387116764185715,"distribution":"{\"name\": \"FloatDistribution\", \"attributes\": {\"step\": null, \"low\": 6.0, \"high\": 10.0, \"log\": false}}"}
{"op_code":5,"worker_id":"aa9c430d-c698-4b2e-a3ac-2e2d6f714747-140088878280704","trial_id":140,"param_name":"WallThickness","param_value_internal":2.870760822013531,"distribution":"{\"name\": \"FloatDistribution\", \"attributes\": {\"step\": null, \"low\": 2.0, \"high\": 4.0, \"log\": false}}"}
{"op_code":5,"worker_id":"aa9c430d-c698-4b2e-a3ac-2e2d6f714747-140088878280704","trial_id":140,"param_name":"PlateauHeight","param_value_internal":2.3546158820684813,"distribution":"{\"name\": \"FloatDistribution\", \"attributes\": {\"step\": null, \"low\": 2.0, \"high\": 4.0, \"log\": false}}"}
{"op_code":6,"worker_id":"d6dec318-6198-4b0d-9442-33b13b0b99ff-140273271562240","trial_id":135,"state":1,"values":[66.63165581910994,0.08548309470627727,0.3887420476967123],"datetime_complete":"2026-05-28T21:37:50.383295"}
{"op_code":4,"worker_id":"d6dec318-6198-4b0d-9442-33b13b0b99ff-140273271562240","study_id":0,"datetime_start":"2026-05-28T21:37:50.399749"}
{"op_code":9,"worker_id":"d6dec318-6198-4b0d-9442-33b13b0b99ff-140273271562240","trial_id":141,"system_attr":{"nsga2:generation":2}}
{"op_code":5,"worker_id":"d6dec318-6198-4b0d-9442-33b13b0b99ff-140273271562240","trial_id":141,"param_name":"JointSlopeAngle","param_value_internal":0.38750547591606044,"distribution":"{\"name\": \"FloatDistribution\", \"attributes\": {\"step\": null, \"low\": 0.17453292519943295, \"high\": 1.0471975511965976, \"log\": false}}"}
{"op_code":5,"worker_id":"d6dec318-6198-4b0d-9442-33b13b0b99ff-140273271562240","trial_id":141,"param_name":"OuterRadius","param_value_internal":12.212885598852232,"distribution":"{\"name\": \"FloatDistribution\", \"attributes\": {\"step\": null, \"low\": 8.75, \"high\": 17.75, \"log\": false}}"}
{"op_code":5,"worker_id":"d6dec318-6198-4b0d-9442-33b13b0b99ff-140273271562240","trial_id":141,"param_name":"JointHeight","param_value_internal":5.768428135571968,"distribution":"{\"name\": \"FloatDistribution\", \"attributes\": {\"step\": null, \"low\": 5.0, \"high\": 8.0, \"log\": false}}"}
{"op_code":5,"worker_id":"d6dec318-6198-4b0d-9442-33b13b0b99ff-140273271562240","trial_id":141,"param_name":"CavityCorkThickness","param_value_internal":3.083527360926134,"distribution":"{\"name\": \"FloatDistribution\", \"attributes\": {\"step\": null, \"low\": 2.0, \"high\": 5.0, \"log\": false}}"}
{"op_code":5,"worker_id":"d6dec318-6198-4b0d-9442-33b13b0b99ff-140273271562240","trial_id":141,"param_name":"BellowHeight","param_value_internal":7.3110773661839215,"distribution":"{\"name\": \"FloatDistribution\", \"attributes\": {\"step\": null, \"low\": 6.0, \"high\": 10.0, \"log\": false}}"}
{"op_code":5,"worker_id":"d6dec318-6198-4b0d-9442-33b13b0b99ff-140273271562240","trial_id":141,"param_name":"WallThickness","param_value_internal":2.8498809336133113,"distribution":"{\"name\": \"FloatDistribution\", \"attributes\": {\"step\": null, \"low\": 2.0, \"high\": 4.0, \"log\": false}}"}
{"op_code":5,"worker_id":"d6dec318-6198-4b0d-9442-33b13b0b99ff-140273271562240","trial_id":141,"param_name":"PlateauHeight","param_value_internal":3.307476198421085,"distribution":"{\"name\": \"FloatDistribution\", \"attributes\": {\"step\": null, \"low\": 2.0, \"high\": 4.0, \"log\": false}}"}
{"op_code":6,"worker_id":"1d57d4b9-2efe-4085-8b4d-54f9f495ee39-139982114316288","trial_id":137,"state":1,"values":[32.34651485170579,0.1486644052539039,0.454520828989745],"datetime_complete":"2026-05-28T21:37:54.070085"}
{"op_code":4,"worker_id":"1d57d4b9-2efe-4085-8b4d-54f9f495ee39-139982114316288","study_id":0,"datetime_start":"2026-05-28T21:37:54.083007"}
{"op_code":9,"worker_id":"1d57d4b9-2efe-4085-8b4d-54f9f495ee39-139982114316288","trial_id":142,"system_attr":{"nsga2:generation":2}}
{"op_code":5,"worker_id":"1d57d4b9-2efe-4085-8b4d-54f9f495ee39-139982114316288","trial_id":142,"param_name":"JointSlopeAngle","param_value_internal":0.2515474579994148,"distribution":"{\"name\": \"FloatDistribution\", \"attributes\": {\"step\": null, \"low\": 0.17453292519943295, \"high\": 1.0471975511965976, \"log\": false}}"}
{"op_code":5,"worker_id":"1d57d4b9-2efe-4085-8b4d-54f9f495ee39-139982114316288","trial_id":142,"param_name":"OuterRadius","param_value_internal":12.034919377355568,"distribution":"{\"name\": \"FloatDistribution\", \"attributes\": {\"step\": null, \"low\": 8.75, \"high\": 17.75, \"log\": false}}"}
{"op_code":5,"worker_id":"1d57d4b9-2efe-4085-8b4d-54f9f495ee39-139982114316288","trial_id":142,"param_name":"JointHeight","param_value_internal":7.6920688858942885,"distribution":"{\"name\": \"FloatDistribution\", \"attributes\": {\"step\": null, \"low\": 5.0, \"high\": 8.0, \"log\": false}}"}
{"op_code":5,"worker_id":"1d57d4b9-2efe-4085-8b4d-54f9f495ee39-139982114316288","trial_id":142,"param_name":"CavityCorkThickness","param_value_internal":3.216753339045557,"distribution":"{\"name\": \"FloatDistribution\", \"attributes\": {\"step\": null, \"low\": 2.0, \"high\": 5.0, \"log\": false}}"}
{"op_code":5,"worker_id":"1d57d4b9-2efe-4085-8b4d-54f9f495ee39-139982114316288","trial_id":142,"param_name":"BellowHeight","param_value_internal":6.424468178216461,"distribution":"{\"name\": \"FloatDistribution\", \"attributes\": {\"step\": null, \"low\": 6.0, \"high\": 10.0, \"log\": false}}"}
{"op_code":5,"worker_id":"1d57d4b9-2efe-4085-8b4d-54f9f495ee39-139982114316288","trial_id":142,"param_name":"WallThickness","param_value_internal":2.462822096233915,"distribution":"{\"name\": \"FloatDistribution\", \"attributes\": {\"step\": null, \"low\": 2.0, \"high\": 4.0, \"log\": false}}"}
{"op_code":5,"worker_id":"1d57d4b9-2efe-4085-8b4d-54f9f495ee39-139982114316288","trial_id":142,"param_name":"PlateauHeight","param_value_internal":2.46980168656893,"distribution":"{\"name\": \"FloatDistribution\", \"attributes\": {\"step\": null, \"low\": 2.0, \"high\": 4.0, \"log\": false}}"}
{"op_code":6,"worker_id":"8a75add0-7778-42e4-866d-1286d98c173c-140410062901248","trial_id":138,"state":1,"values":[43.97516284636379,0.0733305465040757,0.3733710874887515],"datetime_complete":"2026-05-28T21:38:00.752067"}
{"op_code":4,"worker_id":"8a75add0-7778-42e4-866d-1286d98c173c-140410062901248","study_id":0,"datetime_start":"2026-05-28T21:38:00.764706"}
{"op_code":9,"worker_id":"8a75add0-7778-42e4-866d-1286d98c173c-140410062901248","trial_id":143,"system_attr":{"nsga2:generation":2}}
{"op_code":5,"worker_id":"8a75add0-7778-42e4-866d-1286d98c173c-140410062901248","trial_id":143,"param_name":"JointSlopeAngle","param_value_internal":0.8658752833005506,"distribution":"{\"name\": \"FloatDistribution\", \"attributes\": {\"step\": null, \"low\": 0.17453292519943295, \"high\": 1.0471975511965976, \"log\": false}}"}
{"op_code":5,"worker_id":"8a75add0-7778-42e4-866d-1286d98c173c-140410062901248","trial_id":143,"param_name":"OuterRadius","param_value_internal":10.972473835358148,"distribution":"{\"name\": \"FloatDistribution\", \"attributes\": {\"step\": null, \"low\": 8.75, \"high\": 17.75, \"log\": false}}"}
{"op_code":5,"worker_id":"8a75add0-7778-42e4-866d-1286d98c173c-140410062901248","trial_id":143,"param_name":"JointHeight","param_value_internal":7.032150693352436,"distribution":"{\"name\": \"FloatDistribution\", \"attributes\": {\"step\": null, \"low\": 5.0, \"high\": 8.0, \"log\": false}}"}
{"op_code":5,"worker_id":"8a75add0-7778-42e4-866d-1286d98c173c-140410062901248","trial_id":143,"param_name":"CavityCorkThickness","param_value_internal":2.7517814542529067,"distribution":"{\"name\": \"FloatDistribution\", \"attributes\": {\"step\": null, \"low\": 2.0, \"high\": 5.0, \"log\": false}}"}
{"op_code":5,"worker_id":"8a75add0-7778-42e4-866d-1286d98c173c-140410062901248","trial_id":143,"param_name":"BellowHeight","param_value_internal":8.84039489845335,"distribution":"{\"name\": \"FloatDistribution\", \"attributes\": {\"step\": null, \"low\": 6.0, \"high\": 10.0, \"log\": false}}"}
{"op_code":5,"worker_id":"8a75add0-7778-42e4-866d-1286d98c173c-140410062901248","trial_id":143,"param_name":"WallThickness","param_value_internal":2.572774572846695,"distribution":"{\"name\": \"FloatDistribution\", \"attributes\": {\"step\": null, \"low\": 2.0, \"high\": 4.0, \"log\": false}}"}
{"op_code":5,"worker_id":"8a75add0-7778-42e4-866d-1286d98c173c-140410062901248","trial_id":143,"param_name":"PlateauHeight","param_value_internal":2.105795631576325,"distribution":"{\"name\": \"FloatDistribution\", \"attributes\": {\"step\": null, \"low\": 2.0, \"high\": 4.0, \"log\": false}}"}
{"op_code":6,"worker_id":"8ef529fe-e953-4a66-b211-34b627f6af18-139982915063808","trial_id":139,"state":1,"values":[17.19254836497788,0.1123555088233457,0.518705155003796],"datetime_complete":"2026-05-28T21:38:18.601962"}
{"op_code":4,"worker_id":"8ef529fe-e953-4a66-b211-34b627f6af18-139982915063808","study_id":0,"datetime_start":"2026-05-28T21:38:18.614082"}
{"op_code":9,"worker_id":"8ef529fe-e953-4a66-b211-34b627f6af18-139982915063808","trial_id":144,"system_attr":{"nsga2:generation":2}}
{"op_code":5,"worker_id":"8ef529fe-e953-4a66-b211-34b627f6af18-139982915063808","trial_id":144,"param_name":"JointSlopeAngle","param_value_internal":0.4853215795172432,"distribution":"{\"name\": \"FloatDistribution\", \"attributes\": {\"step\": null, \"low\": 0.17453292519943295, \"high\": 1.0471975511965976, \"log\": false}}"}
{"op_code":5,"worker_id":"8ef529fe-e953-4a66-b211-34b627f6af18-139982915063808","trial_id":144,"param_name":"OuterRadius","param_value_internal":11.342695990311945,"distribution":"{\"name\": \"FloatDistribution\", \"attributes\": {\"step\": null, \"low\": 8.75, \"high\": 17.75, \"log\": false}}"}
{"op_code":5,"worker_id":"8ef529fe-e953-4a66-b211-34b627f6af18-139982915063808","trial_id":144,"param_name":"JointHeight","param_value_internal":5.40970506787656,"distribution":"{\"name\": \"FloatDistribution\", \"attributes\": {\"step\": null, \"low\": 5.0, \"high\": 8.0, \"log\": false}}"}
{"op_code":5,"worker_id":"8ef529fe-e953-4a66-b211-34b627f6af18-139982915063808","trial_id":144,"param_name":"CavityCorkThickness","param_value_internal":2.885560302188327,"distribution":"{\"name\": \"FloatDistribution\", \"attributes\": {\"step\": null, \"low\": 2.0, \"high\": 5.0, \"log\": false}}"}
{"op_code":5,"worker_id":"8ef529fe-e953-4a66-b211-34b627f6af18-139982915063808","trial_id":144,"param_name":"BellowHeight","param_value_internal":9.555234729254323,"distribution":"{\"name\": \"FloatDistribution\", \"attributes\": {\"step\": null, \"low\": 6.0, \"high\": 10.0, \"log\": false}}"}
{"op_code":5,"worker_id":"8ef529fe-e953-4a66-b211-34b627f6af18-139982915063808","trial_id":144,"param_name":"WallThickness","param_value_internal":3.681513267503684,"distribution":"{\"name\": \"FloatDistribution\", \"attributes\": {\"step\": null, \"low\": 2.0, \"high\": 4.0, \"log\": false}}"}
{"op_code":5,"worker_id":"8ef529fe-e953-4a66-b211-34b627f6af18-139982915063808","trial_id":144,"param_name":"PlateauHeight","param_value_internal":2.7911984234554836,"distribution":"{\"name\": \"FloatDistribution\", \"attributes\": {\"step\": null, \"low\": 2.0, \"high\": 4.0, \"log\": false}}"}
{"op_code":6,"worker_id":"aa9c430d-c698-4b2e-a3ac-2e2d6f714747-140088878280704","trial_id":140,"state":1,"values":[28.643648821027,0.08130058458115128,0.443978405184708],"datetime_complete":"2026-05-28T21:38:25.810591"}
{"op_code":4,"worker_id":"aa9c430d-c698-4b2e-a3ac-2e2d6f714747-140088878280704","study_id":0,"datetime_start":"2026-05-28T21:38:25.826829"}
{"op_code":9,"worker_id":"aa9c430d-c698-4b2e-a3ac-2e2d6f714747-140088878280704","trial_id":145,"system_attr":{"nsga2:generation":2}}
{"op_code":5,"worker_id":"aa9c430d-c698-4b2e-a3ac-2e2d6f714747-140088878280704","trial_id":145,"param_name":"JointSlopeAngle","param_value_internal":0.7796712773766568,"distribution":"{\"name\": \"FloatDistribution\", \"attributes\": {\"step\": null, \"low\": 0.17453292519943295, \"high\": 1.0471975511965976, \"log\": false}}"}
{"op_code":5,"worker_id":"aa9c430d-c698-4b2e-a3ac-2e2d6f714747-140088878280704","trial_id":145,"param_name":"OuterRadius","param_value_internal":11.819670239010229,"distribution":"{\"name\": \"FloatDistribution\", \"attributes\": {\"step\": null, \"low\": 8.75, \"high\": 17.75, \"log\": false}}"}
{"op_code":5,"worker_id":"aa9c430d-c698-4b2e-a3ac-2e2d6f714747-140088878280704","trial_id":145,"param_name":"JointHeight","param_value_internal":6.260966637155939,"distribution":"{\"name\": \"FloatDistribution\", \"attributes\": {\"step\": null, \"low\": 5.0, \"high\": 8.0, \"log\": false}}"}
{"op_code":5,"worker_id":"aa9c430d-c698-4b2e-a3ac-2e2d6f714747-140088878280704","trial_id":145,"param_name":"CavityCorkThickness","param_value_internal":3.2317258790935615,"distribution":"{\"name\": \"FloatDistribution\", \"attributes\": {\"step\": null, \"low\": 2.0, \"high\": 5.0, \"log\": false}}"}
{"op_code":5,"worker_id":"aa9c430d-c698-4b2e-a3ac-2e2d6f714747-140088878280704","trial_id":145,"param_name":"BellowHeight","param_value_internal":6.307397684828864,"distribution":"{\"name\": \"FloatDistribution\", \"attributes\": {\"step\": null, \"low\": 6.0, \"high\": 10.0, \"log\": false}}"}
{"op_code":5,"worker_id":"aa9c430d-c698-4b2e-a3ac-2e2d6f714747-140088878280704","trial_id":145,"param_name":"WallThickness","param_value_internal":3.0487836880222368,"distribution":"{\"name\": \"FloatDistribution\", \"attributes\": {\"step\": null, \"low\": 2.0, \"high\": 4.0, \"log\": false}}"}
{"op_code":5,"worker_id":"aa9c430d-c698-4b2e-a3ac-2e2d6f714747-140088878280704","trial_id":145,"param_name":"PlateauHeight","param_value_internal":3.410592191802534,"distribution":"{\"name\": \"FloatDistribution\", \"attributes\": {\"step\": null, \"low\": 2.0, \"high\": 4.0, \"log\": false}}"}
{"op_code":6,"worker_id":"1d57d4b9-2efe-4085-8b4d-54f9f495ee39-139982114316288","trial_id":142,"state":1,"values":[26.878545407103047,0.07084776694447568,0.4158520038071098],"datetime_complete":"2026-05-28T21:38:28.748975"}
{"op_code":4,"worker_id":"1d57d4b9-2efe-4085-8b4d-54f9f495ee39-139982114316288","study_id":0,"datetime_start":"2026-05-28T21:38:28.762166"}
{"op_code":9,"worker_id":"1d57d4b9-2efe-4085-8b4d-54f9f495ee39-139982114316288","trial_id":146,"system_attr":{"nsga2:generation":2}}
{"op_code":5,"worker_id":"1d57d4b9-2efe-4085-8b4d-54f9f495ee39-139982114316288","trial_id":146,"param_name":"JointSlopeAngle","param_value_internal":0.4971826600067385,"distribution":"{\"name\": \"FloatDistribution\", \"attributes\": {\"step\": null, \"low\": 0.17453292519943295, \"high\": 1.0471975511965976, \"log\": false}}"}
{"op_code":5,"worker_id":"1d57d4b9-2efe-4085-8b4d-54f9f495ee39-139982114316288","trial_id":146,"param_name":"OuterRadius","param_value_internal":11.819670239010229,"distribution":"{\"name\": \"FloatDistribution\", \"attributes\": {\"step\": null, \"low\": 8.75, \"high\": 17.75, \"log\": false}}"}
{"op_code":5,"worker_id":"1d57d4b9-2efe-4085-8b4d-54f9f495ee39-139982114316288","trial_id":146,"param_name":"JointHeight","param_value_internal":6.752844906400649,"distribution":"{\"name\": \"FloatDistribution\", \"attributes\": {\"step\": null, \"low\": 5.0, \"high\": 8.0, \"log\": false}}"}
{"op_code":5,"worker_id":"1d57d4b9-2efe-4085-8b4d-54f9f495ee39-139982114316288","trial_id":146,"param_name":"CavityCorkThickness","param_value_internal":4.554613221934789,"distribution":"{\"name\": \"FloatDistribution\", \"attributes\": {\"step\": null, \"low\": 2.0, \"high\": 5.0, \"log\": false}}"}
{"op_code":5,"worker_id":"1d57d4b9-2efe-4085-8b4d-54f9f495ee39-139982114316288","trial_id":146,"param_name":"BellowHeight","param_value_internal":7.660692112536824,"distribution":"{\"name\": \"FloatDistribution\", \"attributes\": {\"step\": null, \"low\": 6.0, \"high\": 10.0, \"log\": false}}"}
{"op_code":5,"worker_id":"1d57d4b9-2efe-4085-8b4d-54f9f495ee39-139982114316288","trial_id":146,"param_name":"WallThickness","param_value_internal":2.4231653829921562,"distribution":"{\"name\": \"FloatDistribution\", \"attributes\": {\"step\": null, \"low\": 2.0, \"high\": 4.0, \"log\": false}}"}
{"op_code":5,"worker_id":"1d57d4b9-2efe-4085-8b4d-54f9f495ee39-139982114316288","trial_id":146,"param_name":"PlateauHeight","param_value_internal":3.410592191802534,"distribution":"{\"name\": \"FloatDistribution\", \"attributes\": {\"step\": null, \"low\": 2.0, \"high\": 4.0, \"log\": false}}"}
{"op_code":6,"worker_id":"d6dec318-6198-4b0d-9442-33b13b0b99ff-140273271562240","trial_id":141,"state":1,"values":[37.78684474026085,0.09009253551018993,0.4367249543127268],"datetime_complete":"2026-05-28T21:38:32.669377"}
{"op_code":4,"worker_id":"d6dec318-6198-4b0d-9442-33b13b0b99ff-140273271562240","study_id":0,"datetime_start":"2026-05-28T21:38:32.685783"}
{"op_code":9,"worker_id":"d6dec318-6198-4b0d-9442-33b13b0b99ff-140273271562240","trial_id":147,"system_attr":{"nsga2:generation":2}}
{"op_code":5,"worker_id":"d6dec318-6198-4b0d-9442-33b13b0b99ff-140273271562240","trial_id":147,"param_name":"JointSlopeAngle","param_value_internal":0.7910328964368478,"distribution":"{\"name\": \"FloatDistribution\", \"attributes\": {\"step\": null, \"low\": 0.17453292519943295, \"high\": 1.0471975511965976, \"log\": false}}"}
{"op_code":5,"worker_id":"d6dec318-6198-4b0d-9442-33b13b0b99ff-140273271562240","trial_id":147,"param_name":"OuterRadius","param_value_internal":11.766810365695498,"distribution":"{\"name\": \"FloatDistribution\", \"attributes\": {\"step\": null, \"low\": 8.75, \"high\": 17.75, \"log\": false}}"}
{"op_code":5,"worker_id":"d6dec318-6198-4b0d-9442-33b13b0b99ff-140273271562240","trial_id":147,"param_name":"JointHeight","param_value_internal":5.40970506787656,"distribution":"{\"name\": \"FloatDistribution\", \"attributes\": {\"step\": null, \"low\": 5.0, \"high\": 8.0, \"log\": false}}"}
{"op_code":5,"worker_id":"d6dec318-6198-4b0d-9442-33b13b0b99ff-140273271562240","trial_id":147,"param_name":"CavityCorkThickness","param_value_internal":2.6830577369424233,"distribution":"{\"name\": \"FloatDistribution\", \"attributes\": {\"step\": null, \"low\": 2.0, \"high\": 5.0, \"log\": false}}"}
{"op_code":5,"worker_id":"d6dec318-6198-4b0d-9442-33b13b0b99ff-140273271562240","trial_id":147,"param_name":"BellowHeight","param_value_internal":9.20885271062033,"distribution":"{\"name\": \"FloatDistribution\", \"attributes\": {\"step\": null, \"low\": 6.0, \"high\": 10.0, \"log\": false}}"}
{"op_code":5,"worker_id":"d6dec318-6198-4b0d-9442-33b13b0b99ff-140273271562240","trial_id":147,"param_name":"WallThickness","param_value_internal":2.7644256005489485,"distribution":"{\"name\": \"FloatDistribution\", \"attributes\": {\"step\": null, \"low\": 2.0, \"high\": 4.0, \"log\": false}}"}
{"op_code":5,"worker_id":"d6dec318-6198-4b0d-9442-33b13b0b99ff-140273271562240","trial_id":147,"param_name":"PlateauHeight","param_value_internal":3.4239603396265816,"distribution":"{\"name\": \"FloatDistribution\", \"attributes\": {\"step\": null, \"low\": 2.0, \"high\": 4.0, \"log\": false}}"}
{"op_code":6,"worker_id":"8a75add0-7778-42e4-866d-1286d98c173c-140410062901248","trial_id":143,"state":1,"values":[35.09834667055952,0.08662588433351219,0.48010919996056517],"datetime_complete":"2026-05-28T21:38:34.225479"}
{"op_code":4,"worker_id":"8a75add0-7778-42e4-866d-1286d98c173c-140410062901248","study_id":0,"datetime_start":"2026-05-28T21:38:34.236717"}
{"op_code":9,"worker_id":"8a75add0-7778-42e4-866d-1286d98c173c-140410062901248","trial_id":148,"system_attr":{"nsga2:generation":2}}
{"op_code":5,"worker_id":"8a75add0-7778-42e4-866d-1286d98c173c-140410062901248","trial_id":148,"param_name":"JointSlopeAngle","param_value_internal":0.9459129416811477,"distribution":"{\"name\": \"FloatDistribution\", \"attributes\": {\"step\": null, \"low\": 0.17453292519943295, \"high\": 1.0471975511965976, \"log\": false}}"}
{"op_code":5,"worker_id":"8a75add0-7778-42e4-866d-1286d98c173c-140410062901248","trial_id":148,"param_name":"OuterRadius","param_value_internal":9.572545694636164,"distribution":"{\"name\": \"FloatDistribution\", \"attributes\": {\"step\": null, \"low\": 8.75, \"high\": 17.75, \"log\": false}}"}
{"op_code":5,"worker_id":"8a75add0-7778-42e4-866d-1286d98c173c-140410062901248","trial_id":148,"param_name":"JointHeight","param_value_internal":6.286501980096286,"distribution":"{\"name\": \"FloatDistribution\", \"attributes\": {\"step\": null, \"low\": 5.0, \"high\": 8.0, \"log\": false}}"}
{"op_code":5,"worker_id":"8a75add0-7778-42e4-866d-1286d98c173c-140410062901248","trial_id":148,"param_name":"CavityCorkThickness","param_value_internal":2.188428291256305,"distribution":"{\"name\": \"FloatDistribution\", \"attributes\": {\"step\": null, \"low\": 2.0, \"high\": 5.0, \"log\": false}}"}
{"op_code":5,"worker_id":"8a75add0-7778-42e4-866d-1286d98c173c-140410062901248","trial_id":148,"param_name":"BellowHeight","param_value_internal":6.218721227495308,"distribution":"{\"name\": \"FloatDistribution\", \"attributes\": {\"step\": null, \"low\": 6.0, \"high\": 10.0, \"log\": false}}"}
{"op_code":5,"worker_id":"8a75add0-7778-42e4-866d-1286d98c173c-140410062901248","trial_id":148,"param_name":"WallThickness","param_value_internal":2.7644256005489485,"distribution":"{\"name\": \"FloatDistribution\", \"attributes\": {\"step\": null, \"low\": 2.0, \"high\": 4.0, \"log\": false}}"}
{"op_code":5,"worker_id":"8a75add0-7778-42e4-866d-1286d98c173c-140410062901248","trial_id":148,"param_name":"PlateauHeight","param_value_internal":3.497282529535906,"distribution":"{\"name\": \"FloatDistribution\", \"attributes\": {\"step\": null, \"low\": 2.0, \"high\": 4.0, \"log\": false}}"}
{"op_code":6,"worker_id":"8ef529fe-e953-4a66-b211-34b627f6af18-139982915063808","trial_id":144,"state":1,"values":[34.436538328695804,0.11516899012455356,0.4765877127621439],"datetime_complete":"2026-05-28T21:38:53.464407"}
{"op_code":4,"worker_id":"8ef529fe-e953-4a66-b211-34b627f6af18-139982915063808","study_id":0,"datetime_start":"2026-05-28T21:38:53.477447"}
{"op_code":9,"worker_id":"8ef529fe-e953-4a66-b211-34b627f6af18-139982915063808","trial_id":149,"system_attr":{"nsga2:generation":2}}
{"op_code":5,"worker_id":"8ef529fe-e953-4a66-b211-34b627f6af18-139982915063808","trial_id":149,"param_name":"JointSlopeAngle","param_value_internal":0.5478051691981186,"distribution":"{\"name\": \"FloatDistribution\", \"attributes\": {\"step\": null, \"low\": 0.17453292519943295, \"high\": 1.0471975511965976, \"log\": false}}"}
{"op_code":5,"worker_id":"8ef529fe-e953-4a66-b211-34b627f6af18-139982915063808","trial_id":149,"param_name":"OuterRadius","param_value_internal":10.88694454515912,"distribution":"{\"name\": \"FloatDistribution\", \"attributes\": {\"step\": null, \"low\": 8.75, \"high\": 17.75, \"log\": false}}"}
{"op_code":5,"worker_id":"8ef529fe-e953-4a66-b211-34b627f6af18-139982915063808","trial_id":149,"param_name":"JointHeight","param_value_internal":7.147381649307654,"distribution":"{\"name\": \"FloatDistribution\", \"attributes\": {\"step\": null, \"low\": 5.0, \"high\": 8.0, \"log\": false}}"}
{"op_code":5,"worker_id":"8ef529fe-e953-4a66-b211-34b627f6af18-139982915063808","trial_id":149,"param_name":"CavityCorkThickness","param_value_internal":2.885560302188327,"distribution":"{\"name\": \"FloatDistribution\", \"attributes\": {\"step\": null, \"low\": 2.0, \"high\": 5.0, \"log\": false}}"}
{"op_code":5,"worker_id":"8ef529fe-e953-4a66-b211-34b627f6af18-139982915063808","trial_id":149,"param_name":"BellowHeight","param_value_internal":8.415276974565108,"distribution":"{\"name\": \"FloatDistribution\", \"attributes\": {\"step\": null, \"low\": 6.0, \"high\": 10.0, \"log\": false}}"}
{"op_code":5,"worker_id":"8ef529fe-e953-4a66-b211-34b627f6af18-139982915063808","trial_id":149,"param_name":"WallThickness","param_value_internal":2.120492221253444,"distribution":"{\"name\": \"FloatDistribution\", \"attributes\": {\"step\": null, \"low\": 2.0, \"high\": 4.0, \"log\": false}}"}
{"op_code":5,"worker_id":"8ef529fe-e953-4a66-b211-34b627f6af18-139982915063808","trial_id":149,"param_name":"PlateauHeight","param_value_internal":2.264084645806684,"distribution":"{\"name\": \"FloatDistribution\", \"attributes\": {\"step\": null, \"low\": 2.0, \"high\": 4.0, \"log\": false}}"}
{"op_code":6,"worker_id":"1d57d4b9-2efe-4085-8b4d-54f9f495ee39-139982114316288","trial_id":146,"state":1,"values":[39.63450434224927,0.13910731540727805,0.43701606831452317],"datetime_complete":"2026-05-28T21:39:03.467809"}
{"op_code":4,"worker_id":"1d57d4b9-2efe-4085-8b4d-54f9f495ee39-139982114316288","study_id":0,"datetime_start":"2026-05-28T21:39:03.480866"}
{"op_code":9,"worker_id":"1d57d4b9-2efe-4085-8b4d-54f9f495ee39-139982114316288","trial_id":150,"system_attr":{"nsga2:generation":2}}
{"op_code":5,"worker_id":"1d57d4b9-2efe-4085-8b4d-54f9f495ee39-139982114316288","trial_id":150,"param_name":"JointSlopeAngle","param_value_internal":0.6514101966662729,"distribution":"{\"name\": \"FloatDistribution\", \"attributes\": {\"step\": null, \"low\": 0.17453292519943295, \"high\": 1.0471975511965976, \"log\": false}}"}
{"op_code":5,"worker_id":"1d57d4b9-2efe-4085-8b4d-54f9f495ee39-139982114316288","trial_id":150,"param_name":"OuterRadius","param_value_internal":12.40216280669376,"distribution":"{\"name\": \"FloatDistribution\", \"attributes\": {\"step\": null, \"low\": 8.75, \"high\": 17.75, \"log\": false}}"}
{"op_code":5,"worker_id":"1d57d4b9-2efe-4085-8b4d-54f9f495ee39-139982114316288","trial_id":150,"param_name":"JointHeight","param_value_internal":5.8741644177199115,"distribution":"{\"name\": \"FloatDistribution\", \"attributes\": {\"step\": null, \"low\": 5.0, \"high\": 8.0, \"log\": false}}"}
{"op_code":5,"worker_id":"1d57d4b9-2efe-4085-8b4d-54f9f495ee39-139982114316288","trial_id":150,"param_name":"CavityCorkThickness","param_value_internal":4.5846813631520895,"distribution":"{\"name\": \"FloatDistribution\", \"attributes\": {\"step\": null, \"low\": 2.0, \"high\": 5.0, \"log\": false}}"}
{"op_code":5,"worker_id":"1d57d4b9-2efe-4085-8b4d-54f9f495ee39-139982114316288","trial_id":150,"param_name":"BellowHeight","param_value_internal":7.686933981939517,"distribution":"{\"name\": \"FloatDistribution\", \"attributes\": {\"step\": null, \"low\": 6.0, \"high\": 10.0, \"log\": false}}"}
{"op_code":5,"worker_id":"1d57d4b9-2efe-4085-8b4d-54f9f495ee39-139982114316288","trial_id":150,"param_name":"WallThickness","param_value_internal":2.4033688852079402,"distribution":"{\"name\": \"FloatDistribution\", \"attributes\": {\"step\": null, \"low\": 2.0, \"high\": 4.0, \"log\": false}}"}
{"op_code":5,"worker_id":"1d57d4b9-2efe-4085-8b4d-54f9f495ee39-139982114316288","trial_id":150,"param_name":"PlateauHeight","param_value_internal":2.623492640568099,"distribution":"{\"name\": \"FloatDistribution\", \"attributes\": {\"step\": null, \"low\": 2.0, \"high\": 4.0, \"log\": false}}"}
{"op_code":6,"worker_id":"aa9c430d-c698-4b2e-a3ac-2e2d6f714747-140088878280704","trial_id":145,"state":1,"values":[24.868527936231203,0.08041834889639354,0.47082900362636787],"datetime_complete":"2026-05-28T21:39:07.599321"}
{"op_code":4,"worker_id":"aa9c430d-c698-4b2e-a3ac-2e2d6f714747-140088878280704","study_id":0,"datetime_start":"2026-05-28T21:39:07.615252"}
{"op_code":9,"worker_id":"aa9c430d-c698-4b2e-a3ac-2e2d6f714747-140088878280704","trial_id":151,"system_attr":{"nsga2:generation":2}}
{"op_code":5,"worker_id":"aa9c430d-c698-4b2e-a3ac-2e2d6f714747-140088878280704","trial_id":151,"param_name":"JointSlopeAngle","param_value_internal":0.6090943653795478,"distribution":"{\"name\": \"FloatDistribution\", \"attributes\": {\"step\": null, \"low\": 0.17453292519943295, \"high\": 1.0471975511965976, \"log\": false}}"}
{"op_code":5,"worker_id":"aa9c430d-c698-4b2e-a3ac-2e2d6f714747-140088878280704","trial_id":151,"param_name":"OuterRadius","param_value_internal":16.599994830995698,"distribution":"{\"name\": \"FloatDistribution\", \"attributes\": {\"step\": null, \"low\": 8.75, \"high\": 17.75, \"log\": false}}"}
{"op_code":5,"worker_id":"aa9c430d-c698-4b2e-a3ac-2e2d6f714747-140088878280704","trial_id":151,"param_name":"JointHeight","param_value_internal":7.319728841821658,"distribution":"{\"name\": \"FloatDistribution\", \"attributes\": {\"step\": null, \"low\": 5.0, \"high\": 8.0, \"log\": false}}"}
{"op_code":5,"worker_id":"aa9c430d-c698-4b2e-a3ac-2e2d6f714747-140088878280704","trial_id":151,"param_name":"CavityCorkThickness","param_value_internal":2.4979756620237517,"distribution":"{\"name\": \"FloatDistribution\", \"attributes\": {\"step\": null, \"low\": 2.0, \"high\": 5.0, \"log\": false}}"}
{"op_code":5,"worker_id":"aa9c430d-c698-4b2e-a3ac-2e2d6f714747-140088878280704","trial_id":151,"param_name":"BellowHeight","param_value_internal":6.5951963804731175,"distribution":"{\"name\": \"FloatDistribution\", \"attributes\": {\"step\": null, \"low\": 6.0, \"high\": 10.0, \"log\": false}}"}
{"op_code":5,"worker_id":"aa9c430d-c698-4b2e-a3ac-2e2d6f714747-140088878280704","trial_id":151,"param_name":"WallThickness","param_value_internal":3.2023016524309247,"distribution":"{\"name\": \"FloatDistribution\", \"attributes\": {\"step\": null, \"low\": 2.0, \"high\": 4.0, \"log\": false}}"}
{"op_code":5,"worker_id":"aa9c430d-c698-4b2e-a3ac-2e2d6f714747-140088878280704","trial_id":151,"param_name":"PlateauHeight","param_value_internal":3.207818544033823,"distribution":"{\"name\": \"FloatDistribution\", \"attributes\": {\"step\": null, \"low\": 2.0, \"high\": 4.0, \"log\": false}}"}
{"op_code":6,"worker_id":"8a75add0-7778-42e4-866d-1286d98c173c-140410062901248","trial_id":148,"state":1,"values":[19.70552487971443,0.08465386091799829,0.5156556895199567],"datetime_complete":"2026-05-28T21:39:08.609483"}
{"op_code":4,"worker_id":"8a75add0-7778-42e4-866d-1286d98c173c-140410062901248","study_id":0,"datetime_start":"2026-05-28T21:39:08.621389"}
{"op_code":9,"worker_id":"8a75add0-7778-42e4-866d-1286d98c173c-140410062901248","trial_id":152,"system_attr":{"nsga2:generation":2}}
{"op_code":5,"worker_id":"8a75add0-7778-42e4-866d-1286d98c173c-140410062901248","trial_id":152,"param_name":"JointSlopeAngle","param_value_internal":0.9526723830921773,"distribution":"{\"name\": \"FloatDistribution\", \"attributes\": {\"step\": null, \"low\": 0.17453292519943295, \"high\": 1.0471975511965976, \"log\": false}}"}
{"op_code":5,"worker_id":"8a75add0-7778-42e4-866d-1286d98c173c-140410062901248","trial_id":152,"param_name":"OuterRadius","param_value_internal":14.556558332707098,"distribution":"{\"name\": \"FloatDistribution\", \"attributes\": {\"step\": null, \"low\": 8.75, \"high\": 17.75, \"log\": false}}"}
{"op_code":5,"worker_id":"8a75add0-7778-42e4-866d-1286d98c173c-140410062901248","trial_id":152,"param_name":"JointHeight","param_value_internal":6.512257842684219,"distribution":"{\"name\": \"FloatDistribution\", \"attributes\": {\"step\": null, \"low\": 5.0, \"high\": 8.0, \"log\": false}}"}
{"op_code":5,"worker_id":"8a75add0-7778-42e4-866d-1286d98c173c-140410062901248","trial_id":152,"param_name":"CavityCorkThickness","param_value_internal":4.84921150380686,"distribution":"{\"name\": \"FloatDistribution\", \"attributes\": {\"step\": null, \"low\": 2.0, \"high\": 5.0, \"log\": false}}"}
{"op_code":5,"worker_id":"8a75add0-7778-42e4-866d-1286d98c173c-140410062901248","trial_id":152,"param_name":"BellowHeight","param_value_internal":9.855418809723691,"distribution":"{\"name\": \"FloatDistribution\", \"attributes\": {\"step\": null, \"low\": 6.0, \"high\": 10.0, \"log\": false}}"}
{"op_code":5,"worker_id":"8a75add0-7778-42e4-866d-1286d98c173c-140410062901248","trial_id":152,"param_name":"WallThickness","param_value_internal":2.122518101490248,"distribution":"{\"name\": \"FloatDistribution\", \"attributes\": {\"step\": null, \"low\": 2.0, \"high\": 4.0, \"log\": false}}"}
{"op_code":5,"worker_id":"8a75add0-7778-42e4-866d-1286d98c173c-140410062901248","trial_id":152,"param_name":"PlateauHeight","param_value_internal":2.6190336538111945,"distribution":"{\"name\": \"FloatDistribution\", \"attributes\": {\"step\": null, \"low\": 2.0, \"high\": 4.0, \"log\": false}}"}
{"op_code":6,"worker_id":"d6dec318-6198-4b0d-9442-33b13b0b99ff-140273271562240","trial_id":147,"state":1,"values":[41.9763011973165,0.08066874863981219,0.4696783051880433],"datetime_complete":"2026-05-28T21:39:14.069048"}
{"op_code":4,"worker_id":"d6dec318-6198-4b0d-9442-33b13b0b99ff-140273271562240","study_id":0,"datetime_start":"2026-05-28T21:39:14.086357"}
{"op_code":9,"worker_id":"d6dec318-6198-4b0d-9442-33b13b0b99ff-140273271562240","trial_id":153,"system_attr":{"nsga2:generation":2}}
{"op_code":5,"worker_id":"d6dec318-6198-4b0d-9442-33b13b0b99ff-140273271562240","trial_id":153,"param_name":"JointSlopeAngle","param_value_internal":0.7926750611838805,"distribution":"{\"name\": \"FloatDistribution\", \"attributes\": {\"step\": null, \"low\": 0.17453292519943295, \"high\": 1.0471975511965976, \"log\": false}}"}
{"op_code":5,"worker_id":"d6dec318-6198-4b0d-9442-33b13b0b99ff-140273271562240","trial_id":153,"param_name":"OuterRadius","param_value_internal":13.858393867456938,"distribution":"{\"name\": \"FloatDistribution\", \"attributes\": {\"step\": null, \"low\": 8.75, \"high\": 17.75, \"log\": false}}"}
{"op_code":5,"worker_id":"d6dec318-6198-4b0d-9442-33b13b0b99ff-140273271562240","trial_id":153,"param_name":"JointHeight","param_value_internal":7.186498379431134,"distribution":"{\"name\": \"FloatDistribution\", \"attributes\": {\"step\": null, \"low\": 5.0, \"high\": 8.0, \"log\": false}}"}
{"op_code":5,"worker_id":"d6dec318-6198-4b0d-9442-33b13b0b99ff-140273271562240","trial_id":153,"param_name":"CavityCorkThickness","param_value_internal":2.188428291256305,"distribution":"{\"name\": \"FloatDistribution\", \"attributes\": {\"step\": null, \"low\": 2.0, \"high\": 5.0, \"log\": false}}"}
{"op_code":5,"worker_id":"d6dec318-6198-4b0d-9442-33b13b0b99ff-140273271562240","trial_id":153,"param_name":"BellowHeight","param_value_internal":6.218721227495308,"distribution":"{\"name\": \"FloatDistribution\", \"attributes\": {\"step\": null, \"low\": 6.0, \"high\": 10.0, \"log\": false}}"}
{"op_code":5,"worker_id":"d6dec318-6198-4b0d-9442-33b13b0b99ff-140273271562240","trial_id":153,"param_name":"WallThickness","param_value_internal":3.1457421958069336,"distribution":"{\"name\": \"FloatDistribution\", \"attributes\": {\"step\": null, \"low\": 2.0, \"high\": 4.0, \"log\": false}}"}
{"op_code":5,"worker_id":"d6dec318-6198-4b0d-9442-33b13b0b99ff-140273271562240","trial_id":153,"param_name":"PlateauHeight","param_value_internal":3.6692697923165056,"distribution":"{\"name\": \"FloatDistribution\", \"attributes\": {\"step\": null, \"low\": 2.0, \"high\": 4.0, \"log\": false}}"}
{"op_code":6,"worker_id":"8ef529fe-e953-4a66-b211-34b627f6af18-139982915063808","trial_id":149,"state":1,"values":[59.457222854831,0.14477883678116016,0.4325257264319176],"datetime_complete":"2026-05-28T21:39:28.415422"}
{"op_code":4,"worker_id":"8ef529fe-e953-4a66-b211-34b627f6af18-139982915063808","study_id":0,"datetime_start":"2026-05-28T21:39:28.426679"}
{"op_code":9,"worker_id":"8ef529fe-e953-4a66-b211-34b627f6af18-139982915063808","trial_id":154,"system_attr":{"nsga2:generation":2}}
{"op_code":5,"worker_id":"8ef529fe-e953-4a66-b211-34b627f6af18-139982915063808","trial_id":154,"param_name":"JointSlopeAngle","param_value_internal":0.8110185048243487,"distribution":"{\"name\": \"FloatDistribution\", \"attributes\": {\"step\": null, \"low\": 0.17453292519943295, \"high\": 1.0471975511965976, \"log\": false}}"}
{"op_code":5,"worker_id":"8ef529fe-e953-4a66-b211-34b627f6af18-139982915063808","trial_id":154,"param_name":"OuterRadius","param_value_internal":11.342695990311945,"distribution":"{\"name\": \"FloatDistribution\", \"attributes\": {\"step\": null, \"low\": 8.75, \"high\": 17.75, \"log\": false}}"}
{"op_code":5,"worker_id":"8ef529fe-e953-4a66-b211-34b627f6af18-139982915063808","trial_id":154,"param_name":"JointHeight","param_value_internal":5.768428135571968,"distribution":"{\"name\": \"FloatDistribution\", \"attributes\": {\"step\": null, \"low\": 5.0, \"high\": 8.0, \"log\": false}}"}
{"op_code":5,"worker_id":"8ef529fe-e953-4a66-b211-34b627f6af18-139982915063808","trial_id":154,"param_name":"CavityCorkThickness","param_value_internal":3.500579019919148,"distribution":"{\"name\": \"FloatDistribution\", \"attributes\": {\"step\": null, \"low\": 2.0, \"high\": 5.0, \"log\": false}}"}
{"op_code":5,"worker_id":"8ef529fe-e953-4a66-b211-34b627f6af18-139982915063808","trial_id":154,"param_name":"BellowHeight","param_value_internal":7.994630474641923,"distribution":"{\"name\": \"FloatDistribution\", \"attributes\": {\"step\": null, \"low\": 6.0, \"high\": 10.0, \"log\": false}}"}
{"op_code":5,"worker_id":"8ef529fe-e953-4a66-b211-34b627f6af18-139982915063808","trial_id":154,"param_name":"WallThickness","param_value_internal":2.5298409614029866,"distribution":"{\"name\": \"FloatDistribution\", \"attributes\": {\"step\": null, \"low\": 2.0, \"high\": 4.0, \"log\": false}}"}
{"op_code":5,"worker_id":"8ef529fe-e953-4a66-b211-34b627f6af18-139982915063808","trial_id":154,"param_name":"PlateauHeight","param_value_internal":3.307476198421085,"distribution":"{\"name\": \"FloatDistribution\", \"attributes\": {\"step\": null, \"low\": 2.0, \"high\": 4.0, \"log\": false}}"}
{"op_code":6,"worker_id":"1d57d4b9-2efe-4085-8b4d-54f9f495ee39-139982114316288","trial_id":150,"state":1,"values":[42.995275098132026,0.13476254439168156,0.43697256089568765],"datetime_complete":"2026-05-28T21:39:36.041714"}
{"op_code":4,"worker_id":"1d57d4b9-2efe-4085-8b4d-54f9f495ee39-139982114316288","study_id":0,"datetime_start":"2026-05-28T21:39:36.053444"}
{"op_code":9,"worker_id":"1d57d4b9-2efe-4085-8b4d-54f9f495ee39-139982114316288","trial_id":155,"system_attr":{"nsga2:generation":2}}
{"op_code":5,"worker_id":"1d57d4b9-2efe-4085-8b4d-54f9f495ee39-139982114316288","trial_id":155,"param_name":"JointSlopeAngle","param_value_internal":1.0206961500846568,"distribution":"{\"name\": \"FloatDistribution\", \"attributes\": {\"step\": null, \"low\": 0.17453292519943295, \"high\": 1.0471975511965976, \"log\": false}}"}
{"op_code":5,"worker_id":"1d57d4b9-2efe-4085-8b4d-54f9f495ee39-139982114316288","trial_id":155,"param_name":"OuterRadius","param_value_internal":14.556558332707098,"distribution":"{\"name\": \"FloatDistribution\", \"attributes\": {\"step\": null, \"low\": 8.75, \"high\": 17.75, \"log\": false}}"}
{"op_code":5,"worker_id":"1d57d4b9-2efe-4085-8b4d-54f9f495ee39-139982114316288","trial_id":155,"param_name":"JointHeight","param_value_internal":5.8741644177199115,"distribution":"{\"name\": \"FloatDistribution\", \"attributes\": {\"step\": null, \"low\": 5.0, \"high\": 8.0, \"log\": false}}"}
{"op_code":5,"worker_id":"1d57d4b9-2efe-4085-8b4d-54f9f495ee39-139982114316288","trial_id":155,"param_name":"CavityCorkThickness","param_value_internal":2.5291783148481057,"distribution":"{\"name\": \"FloatDistribution\", \"attributes\": {\"step\": null, \"low\": 2.0, \"high\": 5.0, \"log\": false}}"}
{"op_code":5,"worker_id":"1d57d4b9-2efe-4085-8b4d-54f9f495ee39-139982114316288","trial_id":155,"param_name":"BellowHeight","param_value_internal":9.367228807475758,"distribution":"{\"name\": \"FloatDistribution\", \"attributes\": {\"step\": null, \"low\": 6.0, \"high\": 10.0, \"log\": false}}"}
{"op_code":5,"worker_id":"1d57d4b9-2efe-4085-8b4d-54f9f495ee39-139982114316288","trial_id":155,"param_name":"WallThickness","param_value_internal":2.446721494003385,"distribution":"{\"name\": \"FloatDistribution\", \"attributes\": {\"step\": null, \"low\": 2.0, \"high\": 4.0, \"log\": false}}"}
{"op_code":5,"worker_id":"1d57d4b9-2efe-4085-8b4d-54f9f495ee39-139982114316288","trial_id":155,"param_name":"PlateauHeight","param_value_internal":2.623492640568099,"distribution":"{\"name\": \"FloatDistribution\", \"attributes\": {\"step\": null, \"low\": 2.0, \"high\": 4.0, \"log\": false}}"}
{"op_code":6,"worker_id":"8a75add0-7778-42e4-866d-1286d98c173c-140410062901248","trial_id":152,"state":1,"values":[63.35330990672003,0.09159373359650191,0.39053154824940195],"datetime_complete":"2026-05-28T21:39:43.283030"}
{"op_code":4,"worker_id":"8a75add0-7778-42e4-866d-1286d98c173c-140410062901248","study_id":0,"datetime_start":"2026-05-28T21:39:43.294415"}
{"op_code":9,"worker_id":"8a75add0-7778-42e4-866d-1286d98c173c-140410062901248","trial_id":156,"system_attr":{"nsga2:generation":2}}
{"op_code":5,"worker_id":"8a75add0-7778-42e4-866d-1286d98c173c-140410062901248","trial_id":156,"param_name":"JointSlopeAngle","param_value_internal":0.4971826600067385,"distribution":"{\"name\": \"FloatDistribution\", \"attributes\": {\"step\": null, \"low\": 0.17453292519943295, \"high\": 1.0471975511965976, \"log\": false}}"}
{"op_code":5,"worker_id":"8a75add0-7778-42e4-866d-1286d98c173c-140410062901248","trial_id":156,"param_name":"OuterRadius","param_value_internal":15.530274655253418,"distribution":"{\"name\": \"FloatDistribution\", \"attributes\": {\"step\": null, \"low\": 8.75, \"high\": 17.75, \"log\": false}}"}
{"op_code":5,"worker_id":"8a75add0-7778-42e4-866d-1286d98c173c-140410062901248","trial_id":156,"param_name":"JointHeight","param_value_internal":7.276982717225047,"distribution":"{\"name\": \"FloatDistribution\", \"attributes\": {\"step\": null, \"low\": 5.0, \"high\": 8.0, \"log\": false}}"}
{"op_code":5,"worker_id":"8a75add0-7778-42e4-866d-1286d98c173c-140410062901248","trial_id":156,"param_name":"CavityCorkThickness","param_value_internal":2.6870049255391217,"distribution":"{\"name\": \"FloatDistribution\", \"attributes\": {\"step\": null, \"low\": 2.0, \"high\": 5.0, \"log\": false}}"}
{"op_code":5,"worker_id":"8a75add0-7778-42e4-866d-1286d98c173c-140410062901248","trial_id":156,"param_name":"BellowHeight","param_value_internal":7.660692112536824,"distribution":"{\"name\": \"FloatDistribution\", \"attributes\": {\"step\": null, \"low\": 6.0, \"high\": 10.0, \"log\": false}}"}
{"op_code":5,"worker_id":"8a75add0-7778-42e4-866d-1286d98c173c-140410062901248","trial_id":156,"param_name":"WallThickness","param_value_internal":3.0795474240095526,"distribution":"{\"name\": \"FloatDistribution\", \"attributes\": {\"step\": null, \"low\": 2.0, \"high\": 4.0, \"log\": false}}"}
{"op_code":5,"worker_id":"8a75add0-7778-42e4-866d-1286d98c173c-140410062901248","trial_id":156,"param_name":"PlateauHeight","param_value_internal":3.410592191802534,"distribution":"{\"name\": \"FloatDistribution\", \"attributes\": {\"step\": null, \"low\": 2.0, \"high\": 4.0, \"log\": false}}"}
{"op_code":6,"worker_id":"1d57d4b9-2efe-4085-8b4d-54f9f495ee39-139982114316288","trial_id":155,"state":1,"values":[-Infinity,-Infinity,-Infinity],"datetime_complete":"2026-05-28T21:39:46.294543"}
{"op_code":4,"worker_id":"1d57d4b9-2efe-4085-8b4d-54f9f495ee39-139982114316288","study_id":0,"datetime_start":"2026-05-28T21:39:46.305552"}
{"op_code":9,"worker_id":"1d57d4b9-2efe-4085-8b4d-54f9f495ee39-139982114316288","trial_id":157,"system_attr":{"nsga2:generation":2}}
{"op_code":5,"worker_id":"1d57d4b9-2efe-4085-8b4d-54f9f495ee39-139982114316288","trial_id":157,"param_name":"JointSlopeAngle","param_value_internal":0.9526723830921773,"distribution":"{\"name\": \"FloatDistribution\", \"attributes\": {\"step\": null, \"low\": 0.17453292519943295, \"high\": 1.0471975511965976, \"log\": false}}"}
{"op_code":5,"worker_id":"1d57d4b9-2efe-4085-8b4d-54f9f495ee39-139982114316288","trial_id":157,"param_name":"OuterRadius","param_value_internal":11.342695990311945,"distribution":"{\"name\": \"FloatDistribution\", \"attributes\": {\"step\": null, \"low\": 8.75, \"high\": 17.75, \"log\": false}}"}
{"op_code":5,"worker_id":"1d57d4b9-2efe-4085-8b4d-54f9f495ee39-139982114316288","trial_id":157,"param_name":"JointHeight","param_value_internal":5.458385355736822,"distribution":"{\"name\": \"FloatDistribution\", \"attributes\": {\"step\": null, \"low\": 5.0, \"high\": 8.0, \"log\": false}}"}
{"op_code":5,"worker_id":"1d57d4b9-2efe-4085-8b4d-54f9f495ee39-139982114316288","trial_id":157,"param_name":"CavityCorkThickness","param_value_internal":3.382807239545252,"distribution":"{\"name\": \"FloatDistribution\", \"attributes\": {\"step\": null, \"low\": 2.0, \"high\": 5.0, \"log\": false}}"}
{"op_code":5,"worker_id":"1d57d4b9-2efe-4085-8b4d-54f9f495ee39-139982114316288","trial_id":157,"param_name":"BellowHeight","param_value_internal":9.855418809723691,"distribution":"{\"name\": \"FloatDistribution\", \"attributes\": {\"step\": null, \"low\": 6.0, \"high\": 10.0, \"log\": false}}"}
{"op_code":5,"worker_id":"1d57d4b9-2efe-4085-8b4d-54f9f495ee39-139982114316288","trial_id":157,"param_name":"WallThickness","param_value_internal":2.7056894974878736,"distribution":"{\"name\": \"FloatDistribution\", \"attributes\": {\"step\": null, \"low\": 2.0, \"high\": 4.0, \"log\": false}}"}
{"op_code":5,"worker_id":"1d57d4b9-2efe-4085-8b4d-54f9f495ee39-139982114316288","trial_id":157,"param_name":"PlateauHeight","param_value_internal":3.808149792240684,"distribution":"{\"name\": \"FloatDistribution\", \"attributes\": {\"step\": null, \"low\": 2.0, \"high\": 4.0, \"log\": false}}"}
{"op_code":6,"worker_id":"aa9c430d-c698-4b2e-a3ac-2e2d6f714747-140088878280704","trial_id":151,"state":1,"values":[66.51646331832376,0.06852566575335083,0.3653423255676981],"datetime_complete":"2026-05-28T21:39:51.399137"}
{"op_code":4,"worker_id":"aa9c430d-c698-4b2e-a3ac-2e2d6f714747-140088878280704","study_id":0,"datetime_start":"2026-05-28T21:39:51.414790"}
{"op_code":9,"worker_id":"aa9c430d-c698-4b2e-a3ac-2e2d6f714747-140088878280704","trial_id":158,"system_attr":{"nsga2:generation":2}}
{"op_code":5,"worker_id":"aa9c430d-c698-4b2e-a3ac-2e2d6f714747-140088878280704","trial_id":158,"param_name":"JointSlopeAngle","param_value_internal":0.17737555195642896,"distribution":"{\"name\": \"FloatDistribution\", \"attributes\": {\"step\": null, \"low\": 0.17453292519943295, \"high\": 1.0471975511965976, \"log\": false}}"}
{"op_code":5,"worker_id":"aa9c430d-c698-4b2e-a3ac-2e2d6f714747-140088878280704","trial_id":158,"param_name":"OuterRadius","param_value_internal":12.458646226206156,"distribution":"{\"name\": \"FloatDistribution\", \"attributes\": {\"step\": null, \"low\": 8.75, \"high\": 17.75, \"log\": false}}"}
{"op_code":5,"worker_id":"aa9c430d-c698-4b2e-a3ac-2e2d6f714747-140088878280704","trial_id":158,"param_name":"JointHeight","param_value_internal":6.577801974262155,"distribution":"{\"name\": \"FloatDistribution\", \"attributes\": {\"step\": null, \"low\": 5.0, \"high\": 8.0, \"log\": false}}"}
{"op_code":5,"worker_id":"aa9c430d-c698-4b2e-a3ac-2e2d6f714747-140088878280704","trial_id":158,"param_name":"CavityCorkThickness","param_value_internal":4.4554189335892165,"distribution":"{\"name\": \"FloatDistribution\", \"attributes\": {\"step\": null, \"low\": 2.0, \"high\": 5.0, \"log\": false}}"}
{"op_code":5,"worker_id":"aa9c430d-c698-4b2e-a3ac-2e2d6f714747-140088878280704","trial_id":158,"param_name":"BellowHeight","param_value_internal":7.994630474641923,"distribution":"{\"name\": \"FloatDistribution\", \"attributes\": {\"step\": null, \"low\": 6.0, \"high\": 10.0, \"log\": false}}"}
{"op_code":5,"worker_id":"aa9c430d-c698-4b2e-a3ac-2e2d6f714747-140088878280704","trial_id":158,"param_name":"WallThickness","param_value_internal":2.248916559327598,"distribution":"{\"name\": \"FloatDistribution\", \"attributes\": {\"step\": null, \"low\": 2.0, \"high\": 4.0, \"log\": false}}"}
{"op_code":5,"worker_id":"aa9c430d-c698-4b2e-a3ac-2e2d6f714747-140088878280704","trial_id":158,"param_name":"PlateauHeight","param_value_internal":2.9000029750075758,"distribution":"{\"name\": \"FloatDistribution\", \"attributes\": {\"step\": null, \"low\": 2.0, \"high\": 4.0, \"log\": false}}"}
{"op_code":6,"worker_id":"d6dec318-6198-4b0d-9442-33b13b0b99ff-140273271562240","trial_id":153,"state":1,"values":[36.74312307968796,0.05750342659441433,0.4246708130842107],"datetime_complete":"2026-05-28T21:39:56.154547"}
{"op_code":4,"worker_id":"d6dec318-6198-4b0d-9442-33b13b0b99ff-140273271562240","study_id":0,"datetime_start":"2026-05-28T21:39:56.169916"}
{"op_code":9,"worker_id":"d6dec318-6198-4b0d-9442-33b13b0b99ff-140273271562240","trial_id":159,"system_attr":{"nsga2:generation":2}}
{"op_code":5,"worker_id":"d6dec318-6198-4b0d-9442-33b13b0b99ff-140273271562240","trial_id":159,"param_name":"JointSlopeAngle","param_value_internal":0.5256404427302506,"distribution":"{\"name\": \"FloatDistribution\", \"attributes\": {\"step\": null, \"low\": 0.17453292519943295, \"high\": 1.0471975511965976, \"log\": false}}"}
{"op_code":5,"worker_id":"d6dec318-6198-4b0d-9442-33b13b0b99ff-140273271562240","trial_id":159,"param_name":"OuterRadius","param_value_internal":17.265214475068273,"distribution":"{\"name\": \"FloatDistribution\", \"attributes\": {\"step\": null, \"low\": 8.75, \"high\": 17.75, \"log\": false}}"}
{"op_code":5,"worker_id":"d6dec318-6198-4b0d-9442-33b13b0b99ff-140273271562240","trial_id":159,"param_name":"JointHeight","param_value_internal":6.617248733896776,"distribution":"{\"name\": \"FloatDistribution\", \"attributes\": {\"step\": null, \"low\": 5.0, \"high\": 8.0, \"log\": false}}"}
{"op_code":5,"worker_id":"d6dec318-6198-4b0d-9442-33b13b0b99ff-140273271562240","trial_id":159,"param_name":"CavityCorkThickness","param_value_internal":4.444144648294285,"distribution":"{\"name\": \"FloatDistribution\", \"attributes\": {\"step\": null, \"low\": 2.0, \"high\": 5.0, \"log\": false}}"}
{"op_code":5,"worker_id":"d6dec318-6198-4b0d-9442-33b13b0b99ff-140273271562240","trial_id":159,"param_name":"BellowHeight","param_value_internal":7.86469979116414,"distribution":"{\"name\": \"FloatDistribution\", \"attributes\": {\"step\": null, \"low\": 6.0, \"high\": 10.0, \"log\": false}}"}
{"op_code":5,"worker_id":"d6dec318-6198-4b0d-9442-33b13b0b99ff-140273271562240","trial_id":159,"param_name":"WallThickness","param_value_internal":3.404643529387884,"distribution":"{\"name\": \"FloatDistribution\", \"attributes\": {\"step\": null, \"low\": 2.0, \"high\": 4.0, \"log\": false}}"}
{"op_code":5,"worker_id":"d6dec318-6198-4b0d-9442-33b13b0b99ff-140273271562240","trial_id":159,"param_name":"PlateauHeight","param_value_internal":2.7635292417135604,"distribution":"{\"name\": \"FloatDistribution\", \"attributes\": {\"step\": null, \"low\": 2.0, \"high\": 4.0, \"log\": false}}"}
{"op_code":6,"worker_id":"1d57d4b9-2efe-4085-8b4d-54f9f495ee39-139982114316288","trial_id":157,"state":1,"values":[-Infinity,-Infinity,-Infinity],"datetime_complete":"2026-05-28T21:39:56.552778"}
{"op_code":4,"worker_id":"1d57d4b9-2efe-4085-8b4d-54f9f495ee39-139982114316288","study_id":0,"datetime_start":"2026-05-28T21:39:56.565478"}
{"op_code":9,"worker_id":"1d57d4b9-2efe-4085-8b4d-54f9f495ee39-139982114316288","trial_id":160,"system_attr":{"nsga2:generation":2}}
{"op_code":5,"worker_id":"1d57d4b9-2efe-4085-8b4d-54f9f495ee39-139982114316288","trial_id":160,"param_name":"JointSlopeAngle","param_value_internal":0.829634327251552,"distribution":"{\"name\": \"FloatDistribution\", \"attributes\": {\"step\": null, \"low\": 0.17453292519943295, \"high\": 1.0471975511965976, \"log\": false}}"}
{"op_code":5,"worker_id":"1d57d4b9-2efe-4085-8b4d-54f9f495ee39-139982114316288","trial_id":160,"param_name":"OuterRadius","param_value_internal":14.677370619142444,"distribution":"{\"name\": \"FloatDistribution\", \"attributes\": {\"step\": null, \"low\": 8.75, \"high\": 17.75, \"log\": false}}"}
{"op_code":5,"worker_id":"1d57d4b9-2efe-4085-8b4d-54f9f495ee39-139982114316288","trial_id":160,"param_name":"JointHeight","param_value_internal":7.1113174225487565,"distribution":"{\"name\": \"FloatDistribution\", \"attributes\": {\"step\": null, \"low\": 5.0, \"high\": 8.0, \"log\": false}}"}
{"op_code":5,"worker_id":"1d57d4b9-2efe-4085-8b4d-54f9f495ee39-139982114316288","trial_id":160,"param_name":"CavityCorkThickness","param_value_internal":4.444144648294285,"distribution":"{\"name\": \"FloatDistribution\", \"attributes\": {\"step\": null, \"low\": 2.0, \"high\": 5.0, \"log\": false}}"}
{"op_code":5,"worker_id":"1d57d4b9-2efe-4085-8b4d-54f9f495ee39-139982114316288","trial_id":160,"param_name":"BellowHeight","param_value_internal":6.842981852582764,"distribution":"{\"name\": \"FloatDistribution\", \"attributes\": {\"step\": null, \"low\": 6.0, \"high\": 10.0, \"log\": false}}"}
{"op_code":5,"worker_id":"1d57d4b9-2efe-4085-8b4d-54f9f495ee39-139982114316288","trial_id":160,"param_name":"WallThickness","param_value_internal":3.2023016524309247,"distribution":"{\"name\": \"FloatDistribution\", \"attributes\": {\"step\": null, \"low\": 2.0, \"high\": 4.0, \"log\": false}}"}
{"op_code":5,"worker_id":"1d57d4b9-2efe-4085-8b4d-54f9f495ee39-139982114316288","trial_id":160,"param_name":"PlateauHeight","param_value_internal":3.808149792240684,"distribution":"{\"name\": \"FloatDistribution\", \"attributes\": {\"step\": null, \"low\": 2.0, \"high\": 4.0, \"log\": false}}"}
{"op_code":6,"worker_id":"8ef529fe-e953-4a66-b211-34b627f6af18-139982915063808","trial_id":154,"state":1,"values":[34.18403796408472,0.09676896354651733,0.488164569374684],"datetime_complete":"2026-05-28T21:40:02.268536"}
{"op_code":4,"worker_id":"8ef529fe-e953-4a66-b211-34b627f6af18-139982915063808","study_id":0,"datetime_start":"2026-05-28T21:40:02.280754"}
{"op_code":9,"worker_id":"8ef529fe-e953-4a66-b211-34b627f6af18-139982915063808","trial_id":161,"system_attr":{"nsga2:generation":2}}
{"op_code":5,"worker_id":"8ef529fe-e953-4a66-b211-34b627f6af18-139982915063808","trial_id":161,"param_name":"JointSlopeAngle","param_value_internal":0.8428586007661062,"distribution":"{\"name\": \"FloatDistribution\", \"attributes\": {\"step\": null, \"low\": 0.17453292519943295, \"high\": 1.0471975511965976, \"log\": false}}"}
{"op_code":5,"worker_id":"8ef529fe-e953-4a66-b211-34b627f6af18-139982915063808","trial_id":161,"param_name":"OuterRadius","param_value_internal":9.597407009556182,"distribution":"{\"name\": \"FloatDistribution\", \"attributes\": {\"step\": null, \"low\": 8.75, \"high\": 17.75, \"log\": false}}"}
{"op_code":5,"worker_id":"8ef529fe-e953-4a66-b211-34b627f6af18-139982915063808","trial_id":161,"param_name":"JointHeight","param_value_internal":7.479232295155116,"distribution":"{\"name\": \"FloatDistribution\", \"attributes\": {\"step\": null, \"low\": 5.0, \"high\": 8.0, \"log\": false}}"}
{"op_code":5,"worker_id":"8ef529fe-e953-4a66-b211-34b627f6af18-139982915063808","trial_id":161,"param_name":"CavityCorkThickness","param_value_internal":4.912955710956253,"distribution":"{\"name\": \"FloatDistribution\", \"attributes\": {\"step\": null, \"low\": 2.0, \"high\": 5.0, \"log\": false}}"}
{"op_code":5,"worker_id":"8ef529fe-e953-4a66-b211-34b627f6af18-139982915063808","trial_id":161,"param_name":"BellowHeight","param_value_internal":8.424653832331245,"distribution":"{\"name\": \"FloatDistribution\", \"attributes\": {\"step\": null, \"low\": 6.0, \"high\": 10.0, \"log\": false}}"}
{"op_code":5,"worker_id":"8ef529fe-e953-4a66-b211-34b627f6af18-139982915063808","trial_id":161,"param_name":"WallThickness","param_value_internal":3.681513267503684,"distribution":"{\"name\": \"FloatDistribution\", \"attributes\": {\"step\": null, \"low\": 2.0, \"high\": 4.0, \"log\": false}}"}
{"op_code":5,"worker_id":"8ef529fe-e953-4a66-b211-34b627f6af18-139982915063808","trial_id":161,"param_name":"PlateauHeight","param_value_internal":3.0305550421374923,"distribution":"{\"name\": \"FloatDistribution\", \"attributes\": {\"step\": null, \"low\": 2.0, \"high\": 4.0, \"log\": false}}"}
{"op_code":6,"worker_id":"8a75add0-7778-42e4-866d-1286d98c173c-140410062901248","trial_id":156,"state":1,"values":[53.63185236536924,0.05829061947308869,0.3846078416573902],"datetime_complete":"2026-05-28T21:40:17.943920"}
{"op_code":4,"worker_id":"8a75add0-7778-42e4-866d-1286d98c173c-140410062901248","study_id":0,"datetime_start":"2026-05-28T21:40:17.955418"}
{"op_code":9,"worker_id":"8a75add0-7778-42e4-866d-1286d98c173c-140410062901248","trial_id":162,"system_attr":{"nsga2:generation":2}}
{"op_code":5,"worker_id":"8a75add0-7778-42e4-866d-1286d98c173c-140410062901248","trial_id":162,"param_name":"JointSlopeAngle","param_value_internal":0.5478051691981186,"distribution":"{\"name\": \"FloatDistribution\", \"attributes\": {\"step\": null, \"low\": 0.17453292519943295, \"high\": 1.0471975511965976, \"log\": false}}"}
{"op_code":5,"worker_id":"8a75add0-7778-42e4-866d-1286d98c173c-140410062901248","trial_id":162,"param_name":"OuterRadius","param_value_internal":10.232245410416859,"distribution":"{\"name\": \"FloatDistribution\", \"attributes\": {\"step\": null, \"low\": 8.75, \"high\": 17.75, \"log\": false}}"}
{"op_code":5,"worker_id":"8a75add0-7778-42e4-866d-1286d98c173c-140410062901248","trial_id":162,"param_name":"JointHeight","param_value_internal":6.993393128311637,"distribution":"{\"name\": \"FloatDistribution\", \"attributes\": {\"step\": null, \"low\": 5.0, \"high\": 8.0, \"log\": false}}"}
{"op_code":5,"worker_id":"8a75add0-7778-42e4-866d-1286d98c173c-140410062901248","trial_id":162,"param_name":"CavityCorkThickness","param_value_internal":3.327952515995391,"distribution":"{\"name\": \"FloatDistribution\", \"attributes\": {\"step\": null, \"low\": 2.0, \"high\": 5.0, \"log\": false}}"}
{"op_code":5,"worker_id":"8a75add0-7778-42e4-866d-1286d98c173c-140410062901248","trial_id":162,"param_name":"BellowHeight","param_value_internal":8.415276974565108,"distribution":"{\"name\": \"FloatDistribution\", \"attributes\": {\"step\": null, \"low\": 6.0, \"high\": 10.0, \"log\": false}}"}
{"op_code":5,"worker_id":"8a75add0-7778-42e4-866d-1286d98c173c-140410062901248","trial_id":162,"param_name":"WallThickness","param_value_internal":2.4458665526518493,"distribution":"{\"name\": \"FloatDistribution\", \"attributes\": {\"step\": null, \"low\": 2.0, \"high\": 4.0, \"log\": false}}"}
{"op_code":5,"worker_id":"8a75add0-7778-42e4-866d-1286d98c173c-140410062901248","trial_id":162,"param_name":"PlateauHeight","param_value_internal":2.8634546225265693,"distribution":"{\"name\": \"FloatDistribution\", \"attributes\": {\"step\": null, \"low\": 2.0, \"high\": 4.0, \"log\": false}}"}
{"op_code":6,"worker_id":"1d57d4b9-2efe-4085-8b4d-54f9f495ee39-139982114316288","trial_id":160,"state":1,"values":[49.252846155390046,0.09831499763028362,0.4008097778739898],"datetime_complete":"2026-05-28T21:40:31.677708"}
{"op_code":4,"worker_id":"1d57d4b9-2efe-4085-8b4d-54f9f495ee39-139982114316288","study_id":0,"datetime_start":"2026-05-28T21:40:31.689721"}
{"op_code":9,"worker_id":"1d57d4b9-2efe-4085-8b4d-54f9f495ee39-139982114316288","trial_id":163,"system_attr":{"nsga2:generation":2}}
{"op_code":5,"worker_id":"1d57d4b9-2efe-4085-8b4d-54f9f495ee39-139982114316288","trial_id":163,"param_name":"JointSlopeAngle","param_value_internal":0.9113548625297904,"distribution":"{\"name\": \"FloatDistribution\", \"attributes\": {\"step\": null, \"low\": 0.17453292519943295, \"high\": 1.0471975511965976, \"log\": false}}"}
{"op_code":5,"worker_id":"1d57d4b9-2efe-4085-8b4d-54f9f495ee39-139982114316288","trial_id":163,"param_name":"OuterRadius","param_value_internal":10.232245410416859,"distribution":"{\"name\": \"FloatDistribution\", \"attributes\": {\"step\": null, \"low\": 8.75, \"high\": 17.75, \"log\": false}}"}
{"op_code":5,"worker_id":"1d57d4b9-2efe-4085-8b4d-54f9f495ee39-139982114316288","trial_id":163,"param_name":"JointHeight","param_value_internal":6.577801974262155,"distribution":"{\"name\": \"FloatDistribution\", \"attributes\": {\"step\": null, \"low\": 5.0, \"high\": 8.0, \"log\": false}}"}
{"op_code":5,"worker_id":"1d57d4b9-2efe-4085-8b4d-54f9f495ee39-139982114316288","trial_id":163,"param_name":"CavityCorkThickness","param_value_internal":2.1033859861361157,"distribution":"{\"name\": \"FloatDistribution\", \"attributes\": {\"step\": null, \"low\": 2.0, \"high\": 5.0, \"log\": false}}"}
{"op_code":5,"worker_id":"1d57d4b9-2efe-4085-8b4d-54f9f495ee39-139982114316288","trial_id":163,"param_name":"BellowHeight","param_value_internal":8.647569351477152,"distribution":"{\"name\": \"FloatDistribution\", \"attributes\": {\"step\": null, \"low\": 6.0, \"high\": 10.0, \"log\": false}}"}
{"op_code":5,"worker_id":"1d57d4b9-2efe-4085-8b4d-54f9f495ee39-139982114316288","trial_id":163,"param_name":"WallThickness","param_value_internal":2.248916559327598,"distribution":"{\"name\": \"FloatDistribution\", \"attributes\": {\"step\": null, \"low\": 2.0, \"high\": 4.0, \"log\": false}}"}
{"op_code":5,"worker_id":"1d57d4b9-2efe-4085-8b4d-54f9f495ee39-139982114316288","trial_id":163,"param_name":"PlateauHeight","param_value_internal":2.650760668247381,"distribution":"{\"name\": \"FloatDistribution\", \"attributes\": {\"step\": null, \"low\": 2.0, \"high\": 4.0, \"log\": false}}"}
{"op_code":6,"worker_id":"aa9c430d-c698-4b2e-a3ac-2e2d6f714747-140088878280704","trial_id":158,"state":1,"values":[36.364892239832955,0.09305223261977628,0.3886513427067307],"datetime_complete":"2026-05-28T21:40:33.659389"}
{"op_code":4,"worker_id":"aa9c430d-c698-4b2e-a3ac-2e2d6f714747-140088878280704","study_id":0,"datetime_start":"2026-05-28T21:40:33.675233"}
{"op_code":9,"worker_id":"aa9c430d-c698-4b2e-a3ac-2e2d6f714747-140088878280704","trial_id":164,"system_attr":{"nsga2:generation":2}}
{"op_code":5,"worker_id":"aa9c430d-c698-4b2e-a3ac-2e2d6f714747-140088878280704","trial_id":164,"param_name":"JointSlopeAngle","param_value_internal":0.8748680312298055,"distribution":"{\"name\": \"FloatDistribution\", \"attributes\": {\"step\": null, \"low\": 0.17453292519943295, \"high\": 1.0471975511965976, \"log\": false}}"}
{"op_code":5,"worker_id":"aa9c430d-c698-4b2e-a3ac-2e2d6f714747-140088878280704","trial_id":164,"param_name":"OuterRadius","param_value_internal":10.88694454515912,"distribution":"{\"name\": \"FloatDistribution\", \"attributes\": {\"step\": null, \"low\": 8.75, \"high\": 17.75, \"log\": false}}"}
{"op_code":5,"worker_id":"aa9c430d-c698-4b2e-a3ac-2e2d6f714747-140088878280704","trial_id":164,"param_name":"JointHeight","param_value_internal":7.828559093918221,"distribution":"{\"name\": \"FloatDistribution\", \"attributes\": {\"step\": null, \"low\": 5.0, \"high\": 8.0, \"log\": false}}"}
{"op_code":5,"worker_id":"aa9c430d-c698-4b2e-a3ac-2e2d6f714747-140088878280704","trial_id":164,"param_name":"CavityCorkThickness","param_value_internal":2.885560302188327,"distribution":"{\"name\": \"FloatDistribution\", \"attributes\": {\"step\": null, \"low\": 2.0, \"high\": 5.0, \"log\": false}}"}
{"op_code":5,"worker_id":"aa9c430d-c698-4b2e-a3ac-2e2d6f714747-140088878280704","trial_id":164,"param_name":"BellowHeight","param_value_internal":6.424468178216461,"distribution":"{\"name\": \"FloatDistribution\", \"attributes\": {\"step\": null, \"low\": 6.0, \"high\": 10.0, \"log\": false}}"}
{"op_code":5,"worker_id":"aa9c430d-c698-4b2e-a3ac-2e2d6f714747-140088878280704","trial_id":164,"param_name":"WallThickness","param_value_internal":2.462822096233915,"distribution":"{\"name\": \"FloatDistribution\", \"attributes\": {\"step\": null, \"low\": 2.0, \"high\": 4.0, \"log\": false}}"}
{"op_code":5,"worker_id":"aa9c430d-c698-4b2e-a3ac-2e2d6f714747-140088878280704","trial_id":164,"param_name":"PlateauHeight","param_value_internal":3.6692697923165056,"distribution":"{\"name\": \"FloatDistribution\", \"attributes\": {\"step\": null, \"low\": 2.0, \"high\": 4.0, \"log\": false}}"}
{"op_code":6,"worker_id":"8ef529fe-e953-4a66-b211-34b627f6af18-139982915063808","trial_id":161,"state":1,"values":[3.0724610024414822,0.14259635721887431,0.41541900720398595],"datetime_complete":"2026-05-28T21:40:35.791841"}
{"op_code":4,"worker_id":"8ef529fe-e953-4a66-b211-34b627f6af18-139982915063808","study_id":0,"datetime_start":"2026-05-28T21:40:35.802703"}
{"op_code":9,"worker_id":"8ef529fe-e953-4a66-b211-34b627f6af18-139982915063808","trial_id":165,"system_attr":{"nsga2:generation":2}}
{"op_code":5,"worker_id":"8ef529fe-e953-4a66-b211-34b627f6af18-139982915063808","trial_id":165,"param_name":"JointSlopeAngle","param_value_internal":0.7266834579871014,"distribution":"{\"name\": \"FloatDistribution\", \"attributes\": {\"step\": null, \"low\": 0.17453292519943295, \"high\": 1.0471975511965976, \"log\": false}}"}
{"op_code":5,"worker_id":"8ef529fe-e953-4a66-b211-34b627f6af18-139982915063808","trial_id":165,"param_name":"OuterRadius","param_value_internal":14.967518413550305,"distribution":"{\"name\": \"FloatDistribution\", \"attributes\": {\"step\": null, \"low\": 8.75, \"high\": 17.75, \"log\": false}}"}
{"op_code":5,"worker_id":"8ef529fe-e953-4a66-b211-34b627f6af18-139982915063808","trial_id":165,"param_name":"JointHeight","param_value_internal":5.458385355736822,"distribution":"{\"name\": \"FloatDistribution\", \"attributes\": {\"step\": null, \"low\": 5.0, \"high\": 8.0, \"log\": false}}"}
{"op_code":5,"worker_id":"8ef529fe-e953-4a66-b211-34b627f6af18-139982915063808","trial_id":165,"param_name":"CavityCorkThickness","param_value_internal":2.5291783148481057,"distribution":"{\"name\": \"FloatDistribution\", \"attributes\": {\"step\": null, \"low\": 2.0, \"high\": 5.0, \"log\": false}}"}
{"op_code":5,"worker_id":"8ef529fe-e953-4a66-b211-34b627f6af18-139982915063808","trial_id":165,"param_name":"BellowHeight","param_value_internal":7.51909335597993,"distribution":"{\"name\": \"FloatDistribution\", \"attributes\": {\"step\": null, \"low\": 6.0, \"high\": 10.0, \"log\": false}}"}
{"op_code":5,"worker_id":"8ef529fe-e953-4a66-b211-34b627f6af18-139982915063808","trial_id":165,"param_name":"WallThickness","param_value_internal":2.572774572846695,"distribution":"{\"name\": \"FloatDistribution\", \"attributes\": {\"step\": null, \"low\": 2.0, \"high\": 4.0, \"log\": false}}"}
{"op_code":5,"worker_id":"8ef529fe-e953-4a66-b211-34b627f6af18-139982915063808","trial_id":165,"param_name":"PlateauHeight","param_value_internal":2.105795631576325,"distribution":"{\"name\": \"FloatDistribution\", \"attributes\": {\"step\": null, \"low\": 2.0, \"high\": 4.0, \"log\": false}}"}
{"op_code":6,"worker_id":"d6dec318-6198-4b0d-9442-33b13b0b99ff-140273271562240","trial_id":159,"state":1,"values":[67.2934506167179,0.08396756169902714,0.3547447986011193],"datetime_complete":"2026-05-28T21:40:38.486927"}
{"op_code":4,"worker_id":"d6dec318-6198-4b0d-9442-33b13b0b99ff-140273271562240","study_id":0,"datetime_start":"2026-05-28T21:40:38.501764"}
{"op_code":9,"worker_id":"d6dec318-6198-4b0d-9442-33b13b0b99ff-140273271562240","trial_id":166,"system_attr":{"nsga2:generation":2}}
{"op_code":5,"worker_id":"d6dec318-6198-4b0d-9442-33b13b0b99ff-140273271562240","trial_id":166,"param_name":"JointSlopeAngle","param_value_internal":0.8658752833005506,"distribution":"{\"name\": \"FloatDistribution\", \"attributes\": {\"step\": null, \"low\": 0.17453292519943295, \"high\": 1.0471975511965976, \"log\": false}}"}
{"op_code":5,"worker_id":"d6dec318-6198-4b0d-9442-33b13b0b99ff-140273271562240","trial_id":166,"param_name":"OuterRadius","param_value_internal":10.972473835358148,"distribution":"{\"name\": \"FloatDistribution\", \"attributes\": {\"step\": null, \"low\": 8.75, \"high\": 17.75, \"log\": false}}"}
{"op_code":5,"worker_id":"d6dec318-6198-4b0d-9442-33b13b0b99ff-140273271562240","trial_id":166,"param_name":"JointHeight","param_value_internal":5.474205040178538,"distribution":"{\"name\": \"FloatDistribution\", \"attributes\": {\"step\": null, \"low\": 5.0, \"high\": 8.0, \"log\": false}}"}
{"op_code":5,"worker_id":"d6dec318-6198-4b0d-9442-33b13b0b99ff-140273271562240","trial_id":166,"param_name":"CavityCorkThickness","param_value_internal":3.083527360926134,"distribution":"{\"name\": \"FloatDistribution\", \"attributes\": {\"step\": null, \"low\": 2.0, \"high\": 5.0, \"log\": false}}"}
{"op_code":5,"worker_id":"d6dec318-6198-4b0d-9442-33b13b0b99ff-140273271562240","trial_id":166,"param_name":"BellowHeight","param_value_internal":8.84039489845335,"distribution":"{\"name\": \"FloatDistribution\", \"attributes\": {\"step\": null, \"low\": 6.0, \"high\": 10.0, \"log\": false}}"}
{"op_code":5,"worker_id":"d6dec318-6198-4b0d-9442-33b13b0b99ff-140273271562240","trial_id":166,"param_name":"WallThickness","param_value_internal":2.572774572846695,"distribution":"{\"name\": \"FloatDistribution\", \"attributes\": {\"step\": null, \"low\": 2.0, \"high\": 4.0, \"log\": false}}"}
{"op_code":5,"worker_id":"d6dec318-6198-4b0d-9442-33b13b0b99ff-140273271562240","trial_id":166,"param_name":"PlateauHeight","param_value_internal":2.105795631576325,"distribution":"{\"name\": \"FloatDistribution\", \"attributes\": {\"step\": null, \"low\": 2.0, \"high\": 4.0, \"log\": false}}"}
{"op_code":6,"worker_id":"8a75add0-7778-42e4-866d-1286d98c173c-140410062901248","trial_id":162,"state":1,"values":[37.387384157850306,0.13572002608262967,0.38168811862725777],"datetime_complete":"2026-05-28T21:40:51.366314"}
{"op_code":4,"worker_id":"8a75add0-7778-42e4-866d-1286d98c173c-140410062901248","study_id":0,"datetime_start":"2026-05-28T21:40:51.378020"}
{"op_code":9,"worker_id":"8a75add0-7778-42e4-866d-1286d98c173c-140410062901248","trial_id":167,"system_attr":{"nsga2:generation":2}}
{"op_code":5,"worker_id":"8a75add0-7778-42e4-866d-1286d98c173c-140410062901248","trial_id":167,"param_name":"JointSlopeAngle","param_value_internal":0.9459129416811477,"distribution":"{\"name\": \"FloatDistribution\", \"attributes\": {\"step\": null, \"low\": 0.17453292519943295, \"high\": 1.0471975511965976, \"log\": false}}"}
{"op_code":5,"worker_id":"8a75add0-7778-42e4-866d-1286d98c173c-140410062901248","trial_id":167,"param_name":"OuterRadius","param_value_internal":11.155281964478233,"distribution":"{\"name\": \"FloatDistribution\", \"attributes\": {\"step\": null, \"low\": 8.75, \"high\": 17.75, \"log\": false}}"}
{"op_code":5,"worker_id":"8a75add0-7778-42e4-866d-1286d98c173c-140410062901248","trial_id":167,"param_name":"JointHeight","param_value_internal":6.286501980096286,"distribution":"{\"name\": \"FloatDistribution\", \"attributes\": {\"step\": null, \"low\": 5.0, \"high\": 8.0, \"log\": false}}"}
{"op_code":5,"worker_id":"8a75add0-7778-42e4-866d-1286d98c173c-140410062901248","trial_id":167,"param_name":"CavityCorkThickness","param_value_internal":3.363089889567412,"distribution":"{\"name\": \"FloatDistribution\", \"attributes\": {\"step\": null, \"low\": 2.0, \"high\": 5.0, \"log\": false}}"}
{"op_code":5,"worker_id":"8a75add0-7778-42e4-866d-1286d98c173c-140410062901248","trial_id":167,"param_name":"BellowHeight","param_value_internal":8.84039489845335,"distribution":"{\"name\": \"FloatDistribution\", \"attributes\": {\"step\": null, \"low\": 6.0, \"high\": 10.0, \"log\": false}}"}
{"op_code":5,"worker_id":"8a75add0-7778-42e4-866d-1286d98c173c-140410062901248","trial_id":167,"param_name":"WallThickness","param_value_internal":2.572774572846695,"distribution":"{\"name\": \"FloatDistribution\", \"attributes\": {\"step\": null, \"low\": 2.0, \"high\": 4.0, \"log\": false}}"}
{"op_code":5,"worker_id":"8a75add0-7778-42e4-866d-1286d98c173c-140410062901248","trial_id":167,"param_name":"PlateauHeight","param_value_internal":2.3546158820684813,"distribution":"{\"name\": \"FloatDistribution\", \"attributes\": {\"step\": null, \"low\": 2.0, \"high\": 4.0, \"log\": false}}"}
{"op_code":6,"worker_id":"1d57d4b9-2efe-4085-8b4d-54f9f495ee39-139982114316288","trial_id":163,"state":1,"values":[40.15348031186613,0.08871883713507474,0.4917777897881128],"datetime_complete":"2026-05-28T21:41:05.405880"}
{"op_code":4,"worker_id":"1d57d4b9-2efe-4085-8b4d-54f9f495ee39-139982114316288","study_id":0,"datetime_start":"2026-05-28T21:41:05.417656"}
{"op_code":9,"worker_id":"1d57d4b9-2efe-4085-8b4d-54f9f495ee39-139982114316288","trial_id":168,"system_attr":{"nsga2:generation":2}}
{"op_code":5,"worker_id":"1d57d4b9-2efe-4085-8b4d-54f9f495ee39-139982114316288","trial_id":168,"param_name":"JointSlopeAngle","param_value_internal":0.9384490745925683,"distribution":"{\"name\": \"FloatDistribution\", \"attributes\": {\"step\": null, \"low\": 0.17453292519943295, \"high\": 1.0471975511965976, \"log\": false}}"}
{"op_code":5,"worker_id":"1d57d4b9-2efe-4085-8b4d-54f9f495ee39-139982114316288","trial_id":168,"param_name":"OuterRadius","param_value_internal":10.739055096512908,"distribution":"{\"name\": \"FloatDistribution\", \"attributes\": {\"step\": null, \"low\": 8.75, \"high\": 17.75, \"log\": false}}"}
{"op_code":5,"worker_id":"1d57d4b9-2efe-4085-8b4d-54f9f495ee39-139982114316288","trial_id":168,"param_name":"JointHeight","param_value_internal":6.313514296237612,"distribution":"{\"name\": \"FloatDistribution\", \"attributes\": {\"step\": null, \"low\": 5.0, \"high\": 8.0, \"log\": false}}"}
{"op_code":5,"worker_id":"1d57d4b9-2efe-4085-8b4d-54f9f495ee39-139982114316288","trial_id":168,"param_name":"CavityCorkThickness","param_value_internal":3.363089889567412,"distribution":"{\"name\": \"FloatDistribution\", \"attributes\": {\"step\": null, \"low\": 2.0, \"high\": 5.0, \"log\": false}}"}
{"op_code":5,"worker_id":"1d57d4b9-2efe-4085-8b4d-54f9f495ee39-139982114316288","trial_id":168,"param_name":"BellowHeight","param_value_internal":7.3110773661839215,"distribution":"{\"name\": \"FloatDistribution\", \"attributes\": {\"step\": null, \"low\": 6.0, \"high\": 10.0, \"log\": false}}"}
{"op_code":5,"worker_id":"1d57d4b9-2efe-4085-8b4d-54f9f495ee39-139982114316288","trial_id":168,"param_name":"WallThickness","param_value_internal":3.731854930918616,"distribution":"{\"name\": \"FloatDistribution\", \"attributes\": {\"step\": null, \"low\": 2.0, \"high\": 4.0, \"log\": false}}"}
{"op_code":5,"worker_id":"1d57d4b9-2efe-4085-8b4d-54f9f495ee39-139982114316288","trial_id":168,"param_name":"PlateauHeight","param_value_internal":2.2437141642750884,"distribution":"{\"name\": \"FloatDistribution\", \"attributes\": {\"step\": null, \"low\": 2.0, \"high\": 4.0, \"log\": false}}"}
{"op_code":6,"worker_id":"8ef529fe-e953-4a66-b211-34b627f6af18-139982915063808","trial_id":165,"state":1,"values":[57.304360925021456,0.06911456802602066,0.37181696693514465],"datetime_complete":"2026-05-28T21:41:10.548401"}
{"op_code":4,"worker_id":"8ef529fe-e953-4a66-b211-34b627f6af18-139982915063808","study_id":0,"datetime_start":"2026-05-28T21:41:10.559709"}
{"op_code":9,"worker_id":"8ef529fe-e953-4a66-b211-34b627f6af18-139982915063808","trial_id":169,"system_attr":{"nsga2:generation":3}}
{"op_code":5,"worker_id":"8ef529fe-e953-4a66-b211-34b627f6af18-139982915063808","trial_id":169,"param_name":"JointSlopeAngle","param_value_internal":0.9261479158450542,"distribution":"{\"name\": \"FloatDistribution\", \"attributes\": {\"step\": null, \"low\": 0.17453292519943295, \"high\": 1.0471975511965976, \"log\": false}}"}
{"op_code":5,"worker_id":"8ef529fe-e953-4a66-b211-34b627f6af18-139982915063808","trial_id":169,"param_name":"OuterRadius","param_value_internal":10.232245410416859,"distribution":"{\"name\": \"FloatDistribution\", \"attributes\": {\"step\": null, \"low\": 8.75, \"high\": 17.75, \"log\": false}}"}
{"op_code":5,"worker_id":"8ef529fe-e953-4a66-b211-34b627f6af18-139982915063808","trial_id":169,"param_name":"JointHeight","param_value_internal":5.474205040178538,"distribution":"{\"name\": \"FloatDistribution\", \"attributes\": {\"step\": null, \"low\": 5.0, \"high\": 8.0, \"log\": false}}"}
{"op_code":5,"worker_id":"8ef529fe-e953-4a66-b211-34b627f6af18-139982915063808","trial_id":169,"param_name":"CavityCorkThickness","param_value_internal":3.327952515995391,"distribution":"{\"name\": \"FloatDistribution\", \"attributes\": {\"step\": null, \"low\": 2.0, \"high\": 5.0, \"log\": false}}"}
{"op_code":5,"worker_id":"8ef529fe-e953-4a66-b211-34b627f6af18-139982915063808","trial_id":169,"param_name":"BellowHeight","param_value_internal":6.817210571363836,"distribution":"{\"name\": \"FloatDistribution\", \"attributes\": {\"step\": null, \"low\": 6.0, \"high\": 10.0, \"log\": false}}"}
{"op_code":5,"worker_id":"8ef529fe-e953-4a66-b211-34b627f6af18-139982915063808","trial_id":169,"param_name":"WallThickness","param_value_internal":2.572774572846695,"distribution":"{\"name\": \"FloatDistribution\", \"attributes\": {\"step\": null, \"low\": 2.0, \"high\": 4.0, \"log\": false}}"}
{"op_code":5,"worker_id":"8ef529fe-e953-4a66-b211-34b627f6af18-139982915063808","trial_id":169,"param_name":"PlateauHeight","param_value_internal":2.6534402573663156,"distribution":"{\"name\": \"FloatDistribution\", \"attributes\": {\"step\": null, \"low\": 2.0, \"high\": 4.0, \"log\": false}}"}
{"op_code":6,"worker_id":"aa9c430d-c698-4b2e-a3ac-2e2d6f714747-140088878280704","trial_id":164,"state":1,"values":[29.224391120674056,0.08946138092224619,0.42114321262788423],"datetime_complete":"2026-05-28T21:41:14.312216"}
{"op_code":4,"worker_id":"aa9c430d-c698-4b2e-a3ac-2e2d6f714747-140088878280704","study_id":0,"datetime_start":"2026-05-28T21:41:14.328617"}
{"op_code":9,"worker_id":"aa9c430d-c698-4b2e-a3ac-2e2d6f714747-140088878280704","trial_id":170,"system_attr":{"nsga2:generation":3}}
{"op_code":5,"worker_id":"aa9c430d-c698-4b2e-a3ac-2e2d6f714747-140088878280704","trial_id":170,"param_name":"JointSlopeAngle","param_value_internal":0.6514101966662729,"distribution":"{\"name\": \"FloatDistribution\", \"attributes\": {\"step\": null, \"low\": 0.17453292519943295, \"high\": 1.0471975511965976, \"log\": false}}"}
{"op_code":5,"worker_id":"aa9c430d-c698-4b2e-a3ac-2e2d6f714747-140088878280704","trial_id":170,"param_name":"OuterRadius","param_value_internal":12.40216280669376,"distribution":"{\"name\": \"FloatDistribution\", \"attributes\": {\"step\": null, \"low\": 8.75, \"high\": 17.75, \"log\": false}}"}
{"op_code":5,"worker_id":"aa9c430d-c698-4b2e-a3ac-2e2d6f714747-140088878280704","trial_id":170,"param_name":"JointHeight","param_value_internal":6.993393128311637,"distribution":"{\"name\": \"FloatDistribution\", \"attributes\": {\"step\": null, \"low\": 5.0, \"high\": 8.0, \"log\": false}}"}
{"op_code":5,"worker_id":"aa9c430d-c698-4b2e-a3ac-2e2d6f714747-140088878280704","trial_id":170,"param_name":"CavityCorkThickness","param_value_internal":4.5846813631520895,"distribution":"{\"name\": \"FloatDistribution\", \"attributes\": {\"step\": null, \"low\": 2.0, \"high\": 5.0, \"log\": false}}"}
{"op_code":5,"worker_id":"aa9c430d-c698-4b2e-a3ac-2e2d6f714747-140088878280704","trial_id":170,"param_name":"BellowHeight","param_value_internal":7.686933981939517,"distribution":"{\"name\": \"FloatDistribution\", \"attributes\": {\"step\": null, \"low\": 6.0, \"high\": 10.0, \"log\": false}}"}
{"op_code":5,"worker_id":"aa9c430d-c698-4b2e-a3ac-2e2d6f714747-140088878280704","trial_id":170,"param_name":"WallThickness","param_value_internal":2.7026748986917353,"distribution":"{\"name\": \"FloatDistribution\", \"attributes\": {\"step\": null, \"low\": 2.0, \"high\": 4.0, \"log\": false}}"}
{"op_code":5,"worker_id":"aa9c430d-c698-4b2e-a3ac-2e2d6f714747-140088878280704","trial_id":170,"param_name":"PlateauHeight","param_value_internal":2.623492640568099,"distribution":"{\"name\": \"FloatDistribution\", \"attributes\": {\"step\": null, \"low\": 2.0, \"high\": 4.0, \"log\": false}}"}
{"op_code":6,"worker_id":"d6dec318-6198-4b0d-9442-33b13b0b99ff-140273271562240","trial_id":166,"state":1,"values":[34.6056703759582,0.09484651727393101,0.4980764627178699],"datetime_complete":"2026-05-28T21:41:18.674871"}
{"op_code":4,"worker_id":"d6dec318-6198-4b0d-9442-33b13b0b99ff-140273271562240","study_id":0,"datetime_start":"2026-05-28T21:41:18.691168"}
{"op_code":9,"worker_id":"d6dec318-6198-4b0d-9442-33b13b0b99ff-140273271562240","trial_id":171,"system_attr":{"nsga2:generation":3}}
{"op_code":5,"worker_id":"d6dec318-6198-4b0d-9442-33b13b0b99ff-140273271562240","trial_id":171,"param_name":"JointSlopeAngle","param_value_internal":0.7971422635277798,"distribution":"{\"name\": \"FloatDistribution\", \"attributes\": {\"step\": null, \"low\": 0.17453292519943295, \"high\": 1.0471975511965976, \"log\": false}}"}
{"op_code":5,"worker_id":"d6dec318-6198-4b0d-9442-33b13b0b99ff-140273271562240","trial_id":171,"param_name":"OuterRadius","param_value_internal":17.265214475068273,"distribution":"{\"name\": \"FloatDistribution\", \"attributes\": {\"step\": null, \"low\": 8.75, \"high\": 17.75, \"log\": false}}"}
{"op_code":5,"worker_id":"d6dec318-6198-4b0d-9442-33b13b0b99ff-140273271562240","trial_id":171,"param_name":"JointHeight","param_value_internal":7.1113174225487565,"distribution":"{\"name\": \"FloatDistribution\", \"attributes\": {\"step\": null, \"low\": 5.0, \"high\": 8.0, \"log\": false}}"}
{"op_code":5,"worker_id":"d6dec318-6198-4b0d-9442-33b13b0b99ff-140273271562240","trial_id":171,"param_name":"CavityCorkThickness","param_value_internal":2.925218793769153,"distribution":"{\"name\": \"FloatDistribution\", \"attributes\": {\"step\": null, \"low\": 2.0, \"high\": 5.0, \"log\": false}}"}
{"op_code":5,"worker_id":"d6dec318-6198-4b0d-9442-33b13b0b99ff-140273271562240","trial_id":171,"param_name":"BellowHeight","param_value_internal":7.30073541553402,"distribution":"{\"name\": \"FloatDistribution\", \"attributes\": {\"step\": null, \"low\": 6.0, \"high\": 10.0, \"log\": false}}"}
{"op_code":5,"worker_id":"d6dec318-6198-4b0d-9442-33b13b0b99ff-140273271562240","trial_id":171,"param_name":"WallThickness","param_value_internal":3.2023016524309247,"distribution":"{\"name\": \"FloatDistribution\", \"attributes\": {\"step\": null, \"low\": 2.0, \"high\": 4.0, \"log\": false}}"}
{"op_code":5,"worker_id":"d6dec318-6198-4b0d-9442-33b13b0b99ff-140273271562240","trial_id":171,"param_name":"PlateauHeight","param_value_internal":2.4310688101659186,"distribution":"{\"name\": \"FloatDistribution\", \"attributes\": {\"step\": null, \"low\": 2.0, \"high\": 4.0, \"log\": false}}"}
{"op_code":6,"worker_id":"8a75add0-7778-42e4-866d-1286d98c173c-140410062901248","trial_id":167,"state":1,"values":[29.277475366654244,0.08133468472029108,0.4885089074004366],"datetime_complete":"2026-05-28T21:41:25.116934"}
{"op_code":4,"worker_id":"8a75add0-7778-42e4-866d-1286d98c173c-140410062901248","study_id":0,"datetime_start":"2026-05-28T21:41:25.128074"}
{"op_code":9,"worker_id":"8a75add0-7778-42e4-866d-1286d98c173c-140410062901248","trial_id":172,"system_attr":{"nsga2:generation":3}}
{"op_code":5,"worker_id":"8a75add0-7778-42e4-866d-1286d98c173c-140410062901248","trial_id":172,"param_name":"JointSlopeAngle","param_value_internal":0.6090943653795478,"distribution":"{\"name\": \"FloatDistribution\", \"attributes\": {\"step\": null, \"low\": 0.17453292519943295, \"high\": 1.0471975511965976, \"log\": false}}"}
{"op_code":5,"worker_id":"8a75add0-7778-42e4-866d-1286d98c173c-140410062901248","trial_id":172,"param_name":"OuterRadius","param_value_internal":10.232245410416859,"distribution":"{\"name\": \"FloatDistribution\", \"attributes\": {\"step\": null, \"low\": 8.75, \"high\": 17.75, \"log\": false}}"}
{"op_code":5,"worker_id":"8a75add0-7778-42e4-866d-1286d98c173c-140410062901248","trial_id":172,"param_name":"JointHeight","param_value_internal":5.474205040178538,"distribution":"{\"name\": \"FloatDistribution\", \"attributes\": {\"step\": null, \"low\": 5.0, \"high\": 8.0, \"log\": false}}"}
{"op_code":5,"worker_id":"8a75add0-7778-42e4-866d-1286d98c173c-140410062901248","trial_id":172,"param_name":"CavityCorkThickness","param_value_internal":4.444144648294285,"distribution":"{\"name\": \"FloatDistribution\", \"attributes\": {\"step\": null, \"low\": 2.0, \"high\": 5.0, \"log\": false}}"}
{"op_code":5,"worker_id":"8a75add0-7778-42e4-866d-1286d98c173c-140410062901248","trial_id":172,"param_name":"BellowHeight","param_value_internal":7.774438109049023,"distribution":"{\"name\": \"FloatDistribution\", \"attributes\": {\"step\": null, \"low\": 6.0, \"high\": 10.0, \"log\": false}}"}
{"op_code":5,"worker_id":"8a75add0-7778-42e4-866d-1286d98c173c-140410062901248","trial_id":172,"param_name":"WallThickness","param_value_internal":3.5139564828849275,"distribution":"{\"name\": \"FloatDistribution\", \"attributes\": {\"step\": null, \"low\": 2.0, \"high\": 4.0, \"log\": false}}"}
{"op_code":5,"worker_id":"8a75add0-7778-42e4-866d-1286d98c173c-140410062901248","trial_id":172,"param_name":"PlateauHeight","param_value_internal":2.4310688101659186,"distribution":"{\"name\": \"FloatDistribution\", \"attributes\": {\"step\": null, \"low\": 2.0, \"high\": 4.0, \"log\": false}}"}
{"op_code":6,"worker_id":"1d57d4b9-2efe-4085-8b4d-54f9f495ee39-139982114316288","trial_id":168,"state":1,"values":[11.109770862553148,0.07075059339183118,0.5068176047379861],"datetime_complete":"2026-05-28T21:41:39.324787"}
{"op_code":4,"worker_id":"1d57d4b9-2efe-4085-8b4d-54f9f495ee39-139982114316288","study_id":0,"datetime_start":"2026-05-28T21:41:39.337023"}
{"op_code":9,"worker_id":"1d57d4b9-2efe-4085-8b4d-54f9f495ee39-139982114316288","trial_id":173,"system_attr":{"nsga2:generation":3}}
{"op_code":5,"worker_id":"1d57d4b9-2efe-4085-8b4d-54f9f495ee39-139982114316288","trial_id":173,"param_name":"JointSlopeAngle","param_value_internal":0.7461897180006781,"distribution":"{\"name\": \"FloatDistribution\", \"attributes\": {\"step\": null, \"low\": 0.17453292519943295, \"high\": 1.0471975511965976, \"log\": false}}"}
{"op_code":5,"worker_id":"1d57d4b9-2efe-4085-8b4d-54f9f495ee39-139982114316288","trial_id":173,"param_name":"OuterRadius","param_value_internal":9.94952073879575,"distribution":"{\"name\": \"FloatDistribution\", \"attributes\": {\"step\": null, \"low\": 8.75, \"high\": 17.75, \"log\": false}}"}
{"op_code":5,"worker_id":"1d57d4b9-2efe-4085-8b4d-54f9f495ee39-139982114316288","trial_id":173,"param_name":"JointHeight","param_value_internal":5.8741644177199115,"distribution":"{\"name\": \"FloatDistribution\", \"attributes\": {\"step\": null, \"low\": 5.0, \"high\": 8.0, \"log\": false}}"}
{"op_code":5,"worker_id":"1d57d4b9-2efe-4085-8b4d-54f9f495ee39-139982114316288","trial_id":173,"param_name":"CavityCorkThickness","param_value_internal":4.120272134475807,"distribution":"{\"name\": \"FloatDistribution\", \"attributes\": {\"step\": null, \"low\": 2.0, \"high\": 5.0, \"log\": false}}"}
{"op_code":5,"worker_id":"1d57d4b9-2efe-4085-8b4d-54f9f495ee39-139982114316288","trial_id":173,"param_name":"BellowHeight","param_value_internal":7.646256208121855,"distribution":"{\"name\": \"FloatDistribution\", \"attributes\": {\"step\": null, \"low\": 6.0, \"high\": 10.0, \"log\": false}}"}
{"op_code":5,"worker_id":"1d57d4b9-2efe-4085-8b4d-54f9f495ee39-139982114316288","trial_id":173,"param_name":"WallThickness","param_value_internal":2.0215676563021177,"distribution":"{\"name\": \"FloatDistribution\", \"attributes\": {\"step\": null, \"low\": 2.0, \"high\": 4.0, \"log\": false}}"}
{"op_code":5,"worker_id":"1d57d4b9-2efe-4085-8b4d-54f9f495ee39-139982114316288","trial_id":173,"param_name":"PlateauHeight","param_value_internal":3.497282529535906,"distribution":"{\"name\": \"FloatDistribution\", \"attributes\": {\"step\": null, \"low\": 2.0, \"high\": 4.0, \"log\": false}}"}
{"op_code":6,"worker_id":"8ef529fe-e953-4a66-b211-34b627f6af18-139982915063808","trial_id":169,"state":1,"values":[22.100284701258374,0.09976059903907537,0.5174490288277308],"datetime_complete":"2026-05-28T21:41:44.155172"}
{"op_code":4,"worker_id":"8ef529fe-e953-4a66-b211-34b627f6af18-139982915063808","study_id":0,"datetime_start":"2026-05-28T21:41:44.166685"}
{"op_code":9,"worker_id":"8ef529fe-e953-4a66-b211-34b627f6af18-139982915063808","trial_id":174,"system_attr":{"nsga2:generation":3}}
{"op_code":5,"worker_id":"8ef529fe-e953-4a66-b211-34b627f6af18-139982915063808","trial_id":174,"param_name":"JointSlopeAngle","param_value_internal":0.7191209171245115,"distribution":"{\"name\": \"FloatDistribution\", \"attributes\": {\"step\": null, \"low\": 0.17453292519943295, \"high\": 1.0471975511965976, \"log\": false}}"}
{"op_code":5,"worker_id":"8ef529fe-e953-4a66-b211-34b627f6af18-139982915063808","trial_id":174,"param_name":"OuterRadius","param_value_internal":16.263703644677186,"distribution":"{\"name\": \"FloatDistribution\", \"attributes\": {\"step\": null, \"low\": 8.75, \"high\": 17.75, \"log\": false}}"}
{"op_code":5,"worker_id":"8ef529fe-e953-4a66-b211-34b627f6af18-139982915063808","trial_id":174,"param_name":"JointHeight","param_value_internal":7.319728841821658,"distribution":"{\"name\": \"FloatDistribution\", \"attributes\": {\"step\": null, \"low\": 5.0, \"high\": 8.0, \"log\": false}}"}
{"op_code":5,"worker_id":"8ef529fe-e953-4a66-b211-34b627f6af18-139982915063808","trial_id":174,"param_name":"CavityCorkThickness","param_value_internal":2.5365079646845103,"distribution":"{\"name\": \"FloatDistribution\", \"attributes\": {\"step\": null, \"low\": 2.0, \"high\": 5.0, \"log\": false}}"}
{"op_code":5,"worker_id":"8ef529fe-e953-4a66-b211-34b627f6af18-139982915063808","trial_id":174,"param_name":"BellowHeight","param_value_internal":6.5951963804731175,"distribution":"{\"name\": \"FloatDistribution\", \"attributes\": {\"step\": null, \"low\": 6.0, \"high\": 10.0, \"log\": false}}"}
{"op_code":5,"worker_id":"8ef529fe-e953-4a66-b211-34b627f6af18-139982915063808","trial_id":174,"param_name":"WallThickness","param_value_internal":2.9869693814696983,"distribution":"{\"name\": \"FloatDistribution\", \"attributes\": {\"step\": null, \"low\": 2.0, \"high\": 4.0, \"log\": false}}"}
{"op_code":5,"worker_id":"8ef529fe-e953-4a66-b211-34b627f6af18-139982915063808","trial_id":174,"param_name":"PlateauHeight","param_value_internal":3.542128201767628,"distribution":"{\"name\": \"FloatDistribution\", \"attributes\": {\"step\": null, \"low\": 2.0, \"high\": 4.0, \"log\": false}}"}
{"op_code":6,"worker_id":"aa9c430d-c698-4b2e-a3ac-2e2d6f714747-140088878280704","trial_id":170,"state":1,"values":[34.32748442697056,0.11936455944882739,0.4423841502403772],"datetime_complete":"2026-05-28T21:41:55.848433"}
{"op_code":4,"worker_id":"aa9c430d-c698-4b2e-a3ac-2e2d6f714747-140088878280704","study_id":0,"datetime_start":"2026-05-28T21:41:55.864514"}
{"op_code":9,"worker_id":"aa9c430d-c698-4b2e-a3ac-2e2d6f714747-140088878280704","trial_id":175,"system_attr":{"nsga2:generation":3}}
{"op_code":5,"worker_id":"aa9c430d-c698-4b2e-a3ac-2e2d6f714747-140088878280704","trial_id":175,"param_name":"JointSlopeAngle","param_value_internal":0.5478051691981186,"distribution":"{\"name\": \"FloatDistribution\", \"attributes\": {\"step\": null, \"low\": 0.17453292519943295, \"high\": 1.0471975511965976, \"log\": false}}"}
{"op_code":5,"worker_id":"aa9c430d-c698-4b2e-a3ac-2e2d6f714747-140088878280704","trial_id":175,"param_name":"OuterRadius","param_value_internal":9.545964870490451,"distribution":"{\"name\": \"FloatDistribution\", \"attributes\": {\"step\": null, \"low\": 8.75, \"high\": 17.75, \"log\": false}}"}
{"op_code":5,"worker_id":"aa9c430d-c698-4b2e-a3ac-2e2d6f714747-140088878280704","trial_id":175,"param_name":"JointHeight","param_value_internal":6.993393128311637,"distribution":"{\"name\": \"FloatDistribution\", \"attributes\": {\"step\": null, \"low\": 5.0, \"high\": 8.0, \"log\": false}}"}
{"op_code":5,"worker_id":"aa9c430d-c698-4b2e-a3ac-2e2d6f714747-140088878280704","trial_id":175,"param_name":"CavityCorkThickness","param_value_internal":2.921852004566294,"distribution":"{\"name\": \"FloatDistribution\", \"attributes\": {\"step\": null, \"low\": 2.0, \"high\": 5.0, \"log\": false}}"}
{"op_code":5,"worker_id":"aa9c430d-c698-4b2e-a3ac-2e2d6f714747-140088878280704","trial_id":175,"param_name":"BellowHeight","param_value_internal":9.555234729254323,"distribution":"{\"name\": \"FloatDistribution\", \"attributes\": {\"step\": null, \"low\": 6.0, \"high\": 10.0, \"log\": false}}"}
{"op_code":5,"worker_id":"aa9c430d-c698-4b2e-a3ac-2e2d6f714747-140088878280704","trial_id":175,"param_name":"WallThickness","param_value_internal":2.4458665526518493,"distribution":"{\"name\": \"FloatDistribution\", \"attributes\": {\"step\": null, \"low\": 2.0, \"high\": 4.0, \"log\": false}}"}
{"op_code":5,"worker_id":"aa9c430d-c698-4b2e-a3ac-2e2d6f714747-140088878280704","trial_id":175,"param_name":"PlateauHeight","param_value_internal":2.8634546225265693,"distribution":"{\"name\": \"FloatDistribution\", \"attributes\": {\"step\": null, \"low\": 2.0, \"high\": 4.0, \"log\": false}}"}
{"op_code":6,"worker_id":"8a75add0-7778-42e4-866d-1286d98c173c-140410062901248","trial_id":172,"state":1,"values":[10.203951041009802,0.13614070245445498,0.4669890243416193],"datetime_complete":"2026-05-28T21:41:57.913019"}
{"op_code":4,"worker_id":"8a75add0-7778-42e4-866d-1286d98c173c-140410062901248","study_id":0,"datetime_start":"2026-05-28T21:41:57.924934"}
{"op_code":9,"worker_id":"8a75add0-7778-42e4-866d-1286d98c173c-140410062901248","trial_id":176,"system_attr":{"nsga2:generation":3}}
{"op_code":5,"worker_id":"8a75add0-7778-42e4-866d-1286d98c173c-140410062901248","trial_id":176,"param_name":"JointSlopeAngle","param_value_internal":0.6514101966662729,"distribution":"{\"name\": \"FloatDistribution\", \"attributes\": {\"step\": null, \"low\": 0.17453292519943295, \"high\": 1.0471975511965976, \"log\": false}}"}
{"op_code":5,"worker_id":"8a75add0-7778-42e4-866d-1286d98c173c-140410062901248","trial_id":176,"param_name":"OuterRadius","param_value_internal":12.40216280669376,"distribution":"{\"name\": \"FloatDistribution\", \"attributes\": {\"step\": null, \"low\": 8.75, \"high\": 17.75, \"log\": false}}"}
{"op_code":5,"worker_id":"8a75add0-7778-42e4-866d-1286d98c173c-140410062901248","trial_id":176,"param_name":"JointHeight","param_value_internal":5.38444801755805,"distribution":"{\"name\": \"FloatDistribution\", \"attributes\": {\"step\": null, \"low\": 5.0, \"high\": 8.0, \"log\": false}}"}
{"op_code":5,"worker_id":"8a75add0-7778-42e4-866d-1286d98c173c-140410062901248","trial_id":176,"param_name":"CavityCorkThickness","param_value_internal":4.5846813631520895,"distribution":"{\"name\": \"FloatDistribution\", \"attributes\": {\"step\": null, \"low\": 2.0, \"high\": 5.0, \"log\": false}}"}
{"op_code":5,"worker_id":"8a75add0-7778-42e4-866d-1286d98c173c-140410062901248","trial_id":176,"param_name":"BellowHeight","param_value_internal":6.745910664595325,"distribution":"{\"name\": \"FloatDistribution\", \"attributes\": {\"step\": null, \"low\": 6.0, \"high\": 10.0, \"log\": false}}"}
{"op_code":5,"worker_id":"8a75add0-7778-42e4-866d-1286d98c173c-140410062901248","trial_id":176,"param_name":"WallThickness","param_value_internal":2.4033688852079402,"distribution":"{\"name\": \"FloatDistribution\", \"attributes\": {\"step\": null, \"low\": 2.0, \"high\": 4.0, \"log\": false}}"}
{"op_code":5,"worker_id":"8a75add0-7778-42e4-866d-1286d98c173c-140410062901248","trial_id":176,"param_name":"PlateauHeight","param_value_internal":2.623492640568099,"distribution":"{\"name\": \"FloatDistribution\", \"attributes\": {\"step\": null, \"low\": 2.0, \"high\": 4.0, \"log\": false}}"}
{"op_code":6,"worker_id":"d6dec318-6198-4b0d-9442-33b13b0b99ff-140273271562240","trial_id":171,"state":1,"values":[83.43460278611713,0.08515913278644371,0.340766509038377],"datetime_complete":"2026-05-28T21:41:59.940647"}
{"op_code":4,"worker_id":"d6dec318-6198-4b0d-9442-33b13b0b99ff-140273271562240","study_id":0,"datetime_start":"2026-05-28T21:41:59.957463"}
{"op_code":9,"worker_id":"d6dec318-6198-4b0d-9442-33b13b0b99ff-140273271562240","trial_id":177,"system_attr":{"nsga2:generation":3}}
{"op_code":5,"worker_id":"d6dec318-6198-4b0d-9442-33b13b0b99ff-140273271562240","trial_id":177,"param_name":"JointSlopeAngle","param_value_internal":0.7514096145496825,"distribution":"{\"name\": \"FloatDistribution\", \"attributes\": {\"step\": null, \"low\": 0.17453292519943295, \"high\": 1.0471975511965976, \"log\": false}}"}
{"op_code":5,"worker_id":"d6dec318-6198-4b0d-9442-33b13b0b99ff-140273271562240","trial_id":177,"param_name":"OuterRadius","param_value_internal":13.858393867456938,"distribution":"{\"name\": \"FloatDistribution\", \"attributes\": {\"step\": null, \"low\": 8.75, \"high\": 17.75, \"log\": false}}"}
{"op_code":5,"worker_id":"d6dec318-6198-4b0d-9442-33b13b0b99ff-140273271562240","trial_id":177,"param_name":"JointHeight","param_value_internal":5.672374529747194,"distribution":"{\"name\": \"FloatDistribution\", \"attributes\": {\"step\": null, \"low\": 5.0, \"high\": 8.0, \"log\": false}}"}
{"op_code":5,"worker_id":"d6dec318-6198-4b0d-9442-33b13b0b99ff-140273271562240","trial_id":177,"param_name":"CavityCorkThickness","param_value_internal":4.316220348383265,"distribution":"{\"name\": \"FloatDistribution\", \"attributes\": {\"step\": null, \"low\": 2.0, \"high\": 5.0, \"log\": false}}"}
{"op_code":5,"worker_id":"d6dec318-6198-4b0d-9442-33b13b0b99ff-140273271562240","trial_id":177,"param_name":"BellowHeight","param_value_internal":9.189778109094817,"distribution":"{\"name\": \"FloatDistribution\", \"attributes\": {\"step\": null, \"low\": 6.0, \"high\": 10.0, \"log\": false}}"}
{"op_code":5,"worker_id":"d6dec318-6198-4b0d-9442-33b13b0b99ff-140273271562240","trial_id":177,"param_name":"WallThickness","param_value_internal":3.1457421958069336,"distribution":"{\"name\": \"FloatDistribution\", \"attributes\": {\"step\": null, \"low\": 2.0, \"high\": 4.0, \"log\": false}}"}
{"op_code":5,"worker_id":"d6dec318-6198-4b0d-9442-33b13b0b99ff-140273271562240","trial_id":177,"param_name":"PlateauHeight","param_value_internal":2.46980168656893,"distribution":"{\"name\": \"FloatDistribution\", \"attributes\": {\"step\": null, \"low\": 2.0, \"high\": 4.0, \"log\": false}}"}
{"op_code":6,"worker_id":"1d57d4b9-2efe-4085-8b4d-54f9f495ee39-139982114316288","trial_id":173,"state":1,"values":[35.741248791727145,0.1737152303022543,0.5046602262600804],"datetime_complete":"2026-05-28T21:42:11.486544"}
{"op_code":4,"worker_id":"1d57d4b9-2efe-4085-8b4d-54f9f495ee39-139982114316288","study_id":0,"datetime_start":"2026-05-28T21:42:11.498727"}
{"op_code":9,"worker_id":"1d57d4b9-2efe-4085-8b4d-54f9f495ee39-139982114316288","trial_id":178,"system_attr":{"nsga2:generation":3}}
{"op_code":5,"worker_id":"1d57d4b9-2efe-4085-8b4d-54f9f495ee39-139982114316288","trial_id":178,"param_name":"JointSlopeAngle","param_value_internal":0.6514101966662729,"distribution":"{\"name\": \"FloatDistribution\", \"attributes\": {\"step\": null, \"low\": 0.17453292519943295, \"high\": 1.0471975511965976, \"log\": false}}"}
{"op_code":5,"worker_id":"1d57d4b9-2efe-4085-8b4d-54f9f495ee39-139982114316288","trial_id":178,"param_name":"OuterRadius","param_value_internal":9.94952073879575,"distribution":"{\"name\": \"FloatDistribution\", \"attributes\": {\"step\": null, \"low\": 8.75, \"high\": 17.75, \"log\": false}}"}
{"op_code":5,"worker_id":"1d57d4b9-2efe-4085-8b4d-54f9f495ee39-139982114316288","trial_id":178,"param_name":"JointHeight","param_value_internal":7.614648670111828,"distribution":"{\"name\": \"FloatDistribution\", \"attributes\": {\"step\": null, \"low\": 5.0, \"high\": 8.0, \"log\": false}}"}
{"op_code":5,"worker_id":"1d57d4b9-2efe-4085-8b4d-54f9f495ee39-139982114316288","trial_id":178,"param_name":"CavityCorkThickness","param_value_internal":2.5291783148481057,"distribution":"{\"name\": \"FloatDistribution\", \"attributes\": {\"step\": null, \"low\": 2.0, \"high\": 5.0, \"log\": false}}"}
{"op_code":5,"worker_id":"1d57d4b9-2efe-4085-8b4d-54f9f495ee39-139982114316288","trial_id":178,"param_name":"BellowHeight","param_value_internal":7.686933981939517,"distribution":"{\"name\": \"FloatDistribution\", \"attributes\": {\"step\": null, \"low\": 6.0, \"high\": 10.0, \"log\": false}}"}
{"op_code":5,"worker_id":"1d57d4b9-2efe-4085-8b4d-54f9f495ee39-139982114316288","trial_id":178,"param_name":"WallThickness","param_value_internal":2.4033688852079402,"distribution":"{\"name\": \"FloatDistribution\", \"attributes\": {\"step\": null, \"low\": 2.0, \"high\": 4.0, \"log\": false}}"}
{"op_code":5,"worker_id":"1d57d4b9-2efe-4085-8b4d-54f9f495ee39-139982114316288","trial_id":178,"param_name":"PlateauHeight","param_value_internal":3.639388268810295,"distribution":"{\"name\": \"FloatDistribution\", \"attributes\": {\"step\": null, \"low\": 2.0, \"high\": 4.0, \"log\": false}}"}
{"op_code":6,"worker_id":"8ef529fe-e953-4a66-b211-34b627f6af18-139982915063808","trial_id":174,"state":1,"values":[84.97754614585403,0.08760394062880726,0.35911405666766155],"datetime_complete":"2026-05-28T21:42:18.180431"}
{"op_code":4,"worker_id":"8ef529fe-e953-4a66-b211-34b627f6af18-139982915063808","study_id":0,"datetime_start":"2026-05-28T21:42:18.193247"}
{"op_code":9,"worker_id":"8ef529fe-e953-4a66-b211-34b627f6af18-139982915063808","trial_id":179,"system_attr":{"nsga2:generation":3}}
{"op_code":5,"worker_id":"8ef529fe-e953-4a66-b211-34b627f6af18-139982915063808","trial_id":179,"param_name":"JointSlopeAngle","param_value_internal":0.6514101966662729,"distribution":"{\"name\": \"FloatDistribution\", \"attributes\": {\"step\": null, \"low\": 0.17453292519943295, \"high\": 1.0471975511965976, \"log\": false}}"}
{"op_code":5,"worker_id":"8ef529fe-e953-4a66-b211-34b627f6af18-139982915063808","trial_id":179,"param_name":"OuterRadius","param_value_internal":10.553910055599223,"distribution":"{\"name\": \"FloatDistribution\", \"attributes\": {\"step\": null, \"low\": 8.75, \"high\": 17.75, \"log\": false}}"}
{"op_code":5,"worker_id":"8ef529fe-e953-4a66-b211-34b627f6af18-139982915063808","trial_id":179,"param_name":"JointHeight","param_value_internal":6.1435430745029755,"distribution":"{\"name\": \"FloatDistribution\", \"attributes\": {\"step\": null, \"low\": 5.0, \"high\": 8.0, \"log\": false}}"}
{"op_code":5,"worker_id":"8ef529fe-e953-4a66-b211-34b627f6af18-139982915063808","trial_id":179,"param_name":"CavityCorkThickness","param_value_internal":2.7517814542529067,"distribution":"{\"name\": \"FloatDistribution\", \"attributes\": {\"step\": null, \"low\": 2.0, \"high\": 5.0, \"log\": false}}"}
{"op_code":5,"worker_id":"8ef529fe-e953-4a66-b211-34b627f6af18-139982915063808","trial_id":179,"param_name":"BellowHeight","param_value_internal":7.686933981939517,"distribution":"{\"name\": \"FloatDistribution\", \"attributes\": {\"step\": null, \"low\": 6.0, \"high\": 10.0, \"log\": false}}"}
{"op_code":5,"worker_id":"8ef529fe-e953-4a66-b211-34b627f6af18-139982915063808","trial_id":179,"param_name":"WallThickness","param_value_internal":2.4033688852079402,"distribution":"{\"name\": \"FloatDistribution\", \"attributes\": {\"step\": null, \"low\": 2.0, \"high\": 4.0, \"log\": false}}"}
{"op_code":5,"worker_id":"8ef529fe-e953-4a66-b211-34b627f6af18-139982915063808","trial_id":179,"param_name":"PlateauHeight","param_value_internal":2.623492640568099,"distribution":"{\"name\": \"FloatDistribution\", \"attributes\": {\"step\": null, \"low\": 2.0, \"high\": 4.0, \"log\": false}}"}
{"op_code":6,"worker_id":"8a75add0-7778-42e4-866d-1286d98c173c-140410062901248","trial_id":176,"state":1,"values":[40.43606304831479,0.1405064342661328,0.45683324483042786],"datetime_complete":"2026-05-28T21:42:30.845249"}
{"op_code":4,"worker_id":"8a75add0-7778-42e4-866d-1286d98c173c-140410062901248","study_id":0,"datetime_start":"2026-05-28T21:42:30.858124"}
{"op_code":9,"worker_id":"8a75add0-7778-42e4-866d-1286d98c173c-140410062901248","trial_id":180,"system_attr":{"nsga2:generation":3}}
{"op_code":5,"worker_id":"8a75add0-7778-42e4-866d-1286d98c173c-140410062901248","trial_id":180,"param_name":"JointSlopeAngle","param_value_internal":0.8658752833005506,"distribution":"{\"name\": \"FloatDistribution\", \"attributes\": {\"step\": null, \"low\": 0.17453292519943295, \"high\": 1.0471975511965976, \"log\": false}}"}
{"op_code":5,"worker_id":"8a75add0-7778-42e4-866d-1286d98c173c-140410062901248","trial_id":180,"param_name":"OuterRadius","param_value_internal":10.553910055599223,"distribution":"{\"name\": \"FloatDistribution\", \"attributes\": {\"step\": null, \"low\": 8.75, \"high\": 17.75, \"log\": false}}"}
{"op_code":5,"worker_id":"8a75add0-7778-42e4-866d-1286d98c173c-140410062901248","trial_id":180,"param_name":"JointHeight","param_value_internal":6.752844906400649,"distribution":"{\"name\": \"FloatDistribution\", \"attributes\": {\"step\": null, \"low\": 5.0, \"high\": 8.0, \"log\": false}}"}
{"op_code":5,"worker_id":"8a75add0-7778-42e4-866d-1286d98c173c-140410062901248","trial_id":180,"param_name":"CavityCorkThickness","param_value_internal":2.0264059610966756,"distribution":"{\"name\": \"FloatDistribution\", \"attributes\": {\"step\": null, \"low\": 2.0, \"high\": 5.0, \"log\": false}}"}
{"op_code":5,"worker_id":"8a75add0-7778-42e4-866d-1286d98c173c-140410062901248","trial_id":180,"param_name":"BellowHeight","param_value_internal":7.660692112536824,"distribution":"{\"name\": \"FloatDistribution\", \"attributes\": {\"step\": null, \"low\": 6.0, \"high\": 10.0, \"log\": false}}"}
{"op_code":5,"worker_id":"8a75add0-7778-42e4-866d-1286d98c173c-140410062901248","trial_id":180,"param_name":"WallThickness","param_value_internal":3.7835955467832108,"distribution":"{\"name\": \"FloatDistribution\", \"attributes\": {\"step\": null, \"low\": 2.0, \"high\": 4.0, \"log\": false}}"}
{"op_code":5,"worker_id":"8a75add0-7778-42e4-866d-1286d98c173c-140410062901248","trial_id":180,"param_name":"PlateauHeight","param_value_internal":2.2072397391203946,"distribution":"{\"name\": \"FloatDistribution\", \"attributes\": {\"step\": null, \"low\": 2.0, \"high\": 4.0, \"log\": false}}"}
{"op_code":6,"worker_id":"aa9c430d-c698-4b2e-a3ac-2e2d6f714747-140088878280704","trial_id":175,"state":1,"values":[32.86016537032526,0.11049833243494372,0.4263194917265871],"datetime_complete":"2026-05-28T21:42:37.186916"}
{"op_code":4,"worker_id":"aa9c430d-c698-4b2e-a3ac-2e2d6f714747-140088878280704","study_id":0,"datetime_start":"2026-05-28T21:42:37.203396"}
{"op_code":9,"worker_id":"aa9c430d-c698-4b2e-a3ac-2e2d6f714747-140088878280704","trial_id":181,"system_attr":{"nsga2:generation":3}}
{"op_code":5,"worker_id":"aa9c430d-c698-4b2e-a3ac-2e2d6f714747-140088878280704","trial_id":181,"param_name":"JointSlopeAngle","param_value_internal":0.28423537962449874,"distribution":"{\"name\": \"FloatDistribution\", \"attributes\": {\"step\": null, \"low\": 0.17453292519943295, \"high\": 1.0471975511965976, \"log\": false}}"}
{"op_code":5,"worker_id":"aa9c430d-c698-4b2e-a3ac-2e2d6f714747-140088878280704","trial_id":181,"param_name":"OuterRadius","param_value_internal":15.528948055203632,"distribution":"{\"name\": \"FloatDistribution\", \"attributes\": {\"step\": null, \"low\": 8.75, \"high\": 17.75, \"log\": false}}"}
{"op_code":5,"worker_id":"aa9c430d-c698-4b2e-a3ac-2e2d6f714747-140088878280704","trial_id":181,"param_name":"JointHeight","param_value_internal":5.672374529747194,"distribution":"{\"name\": \"FloatDistribution\", \"attributes\": {\"step\": null, \"low\": 5.0, \"high\": 8.0, \"log\": false}}"}
{"op_code":5,"worker_id":"aa9c430d-c698-4b2e-a3ac-2e2d6f714747-140088878280704","trial_id":181,"param_name":"CavityCorkThickness","param_value_internal":3.204927459971633,"distribution":"{\"name\": \"FloatDistribution\", \"attributes\": {\"step\": null, \"low\": 2.0, \"high\": 5.0, \"log\": false}}"}
{"op_code":5,"worker_id":"aa9c430d-c698-4b2e-a3ac-2e2d6f714747-140088878280704","trial_id":181,"param_name":"BellowHeight","param_value_internal":6.375765371663787,"distribution":"{\"name\": \"FloatDistribution\", \"attributes\": {\"step\": null, \"low\": 6.0, \"high\": 10.0, \"log\": false}}"}
{"op_code":5,"worker_id":"aa9c430d-c698-4b2e-a3ac-2e2d6f714747-140088878280704","trial_id":181,"param_name":"WallThickness","param_value_internal":2.1237780657405176,"distribution":"{\"name\": \"FloatDistribution\", \"attributes\": {\"step\": null, \"low\": 2.0, \"high\": 4.0, \"log\": false}}"}
{"op_code":5,"worker_id":"aa9c430d-c698-4b2e-a3ac-2e2d6f714747-140088878280704","trial_id":181,"param_name":"PlateauHeight","param_value_internal":3.9864459396520076,"distribution":"{\"name\": \"FloatDistribution\", \"attributes\": {\"step\": null, \"low\": 2.0, \"high\": 4.0, \"log\": false}}"}
{"op_code":6,"worker_id":"d6dec318-6198-4b0d-9442-33b13b0b99ff-140273271562240","trial_id":177,"state":1,"values":[36.019457143604654,0.07774401577918955,0.42312502930482354],"datetime_complete":"2026-05-28T21:42:40.771101"}
{"op_code":4,"worker_id":"d6dec318-6198-4b0d-9442-33b13b0b99ff-140273271562240","study_id":0,"datetime_start":"2026-05-28T21:42:40.786336"}
{"op_code":9,"worker_id":"d6dec318-6198-4b0d-9442-33b13b0b99ff-140273271562240","trial_id":182,"system_attr":{"nsga2:generation":3}}
{"op_code":5,"worker_id":"d6dec318-6198-4b0d-9442-33b13b0b99ff-140273271562240","trial_id":182,"param_name":"JointSlopeAngle","param_value_internal":0.8110185048243487,"distribution":"{\"name\": \"FloatDistribution\", \"attributes\": {\"step\": null, \"low\": 0.17453292519943295, \"high\": 1.0471975511965976, \"log\": false}}"}
{"op_code":5,"worker_id":"d6dec318-6198-4b0d-9442-33b13b0b99ff-140273271562240","trial_id":182,"param_name":"OuterRadius","param_value_internal":11.342695990311945,"distribution":"{\"name\": \"FloatDistribution\", \"attributes\": {\"step\": null, \"low\": 8.75, \"high\": 17.75, \"log\": false}}"}
{"op_code":5,"worker_id":"d6dec318-6198-4b0d-9442-33b13b0b99ff-140273271562240","trial_id":182,"param_name":"JointHeight","param_value_internal":5.768428135571968,"distribution":"{\"name\": \"FloatDistribution\", \"attributes\": {\"step\": null, \"low\": 5.0, \"high\": 8.0, \"log\": false}}"}
{"op_code":5,"worker_id":"d6dec318-6198-4b0d-9442-33b13b0b99ff-140273271562240","trial_id":182,"param_name":"CavityCorkThickness","param_value_internal":3.500579019919148,"distribution":"{\"name\": \"FloatDistribution\", \"attributes\": {\"step\": null, \"low\": 2.0, \"high\": 5.0, \"log\": false}}"}
{"op_code":5,"worker_id":"d6dec318-6198-4b0d-9442-33b13b0b99ff-140273271562240","trial_id":182,"param_name":"BellowHeight","param_value_internal":7.994630474641923,"distribution":"{\"name\": \"FloatDistribution\", \"attributes\": {\"step\": null, \"low\": 6.0, \"high\": 10.0, \"log\": false}}"}
{"op_code":5,"worker_id":"d6dec318-6198-4b0d-9442-33b13b0b99ff-140273271562240","trial_id":182,"param_name":"WallThickness","param_value_internal":2.5298409614029866,"distribution":"{\"name\": \"FloatDistribution\", \"attributes\": {\"step\": null, \"low\": 2.0, \"high\": 4.0, \"log\": false}}"}
{"op_code":5,"worker_id":"d6dec318-6198-4b0d-9442-33b13b0b99ff-140273271562240","trial_id":182,"param_name":"PlateauHeight","param_value_internal":3.307476198421085,"distribution":"{\"name\": \"FloatDistribution\", \"attributes\": {\"step\": null, \"low\": 2.0, \"high\": 4.0, \"log\": false}}"}
{"op_code":6,"worker_id":"1d57d4b9-2efe-4085-8b4d-54f9f495ee39-139982114316288","trial_id":178,"state":1,"values":[34.74061286532776,0.10763132957937542,0.3843443881501114],"datetime_complete":"2026-05-28T21:42:44.257960"}
{"op_code":4,"worker_id":"1d57d4b9-2efe-4085-8b4d-54f9f495ee39-139982114316288","study_id":0,"datetime_start":"2026-05-28T21:42:44.270312"}
{"op_code":9,"worker_id":"1d57d4b9-2efe-4085-8b4d-54f9f495ee39-139982114316288","trial_id":183,"system_attr":{"nsga2:generation":3}}
{"op_code":5,"worker_id":"1d57d4b9-2efe-4085-8b4d-54f9f495ee39-139982114316288","trial_id":183,"param_name":"JointSlopeAngle","param_value_internal":0.4853215795172432,"distribution":"{\"name\": \"FloatDistribution\", \"attributes\": {\"step\": null, \"low\": 0.17453292519943295, \"high\": 1.0471975511965976, \"log\": false}}"}
{"op_code":5,"worker_id":"1d57d4b9-2efe-4085-8b4d-54f9f495ee39-139982114316288","trial_id":183,"param_name":"OuterRadius","param_value_internal":14.099577595746613,"distribution":"{\"name\": \"FloatDistribution\", \"attributes\": {\"step\": null, \"low\": 8.75, \"high\": 17.75, \"log\": false}}"}
{"op_code":5,"worker_id":"1d57d4b9-2efe-4085-8b4d-54f9f495ee39-139982114316288","trial_id":183,"param_name":"JointHeight","param_value_internal":7.828559093918221,"distribution":"{\"name\": \"FloatDistribution\", \"attributes\": {\"step\": null, \"low\": 5.0, \"high\": 8.0, \"log\": false}}"}
{"op_code":5,"worker_id":"1d57d4b9-2efe-4085-8b4d-54f9f495ee39-139982114316288","trial_id":183,"param_name":"CavityCorkThickness","param_value_internal":3.268333017350702,"distribution":"{\"name\": \"FloatDistribution\", \"attributes\": {\"step\": null, \"low\": 2.0, \"high\": 5.0, \"log\": false}}"}
{"op_code":5,"worker_id":"1d57d4b9-2efe-4085-8b4d-54f9f495ee39-139982114316288","trial_id":183,"param_name":"BellowHeight","param_value_internal":7.51909335597993,"distribution":"{\"name\": \"FloatDistribution\", \"attributes\": {\"step\": null, \"low\": 6.0, \"high\": 10.0, \"log\": false}}"}
{"op_code":5,"worker_id":"1d57d4b9-2efe-4085-8b4d-54f9f495ee39-139982114316288","trial_id":183,"param_name":"WallThickness","param_value_internal":2.7056894974878736,"distribution":"{\"name\": \"FloatDistribution\", \"attributes\": {\"step\": null, \"low\": 2.0, \"high\": 4.0, \"log\": false}}"}
{"op_code":5,"worker_id":"1d57d4b9-2efe-4085-8b4d-54f9f495ee39-139982114316288","trial_id":183,"param_name":"PlateauHeight","param_value_internal":3.6692697923165056,"distribution":"{\"name\": \"FloatDistribution\", \"attributes\": {\"step\": null, \"low\": 2.0, \"high\": 4.0, \"log\": false}}"}
{"op_code":6,"worker_id":"8ef529fe-e953-4a66-b211-34b627f6af18-139982915063808","trial_id":179,"state":1,"values":[38.42410808138101,0.1121220664721126,0.4674947030560537],"datetime_complete":"2026-05-28T21:42:51.203475"}
{"op_code":4,"worker_id":"8ef529fe-e953-4a66-b211-34b627f6af18-139982915063808","study_id":0,"datetime_start":"2026-05-28T21:42:51.215913"}
{"op_code":9,"worker_id":"8ef529fe-e953-4a66-b211-34b627f6af18-139982915063808","trial_id":184,"system_attr":{"nsga2:generation":3}}
{"op_code":5,"worker_id":"8ef529fe-e953-4a66-b211-34b627f6af18-139982915063808","trial_id":184,"param_name":"JointSlopeAngle","param_value_internal":0.6514101966662729,"distribution":"{\"name\": \"FloatDistribution\", \"attributes\": {\"step\": null, \"low\": 0.17453292519943295, \"high\": 1.0471975511965976, \"log\": false}}"}
{"op_code":5,"worker_id":"8ef529fe-e953-4a66-b211-34b627f6af18-139982915063808","trial_id":184,"param_name":"OuterRadius","param_value_internal":9.503223287672325,"distribution":"{\"name\": \"FloatDistribution\", \"attributes\": {\"step\": null, \"low\": 8.75, \"high\": 17.75, \"log\": false}}"}
{"op_code":5,"worker_id":"8ef529fe-e953-4a66-b211-34b627f6af18-139982915063808","trial_id":184,"param_name":"JointHeight","param_value_internal":6.752844906400649,"distribution":"{\"name\": \"FloatDistribution\", \"attributes\": {\"step\": null, \"low\": 5.0, \"high\": 8.0, \"log\": false}}"}
{"op_code":5,"worker_id":"8ef529fe-e953-4a66-b211-34b627f6af18-139982915063808","trial_id":184,"param_name":"CavityCorkThickness","param_value_internal":4.369759016974724,"distribution":"{\"name\": \"FloatDistribution\", \"attributes\": {\"step\": null, \"low\": 2.0, \"high\": 5.0, \"log\": false}}"}
{"op_code":5,"worker_id":"8ef529fe-e953-4a66-b211-34b627f6af18-139982915063808","trial_id":184,"param_name":"BellowHeight","param_value_internal":9.354945159577415,"distribution":"{\"name\": \"FloatDistribution\", \"attributes\": {\"step\": null, \"low\": 6.0, \"high\": 10.0, \"log\": false}}"}
{"op_code":5,"worker_id":"8ef529fe-e953-4a66-b211-34b627f6af18-139982915063808","trial_id":184,"param_name":"WallThickness","param_value_internal":2.4231653829921562,"distribution":"{\"name\": \"FloatDistribution\", \"attributes\": {\"step\": null, \"low\": 2.0, \"high\": 4.0, \"log\": false}}"}
{"op_code":5,"worker_id":"8ef529fe-e953-4a66-b211-34b627f6af18-139982915063808","trial_id":184,"param_name":"PlateauHeight","param_value_internal":3.410592191802534,"distribution":"{\"name\": \"FloatDistribution\", \"attributes\": {\"step\": null, \"low\": 2.0, \"high\": 4.0, \"log\": false}}"}
{"op_code":6,"worker_id":"8a75add0-7778-42e4-866d-1286d98c173c-140410062901248","trial_id":180,"state":1,"values":[15.320672174084223,0.06033307157925268,0.497674101366204],"datetime_complete":"2026-05-28T21:43:03.270062"}
{"op_code":4,"worker_id":"8a75add0-7778-42e4-866d-1286d98c173c-140410062901248","study_id":0,"datetime_start":"2026-05-28T21:43:03.282343"}
{"op_code":9,"worker_id":"8a75add0-7778-42e4-866d-1286d98c173c-140410062901248","trial_id":185,"system_attr":{"nsga2:generation":3}}
{"op_code":5,"worker_id":"8a75add0-7778-42e4-866d-1286d98c173c-140410062901248","trial_id":185,"param_name":"JointSlopeAngle","param_value_internal":0.5852465981081705,"distribution":"{\"name\": \"FloatDistribution\", \"attributes\": {\"step\": null, \"low\": 0.17453292519943295, \"high\": 1.0471975511965976, \"log\": false}}"}
{"op_code":5,"worker_id":"8a75add0-7778-42e4-866d-1286d98c173c-140410062901248","trial_id":185,"param_name":"OuterRadius","param_value_internal":15.99603399757401,"distribution":"{\"name\": \"FloatDistribution\", \"attributes\": {\"step\": null, \"low\": 8.75, \"high\": 17.75, \"log\": false}}"}
{"op_code":5,"worker_id":"8a75add0-7778-42e4-866d-1286d98c173c-140410062901248","trial_id":185,"param_name":"JointHeight","param_value_internal":5.4726252712851915,"distribution":"{\"name\": \"FloatDistribution\", \"attributes\": {\"step\": null, \"low\": 5.0, \"high\": 8.0, \"log\": false}}"}
{"op_code":5,"worker_id":"8a75add0-7778-42e4-866d-1286d98c173c-140410062901248","trial_id":185,"param_name":"CavityCorkThickness","param_value_internal":2.188428291256305,"distribution":"{\"name\": \"FloatDistribution\", \"attributes\": {\"step\": null, \"low\": 2.0, \"high\": 5.0, \"log\": false}}"}
{"op_code":5,"worker_id":"8a75add0-7778-42e4-866d-1286d98c173c-140410062901248","trial_id":185,"param_name":"BellowHeight","param_value_internal":6.218721227495308,"distribution":"{\"name\": \"FloatDistribution\", \"attributes\": {\"step\": null, \"low\": 6.0, \"high\": 10.0, \"log\": false}}"}
{"op_code":5,"worker_id":"8a75add0-7778-42e4-866d-1286d98c173c-140410062901248","trial_id":185,"param_name":"WallThickness","param_value_internal":3.4667080411646554,"distribution":"{\"name\": \"FloatDistribution\", \"attributes\": {\"step\": null, \"low\": 2.0, \"high\": 4.0, \"log\": false}}"}
{"op_code":5,"worker_id":"8a75add0-7778-42e4-866d-1286d98c173c-140410062901248","trial_id":185,"param_name":"PlateauHeight","param_value_internal":3.497282529535906,"distribution":"{\"name\": \"FloatDistribution\", \"attributes\": {\"step\": null, \"low\": 2.0, \"high\": 4.0, \"log\": false}}"}
{"op_code":6,"worker_id":"1d57d4b9-2efe-4085-8b4d-54f9f495ee39-139982114316288","trial_id":183,"state":1,"values":[45.35496429373927,0.06541842605790228,0.4029221588845934],"datetime_complete":"2026-05-28T21:43:18.697156"}
{"op_code":4,"worker_id":"1d57d4b9-2efe-4085-8b4d-54f9f495ee39-139982114316288","study_id":0,"datetime_start":"2026-05-28T21:43:18.708400"}
{"op_code":9,"worker_id":"1d57d4b9-2efe-4085-8b4d-54f9f495ee39-139982114316288","trial_id":186,"system_attr":{"nsga2:generation":3}}
{"op_code":5,"worker_id":"1d57d4b9-2efe-4085-8b4d-54f9f495ee39-139982114316288","trial_id":186,"param_name":"JointSlopeAngle","param_value_internal":0.9261479158450542,"distribution":"{\"name\": \"FloatDistribution\", \"attributes\": {\"step\": null, \"low\": 0.17453292519943295, \"high\": 1.0471975511965976, \"log\": false}}"}
{"op_code":5,"worker_id":"1d57d4b9-2efe-4085-8b4d-54f9f495ee39-139982114316288","trial_id":186,"param_name":"OuterRadius","param_value_internal":10.232245410416859,"distribution":"{\"name\": \"FloatDistribution\", \"attributes\": {\"step\": null, \"low\": 8.75, \"high\": 17.75, \"log\": false}}"}
{"op_code":5,"worker_id":"1d57d4b9-2efe-4085-8b4d-54f9f495ee39-139982114316288","trial_id":186,"param_name":"JointHeight","param_value_internal":5.474205040178538,"distribution":"{\"name\": \"FloatDistribution\", \"attributes\": {\"step\": null, \"low\": 5.0, \"high\": 8.0, \"log\": false}}"}
{"op_code":5,"worker_id":"1d57d4b9-2efe-4085-8b4d-54f9f495ee39-139982114316288","trial_id":186,"param_name":"CavityCorkThickness","param_value_internal":2.885560302188327,"distribution":"{\"name\": \"FloatDistribution\", \"attributes\": {\"step\": null, \"low\": 2.0, \"high\": 5.0, \"log\": false}}"}
{"op_code":5,"worker_id":"1d57d4b9-2efe-4085-8b4d-54f9f495ee39-139982114316288","trial_id":186,"param_name":"BellowHeight","param_value_internal":9.555234729254323,"distribution":"{\"name\": \"FloatDistribution\", \"attributes\": {\"step\": null, \"low\": 6.0, \"high\": 10.0, \"log\": false}}"}
{"op_code":5,"worker_id":"1d57d4b9-2efe-4085-8b4d-54f9f495ee39-139982114316288","trial_id":186,"param_name":"WallThickness","param_value_internal":3.5345552146252457,"distribution":"{\"name\": \"FloatDistribution\", \"attributes\": {\"step\": null, \"low\": 2.0, \"high\": 4.0, \"log\": false}}"}
{"op_code":5,"worker_id":"1d57d4b9-2efe-4085-8b4d-54f9f495ee39-139982114316288","trial_id":186,"param_name":"PlateauHeight","param_value_internal":2.7911984234554836,"distribution":"{\"name\": \"FloatDistribution\", \"attributes\": {\"step\": null, \"low\": 2.0, \"high\": 4.0, \"log\": false}}"}
{"op_code":6,"worker_id":"d6dec318-6198-4b0d-9442-33b13b0b99ff-140273271562240","trial_id":182,"state":1,"values":[34.18403796408472,0.09676896354651733,0.488164569374684],"datetime_complete":"2026-05-28T21:43:18.982636"}
{"op_code":4,"worker_id":"d6dec318-6198-4b0d-9442-33b13b0b99ff-140273271562240","study_id":0,"datetime_start":"2026-05-28T21:43:18.999006"}
{"op_code":9,"worker_id":"d6dec318-6198-4b0d-9442-33b13b0b99ff-140273271562240","trial_id":187,"system_attr":{"nsga2:generation":3}}
{"op_code":5,"worker_id":"d6dec318-6198-4b0d-9442-33b13b0b99ff-140273271562240","trial_id":187,"param_name":"JointSlopeAngle","param_value_internal":0.2515474579994148,"distribution":"{\"name\": \"FloatDistribution\", \"attributes\": {\"step\": null, \"low\": 0.17453292519943295, \"high\": 1.0471975511965976, \"log\": false}}"}
{"op_code":5,"worker_id":"d6dec318-6198-4b0d-9442-33b13b0b99ff-140273271562240","trial_id":187,"param_name":"OuterRadius","param_value_internal":10.352034863849447,"distribution":"{\"name\": \"FloatDistribution\", \"attributes\": {\"step\": null, \"low\": 8.75, \"high\": 17.75, \"log\": false}}"}
{"op_code":5,"worker_id":"d6dec318-6198-4b0d-9442-33b13b0b99ff-140273271562240","trial_id":187,"param_name":"JointHeight","param_value_internal":6.05579617910953,"distribution":"{\"name\": \"FloatDistribution\", \"attributes\": {\"step\": null, \"low\": 5.0, \"high\": 8.0, \"log\": false}}"}
{"op_code":5,"worker_id":"d6dec318-6198-4b0d-9442-33b13b0b99ff-140273271562240","trial_id":187,"param_name":"CavityCorkThickness","param_value_internal":4.450088644799013,"distribution":"{\"name\": \"FloatDistribution\", \"attributes\": {\"step\": null, \"low\": 2.0, \"high\": 5.0, \"log\": false}}"}
{"op_code":5,"worker_id":"d6dec318-6198-4b0d-9442-33b13b0b99ff-140273271562240","trial_id":187,"param_name":"BellowHeight","param_value_internal":8.358982826831989,"distribution":"{\"name\": \"FloatDistribution\", \"attributes\": {\"step\": null, \"low\": 6.0, \"high\": 10.0, \"log\": false}}"}
{"op_code":5,"worker_id":"d6dec318-6198-4b0d-9442-33b13b0b99ff-140273271562240","trial_id":187,"param_name":"WallThickness","param_value_internal":2.9717412226576077,"distribution":"{\"name\": \"FloatDistribution\", \"attributes\": {\"step\": null, \"low\": 2.0, \"high\": 4.0, \"log\": false}}"}
{"op_code":5,"worker_id":"d6dec318-6198-4b0d-9442-33b13b0b99ff-140273271562240","trial_id":187,"param_name":"PlateauHeight","param_value_internal":3.497282529535906,"distribution":"{\"name\": \"FloatDistribution\", \"attributes\": {\"step\": null, \"low\": 2.0, \"high\": 4.0, \"log\": false}}"}
{"op_code":6,"worker_id":"aa9c430d-c698-4b2e-a3ac-2e2d6f714747-140088878280704","trial_id":181,"state":1,"values":[90.34016628895995,0.09655203914407558,0.35234284762861623],"datetime_complete":"2026-05-28T21:43:22.167475"}
{"op_code":4,"worker_id":"aa9c430d-c698-4b2e-a3ac-2e2d6f714747-140088878280704","study_id":0,"datetime_start":"2026-05-28T21:43:22.182993"}
{"op_code":9,"worker_id":"aa9c430d-c698-4b2e-a3ac-2e2d6f714747-140088878280704","trial_id":188,"system_attr":{"nsga2:generation":3}}
{"op_code":5,"worker_id":"aa9c430d-c698-4b2e-a3ac-2e2d6f714747-140088878280704","trial_id":188,"param_name":"JointSlopeAngle","param_value_internal":0.9459129416811477,"distribution":"{\"name\": \"FloatDistribution\", \"attributes\": {\"step\": null, \"low\": 0.17453292519943295, \"high\": 1.0471975511965976, \"log\": false}}"}
{"op_code":5,"worker_id":"aa9c430d-c698-4b2e-a3ac-2e2d6f714747-140088878280704","trial_id":188,"param_name":"OuterRadius","param_value_internal":11.342695990311945,"distribution":"{\"name\": \"FloatDistribution\", \"attributes\": {\"step\": null, \"low\": 8.75, \"high\": 17.75, \"log\": false}}"}
{"op_code":5,"worker_id":"aa9c430d-c698-4b2e-a3ac-2e2d6f714747-140088878280704","trial_id":188,"param_name":"JointHeight","param_value_internal":5.40970506787656,"distribution":"{\"name\": \"FloatDistribution\", \"attributes\": {\"step\": null, \"low\": 5.0, \"high\": 8.0, \"log\": false}}"}
{"op_code":5,"worker_id":"aa9c430d-c698-4b2e-a3ac-2e2d6f714747-140088878280704","trial_id":188,"param_name":"CavityCorkThickness","param_value_internal":2.885560302188327,"distribution":"{\"name\": \"FloatDistribution\", \"attributes\": {\"step\": null, \"low\": 2.0, \"high\": 5.0, \"log\": false}}"}
{"op_code":5,"worker_id":"aa9c430d-c698-4b2e-a3ac-2e2d6f714747-140088878280704","trial_id":188,"param_name":"BellowHeight","param_value_internal":9.555234729254323,"distribution":"{\"name\": \"FloatDistribution\", \"attributes\": {\"step\": null, \"low\": 6.0, \"high\": 10.0, \"log\": false}}"}
{"op_code":5,"worker_id":"aa9c430d-c698-4b2e-a3ac-2e2d6f714747-140088878280704","trial_id":188,"param_name":"WallThickness","param_value_internal":3.681513267503684,"distribution":"{\"name\": \"FloatDistribution\", \"attributes\": {\"step\": null, \"low\": 2.0, \"high\": 4.0, \"log\": false}}"}
{"op_code":5,"worker_id":"aa9c430d-c698-4b2e-a3ac-2e2d6f714747-140088878280704","trial_id":188,"param_name":"PlateauHeight","param_value_internal":2.7911984234554836,"distribution":"{\"name\": \"FloatDistribution\", \"attributes\": {\"step\": null, \"low\": 2.0, \"high\": 4.0, \"log\": false}}"}
{"op_code":6,"worker_id":"8ef529fe-e953-4a66-b211-34b627f6af18-139982915063808","trial_id":184,"state":1,"values":[27.91510129949708,0.19658474405651233,0.45187285796940097],"datetime_complete":"2026-05-28T21:43:23.879287"}
{"op_code":4,"worker_id":"8ef529fe-e953-4a66-b211-34b627f6af18-139982915063808","study_id":0,"datetime_start":"2026-05-28T21:43:23.890447"}
{"op_code":9,"worker_id":"8ef529fe-e953-4a66-b211-34b627f6af18-139982915063808","trial_id":189,"system_attr":{"nsga2:generation":3}}
{"op_code":5,"worker_id":"8ef529fe-e953-4a66-b211-34b627f6af18-139982915063808","trial_id":189,"param_name":"JointSlopeAngle","param_value_internal":0.829634327251552,"distribution":"{\"name\": \"FloatDistribution\", \"attributes\": {\"step\": null, \"low\": 0.17453292519943295, \"high\": 1.0471975511965976, \"log\": false}}"}
{"op_code":5,"worker_id":"8ef529fe-e953-4a66-b211-34b627f6af18-139982915063808","trial_id":189,"param_name":"OuterRadius","param_value_internal":14.677370619142444,"distribution":"{\"name\": \"FloatDistribution\", \"attributes\": {\"step\": null, \"low\": 8.75, \"high\": 17.75, \"log\": false}}"}
{"op_code":5,"worker_id":"8ef529fe-e953-4a66-b211-34b627f6af18-139982915063808","trial_id":189,"param_name":"JointHeight","param_value_internal":7.1113174225487565,"distribution":"{\"name\": \"FloatDistribution\", \"attributes\": {\"step\": null, \"low\": 5.0, \"high\": 8.0, \"log\": false}}"}
{"op_code":5,"worker_id":"8ef529fe-e953-4a66-b211-34b627f6af18-139982915063808","trial_id":189,"param_name":"CavityCorkThickness","param_value_internal":4.444144648294285,"distribution":"{\"name\": \"FloatDistribution\", \"attributes\": {\"step\": null, \"low\": 2.0, \"high\": 5.0, \"log\": false}}"}
{"op_code":5,"worker_id":"8ef529fe-e953-4a66-b211-34b627f6af18-139982915063808","trial_id":189,"param_name":"BellowHeight","param_value_internal":6.842981852582764,"distribution":"{\"name\": \"FloatDistribution\", \"attributes\": {\"step\": null, \"low\": 6.0, \"high\": 10.0, \"log\": false}}"}
{"op_code":5,"worker_id":"8ef529fe-e953-4a66-b211-34b627f6af18-139982915063808","trial_id":189,"param_name":"WallThickness","param_value_internal":3.2023016524309247,"distribution":"{\"name\": \"FloatDistribution\", \"attributes\": {\"step\": null, \"low\": 2.0, \"high\": 4.0, \"log\": false}}"}
{"op_code":5,"worker_id":"8ef529fe-e953-4a66-b211-34b627f6af18-139982915063808","trial_id":189,"param_name":"PlateauHeight","param_value_internal":3.808149792240684,"distribution":"{\"name\": \"FloatDistribution\", \"attributes\": {\"step\": null, \"low\": 2.0, \"high\": 4.0, \"log\": false}}"}
{"op_code":6,"worker_id":"8a75add0-7778-42e4-866d-1286d98c173c-140410062901248","trial_id":185,"state":1,"values":[70.36188943052775,0.08240875615714803,0.3581419853593392],"datetime_complete":"2026-05-28T21:43:34.352454"}
{"op_code":4,"worker_id":"8a75add0-7778-42e4-866d-1286d98c173c-140410062901248","study_id":0,"datetime_start":"2026-05-28T21:43:34.363942"}
{"op_code":9,"worker_id":"8a75add0-7778-42e4-866d-1286d98c173c-140410062901248","trial_id":190,"system_attr":{"nsga2:generation":3}}
{"op_code":5,"worker_id":"8a75add0-7778-42e4-866d-1286d98c173c-140410062901248","trial_id":190,"param_name":"JointSlopeAngle","param_value_internal":0.8748680312298055,"distribution":"{\"name\": \"FloatDistribution\", \"attributes\": {\"step\": null, \"low\": 0.17453292519943295, \"high\": 1.0471975511965976, \"log\": false}}"}
{"op_code":5,"worker_id":"8a75add0-7778-42e4-866d-1286d98c173c-140410062901248","trial_id":190,"param_name":"OuterRadius","param_value_internal":15.99603399757401,"distribution":"{\"name\": \"FloatDistribution\", \"attributes\": {\"step\": null, \"low\": 8.75, \"high\": 17.75, \"log\": false}}"}
{"op_code":5,"worker_id":"8a75add0-7778-42e4-866d-1286d98c173c-140410062901248","trial_id":190,"param_name":"JointHeight","param_value_internal":5.4726252712851915,"distribution":"{\"name\": \"FloatDistribution\", \"attributes\": {\"step\": null, \"low\": 5.0, \"high\": 8.0, \"log\": false}}"}
{"op_code":5,"worker_id":"8a75add0-7778-42e4-866d-1286d98c173c-140410062901248","trial_id":190,"param_name":"CavityCorkThickness","param_value_internal":2.7549428560375957,"distribution":"{\"name\": \"FloatDistribution\", \"attributes\": {\"step\": null, \"low\": 2.0, \"high\": 5.0, \"log\": false}}"}
{"op_code":5,"worker_id":"8a75add0-7778-42e4-866d-1286d98c173c-140410062901248","trial_id":190,"param_name":"BellowHeight","param_value_internal":7.646256208121855,"distribution":"{\"name\": \"FloatDistribution\", \"attributes\": {\"step\": null, \"low\": 6.0, \"high\": 10.0, \"log\": false}}"}
{"op_code":5,"worker_id":"8a75add0-7778-42e4-866d-1286d98c173c-140410062901248","trial_id":190,"param_name":"WallThickness","param_value_internal":2.462822096233915,"distribution":"{\"name\": \"FloatDistribution\", \"attributes\": {\"step\": null, \"low\": 2.0, \"high\": 4.0, \"log\": false}}"}
{"op_code":5,"worker_id":"8a75add0-7778-42e4-866d-1286d98c173c-140410062901248","trial_id":190,"param_name":"PlateauHeight","param_value_internal":3.081076716514393,"distribution":"{\"name\": \"FloatDistribution\", \"attributes\": {\"step\": null, \"low\": 2.0, \"high\": 4.0, \"log\": false}}"}
{"op_code":6,"worker_id":"1d57d4b9-2efe-4085-8b4d-54f9f495ee39-139982114316288","trial_id":186,"state":1,"values":[16.94763427224882,0.07340710057167127,0.5183254764210574],"datetime_complete":"2026-05-28T21:43:50.805203"}
{"op_code":4,"worker_id":"1d57d4b9-2efe-4085-8b4d-54f9f495ee39-139982114316288","study_id":0,"datetime_start":"2026-05-28T21:43:50.817039"}
{"op_code":9,"worker_id":"1d57d4b9-2efe-4085-8b4d-54f9f495ee39-139982114316288","trial_id":191,"system_attr":{"nsga2:generation":3}}
{"op_code":5,"worker_id":"1d57d4b9-2efe-4085-8b4d-54f9f495ee39-139982114316288","trial_id":191,"param_name":"JointSlopeAngle","param_value_internal":0.7514096145496825,"distribution":"{\"name\": \"FloatDistribution\", \"attributes\": {\"step\": null, \"low\": 0.17453292519943295, \"high\": 1.0471975511965976, \"log\": false}}"}
{"op_code":5,"worker_id":"1d57d4b9-2efe-4085-8b4d-54f9f495ee39-139982114316288","trial_id":191,"param_name":"OuterRadius","param_value_internal":13.858393867456938,"distribution":"{\"name\": \"FloatDistribution\", \"attributes\": {\"step\": null, \"low\": 8.75, \"high\": 17.75, \"log\": false}}"}
{"op_code":5,"worker_id":"1d57d4b9-2efe-4085-8b4d-54f9f495ee39-139982114316288","trial_id":191,"param_name":"JointHeight","param_value_internal":5.672374529747194,"distribution":"{\"name\": \"FloatDistribution\", \"attributes\": {\"step\": null, \"low\": 5.0, \"high\": 8.0, \"log\": false}}"}
{"op_code":5,"worker_id":"1d57d4b9-2efe-4085-8b4d-54f9f495ee39-139982114316288","trial_id":191,"param_name":"CavityCorkThickness","param_value_internal":2.274293611243897,"distribution":"{\"name\": \"FloatDistribution\", \"attributes\": {\"step\": null, \"low\": 2.0, \"high\": 5.0, \"log\": false}}"}
{"op_code":5,"worker_id":"1d57d4b9-2efe-4085-8b4d-54f9f495ee39-139982114316288","trial_id":191,"param_name":"BellowHeight","param_value_internal":9.189778109094817,"distribution":"{\"name\": \"FloatDistribution\", \"attributes\": {\"step\": null, \"low\": 6.0, \"high\": 10.0, \"log\": false}}"}
{"op_code":5,"worker_id":"1d57d4b9-2efe-4085-8b4d-54f9f495ee39-139982114316288","trial_id":191,"param_name":"WallThickness","param_value_internal":3.1457421958069336,"distribution":"{\"name\": \"FloatDistribution\", \"attributes\": {\"step\": null, \"low\": 2.0, \"high\": 4.0, \"log\": false}}"}
{"op_code":5,"worker_id":"1d57d4b9-2efe-4085-8b4d-54f9f495ee39-139982114316288","trial_id":191,"param_name":"PlateauHeight","param_value_internal":3.6692697923165056,"distribution":"{\"name\": \"FloatDistribution\", \"attributes\": {\"step\": null, \"low\": 2.0, \"high\": 4.0, \"log\": false}}"}
{"op_code":6,"worker_id":"8ef529fe-e953-4a66-b211-34b627f6af18-139982915063808","trial_id":189,"state":1,"values":[49.252846155390046,0.09831499763028362,0.4008097778739898],"datetime_complete":"2026-05-28T21:43:55.388399"}
{"op_code":4,"worker_id":"8ef529fe-e953-4a66-b211-34b627f6af18-139982915063808","study_id":0,"datetime_start":"2026-05-28T21:43:55.401314"}
{"op_code":9,"worker_id":"8ef529fe-e953-4a66-b211-34b627f6af18-139982915063808","trial_id":192,"system_attr":{"nsga2:generation":3}}
{"op_code":5,"worker_id":"8ef529fe-e953-4a66-b211-34b627f6af18-139982915063808","trial_id":192,"param_name":"JointSlopeAngle","param_value_internal":0.7514096145496825,"distribution":"{\"name\": \"FloatDistribution\", \"attributes\": {\"step\": null, \"low\": 0.17453292519943295, \"high\": 1.0471975511965976, \"log\": false}}"}
{"op_code":5,"worker_id":"8ef529fe-e953-4a66-b211-34b627f6af18-139982915063808","trial_id":192,"param_name":"OuterRadius","param_value_internal":13.858393867456938,"distribution":"{\"name\": \"FloatDistribution\", \"attributes\": {\"step\": null, \"low\": 8.75, \"high\": 17.75, \"log\": false}}"}
{"op_code":5,"worker_id":"8ef529fe-e953-4a66-b211-34b627f6af18-139982915063808","trial_id":192,"param_name":"JointHeight","param_value_internal":5.672374529747194,"distribution":"{\"name\": \"FloatDistribution\", \"attributes\": {\"step\": null, \"low\": 5.0, \"high\": 8.0, \"log\": false}}"}
{"op_code":5,"worker_id":"8ef529fe-e953-4a66-b211-34b627f6af18-139982915063808","trial_id":192,"param_name":"CavityCorkThickness","param_value_internal":4.316220348383265,"distribution":"{\"name\": \"FloatDistribution\", \"attributes\": {\"step\": null, \"low\": 2.0, \"high\": 5.0, \"log\": false}}"}
{"op_code":5,"worker_id":"8ef529fe-e953-4a66-b211-34b627f6af18-139982915063808","trial_id":192,"param_name":"BellowHeight","param_value_internal":7.994630474641923,"distribution":"{\"name\": \"FloatDistribution\", \"attributes\": {\"step\": null, \"low\": 6.0, \"high\": 10.0, \"log\": false}}"}
{"op_code":5,"worker_id":"8ef529fe-e953-4a66-b211-34b627f6af18-139982915063808","trial_id":192,"param_name":"WallThickness","param_value_internal":3.1457421958069336,"distribution":"{\"name\": \"FloatDistribution\", \"attributes\": {\"step\": null, \"low\": 2.0, \"high\": 4.0, \"log\": false}}"}
{"op_code":5,"worker_id":"8ef529fe-e953-4a66-b211-34b627f6af18-139982915063808","trial_id":192,"param_name":"PlateauHeight","param_value_internal":3.6220801462838175,"distribution":"{\"name\": \"FloatDistribution\", \"attributes\": {\"step\": null, \"low\": 2.0, \"high\": 4.0, \"log\": false}}"}
{"op_code":6,"worker_id":"d6dec318-6198-4b0d-9442-33b13b0b99ff-140273271562240","trial_id":187,"state":1,"values":[24.730156801899625,0.18940189976335095,0.39321175124498015],"datetime_complete":"2026-05-28T21:43:59.051877"}
{"op_code":4,"worker_id":"d6dec318-6198-4b0d-9442-33b13b0b99ff-140273271562240","study_id":0,"datetime_start":"2026-05-28T21:43:59.068321"}
{"op_code":9,"worker_id":"d6dec318-6198-4b0d-9442-33b13b0b99ff-140273271562240","trial_id":193,"system_attr":{"nsga2:generation":3}}
{"op_code":5,"worker_id":"d6dec318-6198-4b0d-9442-33b13b0b99ff-140273271562240","trial_id":193,"param_name":"JointSlopeAngle","param_value_internal":0.6090943653795478,"distribution":"{\"name\": \"FloatDistribution\", \"attributes\": {\"step\": null, \"low\": 0.17453292519943295, \"high\": 1.0471975511965976, \"log\": false}}"}
{"op_code":5,"worker_id":"d6dec318-6198-4b0d-9442-33b13b0b99ff-140273271562240","trial_id":193,"param_name":"OuterRadius","param_value_internal":16.599994830995698,"distribution":"{\"name\": \"FloatDistribution\", \"attributes\": {\"step\": null, \"low\": 8.75, \"high\": 17.75, \"log\": false}}"}
{"op_code":5,"worker_id":"d6dec318-6198-4b0d-9442-33b13b0b99ff-140273271562240","trial_id":193,"param_name":"JointHeight","param_value_internal":5.40970506787656,"distribution":"{\"name\": \"FloatDistribution\", \"attributes\": {\"step\": null, \"low\": 5.0, \"high\": 8.0, \"log\": false}}"}
{"op_code":5,"worker_id":"d6dec318-6198-4b0d-9442-33b13b0b99ff-140273271562240","trial_id":193,"param_name":"CavityCorkThickness","param_value_internal":2.4979756620237517,"distribution":"{\"name\": \"FloatDistribution\", \"attributes\": {\"step\": null, \"low\": 2.0, \"high\": 5.0, \"log\": false}}"}
{"op_code":5,"worker_id":"d6dec318-6198-4b0d-9442-33b13b0b99ff-140273271562240","trial_id":193,"param_name":"BellowHeight","param_value_internal":6.5951963804731175,"distribution":"{\"name\": \"FloatDistribution\", \"attributes\": {\"step\": null, \"low\": 6.0, \"high\": 10.0, \"log\": false}}"}
{"op_code":5,"worker_id":"d6dec318-6198-4b0d-9442-33b13b0b99ff-140273271562240","trial_id":193,"param_name":"WallThickness","param_value_internal":3.2023016524309247,"distribution":"{\"name\": \"FloatDistribution\", \"attributes\": {\"step\": null, \"low\": 2.0, \"high\": 4.0, \"log\": false}}"}
{"op_code":5,"worker_id":"d6dec318-6198-4b0d-9442-33b13b0b99ff-140273271562240","trial_id":193,"param_name":"PlateauHeight","param_value_internal":3.207818544033823,"distribution":"{\"name\": \"FloatDistribution\", \"attributes\": {\"step\": null, \"low\": 2.0, \"high\": 4.0, \"log\": false}}"}
{"op_code":6,"worker_id":"8a75add0-7778-42e4-866d-1286d98c173c-140410062901248","trial_id":190,"state":1,"values":[88.94270592283237,0.0840056137801386,0.3391560003141265],"datetime_complete":"2026-05-28T21:44:07.893685"}
{"op_code":4,"worker_id":"8a75add0-7778-42e4-866d-1286d98c173c-140410062901248","study_id":0,"datetime_start":"2026-05-28T21:44:07.906010"}
{"op_code":9,"worker_id":"8a75add0-7778-42e4-866d-1286d98c173c-140410062901248","trial_id":194,"system_attr":{"nsga2:generation":3}}
{"op_code":5,"worker_id":"8a75add0-7778-42e4-866d-1286d98c173c-140410062901248","trial_id":194,"param_name":"JointSlopeAngle","param_value_internal":0.9459129416811477,"distribution":"{\"name\": \"FloatDistribution\", \"attributes\": {\"step\": null, \"low\": 0.17453292519943295, \"high\": 1.0471975511965976, \"log\": false}}"}
{"op_code":5,"worker_id":"8a75add0-7778-42e4-866d-1286d98c173c-140410062901248","trial_id":194,"param_name":"OuterRadius","param_value_internal":9.572545694636164,"distribution":"{\"name\": \"FloatDistribution\", \"attributes\": {\"step\": null, \"low\": 8.75, \"high\": 17.75, \"log\": false}}"}
{"op_code":5,"worker_id":"8a75add0-7778-42e4-866d-1286d98c173c-140410062901248","trial_id":194,"param_name":"JointHeight","param_value_internal":7.828559093918221,"distribution":"{\"name\": \"FloatDistribution\", \"attributes\": {\"step\": null, \"low\": 5.0, \"high\": 8.0, \"log\": false}}"}
{"op_code":5,"worker_id":"8a75add0-7778-42e4-866d-1286d98c173c-140410062901248","trial_id":194,"param_name":"CavityCorkThickness","param_value_internal":2.6830577369424233,"distribution":"{\"name\": \"FloatDistribution\", \"attributes\": {\"step\": null, \"low\": 2.0, \"high\": 5.0, \"log\": false}}"}
{"op_code":5,"worker_id":"8a75add0-7778-42e4-866d-1286d98c173c-140410062901248","trial_id":194,"param_name":"BellowHeight","param_value_internal":6.387116764185715,"distribution":"{\"name\": \"FloatDistribution\", \"attributes\": {\"step\": null, \"low\": 6.0, \"high\": 10.0, \"log\": false}}"}
{"op_code":5,"worker_id":"8a75add0-7778-42e4-866d-1286d98c173c-140410062901248","trial_id":194,"param_name":"WallThickness","param_value_internal":2.462822096233915,"distribution":"{\"name\": \"FloatDistribution\", \"attributes\": {\"step\": null, \"low\": 2.0, \"high\": 4.0, \"log\": false}}"}
{"op_code":5,"worker_id":"8a75add0-7778-42e4-866d-1286d98c173c-140410062901248","trial_id":194,"param_name":"PlateauHeight","param_value_internal":3.6692697923165056,"distribution":"{\"name\": \"FloatDistribution\", \"attributes\": {\"step\": null, \"low\": 2.0, \"high\": 4.0, \"log\": false}}"}
{"op_code":6,"worker_id":"1d57d4b9-2efe-4085-8b4d-54f9f495ee39-139982114316288","trial_id":191,"state":1,"values":[39.590549354340055,0.04724390365270254,0.4218382526541109],"datetime_complete":"2026-05-28T21:44:23.115328"}
{"op_code":4,"worker_id":"1d57d4b9-2efe-4085-8b4d-54f9f495ee39-139982114316288","study_id":0,"datetime_start":"2026-05-28T21:44:23.126935"}
{"op_code":9,"worker_id":"1d57d4b9-2efe-4085-8b4d-54f9f495ee39-139982114316288","trial_id":195,"system_attr":{"nsga2:generation":3}}
{"op_code":5,"worker_id":"1d57d4b9-2efe-4085-8b4d-54f9f495ee39-139982114316288","trial_id":195,"param_name":"JointSlopeAngle","param_value_internal":0.2515474579994148,"distribution":"{\"name\": \"FloatDistribution\", \"attributes\": {\"step\": null, \"low\": 0.17453292519943295, \"high\": 1.0471975511965976, \"log\": false}}"}
{"op_code":5,"worker_id":"1d57d4b9-2efe-4085-8b4d-54f9f495ee39-139982114316288","trial_id":195,"param_name":"OuterRadius","param_value_internal":10.212436743732441,"distribution":"{\"name\": \"FloatDistribution\", \"attributes\": {\"step\": null, \"low\": 8.75, \"high\": 17.75, \"log\": false}}"}
{"op_code":5,"worker_id":"1d57d4b9-2efe-4085-8b4d-54f9f495ee39-139982114316288","trial_id":195,"param_name":"JointHeight","param_value_internal":5.672374529747194,"distribution":"{\"name\": \"FloatDistribution\", \"attributes\": {\"step\": null, \"low\": 5.0, \"high\": 8.0, \"log\": false}}"}
{"op_code":5,"worker_id":"1d57d4b9-2efe-4085-8b4d-54f9f495ee39-139982114316288","trial_id":195,"param_name":"CavityCorkThickness","param_value_internal":3.205006152492355,"distribution":"{\"name\": \"FloatDistribution\", \"attributes\": {\"step\": null, \"low\": 2.0, \"high\": 5.0, \"log\": false}}"}
{"op_code":5,"worker_id":"1d57d4b9-2efe-4085-8b4d-54f9f495ee39-139982114316288","trial_id":195,"param_name":"BellowHeight","param_value_internal":8.358982826831989,"distribution":"{\"name\": \"FloatDistribution\", \"attributes\": {\"step\": null, \"low\": 6.0, \"high\": 10.0, \"log\": false}}"}
{"op_code":5,"worker_id":"1d57d4b9-2efe-4085-8b4d-54f9f495ee39-139982114316288","trial_id":195,"param_name":"WallThickness","param_value_internal":3.959779899762554,"distribution":"{\"name\": \"FloatDistribution\", \"attributes\": {\"step\": null, \"low\": 2.0, \"high\": 4.0, \"log\": false}}"}
{"op_code":5,"worker_id":"1d57d4b9-2efe-4085-8b4d-54f9f495ee39-139982114316288","trial_id":195,"param_name":"PlateauHeight","param_value_internal":3.6692697923165056,"distribution":"{\"name\": \"FloatDistribution\", \"attributes\": {\"step\": null, \"low\": 2.0, \"high\": 4.0, \"log\": false}}"}
{"op_code":6,"worker_id":"8ef529fe-e953-4a66-b211-34b627f6af18-139982915063808","trial_id":192,"state":1,"values":[41.27055266382223,0.08863433006808087,0.4177433701870252],"datetime_complete":"2026-05-28T21:44:27.313773"}
{"op_code":4,"worker_id":"8ef529fe-e953-4a66-b211-34b627f6af18-139982915063808","study_id":0,"datetime_start":"2026-05-28T21:44:27.326120"}
{"op_code":9,"worker_id":"8ef529fe-e953-4a66-b211-34b627f6af18-139982915063808","trial_id":196,"system_attr":{"nsga2:generation":3}}
{"op_code":5,"worker_id":"8ef529fe-e953-4a66-b211-34b627f6af18-139982915063808","trial_id":196,"param_name":"JointSlopeAngle","param_value_internal":0.9261479158450542,"distribution":"{\"name\": \"FloatDistribution\", \"attributes\": {\"step\": null, \"low\": 0.17453292519943295, \"high\": 1.0471975511965976, \"log\": false}}"}
{"op_code":5,"worker_id":"8ef529fe-e953-4a66-b211-34b627f6af18-139982915063808","trial_id":196,"param_name":"OuterRadius","param_value_internal":10.232245410416859,"distribution":"{\"name\": \"FloatDistribution\", \"attributes\": {\"step\": null, \"low\": 8.75, \"high\": 17.75, \"log\": false}}"}
{"op_code":5,"worker_id":"8ef529fe-e953-4a66-b211-34b627f6af18-139982915063808","trial_id":196,"param_name":"JointHeight","param_value_internal":5.733430195898294,"distribution":"{\"name\": \"FloatDistribution\", \"attributes\": {\"step\": null, \"low\": 5.0, \"high\": 8.0, \"log\": false}}"}
{"op_code":5,"worker_id":"8ef529fe-e953-4a66-b211-34b627f6af18-139982915063808","trial_id":196,"param_name":"CavityCorkThickness","param_value_internal":3.4826906895668426,"distribution":"{\"name\": \"FloatDistribution\", \"attributes\": {\"step\": null, \"low\": 2.0, \"high\": 5.0, \"log\": false}}"}
{"op_code":5,"worker_id":"8ef529fe-e953-4a66-b211-34b627f6af18-139982915063808","trial_id":196,"param_name":"BellowHeight","param_value_internal":9.427986893556298,"distribution":"{\"name\": \"FloatDistribution\", \"attributes\": {\"step\": null, \"low\": 6.0, \"high\": 10.0, \"log\": false}}"}
{"op_code":5,"worker_id":"8ef529fe-e953-4a66-b211-34b627f6af18-139982915063808","trial_id":196,"param_name":"WallThickness","param_value_internal":2.4033688852079402,"distribution":"{\"name\": \"FloatDistribution\", \"attributes\": {\"step\": null, \"low\": 2.0, \"high\": 4.0, \"log\": false}}"}
{"op_code":5,"worker_id":"8ef529fe-e953-4a66-b211-34b627f6af18-139982915063808","trial_id":196,"param_name":"PlateauHeight","param_value_internal":2.623492640568099,"distribution":"{\"name\": \"FloatDistribution\", \"attributes\": {\"step\": null, \"low\": 2.0, \"high\": 4.0, \"log\": false}}"}
{"op_code":6,"worker_id":"8a75add0-7778-42e4-866d-1286d98c173c-140410062901248","trial_id":194,"state":1,"values":[-Infinity,-Infinity,-Infinity],"datetime_complete":"2026-05-28T21:44:38.733572"}
{"op_code":4,"worker_id":"8a75add0-7778-42e4-866d-1286d98c173c-140410062901248","study_id":0,"datetime_start":"2026-05-28T21:44:38.749432"}
{"op_code":9,"worker_id":"8a75add0-7778-42e4-866d-1286d98c173c-140410062901248","trial_id":197,"system_attr":{"nsga2:generation":3}}
{"op_code":5,"worker_id":"8a75add0-7778-42e4-866d-1286d98c173c-140410062901248","trial_id":197,"param_name":"JointSlopeAngle","param_value_internal":0.4971826600067385,"distribution":"{\"name\": \"FloatDistribution\", \"attributes\": {\"step\": null, \"low\": 0.17453292519943295, \"high\": 1.0471975511965976, \"log\": false}}"}
{"op_code":5,"worker_id":"8a75add0-7778-42e4-866d-1286d98c173c-140410062901248","trial_id":197,"param_name":"OuterRadius","param_value_internal":11.342695990311945,"distribution":"{\"name\": \"FloatDistribution\", \"attributes\": {\"step\": null, \"low\": 8.75, \"high\": 17.75, \"log\": false}}"}
{"op_code":5,"worker_id":"8a75add0-7778-42e4-866d-1286d98c173c-140410062901248","trial_id":197,"param_name":"JointHeight","param_value_internal":5.458385355736822,"distribution":"{\"name\": \"FloatDistribution\", \"attributes\": {\"step\": null, \"low\": 5.0, \"high\": 8.0, \"log\": false}}"}
{"op_code":5,"worker_id":"8a75add0-7778-42e4-866d-1286d98c173c-140410062901248","trial_id":197,"param_name":"CavityCorkThickness","param_value_internal":4.554613221934789,"distribution":"{\"name\": \"FloatDistribution\", \"attributes\": {\"step\": null, \"low\": 2.0, \"high\": 5.0, \"log\": false}}"}
{"op_code":5,"worker_id":"8a75add0-7778-42e4-866d-1286d98c173c-140410062901248","trial_id":197,"param_name":"BellowHeight","param_value_internal":7.51909335597993,"distribution":"{\"name\": \"FloatDistribution\", \"attributes\": {\"step\": null, \"low\": 6.0, \"high\": 10.0, \"log\": false}}"}
{"op_code":5,"worker_id":"8a75add0-7778-42e4-866d-1286d98c173c-140410062901248","trial_id":197,"param_name":"WallThickness","param_value_internal":2.7056894974878736,"distribution":"{\"name\": \"FloatDistribution\", \"attributes\": {\"step\": null, \"low\": 2.0, \"high\": 4.0, \"log\": false}}"}
{"op_code":5,"worker_id":"8a75add0-7778-42e4-866d-1286d98c173c-140410062901248","trial_id":197,"param_name":"PlateauHeight","param_value_internal":3.808149792240684,"distribution":"{\"name\": \"FloatDistribution\", \"attributes\": {\"step\": null, \"low\": 2.0, \"high\": 4.0, \"log\": false}}"}
{"op_code":6,"worker_id":"1d57d4b9-2efe-4085-8b4d-54f9f495ee39-139982114316288","trial_id":195,"state":1,"values":[-Infinity,-Infinity,-Infinity],"datetime_complete":"2026-05-28T21:44:40.678642"}
{"op_code":4,"worker_id":"1d57d4b9-2efe-4085-8b4d-54f9f495ee39-139982114316288","study_id":0,"datetime_start":"2026-05-28T21:44:40.691570"}
{"op_code":9,"worker_id":"1d57d4b9-2efe-4085-8b4d-54f9f495ee39-139982114316288","trial_id":198,"system_attr":{"nsga2:generation":3}}
{"op_code":5,"worker_id":"1d57d4b9-2efe-4085-8b4d-54f9f495ee39-139982114316288","trial_id":198,"param_name":"JointSlopeAngle","param_value_internal":0.3874883980782923,"distribution":"{\"name\": \"FloatDistribution\", \"attributes\": {\"step\": null, \"low\": 0.17453292519943295, \"high\": 1.0471975511965976, \"log\": false}}"}
{"op_code":5,"worker_id":"1d57d4b9-2efe-4085-8b4d-54f9f495ee39-139982114316288","trial_id":198,"param_name":"OuterRadius","param_value_internal":9.94952073879575,"distribution":"{\"name\": \"FloatDistribution\", \"attributes\": {\"step\": null, \"low\": 8.75, \"high\": 17.75, \"log\": false}}"}
{"op_code":5,"worker_id":"1d57d4b9-2efe-4085-8b4d-54f9f495ee39-139982114316288","trial_id":198,"param_name":"JointHeight","param_value_internal":5.768428135571968,"distribution":"{\"name\": \"FloatDistribution\", \"attributes\": {\"step\": null, \"low\": 5.0, \"high\": 8.0, \"log\": false}}"}
{"op_code":5,"worker_id":"1d57d4b9-2efe-4085-8b4d-54f9f495ee39-139982114316288","trial_id":198,"param_name":"CavityCorkThickness","param_value_internal":4.312540402164304,"distribution":"{\"name\": \"FloatDistribution\", \"attributes\": {\"step\": null, \"low\": 2.0, \"high\": 5.0, \"log\": false}}"}
{"op_code":5,"worker_id":"1d57d4b9-2efe-4085-8b4d-54f9f495ee39-139982114316288","trial_id":198,"param_name":"BellowHeight","param_value_internal":7.994630474641923,"distribution":"{\"name\": \"FloatDistribution\", \"attributes\": {\"step\": null, \"low\": 6.0, \"high\": 10.0, \"log\": false}}"}
{"op_code":5,"worker_id":"1d57d4b9-2efe-4085-8b4d-54f9f495ee39-139982114316288","trial_id":198,"param_name":"WallThickness","param_value_internal":2.446721494003385,"distribution":"{\"name\": \"FloatDistribution\", \"attributes\": {\"step\": null, \"low\": 2.0, \"high\": 4.0, \"log\": false}}"}
{"op_code":5,"worker_id":"1d57d4b9-2efe-4085-8b4d-54f9f495ee39-139982114316288","trial_id":198,"param_name":"PlateauHeight","param_value_internal":3.307476198421085,"distribution":"{\"name\": \"FloatDistribution\", \"attributes\": {\"step\": null, \"low\": 2.0, \"high\": 4.0, \"log\": false}}"}
{"op_code":6,"worker_id":"d6dec318-6198-4b0d-9442-33b13b0b99ff-140273271562240","trial_id":193,"state":1,"values":[93.28241955597548,0.09882516667159803,0.3476422645784307],"datetime_complete":"2026-05-28T21:44:40.775313"}
{"op_code":4,"worker_id":"d6dec318-6198-4b0d-9442-33b13b0b99ff-140273271562240","study_id":0,"datetime_start":"2026-05-28T21:44:40.790633"}
{"op_code":9,"worker_id":"d6dec318-6198-4b0d-9442-33b13b0b99ff-140273271562240","trial_id":199,"system_attr":{"nsga2:generation":3}}
{"op_code":5,"worker_id":"d6dec318-6198-4b0d-9442-33b13b0b99ff-140273271562240","trial_id":199,"param_name":"JointSlopeAngle","param_value_internal":0.8559411044632301,"distribution":"{\"name\": \"FloatDistribution\", \"attributes\": {\"step\": null, \"low\": 0.17453292519943295, \"high\": 1.0471975511965976, \"log\": false}}"}
{"op_code":5,"worker_id":"d6dec318-6198-4b0d-9442-33b13b0b99ff-140273271562240","trial_id":199,"param_name":"OuterRadius","param_value_internal":10.232245410416859,"distribution":"{\"name\": \"FloatDistribution\", \"attributes\": {\"step\": null, \"low\": 8.75, \"high\": 17.75, \"log\": false}}"}
{"op_code":5,"worker_id":"d6dec318-6198-4b0d-9442-33b13b0b99ff-140273271562240","trial_id":199,"param_name":"JointHeight","param_value_internal":6.512257842684219,"distribution":"{\"name\": \"FloatDistribution\", \"attributes\": {\"step\": null, \"low\": 5.0, \"high\": 8.0, \"log\": false}}"}
{"op_code":5,"worker_id":"d6dec318-6198-4b0d-9442-33b13b0b99ff-140273271562240","trial_id":199,"param_name":"CavityCorkThickness","param_value_internal":4.84921150380686,"distribution":"{\"name\": \"FloatDistribution\", \"attributes\": {\"step\": null, \"low\": 2.0, \"high\": 5.0, \"log\": false}}"}
{"op_code":5,"worker_id":"d6dec318-6198-4b0d-9442-33b13b0b99ff-140273271562240","trial_id":199,"param_name":"BellowHeight","param_value_internal":9.855418809723691,"distribution":"{\"name\": \"FloatDistribution\", \"attributes\": {\"step\": null, \"low\": 6.0, \"high\": 10.0, \"log\": false}}"}
{"op_code":5,"worker_id":"d6dec318-6198-4b0d-9442-33b13b0b99ff-140273271562240","trial_id":199,"param_name":"WallThickness","param_value_internal":2.122518101490248,"distribution":"{\"name\": \"FloatDistribution\", \"attributes\": {\"step\": null, \"low\": 2.0, \"high\": 4.0, \"log\": false}}"}
{"op_code":5,"worker_id":"d6dec318-6198-4b0d-9442-33b13b0b99ff-140273271562240","trial_id":199,"param_name":"PlateauHeight","param_value_internal":2.6190336538111945,"distribution":"{\"name\": \"FloatDistribution\", \"attributes\": {\"step\": null, \"low\": 2.0, \"high\": 4.0, \"log\": false}}"}
{"op_code":6,"worker_id":"8ef529fe-e953-4a66-b211-34b627f6af18-139982915063808","trial_id":196,"state":1,"values":[38.609398637825905,0.13196959220664,0.5094602640765936],"datetime_complete":"2026-05-28T21:45:05.086293"}
{"op_code":4,"worker_id":"8ef529fe-e953-4a66-b211-34b627f6af18-139982915063808","study_id":0,"datetime_start":"2026-05-28T21:45:05.099194"}
{"op_code":9,"worker_id":"8ef529fe-e953-4a66-b211-34b627f6af18-139982915063808","trial_id":200,"system_attr":{"nsga2:generation":3}}
{"op_code":5,"worker_id":"8ef529fe-e953-4a66-b211-34b627f6af18-139982915063808","trial_id":200,"param_name":"JointSlopeAngle","param_value_internal":0.7266834579871014,"distribution":"{\"name\": \"FloatDistribution\", \"attributes\": {\"step\": null, \"low\": 0.17453292519943295, \"high\": 1.0471975511965976, \"log\": false}}"}
{"op_code":5,"worker_id":"8ef529fe-e953-4a66-b211-34b627f6af18-139982915063808","trial_id":200,"param_name":"OuterRadius","param_value_internal":10.972473835358148,"distribution":"{\"name\": \"FloatDistribution\", \"attributes\": {\"step\": null, \"low\": 8.75, \"high\": 17.75, \"log\": false}}"}
{"op_code":5,"worker_id":"8ef529fe-e953-4a66-b211-34b627f6af18-139982915063808","trial_id":200,"param_name":"JointHeight","param_value_internal":5.525575901927894,"distribution":"{\"name\": \"FloatDistribution\", \"attributes\": {\"step\": null, \"low\": 5.0, \"high\": 8.0, \"log\": false}}"}
{"op_code":5,"worker_id":"8ef529fe-e953-4a66-b211-34b627f6af18-139982915063808","trial_id":200,"param_name":"CavityCorkThickness","param_value_internal":4.351993742575384,"distribution":"{\"name\": \"FloatDistribution\", \"attributes\": {\"step\": null, \"low\": 2.0, \"high\": 5.0, \"log\": false}}"}
{"op_code":5,"worker_id":"8ef529fe-e953-4a66-b211-34b627f6af18-139982915063808","trial_id":200,"param_name":"BellowHeight","param_value_internal":8.84039489845335,"distribution":"{\"name\": \"FloatDistribution\", \"attributes\": {\"step\": null, \"low\": 6.0, \"high\": 10.0, \"log\": false}}"}
{"op_code":5,"worker_id":"8ef529fe-e953-4a66-b211-34b627f6af18-139982915063808","trial_id":200,"param_name":"WallThickness","param_value_internal":2.8767578945590904,"distribution":"{\"name\": \"FloatDistribution\", \"attributes\": {\"step\": null, \"low\": 2.0, \"high\": 4.0, \"log\": false}}"}
{"op_code":5,"worker_id":"8ef529fe-e953-4a66-b211-34b627f6af18-139982915063808","trial_id":200,"param_name":"PlateauHeight","param_value_internal":2.105795631576325,"distribution":"{\"name\": \"FloatDistribution\", \"attributes\": {\"step\": null, \"low\": 2.0, \"high\": 4.0, \"log\": false}}"}
{"op_code":6,"worker_id":"8a75add0-7778-42e4-866d-1286d98c173c-140410062901248","trial_id":197,"state":1,"values":[34.42923213493751,0.1616476336821342,0.47124362850048174],"datetime_complete":"2026-05-28T21:45:13.974744"}
{"op_code":4,"worker_id":"8a75add0-7778-42e4-866d-1286d98c173c-140410062901248","study_id":0,"datetime_start":"2026-05-28T21:45:13.986800"}
{"op_code":9,"worker_id":"8a75add0-7778-42e4-866d-1286d98c173c-140410062901248","trial_id":201,"system_attr":{"nsga2:generation":3}}
{"op_code":5,"worker_id":"8a75add0-7778-42e4-866d-1286d98c173c-140410062901248","trial_id":201,"param_name":"JointSlopeAngle","param_value_internal":0.6971225490961811,"distribution":"{\"name\": \"FloatDistribution\", \"attributes\": {\"step\": null, \"low\": 0.17453292519943295, \"high\": 1.0471975511965976, \"log\": false}}"}
{"op_code":5,"worker_id":"8a75add0-7778-42e4-866d-1286d98c173c-140410062901248","trial_id":201,"param_name":"OuterRadius","param_value_internal":10.232245410416859,"distribution":"{\"name\": \"FloatDistribution\", \"attributes\": {\"step\": null, \"low\": 8.75, \"high\": 17.75, \"log\": false}}"}
{"op_code":5,"worker_id":"8a75add0-7778-42e4-866d-1286d98c173c-140410062901248","trial_id":201,"param_name":"JointHeight","param_value_internal":7.828559093918221,"distribution":"{\"name\": \"FloatDistribution\", \"attributes\": {\"step\": null, \"low\": 5.0, \"high\": 8.0, \"log\": false}}"}
{"op_code":5,"worker_id":"8a75add0-7778-42e4-866d-1286d98c173c-140410062901248","trial_id":201,"param_name":"CavityCorkThickness","param_value_internal":3.327952515995391,"distribution":"{\"name\": \"FloatDistribution\", \"attributes\": {\"step\": null, \"low\": 2.0, \"high\": 5.0, \"log\": false}}"}
{"op_code":5,"worker_id":"8a75add0-7778-42e4-866d-1286d98c173c-140410062901248","trial_id":201,"param_name":"BellowHeight","param_value_internal":8.415276974565108,"distribution":"{\"name\": \"FloatDistribution\", \"attributes\": {\"step\": null, \"low\": 6.0, \"high\": 10.0, \"log\": false}}"}
{"op_code":5,"worker_id":"8a75add0-7778-42e4-866d-1286d98c173c-140410062901248","trial_id":201,"param_name":"WallThickness","param_value_internal":2.4458665526518493,"distribution":"{\"name\": \"FloatDistribution\", \"attributes\": {\"step\": null, \"low\": 2.0, \"high\": 4.0, \"log\": false}}"}
{"op_code":5,"worker_id":"8a75add0-7778-42e4-866d-1286d98c173c-140410062901248","trial_id":201,"param_name":"PlateauHeight","param_value_internal":2.6190336538111945,"distribution":"{\"name\": \"FloatDistribution\", \"attributes\": {\"step\": null, \"low\": 2.0, \"high\": 4.0, \"log\": false}}"}
{"op_code":6,"worker_id":"1d57d4b9-2efe-4085-8b4d-54f9f495ee39-139982114316288","trial_id":198,"state":1,"values":[30.363970017833765,0.19922827146119923,0.4286931773689352],"datetime_complete":"2026-05-28T21:45:15.931412"}
{"op_code":4,"worker_id":"1d57d4b9-2efe-4085-8b4d-54f9f495ee39-139982114316288","study_id":0,"datetime_start":"2026-05-28T21:45:15.944517"}
{"op_code":9,"worker_id":"1d57d4b9-2efe-4085-8b4d-54f9f495ee39-139982114316288","trial_id":202,"system_attr":{"nsga2:generation":3}}
{"op_code":5,"worker_id":"1d57d4b9-2efe-4085-8b4d-54f9f495ee39-139982114316288","trial_id":202,"param_name":"JointSlopeAngle","param_value_internal":0.6514101966662729,"distribution":"{\"name\": \"FloatDistribution\", \"attributes\": {\"step\": null, \"low\": 0.17453292519943295, \"high\": 1.0471975511965976, \"log\": false}}"}
{"op_code":5,"worker_id":"1d57d4b9-2efe-4085-8b4d-54f9f495ee39-139982114316288","trial_id":202,"param_name":"OuterRadius","param_value_internal":10.739055096512908,"distribution":"{\"name\": \"FloatDistribution\", \"attributes\": {\"step\": null, \"low\": 8.75, \"high\": 17.75, \"log\": false}}"}
{"op_code":5,"worker_id":"1d57d4b9-2efe-4085-8b4d-54f9f495ee39-139982114316288","trial_id":202,"param_name":"JointHeight","param_value_internal":5.8741644177199115,"distribution":"{\"name\": \"FloatDistribution\", \"attributes\": {\"step\": null, \"low\": 5.0, \"high\": 8.0, \"log\": false}}"}
{"op_code":5,"worker_id":"1d57d4b9-2efe-4085-8b4d-54f9f495ee39-139982114316288","trial_id":202,"param_name":"CavityCorkThickness","param_value_internal":4.5846813631520895,"distribution":"{\"name\": \"FloatDistribution\", \"attributes\": {\"step\": null, \"low\": 2.0, \"high\": 5.0, \"log\": false}}"}
{"op_code":5,"worker_id":"1d57d4b9-2efe-4085-8b4d-54f9f495ee39-139982114316288","trial_id":202,"param_name":"BellowHeight","param_value_internal":7.686933981939517,"distribution":"{\"name\": \"FloatDistribution\", \"attributes\": {\"step\": null, \"low\": 6.0, \"high\": 10.0, \"log\": false}}"}
{"op_code":5,"worker_id":"1d57d4b9-2efe-4085-8b4d-54f9f495ee39-139982114316288","trial_id":202,"param_name":"WallThickness","param_value_internal":3.2913274884407793,"distribution":"{\"name\": \"FloatDistribution\", \"attributes\": {\"step\": null, \"low\": 2.0, \"high\": 4.0, \"log\": false}}"}
{"op_code":5,"worker_id":"1d57d4b9-2efe-4085-8b4d-54f9f495ee39-139982114316288","trial_id":202,"param_name":"PlateauHeight","param_value_internal":2.623492640568099,"distribution":"{\"name\": \"FloatDistribution\", \"attributes\": {\"step\": null, \"low\": 2.0, \"high\": 4.0, \"log\": false}}"}
{"op_code":6,"worker_id":"d6dec318-6198-4b0d-9442-33b13b0b99ff-140273271562240","trial_id":199,"state":1,"values":[40.028375919634044,0.22252508434283066,0.4956804810597355],"datetime_complete":"2026-05-28T21:45:23.453987"}
{"op_code":4,"worker_id":"d6dec318-6198-4b0d-9442-33b13b0b99ff-140273271562240","study_id":0,"datetime_start":"2026-05-28T21:45:23.471785"}
{"op_code":9,"worker_id":"d6dec318-6198-4b0d-9442-33b13b0b99ff-140273271562240","trial_id":203,"system_attr":{"nsga2:generation":3}}
{"op_code":5,"worker_id":"d6dec318-6198-4b0d-9442-33b13b0b99ff-140273271562240","trial_id":203,"param_name":"JointSlopeAngle","param_value_internal":0.28423537962449874,"distribution":"{\"name\": \"FloatDistribution\", \"attributes\": {\"step\": null, \"low\": 0.17453292519943295, \"high\": 1.0471975511965976, \"log\": false}}"}
{"op_code":5,"worker_id":"d6dec318-6198-4b0d-9442-33b13b0b99ff-140273271562240","trial_id":203,"param_name":"OuterRadius","param_value_internal":12.40216280669376,"distribution":"{\"name\": \"FloatDistribution\", \"attributes\": {\"step\": null, \"low\": 8.75, \"high\": 17.75, \"log\": false}}"}
{"op_code":5,"worker_id":"d6dec318-6198-4b0d-9442-33b13b0b99ff-140273271562240","trial_id":203,"param_name":"JointHeight","param_value_internal":5.672374529747194,"distribution":"{\"name\": \"FloatDistribution\", \"attributes\": {\"step\": null, \"low\": 5.0, \"high\": 8.0, \"log\": false}}"}
{"op_code":5,"worker_id":"d6dec318-6198-4b0d-9442-33b13b0b99ff-140273271562240","trial_id":203,"param_name":"CavityCorkThickness","param_value_internal":3.216753339045557,"distribution":"{\"name\": \"FloatDistribution\", \"attributes\": {\"step\": null, \"low\": 2.0, \"high\": 5.0, \"log\": false}}"}
{"op_code":5,"worker_id":"d6dec318-6198-4b0d-9442-33b13b0b99ff-140273271562240","trial_id":203,"param_name":"BellowHeight","param_value_internal":8.491643329707284,"distribution":"{\"name\": \"FloatDistribution\", \"attributes\": {\"step\": null, \"low\": 6.0, \"high\": 10.0, \"log\": false}}"}
{"op_code":5,"worker_id":"d6dec318-6198-4b0d-9442-33b13b0b99ff-140273271562240","trial_id":203,"param_name":"WallThickness","param_value_internal":2.1237780657405176,"distribution":"{\"name\": \"FloatDistribution\", \"attributes\": {\"step\": null, \"low\": 2.0, \"high\": 4.0, \"log\": false}}"}
{"op_code":5,"worker_id":"d6dec318-6198-4b0d-9442-33b13b0b99ff-140273271562240","trial_id":203,"param_name":"PlateauHeight","param_value_internal":2.8862061459933885,"distribution":"{\"name\": \"FloatDistribution\", \"attributes\": {\"step\": null, \"low\": 2.0, \"high\": 4.0, \"log\": false}}"}
{"op_code":6,"worker_id":"8ef529fe-e953-4a66-b211-34b627f6af18-139982915063808","trial_id":200,"state":1,"values":[26.788357449259962,0.1420999275695611,0.4840678837709129],"datetime_complete":"2026-05-28T21:45:39.029510"}
{"op_code":4,"worker_id":"8ef529fe-e953-4a66-b211-34b627f6af18-139982915063808","study_id":0,"datetime_start":"2026-05-28T21:45:39.040559"}
{"op_code":9,"worker_id":"8ef529fe-e953-4a66-b211-34b627f6af18-139982915063808","trial_id":204,"system_attr":{"nsga2:generation":3}}
{"op_code":5,"worker_id":"8ef529fe-e953-4a66-b211-34b627f6af18-139982915063808","trial_id":204,"param_name":"JointSlopeAngle","param_value_internal":0.9342134413879534,"distribution":"{\"name\": \"FloatDistribution\", \"attributes\": {\"step\": null, \"low\": 0.17453292519943295, \"high\": 1.0471975511965976, \"log\": false}}"}
{"op_code":5,"worker_id":"8ef529fe-e953-4a66-b211-34b627f6af18-139982915063808","trial_id":204,"param_name":"OuterRadius","param_value_internal":11.168758085308516,"distribution":"{\"name\": \"FloatDistribution\", \"attributes\": {\"step\": null, \"low\": 8.75, \"high\": 17.75, \"log\": false}}"}
{"op_code":5,"worker_id":"8ef529fe-e953-4a66-b211-34b627f6af18-139982915063808","trial_id":204,"param_name":"JointHeight","param_value_internal":6.577801974262155,"distribution":"{\"name\": \"FloatDistribution\", \"attributes\": {\"step\": null, \"low\": 5.0, \"high\": 8.0, \"log\": false}}"}
{"op_code":5,"worker_id":"8ef529fe-e953-4a66-b211-34b627f6af18-139982915063808","trial_id":204,"param_name":"CavityCorkThickness","param_value_internal":4.4554189335892165,"distribution":"{\"name\": \"FloatDistribution\", \"attributes\": {\"step\": null, \"low\": 2.0, \"high\": 5.0, \"log\": false}}"}
{"op_code":5,"worker_id":"8ef529fe-e953-4a66-b211-34b627f6af18-139982915063808","trial_id":204,"param_name":"BellowHeight","param_value_internal":6.745910664595325,"distribution":"{\"name\": \"FloatDistribution\", \"attributes\": {\"step\": null, \"low\": 6.0, \"high\": 10.0, \"log\": false}}"}
{"op_code":5,"worker_id":"8ef529fe-e953-4a66-b211-34b627f6af18-139982915063808","trial_id":204,"param_name":"WallThickness","param_value_internal":2.248916559327598,"distribution":"{\"name\": \"FloatDistribution\", \"attributes\": {\"step\": null, \"low\": 2.0, \"high\": 4.0, \"log\": false}}"}
{"op_code":5,"worker_id":"8ef529fe-e953-4a66-b211-34b627f6af18-139982915063808","trial_id":204,"param_name":"PlateauHeight","param_value_internal":2.623492640568099,"distribution":"{\"name\": \"FloatDistribution\", \"attributes\": {\"step\": null, \"low\": 2.0, \"high\": 4.0, \"log\": false}}"}
{"op_code":6,"worker_id":"8a75add0-7778-42e4-866d-1286d98c173c-140410062901248","trial_id":201,"state":1,"values":[37.839419405228625,0.13905243309026222,0.44128079899919154],"datetime_complete":"2026-05-28T21:45:46.973759"}
{"op_code":4,"worker_id":"8a75add0-7778-42e4-866d-1286d98c173c-140410062901248","study_id":0,"datetime_start":"2026-05-28T21:45:46.986362"}
{"op_code":9,"worker_id":"8a75add0-7778-42e4-866d-1286d98c173c-140410062901248","trial_id":205,"system_attr":{"nsga2:generation":3}}
{"op_code":5,"worker_id":"8a75add0-7778-42e4-866d-1286d98c173c-140410062901248","trial_id":205,"param_name":"JointSlopeAngle","param_value_internal":0.9459129416811477,"distribution":"{\"name\": \"FloatDistribution\", \"attributes\": {\"step\": null, \"low\": 0.17453292519943295, \"high\": 1.0471975511965976, \"log\": false}}"}
{"op_code":5,"worker_id":"8a75add0-7778-42e4-866d-1286d98c173c-140410062901248","trial_id":205,"param_name":"OuterRadius","param_value_internal":14.677370619142444,"distribution":"{\"name\": \"FloatDistribution\", \"attributes\": {\"step\": null, \"low\": 8.75, \"high\": 17.75, \"log\": false}}"}
{"op_code":5,"worker_id":"8a75add0-7778-42e4-866d-1286d98c173c-140410062901248","trial_id":205,"param_name":"JointHeight","param_value_internal":7.1113174225487565,"distribution":"{\"name\": \"FloatDistribution\", \"attributes\": {\"step\": null, \"low\": 5.0, \"high\": 8.0, \"log\": false}}"}
{"op_code":5,"worker_id":"8a75add0-7778-42e4-866d-1286d98c173c-140410062901248","trial_id":205,"param_name":"CavityCorkThickness","param_value_internal":2.6830577369424233,"distribution":"{\"name\": \"FloatDistribution\", \"attributes\": {\"step\": null, \"low\": 2.0, \"high\": 5.0, \"log\": false}}"}
{"op_code":5,"worker_id":"8a75add0-7778-42e4-866d-1286d98c173c-140410062901248","trial_id":205,"param_name":"BellowHeight","param_value_internal":6.842981852582764,"distribution":"{\"name\": \"FloatDistribution\", \"attributes\": {\"step\": null, \"low\": 6.0, \"high\": 10.0, \"log\": false}}"}
{"op_code":5,"worker_id":"8a75add0-7778-42e4-866d-1286d98c173c-140410062901248","trial_id":205,"param_name":"WallThickness","param_value_internal":2.7644256005489485,"distribution":"{\"name\": \"FloatDistribution\", \"attributes\": {\"step\": null, \"low\": 2.0, \"high\": 4.0, \"log\": false}}"}
{"op_code":5,"worker_id":"8a75add0-7778-42e4-866d-1286d98c173c-140410062901248","trial_id":205,"param_name":"PlateauHeight","param_value_internal":2.3546158820684813,"distribution":"{\"name\": \"FloatDistribution\", \"attributes\": {\"step\": null, \"low\": 2.0, \"high\": 4.0, \"log\": false}}"}
{"op_code":6,"worker_id":"1d57d4b9-2efe-4085-8b4d-54f9f495ee39-139982114316288","trial_id":202,"state":1,"values":[14.955757661513744,0.13780277303102767,0.4810571259827919],"datetime_complete":"2026-05-28T21:45:48.886704"}
{"op_code":4,"worker_id":"1d57d4b9-2efe-4085-8b4d-54f9f495ee39-139982114316288","study_id":0,"datetime_start":"2026-05-28T21:45:48.898923"}
{"op_code":9,"worker_id":"1d57d4b9-2efe-4085-8b4d-54f9f495ee39-139982114316288","trial_id":206,"system_attr":{"nsga2:generation":3}}
{"op_code":5,"worker_id":"1d57d4b9-2efe-4085-8b4d-54f9f495ee39-139982114316288","trial_id":206,"param_name":"JointSlopeAngle","param_value_internal":0.25898407513667915,"distribution":"{\"name\": \"FloatDistribution\", \"attributes\": {\"step\": null, \"low\": 0.17453292519943295, \"high\": 1.0471975511965976, \"log\": false}}"}
{"op_code":5,"worker_id":"1d57d4b9-2efe-4085-8b4d-54f9f495ee39-139982114316288","trial_id":206,"param_name":"OuterRadius","param_value_internal":11.819670239010229,"distribution":"{\"name\": \"FloatDistribution\", \"attributes\": {\"step\": null, \"low\": 8.75, \"high\": 17.75, \"log\": false}}"}
{"op_code":5,"worker_id":"1d57d4b9-2efe-4085-8b4d-54f9f495ee39-139982114316288","trial_id":206,"param_name":"JointHeight","param_value_internal":5.672374529747194,"distribution":"{\"name\": \"FloatDistribution\", \"attributes\": {\"step\": null, \"low\": 5.0, \"high\": 8.0, \"log\": false}}"}
{"op_code":5,"worker_id":"1d57d4b9-2efe-4085-8b4d-54f9f495ee39-139982114316288","trial_id":206,"param_name":"CavityCorkThickness","param_value_internal":3.216753339045557,"distribution":"{\"name\": \"FloatDistribution\", \"attributes\": {\"step\": null, \"low\": 2.0, \"high\": 5.0, \"log\": false}}"}
{"op_code":5,"worker_id":"1d57d4b9-2efe-4085-8b4d-54f9f495ee39-139982114316288","trial_id":206,"param_name":"BellowHeight","param_value_internal":8.491643329707284,"distribution":"{\"name\": \"FloatDistribution\", \"attributes\": {\"step\": null, \"low\": 6.0, \"high\": 10.0, \"log\": false}}"}
{"op_code":5,"worker_id":"1d57d4b9-2efe-4085-8b4d-54f9f495ee39-139982114316288","trial_id":206,"param_name":"WallThickness","param_value_internal":3.51163203868726,"distribution":"{\"name\": \"FloatDistribution\", \"attributes\": {\"step\": null, \"low\": 2.0, \"high\": 4.0, \"log\": false}}"}
{"op_code":5,"worker_id":"1d57d4b9-2efe-4085-8b4d-54f9f495ee39-139982114316288","trial_id":206,"param_name":"PlateauHeight","param_value_internal":3.410592191802534,"distribution":"{\"name\": \"FloatDistribution\", \"attributes\": {\"step\": null, \"low\": 2.0, \"high\": 4.0, \"log\": false}}"}
{"op_code":6,"worker_id":"d6dec318-6198-4b0d-9442-33b13b0b99ff-140273271562240","trial_id":203,"state":1,"values":[51.040556000067795,0.08776057356104458,0.39140559857582036],"datetime_complete":"2026-05-28T21:46:06.175542"}
{"op_code":4,"worker_id":"d6dec318-6198-4b0d-9442-33b13b0b99ff-140273271562240","study_id":0,"datetime_start":"2026-05-28T21:46:06.192697"}
{"op_code":9,"worker_id":"d6dec318-6198-4b0d-9442-33b13b0b99ff-140273271562240","trial_id":207,"system_attr":{"nsga2:generation":3}}
{"op_code":5,"worker_id":"d6dec318-6198-4b0d-9442-33b13b0b99ff-140273271562240","trial_id":207,"param_name":"JointSlopeAngle","param_value_internal":0.9261479158450542,"distribution":"{\"name\": \"FloatDistribution\", \"attributes\": {\"step\": null, \"low\": 0.17453292519943295, \"high\": 1.0471975511965976, \"log\": false}}"}
{"op_code":5,"worker_id":"d6dec318-6198-4b0d-9442-33b13b0b99ff-140273271562240","trial_id":207,"param_name":"OuterRadius","param_value_internal":13.867266737570898,"distribution":"{\"name\": \"FloatDistribution\", \"attributes\": {\"step\": null, \"low\": 8.75, \"high\": 17.75, \"log\": false}}"}
{"op_code":5,"worker_id":"d6dec318-6198-4b0d-9442-33b13b0b99ff-140273271562240","trial_id":207,"param_name":"JointHeight","param_value_internal":6.993393128311637,"distribution":"{\"name\": \"FloatDistribution\", \"attributes\": {\"step\": null, \"low\": 5.0, \"high\": 8.0, \"log\": false}}"}
{"op_code":5,"worker_id":"d6dec318-6198-4b0d-9442-33b13b0b99ff-140273271562240","trial_id":207,"param_name":"CavityCorkThickness","param_value_internal":3.875587233978455,"distribution":"{\"name\": \"FloatDistribution\", \"attributes\": {\"step\": null, \"low\": 2.0, \"high\": 5.0, \"log\": false}}"}
{"op_code":5,"worker_id":"d6dec318-6198-4b0d-9442-33b13b0b99ff-140273271562240","trial_id":207,"param_name":"BellowHeight","param_value_internal":7.238920033361353,"distribution":"{\"name\": \"FloatDistribution\", \"attributes\": {\"step\": null, \"low\": 6.0, \"high\": 10.0, \"log\": false}}"}
{"op_code":5,"worker_id":"d6dec318-6198-4b0d-9442-33b13b0b99ff-140273271562240","trial_id":207,"param_name":"WallThickness","param_value_internal":2.4458665526518493,"distribution":"{\"name\": \"FloatDistribution\", \"attributes\": {\"step\": null, \"low\": 2.0, \"high\": 4.0, \"log\": false}}"}
{"op_code":5,"worker_id":"d6dec318-6198-4b0d-9442-33b13b0b99ff-140273271562240","trial_id":207,"param_name":"PlateauHeight","param_value_internal":2.6534402573663156,"distribution":"{\"name\": \"FloatDistribution\", \"attributes\": {\"step\": null, \"low\": 2.0, \"high\": 4.0, \"log\": false}}"}
{"op_code":6,"worker_id":"8ef529fe-e953-4a66-b211-34b627f6af18-139982915063808","trial_id":204,"state":1,"values":[27.4444295077532,0.1233552591033475,0.4837133813634538],"datetime_complete":"2026-05-28T21:46:11.158599"}
{"op_code":4,"worker_id":"8ef529fe-e953-4a66-b211-34b627f6af18-139982915063808","study_id":0,"datetime_start":"2026-05-28T21:46:11.170763"}
{"op_code":9,"worker_id":"8ef529fe-e953-4a66-b211-34b627f6af18-139982915063808","trial_id":208,"system_attr":{"nsga2:generation":3}}
{"op_code":5,"worker_id":"8ef529fe-e953-4a66-b211-34b627f6af18-139982915063808","trial_id":208,"param_name":"JointSlopeAngle","param_value_internal":0.4971826600067385,"distribution":"{\"name\": \"FloatDistribution\", \"attributes\": {\"step\": null, \"low\": 0.17453292519943295, \"high\": 1.0471975511965976, \"log\": false}}"}
{"op_code":5,"worker_id":"8ef529fe-e953-4a66-b211-34b627f6af18-139982915063808","trial_id":208,"param_name":"OuterRadius","param_value_internal":13.164705461911757,"distribution":"{\"name\": \"FloatDistribution\", \"attributes\": {\"step\": null, \"low\": 8.75, \"high\": 17.75, \"log\": false}}"}
{"op_code":5,"worker_id":"8ef529fe-e953-4a66-b211-34b627f6af18-139982915063808","trial_id":208,"param_name":"JointHeight","param_value_internal":6.752844906400649,"distribution":"{\"name\": \"FloatDistribution\", \"attributes\": {\"step\": null, \"low\": 5.0, \"high\": 8.0, \"log\": false}}"}
{"op_code":5,"worker_id":"8ef529fe-e953-4a66-b211-34b627f6af18-139982915063808","trial_id":208,"param_name":"CavityCorkThickness","param_value_internal":4.253755636283939,"distribution":"{\"name\": \"FloatDistribution\", \"attributes\": {\"step\": null, \"low\": 2.0, \"high\": 5.0, \"log\": false}}"}
{"op_code":5,"worker_id":"8ef529fe-e953-4a66-b211-34b627f6af18-139982915063808","trial_id":208,"param_name":"BellowHeight","param_value_internal":6.745910664595325,"distribution":"{\"name\": \"FloatDistribution\", \"attributes\": {\"step\": null, \"low\": 6.0, \"high\": 10.0, \"log\": false}}"}
{"op_code":5,"worker_id":"8ef529fe-e953-4a66-b211-34b627f6af18-139982915063808","trial_id":208,"param_name":"WallThickness","param_value_internal":2.462822096233915,"distribution":"{\"name\": \"FloatDistribution\", \"attributes\": {\"step\": null, \"low\": 2.0, \"high\": 4.0, \"log\": false}}"}
{"op_code":5,"worker_id":"8ef529fe-e953-4a66-b211-34b627f6af18-139982915063808","trial_id":208,"param_name":"PlateauHeight","param_value_internal":3.6692697923165056,"distribution":"{\"name\": \"FloatDistribution\", \"attributes\": {\"step\": null, \"low\": 2.0, \"high\": 4.0, \"log\": false}}"}
{"op_code":6,"worker_id":"8a75add0-7778-42e4-866d-1286d98c173c-140410062901248","trial_id":205,"state":1,"values":[59.04923780116758,0.08563978136016312,0.3885766952111704],"datetime_complete":"2026-05-28T21:46:19.691822"}
{"op_code":4,"worker_id":"8a75add0-7778-42e4-866d-1286d98c173c-140410062901248","study_id":0,"datetime_start":"2026-05-28T21:46:19.703027"}
{"op_code":9,"worker_id":"8a75add0-7778-42e4-866d-1286d98c173c-140410062901248","trial_id":209,"system_attr":{"nsga2:generation":3}}
{"op_code":5,"worker_id":"8a75add0-7778-42e4-866d-1286d98c173c-140410062901248","trial_id":209,"param_name":"JointSlopeAngle","param_value_internal":0.4853215795172432,"distribution":"{\"name\": \"FloatDistribution\", \"attributes\": {\"step\": null, \"low\": 0.17453292519943295, \"high\": 1.0471975511965976, \"log\": false}}"}
{"op_code":5,"worker_id":"8a75add0-7778-42e4-866d-1286d98c173c-140410062901248","trial_id":209,"param_name":"OuterRadius","param_value_internal":10.148288867359186,"distribution":"{\"name\": \"FloatDistribution\", \"attributes\": {\"step\": null, \"low\": 8.75, \"high\": 17.75, \"log\": false}}"}
{"op_code":5,"worker_id":"8a75add0-7778-42e4-866d-1286d98c173c-140410062901248","trial_id":209,"param_name":"JointHeight","param_value_internal":6.577801974262155,"distribution":"{\"name\": \"FloatDistribution\", \"attributes\": {\"step\": null, \"low\": 5.0, \"high\": 8.0, \"log\": false}}"}
{"op_code":5,"worker_id":"8a75add0-7778-42e4-866d-1286d98c173c-140410062901248","trial_id":209,"param_name":"CavityCorkThickness","param_value_internal":4.716203512582068,"distribution":"{\"name\": \"FloatDistribution\", \"attributes\": {\"step\": null, \"low\": 2.0, \"high\": 5.0, \"log\": false}}"}
{"op_code":5,"worker_id":"8a75add0-7778-42e4-866d-1286d98c173c-140410062901248","trial_id":209,"param_name":"BellowHeight","param_value_internal":8.647569351477152,"distribution":"{\"name\": \"FloatDistribution\", \"attributes\": {\"step\": null, \"low\": 6.0, \"high\": 10.0, \"log\": false}}"}
{"op_code":5,"worker_id":"8a75add0-7778-42e4-866d-1286d98c173c-140410062901248","trial_id":209,"param_name":"WallThickness","param_value_internal":3.681513267503684,"distribution":"{\"name\": \"FloatDistribution\", \"attributes\": {\"step\": null, \"low\": 2.0, \"high\": 4.0, \"log\": false}}"}
{"op_code":5,"worker_id":"8a75add0-7778-42e4-866d-1286d98c173c-140410062901248","trial_id":209,"param_name":"PlateauHeight","param_value_internal":2.650760668247381,"distribution":"{\"name\": \"FloatDistribution\", \"attributes\": {\"step\": null, \"low\": 2.0, \"high\": 4.0, \"log\": false}}"}
{"op_code":6,"worker_id":"1d57d4b9-2efe-4085-8b4d-54f9f495ee39-139982114316288","trial_id":206,"state":1,"values":[25.053376488499794,0.07670164569163347,0.4172457029491739],"datetime_complete":"2026-05-28T21:46:21.130681"}
{"op_code":4,"worker_id":"1d57d4b9-2efe-4085-8b4d-54f9f495ee39-139982114316288","study_id":0,"datetime_start":"2026-05-28T21:46:21.141358"}
{"op_code":9,"worker_id":"1d57d4b9-2efe-4085-8b4d-54f9f495ee39-139982114316288","trial_id":210,"system_attr":{"nsga2:generation":3}}
{"op_code":5,"worker_id":"1d57d4b9-2efe-4085-8b4d-54f9f495ee39-139982114316288","trial_id":210,"param_name":"JointSlopeAngle","param_value_internal":0.39202223689017535,"distribution":"{\"name\": \"FloatDistribution\", \"attributes\": {\"step\": null, \"low\": 0.17453292519943295, \"high\": 1.0471975511965976, \"log\": false}}"}
{"op_code":5,"worker_id":"1d57d4b9-2efe-4085-8b4d-54f9f495ee39-139982114316288","trial_id":210,"param_name":"OuterRadius","param_value_internal":8.782219326424958,"distribution":"{\"name\": \"FloatDistribution\", \"attributes\": {\"step\": null, \"low\": 8.75, \"high\": 17.75, \"log\": false}}"}
{"op_code":5,"worker_id":"1d57d4b9-2efe-4085-8b4d-54f9f495ee39-139982114316288","trial_id":210,"param_name":"JointHeight","param_value_internal":7.828559093918221,"distribution":"{\"name\": \"FloatDistribution\", \"attributes\": {\"step\": null, \"low\": 5.0, \"high\": 8.0, \"log\": false}}"}
{"op_code":5,"worker_id":"1d57d4b9-2efe-4085-8b4d-54f9f495ee39-139982114316288","trial_id":210,"param_name":"CavityCorkThickness","param_value_internal":3.216753339045557,"distribution":"{\"name\": \"FloatDistribution\", \"attributes\": {\"step\": null, \"low\": 2.0, \"high\": 5.0, \"log\": false}}"}
{"op_code":5,"worker_id":"1d57d4b9-2efe-4085-8b4d-54f9f495ee39-139982114316288","trial_id":210,"param_name":"BellowHeight","param_value_internal":6.5951963804731175,"distribution":"{\"name\": \"FloatDistribution\", \"attributes\": {\"step\": null, \"low\": 6.0, \"high\": 10.0, \"log\": false}}"}
{"op_code":5,"worker_id":"1d57d4b9-2efe-4085-8b4d-54f9f495ee39-139982114316288","trial_id":210,"param_name":"WallThickness","param_value_internal":2.7539746490505728,"distribution":"{\"name\": \"FloatDistribution\", \"attributes\": {\"step\": null, \"low\": 2.0, \"high\": 4.0, \"log\": false}}"}
{"op_code":5,"worker_id":"1d57d4b9-2efe-4085-8b4d-54f9f495ee39-139982114316288","trial_id":210,"param_name":"PlateauHeight","param_value_internal":3.6692697923165056,"distribution":"{\"name\": \"FloatDistribution\", \"attributes\": {\"step\": null, \"low\": 2.0, \"high\": 4.0, \"log\": false}}"}
{"op_code":6,"worker_id":"8ef529fe-e953-4a66-b211-34b627f6af18-139982915063808","trial_id":208,"state":1,"values":[53.72241029829979,0.12631777216234433,0.42394656544871906],"datetime_complete":"2026-05-28T21:46:43.814366"}
{"op_code":4,"worker_id":"8ef529fe-e953-4a66-b211-34b627f6af18-139982915063808","study_id":0,"datetime_start":"2026-05-28T21:46:43.827185"}
{"op_code":9,"worker_id":"8ef529fe-e953-4a66-b211-34b627f6af18-139982915063808","trial_id":211,"system_attr":{"nsga2:generation":3}}
{"op_code":5,"worker_id":"8ef529fe-e953-4a66-b211-34b627f6af18-139982915063808","trial_id":211,"param_name":"JointSlopeAngle","param_value_internal":0.5478051691981186,"distribution":"{\"name\": \"FloatDistribution\", \"attributes\": {\"step\": null, \"low\": 0.17453292519943295, \"high\": 1.0471975511965976, \"log\": false}}"}
{"op_code":5,"worker_id":"8ef529fe-e953-4a66-b211-34b627f6af18-139982915063808","trial_id":211,"param_name":"OuterRadius","param_value_internal":14.097561165675401,"distribution":"{\"name\": \"FloatDistribution\", \"attributes\": {\"step\": null, \"low\": 8.75, \"high\": 17.75, \"log\": false}}"}
{"op_code":5,"worker_id":"8ef529fe-e953-4a66-b211-34b627f6af18-139982915063808","trial_id":211,"param_name":"JointHeight","param_value_internal":6.993393128311637,"distribution":"{\"name\": \"FloatDistribution\", \"attributes\": {\"step\": null, \"low\": 5.0, \"high\": 8.0, \"log\": false}}"}
{"op_code":5,"worker_id":"8ef529fe-e953-4a66-b211-34b627f6af18-139982915063808","trial_id":211,"param_name":"CavityCorkThickness","param_value_internal":4.4554189335892165,"distribution":"{\"name\": \"FloatDistribution\", \"attributes\": {\"step\": null, \"low\": 2.0, \"high\": 5.0, \"log\": false}}"}
{"op_code":5,"worker_id":"8ef529fe-e953-4a66-b211-34b627f6af18-139982915063808","trial_id":211,"param_name":"BellowHeight","param_value_internal":8.415276974565108,"distribution":"{\"name\": \"FloatDistribution\", \"attributes\": {\"step\": null, \"low\": 6.0, \"high\": 10.0, \"log\": false}}"}
{"op_code":5,"worker_id":"8ef529fe-e953-4a66-b211-34b627f6af18-139982915063808","trial_id":211,"param_name":"WallThickness","param_value_internal":2.462822096233915,"distribution":"{\"name\": \"FloatDistribution\", \"attributes\": {\"step\": null, \"low\": 2.0, \"high\": 4.0, \"log\": false}}"}
{"op_code":5,"worker_id":"8ef529fe-e953-4a66-b211-34b627f6af18-139982915063808","trial_id":211,"param_name":"PlateauHeight","param_value_internal":2.8634546225265693,"distribution":"{\"name\": \"FloatDistribution\", \"attributes\": {\"step\": null, \"low\": 2.0, \"high\": 4.0, \"log\": false}}"}
{"op_code":6,"worker_id":"d6dec318-6198-4b0d-9442-33b13b0b99ff-140273271562240","trial_id":207,"state":1,"values":[44.63872815144737,0.08180241996176829,0.40908372707748],"datetime_complete":"2026-05-28T21:46:47.445640"}
{"op_code":4,"worker_id":"d6dec318-6198-4b0d-9442-33b13b0b99ff-140273271562240","study_id":0,"datetime_start":"2026-05-28T21:46:47.460918"}
{"op_code":9,"worker_id":"d6dec318-6198-4b0d-9442-33b13b0b99ff-140273271562240","trial_id":212,"system_attr":{"nsga2:generation":3}}
{"op_code":5,"worker_id":"d6dec318-6198-4b0d-9442-33b13b0b99ff-140273271562240","trial_id":212,"param_name":"JointSlopeAngle","param_value_internal":0.6521611848692771,"distribution":"{\"name\": \"FloatDistribution\", \"attributes\": {\"step\": null, \"low\": 0.17453292519943295, \"high\": 1.0471975511965976, \"log\": false}}"}
{"op_code":5,"worker_id":"d6dec318-6198-4b0d-9442-33b13b0b99ff-140273271562240","trial_id":212,"param_name":"OuterRadius","param_value_internal":16.949016493321494,"distribution":"{\"name\": \"FloatDistribution\", \"attributes\": {\"step\": null, \"low\": 8.75, \"high\": 17.75, \"log\": false}}"}
{"op_code":5,"worker_id":"d6dec318-6198-4b0d-9442-33b13b0b99ff-140273271562240","trial_id":212,"param_name":"JointHeight","param_value_internal":5.672374529747194,"distribution":"{\"name\": \"FloatDistribution\", \"attributes\": {\"step\": null, \"low\": 5.0, \"high\": 8.0, \"log\": false}}"}
{"op_code":5,"worker_id":"d6dec318-6198-4b0d-9442-33b13b0b99ff-140273271562240","trial_id":212,"param_name":"CavityCorkThickness","param_value_internal":3.204927459971633,"distribution":"{\"name\": \"FloatDistribution\", \"attributes\": {\"step\": null, \"low\": 2.0, \"high\": 5.0, \"log\": false}}"}
{"op_code":5,"worker_id":"d6dec318-6198-4b0d-9442-33b13b0b99ff-140273271562240","trial_id":212,"param_name":"BellowHeight","param_value_internal":6.78080129813947,"distribution":"{\"name\": \"FloatDistribution\", \"attributes\": {\"step\": null, \"low\": 6.0, \"high\": 10.0, \"log\": false}}"}
{"op_code":5,"worker_id":"d6dec318-6198-4b0d-9442-33b13b0b99ff-140273271562240","trial_id":212,"param_name":"WallThickness","param_value_internal":3.0977386627034464,"distribution":"{\"name\": \"FloatDistribution\", \"attributes\": {\"step\": null, \"low\": 2.0, \"high\": 4.0, \"log\": false}}"}
{"op_code":5,"worker_id":"d6dec318-6198-4b0d-9442-33b13b0b99ff-140273271562240","trial_id":212,"param_name":"PlateauHeight","param_value_internal":2.433231459418897,"distribution":"{\"name\": \"FloatDistribution\", \"attributes\": {\"step\": null, \"low\": 2.0, \"high\": 4.0, \"log\": false}}"}
{"op_code":6,"worker_id":"8a75add0-7778-42e4-866d-1286d98c173c-140410062901248","trial_id":209,"state":1,"values":[9.83231843884137,0.20196667654358394,0.39640564059388445],"datetime_complete":"2026-05-28T21:46:51.706676"}
{"op_code":4,"worker_id":"8a75add0-7778-42e4-866d-1286d98c173c-140410062901248","study_id":0,"datetime_start":"2026-05-28T21:46:51.718630"}
{"op_code":9,"worker_id":"8a75add0-7778-42e4-866d-1286d98c173c-140410062901248","trial_id":213,"system_attr":{"nsga2:generation":3}}
{"op_code":5,"worker_id":"8a75add0-7778-42e4-866d-1286d98c173c-140410062901248","trial_id":213,"param_name":"JointSlopeAngle","param_value_internal":0.9261479158450542,"distribution":"{\"name\": \"FloatDistribution\", \"attributes\": {\"step\": null, \"low\": 0.17453292519943295, \"high\": 1.0471975511965976, \"log\": false}}"}
{"op_code":5,"worker_id":"8a75add0-7778-42e4-866d-1286d98c173c-140410062901248","trial_id":213,"param_name":"OuterRadius","param_value_internal":10.232245410416859,"distribution":"{\"name\": \"FloatDistribution\", \"attributes\": {\"step\": null, \"low\": 8.75, \"high\": 17.75, \"log\": false}}"}
{"op_code":5,"worker_id":"8a75add0-7778-42e4-866d-1286d98c173c-140410062901248","trial_id":213,"param_name":"JointHeight","param_value_internal":5.474205040178538,"distribution":"{\"name\": \"FloatDistribution\", \"attributes\": {\"step\": null, \"low\": 5.0, \"high\": 8.0, \"log\": false}}"}
{"op_code":5,"worker_id":"8a75add0-7778-42e4-866d-1286d98c173c-140410062901248","trial_id":213,"param_name":"CavityCorkThickness","param_value_internal":3.363089889567412,"distribution":"{\"name\": \"FloatDistribution\", \"attributes\": {\"step\": null, \"low\": 2.0, \"high\": 5.0, \"log\": false}}"}
{"op_code":5,"worker_id":"8a75add0-7778-42e4-866d-1286d98c173c-140410062901248","trial_id":213,"param_name":"BellowHeight","param_value_internal":8.84039489845335,"distribution":"{\"name\": \"FloatDistribution\", \"attributes\": {\"step\": null, \"low\": 6.0, \"high\": 10.0, \"log\": false}}"}
{"op_code":5,"worker_id":"8a75add0-7778-42e4-866d-1286d98c173c-140410062901248","trial_id":213,"param_name":"WallThickness","param_value_internal":2.4458665526518493,"distribution":"{\"name\": \"FloatDistribution\", \"attributes\": {\"step\": null, \"low\": 2.0, \"high\": 4.0, \"log\": false}}"}
{"op_code":5,"worker_id":"8a75add0-7778-42e4-866d-1286d98c173c-140410062901248","trial_id":213,"param_name":"PlateauHeight","param_value_internal":2.8634546225265693,"distribution":"{\"name\": \"FloatDistribution\", \"attributes\": {\"step\": null, \"low\": 2.0, \"high\": 4.0, \"log\": false}}"}
{"op_code":6,"worker_id":"1d57d4b9-2efe-4085-8b4d-54f9f495ee39-139982114316288","trial_id":210,"state":1,"values":[11.112988510427058,0.0914467079428952,0.3969385936657245],"datetime_complete":"2026-05-28T21:46:52.715951"}
{"op_code":4,"worker_id":"1d57d4b9-2efe-4085-8b4d-54f9f495ee39-139982114316288","study_id":0,"datetime_start":"2026-05-28T21:46:52.728667"}
{"op_code":9,"worker_id":"1d57d4b9-2efe-4085-8b4d-54f9f495ee39-139982114316288","trial_id":214,"system_attr":{"nsga2:generation":3}}
{"op_code":5,"worker_id":"1d57d4b9-2efe-4085-8b4d-54f9f495ee39-139982114316288","trial_id":214,"param_name":"JointSlopeAngle","param_value_internal":0.6514101966662729,"distribution":"{\"name\": \"FloatDistribution\", \"attributes\": {\"step\": null, \"low\": 0.17453292519943295, \"high\": 1.0471975511965976, \"log\": false}}"}
{"op_code":5,"worker_id":"1d57d4b9-2efe-4085-8b4d-54f9f495ee39-139982114316288","trial_id":214,"param_name":"OuterRadius","param_value_internal":17.125688024141258,"distribution":"{\"name\": \"FloatDistribution\", \"attributes\": {\"step\": null, \"low\": 8.75, \"high\": 17.75, \"log\": false}}"}
{"op_code":5,"worker_id":"1d57d4b9-2efe-4085-8b4d-54f9f495ee39-139982114316288","trial_id":214,"param_name":"JointHeight","param_value_internal":6.577801974262155,"distribution":"{\"name\": \"FloatDistribution\", \"attributes\": {\"step\": null, \"low\": 5.0, \"high\": 8.0, \"log\": false}}"}
{"op_code":5,"worker_id":"1d57d4b9-2efe-4085-8b4d-54f9f495ee39-139982114316288","trial_id":214,"param_name":"CavityCorkThickness","param_value_internal":3.4826906895668426,"distribution":"{\"name\": \"FloatDistribution\", \"attributes\": {\"step\": null, \"low\": 2.0, \"high\": 5.0, \"log\": false}}"}
{"op_code":5,"worker_id":"1d57d4b9-2efe-4085-8b4d-54f9f495ee39-139982114316288","trial_id":214,"param_name":"BellowHeight","param_value_internal":7.164870266821776,"distribution":"{\"name\": \"FloatDistribution\", \"attributes\": {\"step\": null, \"low\": 6.0, \"high\": 10.0, \"log\": false}}"}
{"op_code":5,"worker_id":"1d57d4b9-2efe-4085-8b4d-54f9f495ee39-139982114316288","trial_id":214,"param_name":"WallThickness","param_value_internal":2.248916559327598,"distribution":"{\"name\": \"FloatDistribution\", \"attributes\": {\"step\": null, \"low\": 2.0, \"high\": 4.0, \"log\": false}}"}
{"op_code":5,"worker_id":"1d57d4b9-2efe-4085-8b4d-54f9f495ee39-139982114316288","trial_id":214,"param_name":"PlateauHeight","param_value_internal":2.6534402573663156,"distribution":"{\"name\": \"FloatDistribution\", \"attributes\": {\"step\": null, \"low\": 2.0, \"high\": 4.0, \"log\": false}}"}
{"op_code":6,"worker_id":"8ef529fe-e953-4a66-b211-34b627f6af18-139982915063808","trial_id":211,"state":1,"values":[59.85543335186844,0.10750112472080918,0.40553435501047724],"datetime_complete":"2026-05-28T21:47:17.233540"}
{"op_code":4,"worker_id":"8ef529fe-e953-4a66-b211-34b627f6af18-139982915063808","study_id":0,"datetime_start":"2026-05-28T21:47:17.246062"}
{"op_code":9,"worker_id":"8ef529fe-e953-4a66-b211-34b627f6af18-139982915063808","trial_id":215,"system_attr":{"nsga2:generation":3}}
{"op_code":5,"worker_id":"8ef529fe-e953-4a66-b211-34b627f6af18-139982915063808","trial_id":215,"param_name":"JointSlopeAngle","param_value_internal":0.9297848729389682,"distribution":"{\"name\": \"FloatDistribution\", \"attributes\": {\"step\": null, \"low\": 0.17453292519943295, \"high\": 1.0471975511965976, \"log\": false}}"}
{"op_code":5,"worker_id":"8ef529fe-e953-4a66-b211-34b627f6af18-139982915063808","trial_id":215,"param_name":"OuterRadius","param_value_internal":9.94952073879575,"distribution":"{\"name\": \"FloatDistribution\", \"attributes\": {\"step\": null, \"low\": 8.75, \"high\": 17.75, \"log\": false}}"}
{"op_code":5,"worker_id":"8ef529fe-e953-4a66-b211-34b627f6af18-139982915063808","trial_id":215,"param_name":"JointHeight","param_value_internal":5.8741644177199115,"distribution":"{\"name\": \"FloatDistribution\", \"attributes\": {\"step\": null, \"low\": 5.0, \"high\": 8.0, \"log\": false}}"}
{"op_code":5,"worker_id":"8ef529fe-e953-4a66-b211-34b627f6af18-139982915063808","trial_id":215,"param_name":"CavityCorkThickness","param_value_internal":4.657711220929244,"distribution":"{\"name\": \"FloatDistribution\", \"attributes\": {\"step\": null, \"low\": 2.0, \"high\": 5.0, \"log\": false}}"}
{"op_code":5,"worker_id":"8ef529fe-e953-4a66-b211-34b627f6af18-139982915063808","trial_id":215,"param_name":"BellowHeight","param_value_internal":7.646256208121855,"distribution":"{\"name\": \"FloatDistribution\", \"attributes\": {\"step\": null, \"low\": 6.0, \"high\": 10.0, \"log\": false}}"}
{"op_code":5,"worker_id":"8ef529fe-e953-4a66-b211-34b627f6af18-139982915063808","trial_id":215,"param_name":"WallThickness","param_value_internal":3.445314823170217,"distribution":"{\"name\": \"FloatDistribution\", \"attributes\": {\"step\": null, \"low\": 2.0, \"high\": 4.0, \"log\": false}}"}
{"op_code":5,"worker_id":"8ef529fe-e953-4a66-b211-34b627f6af18-139982915063808","trial_id":215,"param_name":"PlateauHeight","param_value_internal":2.4239237915714935,"distribution":"{\"name\": \"FloatDistribution\", \"attributes\": {\"step\": null, \"low\": 2.0, \"high\": 4.0, \"log\": false}}"}
{"op_code":6,"worker_id":"8a75add0-7778-42e4-866d-1286d98c173c-140410062901248","trial_id":213,"state":1,"values":[27.417271746501854,0.09277550556362617,0.496435262067651],"datetime_complete":"2026-05-28T21:47:24.035971"}
{"op_code":4,"worker_id":"8a75add0-7778-42e4-866d-1286d98c173c-140410062901248","study_id":0,"datetime_start":"2026-05-28T21:47:24.048161"}
{"op_code":9,"worker_id":"8a75add0-7778-42e4-866d-1286d98c173c-140410062901248","trial_id":216,"system_attr":{"nsga2:generation":3}}
{"op_code":5,"worker_id":"8a75add0-7778-42e4-866d-1286d98c173c-140410062901248","trial_id":216,"param_name":"JointSlopeAngle","param_value_internal":0.4853215795172432,"distribution":"{\"name\": \"FloatDistribution\", \"attributes\": {\"step\": null, \"low\": 0.17453292519943295, \"high\": 1.0471975511965976, \"log\": false}}"}
{"op_code":5,"worker_id":"8a75add0-7778-42e4-866d-1286d98c173c-140410062901248","trial_id":216,"param_name":"OuterRadius","param_value_internal":13.858393867456938,"distribution":"{\"name\": \"FloatDistribution\", \"attributes\": {\"step\": null, \"low\": 8.75, \"high\": 17.75, \"log\": false}}"}
{"op_code":5,"worker_id":"8a75add0-7778-42e4-866d-1286d98c173c-140410062901248","trial_id":216,"param_name":"JointHeight","param_value_internal":6.434341785667391,"distribution":"{\"name\": \"FloatDistribution\", \"attributes\": {\"step\": null, \"low\": 5.0, \"high\": 8.0, \"log\": false}}"}
{"op_code":5,"worker_id":"8a75add0-7778-42e4-866d-1286d98c173c-140410062901248","trial_id":216,"param_name":"CavityCorkThickness","param_value_internal":3.216753339045557,"distribution":"{\"name\": \"FloatDistribution\", \"attributes\": {\"step\": null, \"low\": 2.0, \"high\": 5.0, \"log\": false}}"}
{"op_code":5,"worker_id":"8a75add0-7778-42e4-866d-1286d98c173c-140410062901248","trial_id":216,"param_name":"BellowHeight","param_value_internal":8.491643329707284,"distribution":"{\"name\": \"FloatDistribution\", \"attributes\": {\"step\": null, \"low\": 6.0, \"high\": 10.0, \"log\": false}}"}
{"op_code":5,"worker_id":"8a75add0-7778-42e4-866d-1286d98c173c-140410062901248","trial_id":216,"param_name":"WallThickness","param_value_internal":2.7056894974878736,"distribution":"{\"name\": \"FloatDistribution\", \"attributes\": {\"step\": null, \"low\": 2.0, \"high\": 4.0, \"log\": false}}"}
{"op_code":5,"worker_id":"8a75add0-7778-42e4-866d-1286d98c173c-140410062901248","trial_id":216,"param_name":"PlateauHeight","param_value_internal":3.808149792240684,"distribution":"{\"name\": \"FloatDistribution\", \"attributes\": {\"step\": null, \"low\": 2.0, \"high\": 4.0, \"log\": false}}"}
{"op_code":6,"worker_id":"1d57d4b9-2efe-4085-8b4d-54f9f495ee39-139982114316288","trial_id":214,"state":1,"values":[108.81515019515223,0.10240864334917492,0.33409509450240565],"datetime_complete":"2026-05-28T21:47:26.983240"}
{"op_code":4,"worker_id":"1d57d4b9-2efe-4085-8b4d-54f9f495ee39-139982114316288","study_id":0,"datetime_start":"2026-05-28T21:47:26.996247"}
{"op_code":9,"worker_id":"1d57d4b9-2efe-4085-8b4d-54f9f495ee39-139982114316288","trial_id":217,"system_attr":{"nsga2:generation":3}}
{"op_code":5,"worker_id":"1d57d4b9-2efe-4085-8b4d-54f9f495ee39-139982114316288","trial_id":217,"param_name":"JointSlopeAngle","param_value_internal":0.28423537962449874,"distribution":"{\"name\": \"FloatDistribution\", \"attributes\": {\"step\": null, \"low\": 0.17453292519943295, \"high\": 1.0471975511965976, \"log\": false}}"}
{"op_code":5,"worker_id":"1d57d4b9-2efe-4085-8b4d-54f9f495ee39-139982114316288","trial_id":217,"param_name":"OuterRadius","param_value_internal":12.458646226206156,"distribution":"{\"name\": \"FloatDistribution\", \"attributes\": {\"step\": null, \"low\": 8.75, \"high\": 17.75, \"log\": false}}"}
{"op_code":5,"worker_id":"1d57d4b9-2efe-4085-8b4d-54f9f495ee39-139982114316288","trial_id":217,"param_name":"JointHeight","param_value_internal":5.768428135571968,"distribution":"{\"name\": \"FloatDistribution\", \"attributes\": {\"step\": null, \"low\": 5.0, \"high\": 8.0, \"log\": false}}"}
{"op_code":5,"worker_id":"1d57d4b9-2efe-4085-8b4d-54f9f495ee39-139982114316288","trial_id":217,"param_name":"CavityCorkThickness","param_value_internal":3.500579019919148,"distribution":"{\"name\": \"FloatDistribution\", \"attributes\": {\"step\": null, \"low\": 2.0, \"high\": 5.0, \"log\": false}}"}
{"op_code":5,"worker_id":"1d57d4b9-2efe-4085-8b4d-54f9f495ee39-139982114316288","trial_id":217,"param_name":"BellowHeight","param_value_internal":7.994630474641923,"distribution":"{\"name\": \"FloatDistribution\", \"attributes\": {\"step\": null, \"low\": 6.0, \"high\": 10.0, \"log\": false}}"}
{"op_code":5,"worker_id":"1d57d4b9-2efe-4085-8b4d-54f9f495ee39-139982114316288","trial_id":217,"param_name":"WallThickness","param_value_internal":2.1237780657405176,"distribution":"{\"name\": \"FloatDistribution\", \"attributes\": {\"step\": null, \"low\": 2.0, \"high\": 4.0, \"log\": false}}"}
{"op_code":5,"worker_id":"1d57d4b9-2efe-4085-8b4d-54f9f495ee39-139982114316288","trial_id":217,"param_name":"PlateauHeight","param_value_internal":3.307476198421085,"distribution":"{\"name\": \"FloatDistribution\", \"attributes\": {\"step\": null, \"low\": 2.0, \"high\": 4.0, \"log\": false}}"}
{"op_code":6,"worker_id":"d6dec318-6198-4b0d-9442-33b13b0b99ff-140273271562240","trial_id":212,"state":1,"values":[76.74957191216265,0.0888847726461391,0.34302074233880897],"datetime_complete":"2026-05-28T21:47:30.160186"}
{"op_code":4,"worker_id":"d6dec318-6198-4b0d-9442-33b13b0b99ff-140273271562240","study_id":0,"datetime_start":"2026-05-28T21:47:30.177228"}
{"op_code":9,"worker_id":"d6dec318-6198-4b0d-9442-33b13b0b99ff-140273271562240","trial_id":218,"system_attr":{"nsga2:generation":3}}
{"op_code":5,"worker_id":"d6dec318-6198-4b0d-9442-33b13b0b99ff-140273271562240","trial_id":218,"param_name":"JointSlopeAngle","param_value_internal":0.5478051691981186,"distribution":"{\"name\": \"FloatDistribution\", \"attributes\": {\"step\": null, \"low\": 0.17453292519943295, \"high\": 1.0471975511965976, \"log\": false}}"}
{"op_code":5,"worker_id":"d6dec318-6198-4b0d-9442-33b13b0b99ff-140273271562240","trial_id":218,"param_name":"OuterRadius","param_value_internal":14.30304273389325,"distribution":"{\"name\": \"FloatDistribution\", \"attributes\": {\"step\": null, \"low\": 8.75, \"high\": 17.75, \"log\": false}}"}
{"op_code":5,"worker_id":"d6dec318-6198-4b0d-9442-33b13b0b99ff-140273271562240","trial_id":218,"param_name":"JointHeight","param_value_internal":6.376059073174446,"distribution":"{\"name\": \"FloatDistribution\", \"attributes\": {\"step\": null, \"low\": 5.0, \"high\": 8.0, \"log\": false}}"}
{"op_code":5,"worker_id":"d6dec318-6198-4b0d-9442-33b13b0b99ff-140273271562240","trial_id":218,"param_name":"CavityCorkThickness","param_value_internal":3.327952515995391,"distribution":"{\"name\": \"FloatDistribution\", \"attributes\": {\"step\": null, \"low\": 2.0, \"high\": 5.0, \"log\": false}}"}
{"op_code":5,"worker_id":"d6dec318-6198-4b0d-9442-33b13b0b99ff-140273271562240","trial_id":218,"param_name":"BellowHeight","param_value_internal":6.686599526265798,"distribution":"{\"name\": \"FloatDistribution\", \"attributes\": {\"step\": null, \"low\": 6.0, \"high\": 10.0, \"log\": false}}"}
{"op_code":5,"worker_id":"d6dec318-6198-4b0d-9442-33b13b0b99ff-140273271562240","trial_id":218,"param_name":"WallThickness","param_value_internal":2.1237780657405176,"distribution":"{\"name\": \"FloatDistribution\", \"attributes\": {\"step\": null, \"low\": 2.0, \"high\": 4.0, \"log\": false}}"}
{"op_code":5,"worker_id":"d6dec318-6198-4b0d-9442-33b13b0b99ff-140273271562240","trial_id":218,"param_name":"PlateauHeight","param_value_internal":2.8634546225265693,"distribution":"{\"name\": \"FloatDistribution\", \"attributes\": {\"step\": null, \"low\": 2.0, \"high\": 4.0, \"log\": false}}"}
{"op_code":6,"worker_id":"8ef529fe-e953-4a66-b211-34b627f6af18-139982915063808","trial_id":215,"state":1,"values":[8.18018138978254,0.15410381090276748,0.523152855541558],"datetime_complete":"2026-05-28T21:47:50.605923"}
{"op_code":4,"worker_id":"8ef529fe-e953-4a66-b211-34b627f6af18-139982915063808","study_id":0,"datetime_start":"2026-05-28T21:47:50.617911"}
{"op_code":9,"worker_id":"8ef529fe-e953-4a66-b211-34b627f6af18-139982915063808","trial_id":219,"system_attr":{"nsga2:generation":3}}
{"op_code":5,"worker_id":"8ef529fe-e953-4a66-b211-34b627f6af18-139982915063808","trial_id":219,"param_name":"JointSlopeAngle","param_value_internal":0.4853215795172432,"distribution":"{\"name\": \"FloatDistribution\", \"attributes\": {\"step\": null, \"low\": 0.17453292519943295, \"high\": 1.0471975511965976, \"log\": false}}"}
{"op_code":5,"worker_id":"8ef529fe-e953-4a66-b211-34b627f6af18-139982915063808","trial_id":219,"param_name":"OuterRadius","param_value_internal":11.342695990311945,"distribution":"{\"name\": \"FloatDistribution\", \"attributes\": {\"step\": null, \"low\": 8.75, \"high\": 17.75, \"log\": false}}"}
{"op_code":5,"worker_id":"8ef529fe-e953-4a66-b211-34b627f6af18-139982915063808","trial_id":219,"param_name":"JointHeight","param_value_internal":5.458385355736822,"distribution":"{\"name\": \"FloatDistribution\", \"attributes\": {\"step\": null, \"low\": 5.0, \"high\": 8.0, \"log\": false}}"}
{"op_code":5,"worker_id":"8ef529fe-e953-4a66-b211-34b627f6af18-139982915063808","trial_id":219,"param_name":"CavityCorkThickness","param_value_internal":2.885560302188327,"distribution":"{\"name\": \"FloatDistribution\", \"attributes\": {\"step\": null, \"low\": 2.0, \"high\": 5.0, \"log\": false}}"}
{"op_code":5,"worker_id":"8ef529fe-e953-4a66-b211-34b627f6af18-139982915063808","trial_id":219,"param_name":"BellowHeight","param_value_internal":7.51909335597993,"distribution":"{\"name\": \"FloatDistribution\", \"attributes\": {\"step\": null, \"low\": 6.0, \"high\": 10.0, \"log\": false}}"}
{"op_code":5,"worker_id":"8ef529fe-e953-4a66-b211-34b627f6af18-139982915063808","trial_id":219,"param_name":"WallThickness","param_value_internal":2.7056894974878736,"distribution":"{\"name\": \"FloatDistribution\", \"attributes\": {\"step\": null, \"low\": 2.0, \"high\": 4.0, \"log\": false}}"}
{"op_code":5,"worker_id":"8ef529fe-e953-4a66-b211-34b627f6af18-139982915063808","trial_id":219,"param_name":"PlateauHeight","param_value_internal":3.808149792240684,"distribution":"{\"name\": \"FloatDistribution\", \"attributes\": {\"step\": null, \"low\": 2.0, \"high\": 4.0, \"log\": false}}"}
{"op_code":6,"worker_id":"8a75add0-7778-42e4-866d-1286d98c173c-140410062901248","trial_id":216,"state":1,"values":[55.53291053044836,0.07649060614967286,0.4062003547969064],"datetime_complete":"2026-05-28T21:47:57.485728"}
{"op_code":4,"worker_id":"8a75add0-7778-42e4-866d-1286d98c173c-140410062901248","study_id":0,"datetime_start":"2026-05-28T21:47:57.497958"}
{"op_code":9,"worker_id":"8a75add0-7778-42e4-866d-1286d98c173c-140410062901248","trial_id":220,"system_attr":{"nsga2:generation":3}}
{"op_code":5,"worker_id":"8a75add0-7778-42e4-866d-1286d98c173c-140410062901248","trial_id":220,"param_name":"JointSlopeAngle","param_value_internal":0.7191209171245115,"distribution":"{\"name\": \"FloatDistribution\", \"attributes\": {\"step\": null, \"low\": 0.17453292519943295, \"high\": 1.0471975511965976, \"log\": false}}"}
{"op_code":5,"worker_id":"8a75add0-7778-42e4-866d-1286d98c173c-140410062901248","trial_id":220,"param_name":"OuterRadius","param_value_internal":16.263703644677186,"distribution":"{\"name\": \"FloatDistribution\", \"attributes\": {\"step\": null, \"low\": 8.75, \"high\": 17.75, \"log\": false}}"}
{"op_code":5,"worker_id":"8a75add0-7778-42e4-866d-1286d98c173c-140410062901248","trial_id":220,"param_name":"JointHeight","param_value_internal":7.319728841821658,"distribution":"{\"name\": \"FloatDistribution\", \"attributes\": {\"step\": null, \"low\": 5.0, \"high\": 8.0, \"log\": false}}"}
{"op_code":5,"worker_id":"8a75add0-7778-42e4-866d-1286d98c173c-140410062901248","trial_id":220,"param_name":"CavityCorkThickness","param_value_internal":2.5365079646845103,"distribution":"{\"name\": \"FloatDistribution\", \"attributes\": {\"step\": null, \"low\": 2.0, \"high\": 5.0, \"log\": false}}"}
{"op_code":5,"worker_id":"8a75add0-7778-42e4-866d-1286d98c173c-140410062901248","trial_id":220,"param_name":"BellowHeight","param_value_internal":6.5951963804731175,"distribution":"{\"name\": \"FloatDistribution\", \"attributes\": {\"step\": null, \"low\": 6.0, \"high\": 10.0, \"log\": false}}"}
{"op_code":5,"worker_id":"8a75add0-7778-42e4-866d-1286d98c173c-140410062901248","trial_id":220,"param_name":"WallThickness","param_value_internal":2.122518101490248,"distribution":"{\"name\": \"FloatDistribution\", \"attributes\": {\"step\": null, \"low\": 2.0, \"high\": 4.0, \"log\": false}}"}
{"op_code":5,"worker_id":"8a75add0-7778-42e4-866d-1286d98c173c-140410062901248","trial_id":220,"param_name":"PlateauHeight","param_value_internal":2.6190336538111945,"distribution":"{\"name\": \"FloatDistribution\", \"attributes\": {\"step\": null, \"low\": 2.0, \"high\": 4.0, \"log\": false}}"}
{"op_code":6,"worker_id":"1d57d4b9-2efe-4085-8b4d-54f9f495ee39-139982114316288","trial_id":217,"state":1,"values":[55.228117789851126,0.10368228132672173,0.4272287590505571],"datetime_complete":"2026-05-28T21:48:00.655475"}
{"op_code":4,"worker_id":"1d57d4b9-2efe-4085-8b4d-54f9f495ee39-139982114316288","study_id":0,"datetime_start":"2026-05-28T21:48:00.666312"}
{"op_code":9,"worker_id":"1d57d4b9-2efe-4085-8b4d-54f9f495ee39-139982114316288","trial_id":221,"system_attr":{"nsga2:generation":3}}
{"op_code":5,"worker_id":"1d57d4b9-2efe-4085-8b4d-54f9f495ee39-139982114316288","trial_id":221,"param_name":"JointSlopeAngle","param_value_internal":0.6971225490961811,"distribution":"{\"name\": \"FloatDistribution\", \"attributes\": {\"step\": null, \"low\": 0.17453292519943295, \"high\": 1.0471975511965976, \"log\": false}}"}
{"op_code":5,"worker_id":"1d57d4b9-2efe-4085-8b4d-54f9f495ee39-139982114316288","trial_id":221,"param_name":"OuterRadius","param_value_internal":11.168758085308516,"distribution":"{\"name\": \"FloatDistribution\", \"attributes\": {\"step\": null, \"low\": 8.75, \"high\": 17.75, \"log\": false}}"}
{"op_code":5,"worker_id":"1d57d4b9-2efe-4085-8b4d-54f9f495ee39-139982114316288","trial_id":221,"param_name":"JointHeight","param_value_internal":7.197543660384138,"distribution":"{\"name\": \"FloatDistribution\", \"attributes\": {\"step\": null, \"low\": 5.0, \"high\": 8.0, \"log\": false}}"}
{"op_code":5,"worker_id":"1d57d4b9-2efe-4085-8b4d-54f9f495ee39-139982114316288","trial_id":221,"param_name":"CavityCorkThickness","param_value_internal":4.4554189335892165,"distribution":"{\"name\": \"FloatDistribution\", \"attributes\": {\"step\": null, \"low\": 2.0, \"high\": 5.0, \"log\": false}}"}
{"op_code":5,"worker_id":"1d57d4b9-2efe-4085-8b4d-54f9f495ee39-139982114316288","trial_id":221,"param_name":"BellowHeight","param_value_internal":7.221434234090408,"distribution":"{\"name\": \"FloatDistribution\", \"attributes\": {\"step\": null, \"low\": 6.0, \"high\": 10.0, \"log\": false}}"}
{"op_code":5,"worker_id":"1d57d4b9-2efe-4085-8b4d-54f9f495ee39-139982114316288","trial_id":221,"param_name":"WallThickness","param_value_internal":2.462822096233915,"distribution":"{\"name\": \"FloatDistribution\", \"attributes\": {\"step\": null, \"low\": 2.0, \"high\": 4.0, \"log\": false}}"}
{"op_code":5,"worker_id":"1d57d4b9-2efe-4085-8b4d-54f9f495ee39-139982114316288","trial_id":221,"param_name":"PlateauHeight","param_value_internal":3.6692697923165056,"distribution":"{\"name\": \"FloatDistribution\", \"attributes\": {\"step\": null, \"low\": 2.0, \"high\": 4.0, \"log\": false}}"}
{"op_code":6,"worker_id":"d6dec318-6198-4b0d-9442-33b13b0b99ff-140273271562240","trial_id":218,"state":1,"values":[68.10077003056392,0.09985303379869473,0.39428601351692755],"datetime_complete":"2026-05-28T21:48:12.353248"}
{"op_code":4,"worker_id":"d6dec318-6198-4b0d-9442-33b13b0b99ff-140273271562240","study_id":0,"datetime_start":"2026-05-28T21:48:12.369905"}
{"op_code":9,"worker_id":"d6dec318-6198-4b0d-9442-33b13b0b99ff-140273271562240","trial_id":222,"system_attr":{"nsga2:generation":3}}
{"op_code":5,"worker_id":"d6dec318-6198-4b0d-9442-33b13b0b99ff-140273271562240","trial_id":222,"param_name":"JointSlopeAngle","param_value_internal":0.716693352179228,"distribution":"{\"name\": \"FloatDistribution\", \"attributes\": {\"step\": null, \"low\": 0.17453292519943295, \"high\": 1.0471975511965976, \"log\": false}}"}
{"op_code":5,"worker_id":"d6dec318-6198-4b0d-9442-33b13b0b99ff-140273271562240","trial_id":222,"param_name":"OuterRadius","param_value_internal":11.342695990311945,"distribution":"{\"name\": \"FloatDistribution\", \"attributes\": {\"step\": null, \"low\": 8.75, \"high\": 17.75, \"log\": false}}"}
{"op_code":5,"worker_id":"d6dec318-6198-4b0d-9442-33b13b0b99ff-140273271562240","trial_id":222,"param_name":"JointHeight","param_value_internal":5.40970506787656,"distribution":"{\"name\": \"FloatDistribution\", \"attributes\": {\"step\": null, \"low\": 5.0, \"high\": 8.0, \"log\": false}}"}
{"op_code":5,"worker_id":"d6dec318-6198-4b0d-9442-33b13b0b99ff-140273271562240","trial_id":222,"param_name":"CavityCorkThickness","param_value_internal":2.885560302188327,"distribution":"{\"name\": \"FloatDistribution\", \"attributes\": {\"step\": null, \"low\": 2.0, \"high\": 5.0, \"log\": false}}"}
{"op_code":5,"worker_id":"d6dec318-6198-4b0d-9442-33b13b0b99ff-140273271562240","trial_id":222,"param_name":"BellowHeight","param_value_internal":9.555234729254323,"distribution":"{\"name\": \"FloatDistribution\", \"attributes\": {\"step\": null, \"low\": 6.0, \"high\": 10.0, \"log\": false}}"}
{"op_code":5,"worker_id":"d6dec318-6198-4b0d-9442-33b13b0b99ff-140273271562240","trial_id":222,"param_name":"WallThickness","param_value_internal":3.959779899762554,"distribution":"{\"name\": \"FloatDistribution\", \"attributes\": {\"step\": null, \"low\": 2.0, \"high\": 4.0, \"log\": false}}"}
{"op_code":5,"worker_id":"d6dec318-6198-4b0d-9442-33b13b0b99ff-140273271562240","trial_id":222,"param_name":"PlateauHeight","param_value_internal":2.46980168656893,"distribution":"{\"name\": \"FloatDistribution\", \"attributes\": {\"step\": null, \"low\": 2.0, \"high\": 4.0, \"log\": false}}"}
{"op_code":6,"worker_id":"8ef529fe-e953-4a66-b211-34b627f6af18-139982915063808","trial_id":219,"state":1,"values":[38.27534903139451,0.0992090104912532,0.45272063409447233],"datetime_complete":"2026-05-28T21:48:22.498758"}
{"op_code":4,"worker_id":"8ef529fe-e953-4a66-b211-34b627f6af18-139982915063808","study_id":0,"datetime_start":"2026-05-28T21:48:22.511436"}
{"op_code":9,"worker_id":"8ef529fe-e953-4a66-b211-34b627f6af18-139982915063808","trial_id":223,"system_attr":{"nsga2:generation":4}}
{"op_code":5,"worker_id":"8ef529fe-e953-4a66-b211-34b627f6af18-139982915063808","trial_id":223,"param_name":"JointSlopeAngle","param_value_internal":0.3874883980782923,"distribution":"{\"name\": \"FloatDistribution\", \"attributes\": {\"step\": null, \"low\": 0.17453292519943295, \"high\": 1.0471975511965976, \"log\": false}}"}
{"op_code":5,"worker_id":"8ef529fe-e953-4a66-b211-34b627f6af18-139982915063808","trial_id":223,"param_name":"OuterRadius","param_value_internal":16.263703644677186,"distribution":"{\"name\": \"FloatDistribution\", \"attributes\": {\"step\": null, \"low\": 8.75, \"high\": 17.75, \"log\": false}}"}
{"op_code":5,"worker_id":"8ef529fe-e953-4a66-b211-34b627f6af18-139982915063808","trial_id":223,"param_name":"JointHeight","param_value_internal":5.768428135571968,"distribution":"{\"name\": \"FloatDistribution\", \"attributes\": {\"step\": null, \"low\": 5.0, \"high\": 8.0, \"log\": false}}"}
{"op_code":5,"worker_id":"8ef529fe-e953-4a66-b211-34b627f6af18-139982915063808","trial_id":223,"param_name":"CavityCorkThickness","param_value_internal":2.5365079646845103,"distribution":"{\"name\": \"FloatDistribution\", \"attributes\": {\"step\": null, \"low\": 2.0, \"high\": 5.0, \"log\": false}}"}
{"op_code":5,"worker_id":"8ef529fe-e953-4a66-b211-34b627f6af18-139982915063808","trial_id":223,"param_name":"BellowHeight","param_value_internal":9.884640136246347,"distribution":"{\"name\": \"FloatDistribution\", \"attributes\": {\"step\": null, \"low\": 6.0, \"high\": 10.0, \"log\": false}}"}
{"op_code":5,"worker_id":"8ef529fe-e953-4a66-b211-34b627f6af18-139982915063808","trial_id":223,"param_name":"WallThickness","param_value_internal":2.446721494003385,"distribution":"{\"name\": \"FloatDistribution\", \"attributes\": {\"step\": null, \"low\": 2.0, \"high\": 4.0, \"log\": false}}"}
{"op_code":5,"worker_id":"8ef529fe-e953-4a66-b211-34b627f6af18-139982915063808","trial_id":223,"param_name":"PlateauHeight","param_value_internal":3.307476198421085,"distribution":"{\"name\": \"FloatDistribution\", \"attributes\": {\"step\": null, \"low\": 2.0, \"high\": 4.0, \"log\": false}}"}
{"op_code":6,"worker_id":"8a75add0-7778-42e4-866d-1286d98c173c-140410062901248","trial_id":220,"state":1,"values":[113.94299866691313,0.11201355712321424,0.3490890227303052],"datetime_complete":"2026-05-28T21:48:32.136911"}
{"op_code":4,"worker_id":"8a75add0-7778-42e4-866d-1286d98c173c-140410062901248","study_id":0,"datetime_start":"2026-05-28T21:48:32.148113"}
{"op_code":9,"worker_id":"8a75add0-7778-42e4-866d-1286d98c173c-140410062901248","trial_id":224,"system_attr":{"nsga2:generation":4}}
{"op_code":5,"worker_id":"8a75add0-7778-42e4-866d-1286d98c173c-140410062901248","trial_id":224,"param_name":"JointSlopeAngle","param_value_internal":0.6514101966662729,"distribution":"{\"name\": \"FloatDistribution\", \"attributes\": {\"step\": null, \"low\": 0.17453292519943295, \"high\": 1.0471975511965976, \"log\": false}}"}
{"op_code":5,"worker_id":"8a75add0-7778-42e4-866d-1286d98c173c-140410062901248","trial_id":224,"param_name":"OuterRadius","param_value_internal":9.503223287672325,"distribution":"{\"name\": \"FloatDistribution\", \"attributes\": {\"step\": null, \"low\": 8.75, \"high\": 17.75, \"log\": false}}"}
{"op_code":5,"worker_id":"8a75add0-7778-42e4-866d-1286d98c173c-140410062901248","trial_id":224,"param_name":"JointHeight","param_value_internal":5.474205040178538,"distribution":"{\"name\": \"FloatDistribution\", \"attributes\": {\"step\": null, \"low\": 5.0, \"high\": 8.0, \"log\": false}}"}
{"op_code":5,"worker_id":"8a75add0-7778-42e4-866d-1286d98c173c-140410062901248","trial_id":224,"param_name":"CavityCorkThickness","param_value_internal":3.744159491173943,"distribution":"{\"name\": \"FloatDistribution\", \"attributes\": {\"step\": null, \"low\": 2.0, \"high\": 5.0, \"log\": false}}"}
{"op_code":5,"worker_id":"8a75add0-7778-42e4-866d-1286d98c173c-140410062901248","trial_id":224,"param_name":"BellowHeight","param_value_internal":9.354945159577415,"distribution":"{\"name\": \"FloatDistribution\", \"attributes\": {\"step\": null, \"low\": 6.0, \"high\": 10.0, \"log\": false}}"}
{"op_code":5,"worker_id":"8a75add0-7778-42e4-866d-1286d98c173c-140410062901248","trial_id":224,"param_name":"WallThickness","param_value_internal":2.4231653829921562,"distribution":"{\"name\": \"FloatDistribution\", \"attributes\": {\"step\": null, \"low\": 2.0, \"high\": 4.0, \"log\": false}}"}
{"op_code":5,"worker_id":"8a75add0-7778-42e4-866d-1286d98c173c-140410062901248","trial_id":224,"param_name":"PlateauHeight","param_value_internal":2.105795631576325,"distribution":"{\"name\": \"FloatDistribution\", \"attributes\": {\"step\": null, \"low\": 2.0, \"high\": 4.0, \"log\": false}}"}
{"op_code":6,"worker_id":"1d57d4b9-2efe-4085-8b4d-54f9f495ee39-139982114316288","trial_id":221,"state":1,"values":[31.295678384714506,0.13746881031595115,0.40342189955921454],"datetime_complete":"2026-05-28T21:48:33.763391"}
{"op_code":4,"worker_id":"1d57d4b9-2efe-4085-8b4d-54f9f495ee39-139982114316288","study_id":0,"datetime_start":"2026-05-28T21:48:33.776260"}
{"op_code":9,"worker_id":"1d57d4b9-2efe-4085-8b4d-54f9f495ee39-139982114316288","trial_id":225,"system_attr":{"nsga2:generation":4}}
{"op_code":5,"worker_id":"1d57d4b9-2efe-4085-8b4d-54f9f495ee39-139982114316288","trial_id":225,"param_name":"JointSlopeAngle","param_value_internal":0.6514101966662729,"distribution":"{\"name\": \"FloatDistribution\", \"attributes\": {\"step\": null, \"low\": 0.17453292519943295, \"high\": 1.0471975511965976, \"log\": false}}"}
{"op_code":5,"worker_id":"1d57d4b9-2efe-4085-8b4d-54f9f495ee39-139982114316288","trial_id":225,"param_name":"OuterRadius","param_value_internal":15.106837182519843,"distribution":"{\"name\": \"FloatDistribution\", \"attributes\": {\"step\": null, \"low\": 8.75, \"high\": 17.75, \"log\": false}}"}
{"op_code":5,"worker_id":"1d57d4b9-2efe-4085-8b4d-54f9f495ee39-139982114316288","trial_id":225,"param_name":"JointHeight","param_value_internal":6.577801974262155,"distribution":"{\"name\": \"FloatDistribution\", \"attributes\": {\"step\": null, \"low\": 5.0, \"high\": 8.0, \"log\": false}}"}
{"op_code":5,"worker_id":"1d57d4b9-2efe-4085-8b4d-54f9f495ee39-139982114316288","trial_id":225,"param_name":"CavityCorkThickness","param_value_internal":2.921852004566294,"distribution":"{\"name\": \"FloatDistribution\", \"attributes\": {\"step\": null, \"low\": 2.0, \"high\": 5.0, \"log\": false}}"}
{"op_code":5,"worker_id":"1d57d4b9-2efe-4085-8b4d-54f9f495ee39-139982114316288","trial_id":225,"param_name":"BellowHeight","param_value_internal":8.415276974565108,"distribution":"{\"name\": \"FloatDistribution\", \"attributes\": {\"step\": null, \"low\": 6.0, \"high\": 10.0, \"log\": false}}"}
{"op_code":5,"worker_id":"1d57d4b9-2efe-4085-8b4d-54f9f495ee39-139982114316288","trial_id":225,"param_name":"WallThickness","param_value_internal":2.715243675404701,"distribution":"{\"name\": \"FloatDistribution\", \"attributes\": {\"step\": null, \"low\": 2.0, \"high\": 4.0, \"log\": false}}"}
{"op_code":5,"worker_id":"1d57d4b9-2efe-4085-8b4d-54f9f495ee39-139982114316288","trial_id":225,"param_name":"PlateauHeight","param_value_internal":2.6534402573663156,"distribution":"{\"name\": \"FloatDistribution\", \"attributes\": {\"step\": null, \"low\": 2.0, \"high\": 4.0, \"log\": false}}"}
{"op_code":6,"worker_id":"d6dec318-6198-4b0d-9442-33b13b0b99ff-140273271562240","trial_id":222,"state":1,"values":[20.238094127307818,0.07553389155780559,0.49084406841752615],"datetime_complete":"2026-05-28T21:48:53.555092"}
{"op_code":4,"worker_id":"d6dec318-6198-4b0d-9442-33b13b0b99ff-140273271562240","study_id":0,"datetime_start":"2026-05-28T21:48:53.570043"}
{"op_code":9,"worker_id":"d6dec318-6198-4b0d-9442-33b13b0b99ff-140273271562240","trial_id":226,"system_attr":{"nsga2:generation":4}}
{"op_code":5,"worker_id":"d6dec318-6198-4b0d-9442-33b13b0b99ff-140273271562240","trial_id":226,"param_name":"JointSlopeAngle","param_value_internal":0.6514101966662729,"distribution":"{\"name\": \"FloatDistribution\", \"attributes\": {\"step\": null, \"low\": 0.17453292519943295, \"high\": 1.0471975511965976, \"log\": false}}"}
{"op_code":5,"worker_id":"d6dec318-6198-4b0d-9442-33b13b0b99ff-140273271562240","trial_id":226,"param_name":"OuterRadius","param_value_internal":15.992167409601281,"distribution":"{\"name\": \"FloatDistribution\", \"attributes\": {\"step\": null, \"low\": 8.75, \"high\": 17.75, \"log\": false}}"}
{"op_code":5,"worker_id":"d6dec318-6198-4b0d-9442-33b13b0b99ff-140273271562240","trial_id":226,"param_name":"JointHeight","param_value_internal":7.319728841821658,"distribution":"{\"name\": \"FloatDistribution\", \"attributes\": {\"step\": null, \"low\": 5.0, \"high\": 8.0, \"log\": false}}"}
{"op_code":5,"worker_id":"d6dec318-6198-4b0d-9442-33b13b0b99ff-140273271562240","trial_id":226,"param_name":"CavityCorkThickness","param_value_internal":2.5365079646845103,"distribution":"{\"name\": \"FloatDistribution\", \"attributes\": {\"step\": null, \"low\": 2.0, \"high\": 5.0, \"log\": false}}"}
{"op_code":5,"worker_id":"d6dec318-6198-4b0d-9442-33b13b0b99ff-140273271562240","trial_id":226,"param_name":"BellowHeight","param_value_internal":6.5951963804731175,"distribution":"{\"name\": \"FloatDistribution\", \"attributes\": {\"step\": null, \"low\": 6.0, \"high\": 10.0, \"log\": false}}"}
{"op_code":5,"worker_id":"d6dec318-6198-4b0d-9442-33b13b0b99ff-140273271562240","trial_id":226,"param_name":"WallThickness","param_value_internal":2.9869693814696983,"distribution":"{\"name\": \"FloatDistribution\", \"attributes\": {\"step\": null, \"low\": 2.0, \"high\": 4.0, \"log\": false}}"}
{"op_code":5,"worker_id":"d6dec318-6198-4b0d-9442-33b13b0b99ff-140273271562240","trial_id":226,"param_name":"PlateauHeight","param_value_internal":2.623492640568099,"distribution":"{\"name\": \"FloatDistribution\", \"attributes\": {\"step\": null, \"low\": 2.0, \"high\": 4.0, \"log\": false}}"}
{"op_code":6,"worker_id":"8ef529fe-e953-4a66-b211-34b627f6af18-139982915063808","trial_id":223,"state":1,"values":[88.06463046861563,0.061361946503436085,0.3611805217535707],"datetime_complete":"2026-05-28T21:48:57.854786"}
{"op_code":4,"worker_id":"8ef529fe-e953-4a66-b211-34b627f6af18-139982915063808","study_id":0,"datetime_start":"2026-05-28T21:48:57.867256"}
{"op_code":9,"worker_id":"8ef529fe-e953-4a66-b211-34b627f6af18-139982915063808","trial_id":227,"system_attr":{"nsga2:generation":4}}
{"op_code":5,"worker_id":"8ef529fe-e953-4a66-b211-34b627f6af18-139982915063808","trial_id":227,"param_name":"JointSlopeAngle","param_value_internal":0.5478051691981186,"distribution":"{\"name\": \"FloatDistribution\", \"attributes\": {\"step\": null, \"low\": 0.17453292519943295, \"high\": 1.0471975511965976, \"log\": false}}"}
{"op_code":5,"worker_id":"8ef529fe-e953-4a66-b211-34b627f6af18-139982915063808","trial_id":227,"param_name":"OuterRadius","param_value_internal":14.099577595746613,"distribution":"{\"name\": \"FloatDistribution\", \"attributes\": {\"step\": null, \"low\": 8.75, \"high\": 17.75, \"log\": false}}"}
{"op_code":5,"worker_id":"8ef529fe-e953-4a66-b211-34b627f6af18-139982915063808","trial_id":227,"param_name":"JointHeight","param_value_internal":5.56678890287416,"distribution":"{\"name\": \"FloatDistribution\", \"attributes\": {\"step\": null, \"low\": 5.0, \"high\": 8.0, \"log\": false}}"}
{"op_code":5,"worker_id":"8ef529fe-e953-4a66-b211-34b627f6af18-139982915063808","trial_id":227,"param_name":"CavityCorkThickness","param_value_internal":3.920467347158893,"distribution":"{\"name\": \"FloatDistribution\", \"attributes\": {\"step\": null, \"low\": 2.0, \"high\": 5.0, \"log\": false}}"}
{"op_code":5,"worker_id":"8ef529fe-e953-4a66-b211-34b627f6af18-139982915063808","trial_id":227,"param_name":"BellowHeight","param_value_internal":8.415276974565108,"distribution":"{\"name\": \"FloatDistribution\", \"attributes\": {\"step\": null, \"low\": 6.0, \"high\": 10.0, \"log\": false}}"}
{"op_code":5,"worker_id":"8ef529fe-e953-4a66-b211-34b627f6af18-139982915063808","trial_id":227,"param_name":"WallThickness","param_value_internal":2.4033688852079402,"distribution":"{\"name\": \"FloatDistribution\", \"attributes\": {\"step\": null, \"low\": 2.0, \"high\": 4.0, \"log\": false}}"}
{"op_code":5,"worker_id":"8ef529fe-e953-4a66-b211-34b627f6af18-139982915063808","trial_id":227,"param_name":"PlateauHeight","param_value_internal":2.8634546225265693,"distribution":"{\"name\": \"FloatDistribution\", \"attributes\": {\"step\": null, \"low\": 2.0, \"high\": 4.0, \"log\": false}}"}
{"op_code":6,"worker_id":"8a75add0-7778-42e4-866d-1286d98c173c-140410062901248","trial_id":224,"state":1,"values":[35.1510888850093,0.1826389596013795,0.5006934018602184],"datetime_complete":"2026-05-28T21:49:05.223000"}
{"op_code":4,"worker_id":"8a75add0-7778-42e4-866d-1286d98c173c-140410062901248","study_id":0,"datetime_start":"2026-05-28T21:49:05.235903"}
{"op_code":9,"worker_id":"8a75add0-7778-42e4-866d-1286d98c173c-140410062901248","trial_id":228,"system_attr":{"nsga2:generation":4}}
{"op_code":5,"worker_id":"8a75add0-7778-42e4-866d-1286d98c173c-140410062901248","trial_id":228,"param_name":"JointSlopeAngle","param_value_internal":0.6090943653795478,"distribution":"{\"name\": \"FloatDistribution\", \"attributes\": {\"step\": null, \"low\": 0.17453292519943295, \"high\": 1.0471975511965976, \"log\": false}}"}
{"op_code":5,"worker_id":"8a75add0-7778-42e4-866d-1286d98c173c-140410062901248","trial_id":228,"param_name":"OuterRadius","param_value_internal":16.599994830995698,"distribution":"{\"name\": \"FloatDistribution\", \"attributes\": {\"step\": null, \"low\": 8.75, \"high\": 17.75, \"log\": false}}"}
{"op_code":5,"worker_id":"8a75add0-7778-42e4-866d-1286d98c173c-140410062901248","trial_id":228,"param_name":"JointHeight","param_value_internal":5.40970506787656,"distribution":"{\"name\": \"FloatDistribution\", \"attributes\": {\"step\": null, \"low\": 5.0, \"high\": 8.0, \"log\": false}}"}
{"op_code":5,"worker_id":"8a75add0-7778-42e4-866d-1286d98c173c-140410062901248","trial_id":228,"param_name":"CavityCorkThickness","param_value_internal":4.664320352463018,"distribution":"{\"name\": \"FloatDistribution\", \"attributes\": {\"step\": null, \"low\": 2.0, \"high\": 5.0, \"log\": false}}"}
{"op_code":5,"worker_id":"8a75add0-7778-42e4-866d-1286d98c173c-140410062901248","trial_id":228,"param_name":"BellowHeight","param_value_internal":6.5951963804731175,"distribution":"{\"name\": \"FloatDistribution\", \"attributes\": {\"step\": null, \"low\": 6.0, \"high\": 10.0, \"log\": false}}"}
{"op_code":5,"worker_id":"8a75add0-7778-42e4-866d-1286d98c173c-140410062901248","trial_id":228,"param_name":"WallThickness","param_value_internal":3.2023016524309247,"distribution":"{\"name\": \"FloatDistribution\", \"attributes\": {\"step\": null, \"low\": 2.0, \"high\": 4.0, \"log\": false}}"}
{"op_code":5,"worker_id":"8a75add0-7778-42e4-866d-1286d98c173c-140410062901248","trial_id":228,"param_name":"PlateauHeight","param_value_internal":3.207818544033823,"distribution":"{\"name\": \"FloatDistribution\", \"attributes\": {\"step\": null, \"low\": 2.0, \"high\": 4.0, \"log\": false}}"}
{"op_code":6,"worker_id":"1d57d4b9-2efe-4085-8b4d-54f9f495ee39-139982114316288","trial_id":225,"state":1,"values":[69.12411703431655,0.07906761730764175,0.37967140797824206],"datetime_complete":"2026-05-28T21:49:07.329022"}
{"op_code":4,"worker_id":"1d57d4b9-2efe-4085-8b4d-54f9f495ee39-139982114316288","study_id":0,"datetime_start":"2026-05-28T21:49:07.340954"}
{"op_code":9,"worker_id":"1d57d4b9-2efe-4085-8b4d-54f9f495ee39-139982114316288","trial_id":229,"system_attr":{"nsga2:generation":4}}
{"op_code":5,"worker_id":"1d57d4b9-2efe-4085-8b4d-54f9f495ee39-139982114316288","trial_id":229,"param_name":"JointSlopeAngle","param_value_internal":0.7971422635277798,"distribution":"{\"name\": \"FloatDistribution\", \"attributes\": {\"step\": null, \"low\": 0.17453292519943295, \"high\": 1.0471975511965976, \"log\": false}}"}
{"op_code":5,"worker_id":"1d57d4b9-2efe-4085-8b4d-54f9f495ee39-139982114316288","trial_id":229,"param_name":"OuterRadius","param_value_internal":16.263703644677186,"distribution":"{\"name\": \"FloatDistribution\", \"attributes\": {\"step\": null, \"low\": 8.75, \"high\": 17.75, \"log\": false}}"}
{"op_code":5,"worker_id":"1d57d4b9-2efe-4085-8b4d-54f9f495ee39-139982114316288","trial_id":229,"param_name":"JointHeight","param_value_internal":7.319728841821658,"distribution":"{\"name\": \"FloatDistribution\", \"attributes\": {\"step\": null, \"low\": 5.0, \"high\": 8.0, \"log\": false}}"}
{"op_code":5,"worker_id":"1d57d4b9-2efe-4085-8b4d-54f9f495ee39-139982114316288","trial_id":229,"param_name":"CavityCorkThickness","param_value_internal":3.216753339045557,"distribution":"{\"name\": \"FloatDistribution\", \"attributes\": {\"step\": null, \"low\": 2.0, \"high\": 5.0, \"log\": false}}"}
{"op_code":5,"worker_id":"1d57d4b9-2efe-4085-8b4d-54f9f495ee39-139982114316288","trial_id":229,"param_name":"BellowHeight","param_value_internal":6.943007257593304,"distribution":"{\"name\": \"FloatDistribution\", \"attributes\": {\"step\": null, \"low\": 6.0, \"high\": 10.0, \"log\": false}}"}
{"op_code":5,"worker_id":"1d57d4b9-2efe-4085-8b4d-54f9f495ee39-139982114316288","trial_id":229,"param_name":"WallThickness","param_value_internal":3.1457421958069336,"distribution":"{\"name\": \"FloatDistribution\", \"attributes\": {\"step\": null, \"low\": 2.0, \"high\": 4.0, \"log\": false}}"}
{"op_code":5,"worker_id":"1d57d4b9-2efe-4085-8b4d-54f9f495ee39-139982114316288","trial_id":229,"param_name":"PlateauHeight","param_value_internal":3.207818544033823,"distribution":"{\"name\": \"FloatDistribution\", \"attributes\": {\"step\": null, \"low\": 2.0, \"high\": 4.0, \"log\": false}}"}
{"op_code":6,"worker_id":"8ef529fe-e953-4a66-b211-34b627f6af18-139982915063808","trial_id":227,"state":1,"values":[60.49966397447645,0.09337051282743655,0.39096301253273436],"datetime_complete":"2026-05-28T21:49:32.010978"}
{"op_code":4,"worker_id":"8ef529fe-e953-4a66-b211-34b627f6af18-139982915063808","study_id":0,"datetime_start":"2026-05-28T21:49:32.023197"}
{"op_code":9,"worker_id":"8ef529fe-e953-4a66-b211-34b627f6af18-139982915063808","trial_id":230,"system_attr":{"nsga2:generation":4}}
{"op_code":5,"worker_id":"8ef529fe-e953-4a66-b211-34b627f6af18-139982915063808","trial_id":230,"param_name":"JointSlopeAngle","param_value_internal":0.7504367636957424,"distribution":"{\"name\": \"FloatDistribution\", \"attributes\": {\"step\": null, \"low\": 0.17453292519943295, \"high\": 1.0471975511965976, \"log\": false}}"}
{"op_code":5,"worker_id":"8ef529fe-e953-4a66-b211-34b627f6af18-139982915063808","trial_id":230,"param_name":"OuterRadius","param_value_internal":13.858393867456938,"distribution":"{\"name\": \"FloatDistribution\", \"attributes\": {\"step\": null, \"low\": 8.75, \"high\": 17.75, \"log\": false}}"}
{"op_code":5,"worker_id":"8ef529fe-e953-4a66-b211-34b627f6af18-139982915063808","trial_id":230,"param_name":"JointHeight","param_value_internal":7.032922658932289,"distribution":"{\"name\": \"FloatDistribution\", \"attributes\": {\"step\": null, \"low\": 5.0, \"high\": 8.0, \"log\": false}}"}
{"op_code":5,"worker_id":"8ef529fe-e953-4a66-b211-34b627f6af18-139982915063808","trial_id":230,"param_name":"CavityCorkThickness","param_value_internal":3.216753339045557,"distribution":"{\"name\": \"FloatDistribution\", \"attributes\": {\"step\": null, \"low\": 2.0, \"high\": 5.0, \"log\": false}}"}
{"op_code":5,"worker_id":"8ef529fe-e953-4a66-b211-34b627f6af18-139982915063808","trial_id":230,"param_name":"BellowHeight","param_value_internal":8.491643329707284,"distribution":"{\"name\": \"FloatDistribution\", \"attributes\": {\"step\": null, \"low\": 6.0, \"high\": 10.0, \"log\": false}}"}
{"op_code":5,"worker_id":"8ef529fe-e953-4a66-b211-34b627f6af18-139982915063808","trial_id":230,"param_name":"WallThickness","param_value_internal":2.1237780657405176,"distribution":"{\"name\": \"FloatDistribution\", \"attributes\": {\"step\": null, \"low\": 2.0, \"high\": 4.0, \"log\": false}}"}
{"op_code":5,"worker_id":"8ef529fe-e953-4a66-b211-34b627f6af18-139982915063808","trial_id":230,"param_name":"PlateauHeight","param_value_internal":2.8862061459933885,"distribution":"{\"name\": \"FloatDistribution\", \"attributes\": {\"step\": null, \"low\": 2.0, \"high\": 4.0, \"log\": false}}"}
{"op_code":6,"worker_id":"d6dec318-6198-4b0d-9442-33b13b0b99ff-140273271562240","trial_id":226,"state":1,"values":[79.03654956944126,0.09456842593962221,0.3682415800681029],"datetime_complete":"2026-05-28T21:49:36.958822"}
{"op_code":4,"worker_id":"d6dec318-6198-4b0d-9442-33b13b0b99ff-140273271562240","study_id":0,"datetime_start":"2026-05-28T21:49:36.975255"}
{"op_code":9,"worker_id":"d6dec318-6198-4b0d-9442-33b13b0b99ff-140273271562240","trial_id":231,"system_attr":{"nsga2:generation":4}}
{"op_code":5,"worker_id":"d6dec318-6198-4b0d-9442-33b13b0b99ff-140273271562240","trial_id":231,"param_name":"JointSlopeAngle","param_value_internal":0.7537054740685866,"distribution":"{\"name\": \"FloatDistribution\", \"attributes\": {\"step\": null, \"low\": 0.17453292519943295, \"high\": 1.0471975511965976, \"log\": false}}"}
{"op_code":5,"worker_id":"d6dec318-6198-4b0d-9442-33b13b0b99ff-140273271562240","trial_id":231,"param_name":"OuterRadius","param_value_internal":10.232245410416859,"distribution":"{\"name\": \"FloatDistribution\", \"attributes\": {\"step\": null, \"low\": 8.75, \"high\": 17.75, \"log\": false}}"}
{"op_code":5,"worker_id":"d6dec318-6198-4b0d-9442-33b13b0b99ff-140273271562240","trial_id":231,"param_name":"JointHeight","param_value_internal":5.733430195898294,"distribution":"{\"name\": \"FloatDistribution\", \"attributes\": {\"step\": null, \"low\": 5.0, \"high\": 8.0, \"log\": false}}"}
{"op_code":5,"worker_id":"d6dec318-6198-4b0d-9442-33b13b0b99ff-140273271562240","trial_id":231,"param_name":"CavityCorkThickness","param_value_internal":3.4826906895668426,"distribution":"{\"name\": \"FloatDistribution\", \"attributes\": {\"step\": null, \"low\": 2.0, \"high\": 5.0, \"log\": false}}"}
{"op_code":5,"worker_id":"d6dec318-6198-4b0d-9442-33b13b0b99ff-140273271562240","trial_id":231,"param_name":"BellowHeight","param_value_internal":9.427986893556298,"distribution":"{\"name\": \"FloatDistribution\", \"attributes\": {\"step\": null, \"low\": 6.0, \"high\": 10.0, \"log\": false}}"}
{"op_code":5,"worker_id":"d6dec318-6198-4b0d-9442-33b13b0b99ff-140273271562240","trial_id":231,"param_name":"WallThickness","param_value_internal":2.4033688852079402,"distribution":"{\"name\": \"FloatDistribution\", \"attributes\": {\"step\": null, \"low\": 2.0, \"high\": 4.0, \"log\": false}}"}
{"op_code":5,"worker_id":"d6dec318-6198-4b0d-9442-33b13b0b99ff-140273271562240","trial_id":231,"param_name":"PlateauHeight","param_value_internal":2.623492640568099,"distribution":"{\"name\": \"FloatDistribution\", \"attributes\": {\"step\": null, \"low\": 2.0, \"high\": 4.0, \"log\": false}}"}
{"op_code":6,"worker_id":"8a75add0-7778-42e4-866d-1286d98c173c-140410062901248","trial_id":228,"state":1,"values":[73.87276660275438,0.11247858324022258,0.35196267352145916],"datetime_complete":"2026-05-28T21:49:39.130065"}
{"op_code":4,"worker_id":"8a75add0-7778-42e4-866d-1286d98c173c-140410062901248","study_id":0,"datetime_start":"2026-05-28T21:49:39.142300"}
{"op_code":9,"worker_id":"8a75add0-7778-42e4-866d-1286d98c173c-140410062901248","trial_id":232,"system_attr":{"nsga2:generation":4}}
{"op_code":5,"worker_id":"8a75add0-7778-42e4-866d-1286d98c173c-140410062901248","trial_id":232,"param_name":"JointSlopeAngle","param_value_internal":0.5478051691981186,"distribution":"{\"name\": \"FloatDistribution\", \"attributes\": {\"step\": null, \"low\": 0.17453292519943295, \"high\": 1.0471975511965976, \"log\": false}}"}
{"op_code":5,"worker_id":"8a75add0-7778-42e4-866d-1286d98c173c-140410062901248","trial_id":232,"param_name":"OuterRadius","param_value_internal":14.097561165675401,"distribution":"{\"name\": \"FloatDistribution\", \"attributes\": {\"step\": null, \"low\": 8.75, \"high\": 17.75, \"log\": false}}"}
{"op_code":5,"worker_id":"8a75add0-7778-42e4-866d-1286d98c173c-140410062901248","trial_id":232,"param_name":"JointHeight","param_value_internal":6.993393128311637,"distribution":"{\"name\": \"FloatDistribution\", \"attributes\": {\"step\": null, \"low\": 5.0, \"high\": 8.0, \"log\": false}}"}
{"op_code":5,"worker_id":"8a75add0-7778-42e4-866d-1286d98c173c-140410062901248","trial_id":232,"param_name":"CavityCorkThickness","param_value_internal":4.120272134475807,"distribution":"{\"name\": \"FloatDistribution\", \"attributes\": {\"step\": null, \"low\": 2.0, \"high\": 5.0, \"log\": false}}"}
{"op_code":5,"worker_id":"8a75add0-7778-42e4-866d-1286d98c173c-140410062901248","trial_id":232,"param_name":"BellowHeight","param_value_internal":8.415276974565108,"distribution":"{\"name\": \"FloatDistribution\", \"attributes\": {\"step\": null, \"low\": 6.0, \"high\": 10.0, \"log\": false}}"}
{"op_code":5,"worker_id":"8a75add0-7778-42e4-866d-1286d98c173c-140410062901248","trial_id":232,"param_name":"WallThickness","param_value_internal":2.462822096233915,"distribution":"{\"name\": \"FloatDistribution\", \"attributes\": {\"step\": null, \"low\": 2.0, \"high\": 4.0, \"log\": false}}"}
{"op_code":5,"worker_id":"8a75add0-7778-42e4-866d-1286d98c173c-140410062901248","trial_id":232,"param_name":"PlateauHeight","param_value_internal":2.638568580056411,"distribution":"{\"name\": \"FloatDistribution\", \"attributes\": {\"step\": null, \"low\": 2.0, \"high\": 4.0, \"log\": false}}"}
{"op_code":6,"worker_id":"1d57d4b9-2efe-4085-8b4d-54f9f495ee39-139982114316288","trial_id":229,"state":1,"values":[81.41342214264478,0.09703303755850327,0.3569014025220892],"datetime_complete":"2026-05-28T21:49:41.910168"}
{"op_code":4,"worker_id":"1d57d4b9-2efe-4085-8b4d-54f9f495ee39-139982114316288","study_id":0,"datetime_start":"2026-05-28T21:49:41.922758"}
{"op_code":9,"worker_id":"1d57d4b9-2efe-4085-8b4d-54f9f495ee39-139982114316288","trial_id":233,"system_attr":{"nsga2:generation":4}}
{"op_code":5,"worker_id":"1d57d4b9-2efe-4085-8b4d-54f9f495ee39-139982114316288","trial_id":233,"param_name":"JointSlopeAngle","param_value_internal":0.28423537962449874,"distribution":"{\"name\": \"FloatDistribution\", \"attributes\": {\"step\": null, \"low\": 0.17453292519943295, \"high\": 1.0471975511965976, \"log\": false}}"}
{"op_code":5,"worker_id":"1d57d4b9-2efe-4085-8b4d-54f9f495ee39-139982114316288","trial_id":233,"param_name":"OuterRadius","param_value_internal":15.528948055203632,"distribution":"{\"name\": \"FloatDistribution\", \"attributes\": {\"step\": null, \"low\": 8.75, \"high\": 17.75, \"log\": false}}"}
{"op_code":5,"worker_id":"1d57d4b9-2efe-4085-8b4d-54f9f495ee39-139982114316288","trial_id":233,"param_name":"JointHeight","param_value_internal":5.672374529747194,"distribution":"{\"name\": \"FloatDistribution\", \"attributes\": {\"step\": null, \"low\": 5.0, \"high\": 8.0, \"log\": false}}"}
{"op_code":5,"worker_id":"1d57d4b9-2efe-4085-8b4d-54f9f495ee39-139982114316288","trial_id":233,"param_name":"CavityCorkThickness","param_value_internal":3.204927459971633,"distribution":"{\"name\": \"FloatDistribution\", \"attributes\": {\"step\": null, \"low\": 2.0, \"high\": 5.0, \"log\": false}}"}
{"op_code":5,"worker_id":"1d57d4b9-2efe-4085-8b4d-54f9f495ee39-139982114316288","trial_id":233,"param_name":"BellowHeight","param_value_internal":6.686599526265798,"distribution":"{\"name\": \"FloatDistribution\", \"attributes\": {\"step\": null, \"low\": 6.0, \"high\": 10.0, \"log\": false}}"}
{"op_code":5,"worker_id":"1d57d4b9-2efe-4085-8b4d-54f9f495ee39-139982114316288","trial_id":233,"param_name":"WallThickness","param_value_internal":2.0215676563021177,"distribution":"{\"name\": \"FloatDistribution\", \"attributes\": {\"step\": null, \"low\": 2.0, \"high\": 4.0, \"log\": false}}"}
{"op_code":5,"worker_id":"1d57d4b9-2efe-4085-8b4d-54f9f495ee39-139982114316288","trial_id":233,"param_name":"PlateauHeight","param_value_internal":2.4239237915714935,"distribution":"{\"name\": \"FloatDistribution\", \"attributes\": {\"step\": null, \"low\": 2.0, \"high\": 4.0, \"log\": false}}"}
{"op_code":6,"worker_id":"8ef529fe-e953-4a66-b211-34b627f6af18-139982915063808","trial_id":230,"state":1,"values":[66.00807260889405,0.08461539428515243,0.40151649242488835],"datetime_complete":"2026-05-28T21:50:05.560403"}
{"op_code":4,"worker_id":"8ef529fe-e953-4a66-b211-34b627f6af18-139982915063808","study_id":0,"datetime_start":"2026-05-28T21:50:05.573179"}
{"op_code":9,"worker_id":"8ef529fe-e953-4a66-b211-34b627f6af18-139982915063808","trial_id":234,"system_attr":{"nsga2:generation":4}}
{"op_code":5,"worker_id":"8ef529fe-e953-4a66-b211-34b627f6af18-139982915063808","trial_id":234,"param_name":"JointSlopeAngle","param_value_internal":0.6971225490961811,"distribution":"{\"name\": \"FloatDistribution\", \"attributes\": {\"step\": null, \"low\": 0.17453292519943295, \"high\": 1.0471975511965976, \"log\": false}}"}
{"op_code":5,"worker_id":"8ef529fe-e953-4a66-b211-34b627f6af18-139982915063808","trial_id":234,"param_name":"OuterRadius","param_value_internal":14.556558332707098,"distribution":"{\"name\": \"FloatDistribution\", \"attributes\": {\"step\": null, \"low\": 8.75, \"high\": 17.75, \"log\": false}}"}
{"op_code":5,"worker_id":"8ef529fe-e953-4a66-b211-34b627f6af18-139982915063808","trial_id":234,"param_name":"JointHeight","param_value_internal":7.828559093918221,"distribution":"{\"name\": \"FloatDistribution\", \"attributes\": {\"step\": null, \"low\": 5.0, \"high\": 8.0, \"log\": false}}"}
{"op_code":5,"worker_id":"8ef529fe-e953-4a66-b211-34b627f6af18-139982915063808","trial_id":234,"param_name":"CavityCorkThickness","param_value_internal":4.5846813631520895,"distribution":"{\"name\": \"FloatDistribution\", \"attributes\": {\"step\": null, \"low\": 2.0, \"high\": 5.0, \"log\": false}}"}
{"op_code":5,"worker_id":"8ef529fe-e953-4a66-b211-34b627f6af18-139982915063808","trial_id":234,"param_name":"BellowHeight","param_value_internal":7.221434234090408,"distribution":"{\"name\": \"FloatDistribution\", \"attributes\": {\"step\": null, \"low\": 6.0, \"high\": 10.0, \"log\": false}}"}
{"op_code":5,"worker_id":"8ef529fe-e953-4a66-b211-34b627f6af18-139982915063808","trial_id":234,"param_name":"WallThickness","param_value_internal":2.4033688852079402,"distribution":"{\"name\": \"FloatDistribution\", \"attributes\": {\"step\": null, \"low\": 2.0, \"high\": 4.0, \"log\": false}}"}
{"op_code":5,"worker_id":"8ef529fe-e953-4a66-b211-34b627f6af18-139982915063808","trial_id":234,"param_name":"PlateauHeight","param_value_internal":2.0476994102627497,"distribution":"{\"name\": \"FloatDistribution\", \"attributes\": {\"step\": null, \"low\": 2.0, \"high\": 4.0, \"log\": false}}"}
{"op_code":6,"worker_id":"8a75add0-7778-42e4-866d-1286d98c173c-140410062901248","trial_id":232,"state":1,"values":[56.384504489443316,0.09450686872103094,0.3929435549265833],"datetime_complete":"2026-05-28T21:50:13.133531"}
{"op_code":4,"worker_id":"8a75add0-7778-42e4-866d-1286d98c173c-140410062901248","study_id":0,"datetime_start":"2026-05-28T21:50:13.145998"}
{"op_code":9,"worker_id":"8a75add0-7778-42e4-866d-1286d98c173c-140410062901248","trial_id":235,"system_attr":{"nsga2:generation":4}}
{"op_code":5,"worker_id":"8a75add0-7778-42e4-866d-1286d98c173c-140410062901248","trial_id":235,"param_name":"JointSlopeAngle","param_value_internal":0.9297848729389682,"distribution":"{\"name\": \"FloatDistribution\", \"attributes\": {\"step\": null, \"low\": 0.17453292519943295, \"high\": 1.0471975511965976, \"log\": false}}"}
{"op_code":5,"worker_id":"8a75add0-7778-42e4-866d-1286d98c173c-140410062901248","trial_id":235,"param_name":"OuterRadius","param_value_internal":12.458646226206156,"distribution":"{\"name\": \"FloatDistribution\", \"attributes\": {\"step\": null, \"low\": 8.75, \"high\": 17.75, \"log\": false}}"}
{"op_code":5,"worker_id":"8a75add0-7778-42e4-866d-1286d98c173c-140410062901248","trial_id":235,"param_name":"JointHeight","param_value_internal":7.032150693352436,"distribution":"{\"name\": \"FloatDistribution\", \"attributes\": {\"step\": null, \"low\": 5.0, \"high\": 8.0, \"log\": false}}"}
{"op_code":5,"worker_id":"8a75add0-7778-42e4-866d-1286d98c173c-140410062901248","trial_id":235,"param_name":"CavityCorkThickness","param_value_internal":4.120272134475807,"distribution":"{\"name\": \"FloatDistribution\", \"attributes\": {\"step\": null, \"low\": 2.0, \"high\": 5.0, \"log\": false}}"}
{"op_code":5,"worker_id":"8a75add0-7778-42e4-866d-1286d98c173c-140410062901248","trial_id":235,"param_name":"BellowHeight","param_value_internal":7.994630474641923,"distribution":"{\"name\": \"FloatDistribution\", \"attributes\": {\"step\": null, \"low\": 6.0, \"high\": 10.0, \"log\": false}}"}
{"op_code":5,"worker_id":"8a75add0-7778-42e4-866d-1286d98c173c-140410062901248","trial_id":235,"param_name":"WallThickness","param_value_internal":3.8649798762481336,"distribution":"{\"name\": \"FloatDistribution\", \"attributes\": {\"step\": null, \"low\": 2.0, \"high\": 4.0, \"log\": false}}"}
{"op_code":5,"worker_id":"8a75add0-7778-42e4-866d-1286d98c173c-140410062901248","trial_id":235,"param_name":"PlateauHeight","param_value_internal":3.307476198421085,"distribution":"{\"name\": \"FloatDistribution\", \"attributes\": {\"step\": null, \"low\": 2.0, \"high\": 4.0, \"log\": false}}"}
{"op_code":6,"worker_id":"1d57d4b9-2efe-4085-8b4d-54f9f495ee39-139982114316288","trial_id":233,"state":1,"values":[92.28723726541023,0.11068318062009364,0.3620885812085875],"datetime_complete":"2026-05-28T21:50:16.363516"}
{"op_code":4,"worker_id":"1d57d4b9-2efe-4085-8b4d-54f9f495ee39-139982114316288","study_id":0,"datetime_start":"2026-05-28T21:50:16.375884"}
{"op_code":9,"worker_id":"1d57d4b9-2efe-4085-8b4d-54f9f495ee39-139982114316288","trial_id":236,"system_attr":{"nsga2:generation":4}}
{"op_code":5,"worker_id":"1d57d4b9-2efe-4085-8b4d-54f9f495ee39-139982114316288","trial_id":236,"param_name":"JointSlopeAngle","param_value_internal":0.5478051691981186,"distribution":"{\"name\": \"FloatDistribution\", \"attributes\": {\"step\": null, \"low\": 0.17453292519943295, \"high\": 1.0471975511965976, \"log\": false}}"}
{"op_code":5,"worker_id":"1d57d4b9-2efe-4085-8b4d-54f9f495ee39-139982114316288","trial_id":236,"param_name":"OuterRadius","param_value_internal":14.521963547656085,"distribution":"{\"name\": \"FloatDistribution\", \"attributes\": {\"step\": null, \"low\": 8.75, \"high\": 17.75, \"log\": false}}"}
{"op_code":5,"worker_id":"1d57d4b9-2efe-4085-8b4d-54f9f495ee39-139982114316288","trial_id":236,"param_name":"JointHeight","param_value_internal":7.147381649307654,"distribution":"{\"name\": \"FloatDistribution\", \"attributes\": {\"step\": null, \"low\": 5.0, \"high\": 8.0, \"log\": false}}"}
{"op_code":5,"worker_id":"1d57d4b9-2efe-4085-8b4d-54f9f495ee39-139982114316288","trial_id":236,"param_name":"CavityCorkThickness","param_value_internal":2.885560302188327,"distribution":"{\"name\": \"FloatDistribution\", \"attributes\": {\"step\": null, \"low\": 2.0, \"high\": 5.0, \"log\": false}}"}
{"op_code":5,"worker_id":"1d57d4b9-2efe-4085-8b4d-54f9f495ee39-139982114316288","trial_id":236,"param_name":"BellowHeight","param_value_internal":8.415276974565108,"distribution":"{\"name\": \"FloatDistribution\", \"attributes\": {\"step\": null, \"low\": 6.0, \"high\": 10.0, \"log\": false}}"}
{"op_code":5,"worker_id":"1d57d4b9-2efe-4085-8b4d-54f9f495ee39-139982114316288","trial_id":236,"param_name":"WallThickness","param_value_internal":2.462822096233915,"distribution":"{\"name\": \"FloatDistribution\", \"attributes\": {\"step\": null, \"low\": 2.0, \"high\": 4.0, \"log\": false}}"}
{"op_code":5,"worker_id":"1d57d4b9-2efe-4085-8b4d-54f9f495ee39-139982114316288","trial_id":236,"param_name":"PlateauHeight","param_value_internal":2.8634546225265693,"distribution":"{\"name\": \"FloatDistribution\", \"attributes\": {\"step\": null, \"low\": 2.0, \"high\": 4.0, \"log\": false}}"}
{"op_code":6,"worker_id":"d6dec318-6198-4b0d-9442-33b13b0b99ff-140273271562240","trial_id":231,"state":1,"values":[46.92609870024501,0.1650896605854984,0.5005744584956282],"datetime_complete":"2026-05-28T21:50:18.928176"}
{"op_code":4,"worker_id":"d6dec318-6198-4b0d-9442-33b13b0b99ff-140273271562240","study_id":0,"datetime_start":"2026-05-28T21:50:18.944774"}
{"op_code":9,"worker_id":"d6dec318-6198-4b0d-9442-33b13b0b99ff-140273271562240","trial_id":237,"system_attr":{"nsga2:generation":4}}
{"op_code":5,"worker_id":"d6dec318-6198-4b0d-9442-33b13b0b99ff-140273271562240","trial_id":237,"param_name":"JointSlopeAngle","param_value_internal":0.9466020239884709,"distribution":"{\"name\": \"FloatDistribution\", \"attributes\": {\"step\": null, \"low\": 0.17453292519943295, \"high\": 1.0471975511965976, \"log\": false}}"}
{"op_code":5,"worker_id":"d6dec318-6198-4b0d-9442-33b13b0b99ff-140273271562240","trial_id":237,"param_name":"OuterRadius","param_value_internal":10.232245410416859,"distribution":"{\"name\": \"FloatDistribution\", \"attributes\": {\"step\": null, \"low\": 8.75, \"high\": 17.75, \"log\": false}}"}
{"op_code":5,"worker_id":"d6dec318-6198-4b0d-9442-33b13b0b99ff-140273271562240","trial_id":237,"param_name":"JointHeight","param_value_internal":6.0292211998036205,"distribution":"{\"name\": \"FloatDistribution\", \"attributes\": {\"step\": null, \"low\": 5.0, \"high\": 8.0, \"log\": false}}"}
{"op_code":5,"worker_id":"d6dec318-6198-4b0d-9442-33b13b0b99ff-140273271562240","trial_id":237,"param_name":"CavityCorkThickness","param_value_internal":3.4826906895668426,"distribution":"{\"name\": \"FloatDistribution\", \"attributes\": {\"step\": null, \"low\": 2.0, \"high\": 5.0, \"log\": false}}"}
{"op_code":5,"worker_id":"d6dec318-6198-4b0d-9442-33b13b0b99ff-140273271562240","trial_id":237,"param_name":"BellowHeight","param_value_internal":9.427986893556298,"distribution":"{\"name\": \"FloatDistribution\", \"attributes\": {\"step\": null, \"low\": 6.0, \"high\": 10.0, \"log\": false}}"}
{"op_code":5,"worker_id":"d6dec318-6198-4b0d-9442-33b13b0b99ff-140273271562240","trial_id":237,"param_name":"WallThickness","param_value_internal":2.0215676563021177,"distribution":"{\"name\": \"FloatDistribution\", \"attributes\": {\"step\": null, \"low\": 2.0, \"high\": 4.0, \"log\": false}}"}
{"op_code":5,"worker_id":"d6dec318-6198-4b0d-9442-33b13b0b99ff-140273271562240","trial_id":237,"param_name":"PlateauHeight","param_value_internal":2.4239237915714935,"distribution":"{\"name\": \"FloatDistribution\", \"attributes\": {\"step\": null, \"low\": 2.0, \"high\": 4.0, \"log\": false}}"}
{"op_code":6,"worker_id":"8ef529fe-e953-4a66-b211-34b627f6af18-139982915063808","trial_id":234,"state":1,"values":[64.74036589582062,0.13311861547948892,0.4012998577520401],"datetime_complete":"2026-05-28T21:50:38.549288"}
{"op_code":4,"worker_id":"8ef529fe-e953-4a66-b211-34b627f6af18-139982915063808","study_id":0,"datetime_start":"2026-05-28T21:50:38.561892"}
{"op_code":9,"worker_id":"8ef529fe-e953-4a66-b211-34b627f6af18-139982915063808","trial_id":238,"system_attr":{"nsga2:generation":4}}
{"op_code":5,"worker_id":"8ef529fe-e953-4a66-b211-34b627f6af18-139982915063808","trial_id":238,"param_name":"JointSlopeAngle","param_value_internal":0.7679383056286152,"distribution":"{\"name\": \"FloatDistribution\", \"attributes\": {\"step\": null, \"low\": 0.17453292519943295, \"high\": 1.0471975511965976, \"log\": false}}"}
{"op_code":5,"worker_id":"8ef529fe-e953-4a66-b211-34b627f6af18-139982915063808","trial_id":238,"param_name":"OuterRadius","param_value_internal":10.739055096512908,"distribution":"{\"name\": \"FloatDistribution\", \"attributes\": {\"step\": null, \"low\": 8.75, \"high\": 17.75, \"log\": false}}"}
{"op_code":5,"worker_id":"8ef529fe-e953-4a66-b211-34b627f6af18-139982915063808","trial_id":238,"param_name":"JointHeight","param_value_internal":6.05579617910953,"distribution":"{\"name\": \"FloatDistribution\", \"attributes\": {\"step\": null, \"low\": 5.0, \"high\": 8.0, \"log\": false}}"}
{"op_code":5,"worker_id":"8ef529fe-e953-4a66-b211-34b627f6af18-139982915063808","trial_id":238,"param_name":"CavityCorkThickness","param_value_internal":4.450088644799013,"distribution":"{\"name\": \"FloatDistribution\", \"attributes\": {\"step\": null, \"low\": 2.0, \"high\": 5.0, \"log\": false}}"}
{"op_code":5,"worker_id":"8ef529fe-e953-4a66-b211-34b627f6af18-139982915063808","trial_id":238,"param_name":"BellowHeight","param_value_internal":8.358982826831989,"distribution":"{\"name\": \"FloatDistribution\", \"attributes\": {\"step\": null, \"low\": 6.0, \"high\": 10.0, \"log\": false}}"}
{"op_code":5,"worker_id":"8ef529fe-e953-4a66-b211-34b627f6af18-139982915063808","trial_id":238,"param_name":"WallThickness","param_value_internal":2.4033688852079402,"distribution":"{\"name\": \"FloatDistribution\", \"attributes\": {\"step\": null, \"low\": 2.0, \"high\": 4.0, \"log\": false}}"}
{"op_code":5,"worker_id":"8ef529fe-e953-4a66-b211-34b627f6af18-139982915063808","trial_id":238,"param_name":"PlateauHeight","param_value_internal":2.105795631576325,"distribution":"{\"name\": \"FloatDistribution\", \"attributes\": {\"step\": null, \"low\": 2.0, \"high\": 4.0, \"log\": false}}"}
{"op_code":6,"worker_id":"8a75add0-7778-42e4-866d-1286d98c173c-140410062901248","trial_id":235,"state":1,"values":[16.399370430220927,0.06759169190536038,0.42539684832589414],"datetime_complete":"2026-05-28T21:50:45.617424"}
{"op_code":4,"worker_id":"8a75add0-7778-42e4-866d-1286d98c173c-140410062901248","study_id":0,"datetime_start":"2026-05-28T21:50:45.630236"}
{"op_code":9,"worker_id":"8a75add0-7778-42e4-866d-1286d98c173c-140410062901248","trial_id":239,"system_attr":{"nsga2:generation":4}}
{"op_code":5,"worker_id":"8a75add0-7778-42e4-866d-1286d98c173c-140410062901248","trial_id":239,"param_name":"JointSlopeAngle","param_value_internal":0.6514101966662729,"distribution":"{\"name\": \"FloatDistribution\", \"attributes\": {\"step\": null, \"low\": 0.17453292519943295, \"high\": 1.0471975511965976, \"log\": false}}"}
{"op_code":5,"worker_id":"8a75add0-7778-42e4-866d-1286d98c173c-140410062901248","trial_id":239,"param_name":"OuterRadius","param_value_internal":15.992167409601281,"distribution":"{\"name\": \"FloatDistribution\", \"attributes\": {\"step\": null, \"low\": 8.75, \"high\": 17.75, \"log\": false}}"}
{"op_code":5,"worker_id":"8a75add0-7778-42e4-866d-1286d98c173c-140410062901248","trial_id":239,"param_name":"JointHeight","param_value_internal":7.614648670111828,"distribution":"{\"name\": \"FloatDistribution\", \"attributes\": {\"step\": null, \"low\": 5.0, \"high\": 8.0, \"log\": false}}"}
{"op_code":5,"worker_id":"8a75add0-7778-42e4-866d-1286d98c173c-140410062901248","trial_id":239,"param_name":"CavityCorkThickness","param_value_internal":3.216753339045557,"distribution":"{\"name\": \"FloatDistribution\", \"attributes\": {\"step\": null, \"low\": 2.0, \"high\": 5.0, \"log\": false}}"}
{"op_code":5,"worker_id":"8a75add0-7778-42e4-866d-1286d98c173c-140410062901248","trial_id":239,"param_name":"BellowHeight","param_value_internal":7.686933981939517,"distribution":"{\"name\": \"FloatDistribution\", \"attributes\": {\"step\": null, \"low\": 6.0, \"high\": 10.0, \"log\": false}}"}
{"op_code":5,"worker_id":"8a75add0-7778-42e4-866d-1286d98c173c-140410062901248","trial_id":239,"param_name":"WallThickness","param_value_internal":2.4033688852079402,"distribution":"{\"name\": \"FloatDistribution\", \"attributes\": {\"step\": null, \"low\": 2.0, \"high\": 4.0, \"log\": false}}"}
{"op_code":5,"worker_id":"8a75add0-7778-42e4-866d-1286d98c173c-140410062901248","trial_id":239,"param_name":"PlateauHeight","param_value_internal":3.6692697923165056,"distribution":"{\"name\": \"FloatDistribution\", \"attributes\": {\"step\": null, \"low\": 2.0, \"high\": 4.0, \"log\": false}}"}
{"op_code":6,"worker_id":"1d57d4b9-2efe-4085-8b4d-54f9f495ee39-139982114316288","trial_id":236,"state":1,"values":[64.79106822626886,0.07526438415092973,0.3933085194071946],"datetime_complete":"2026-05-28T21:50:50.488651"}
{"op_code":4,"worker_id":"1d57d4b9-2efe-4085-8b4d-54f9f495ee39-139982114316288","study_id":0,"datetime_start":"2026-05-28T21:50:50.500752"}
{"op_code":9,"worker_id":"1d57d4b9-2efe-4085-8b4d-54f9f495ee39-139982114316288","trial_id":240,"system_attr":{"nsga2:generation":4}}
{"op_code":5,"worker_id":"1d57d4b9-2efe-4085-8b4d-54f9f495ee39-139982114316288","trial_id":240,"param_name":"JointSlopeAngle","param_value_internal":0.9113548625297904,"distribution":"{\"name\": \"FloatDistribution\", \"attributes\": {\"step\": null, \"low\": 0.17453292519943295, \"high\": 1.0471975511965976, \"log\": false}}"}
{"op_code":5,"worker_id":"1d57d4b9-2efe-4085-8b4d-54f9f495ee39-139982114316288","trial_id":240,"param_name":"OuterRadius","param_value_internal":13.164705461911757,"distribution":"{\"name\": \"FloatDistribution\", \"attributes\": {\"step\": null, \"low\": 8.75, \"high\": 17.75, \"log\": false}}"}
{"op_code":5,"worker_id":"1d57d4b9-2efe-4085-8b4d-54f9f495ee39-139982114316288","trial_id":240,"param_name":"JointHeight","param_value_internal":6.285641497255659,"distribution":"{\"name\": \"FloatDistribution\", \"attributes\": {\"step\": null, \"low\": 5.0, \"high\": 8.0, \"log\": false}}"}
{"op_code":5,"worker_id":"1d57d4b9-2efe-4085-8b4d-54f9f495ee39-139982114316288","trial_id":240,"param_name":"CavityCorkThickness","param_value_internal":4.253755636283939,"distribution":"{\"name\": \"FloatDistribution\", \"attributes\": {\"step\": null, \"low\": 2.0, \"high\": 5.0, \"log\": false}}"}
{"op_code":5,"worker_id":"1d57d4b9-2efe-4085-8b4d-54f9f495ee39-139982114316288","trial_id":240,"param_name":"BellowHeight","param_value_internal":8.647569351477152,"distribution":"{\"name\": \"FloatDistribution\", \"attributes\": {\"step\": null, \"low\": 6.0, \"high\": 10.0, \"log\": false}}"}
{"op_code":5,"worker_id":"1d57d4b9-2efe-4085-8b4d-54f9f495ee39-139982114316288","trial_id":240,"param_name":"WallThickness","param_value_internal":2.462822096233915,"distribution":"{\"name\": \"FloatDistribution\", \"attributes\": {\"step\": null, \"low\": 2.0, \"high\": 4.0, \"log\": false}}"}
{"op_code":5,"worker_id":"1d57d4b9-2efe-4085-8b4d-54f9f495ee39-139982114316288","trial_id":240,"param_name":"PlateauHeight","param_value_internal":2.650760668247381,"distribution":"{\"name\": \"FloatDistribution\", \"attributes\": {\"step\": null, \"low\": 2.0, \"high\": 4.0, \"log\": false}}"}
{"op_code":6,"worker_id":"d6dec318-6198-4b0d-9442-33b13b0b99ff-140273271562240","trial_id":237,"state":1,"values":[49.34383380524656,0.14605395528464532,0.5148463243803694],"datetime_complete":"2026-05-28T21:51:01.047952"}
{"op_code":4,"worker_id":"d6dec318-6198-4b0d-9442-33b13b0b99ff-140273271562240","study_id":0,"datetime_start":"2026-05-28T21:51:01.064598"}
{"op_code":9,"worker_id":"d6dec318-6198-4b0d-9442-33b13b0b99ff-140273271562240","trial_id":241,"system_attr":{"nsga2:generation":4}}
{"op_code":5,"worker_id":"d6dec318-6198-4b0d-9442-33b13b0b99ff-140273271562240","trial_id":241,"param_name":"JointSlopeAngle","param_value_internal":0.8559411044632301,"distribution":"{\"name\": \"FloatDistribution\", \"attributes\": {\"step\": null, \"low\": 0.17453292519943295, \"high\": 1.0471975511965976, \"log\": false}}"}
{"op_code":5,"worker_id":"d6dec318-6198-4b0d-9442-33b13b0b99ff-140273271562240","trial_id":241,"param_name":"OuterRadius","param_value_internal":10.232245410416859,"distribution":"{\"name\": \"FloatDistribution\", \"attributes\": {\"step\": null, \"low\": 8.75, \"high\": 17.75, \"log\": false}}"}
{"op_code":5,"worker_id":"d6dec318-6198-4b0d-9442-33b13b0b99ff-140273271562240","trial_id":241,"param_name":"JointHeight","param_value_internal":7.319728841821658,"distribution":"{\"name\": \"FloatDistribution\", \"attributes\": {\"step\": null, \"low\": 5.0, \"high\": 8.0, \"log\": false}}"}
{"op_code":5,"worker_id":"d6dec318-6198-4b0d-9442-33b13b0b99ff-140273271562240","trial_id":241,"param_name":"CavityCorkThickness","param_value_internal":2.5365079646845103,"distribution":"{\"name\": \"FloatDistribution\", \"attributes\": {\"step\": null, \"low\": 2.0, \"high\": 5.0, \"log\": false}}"}
{"op_code":5,"worker_id":"d6dec318-6198-4b0d-9442-33b13b0b99ff-140273271562240","trial_id":241,"param_name":"BellowHeight","param_value_internal":6.5951963804731175,"distribution":"{\"name\": \"FloatDistribution\", \"attributes\": {\"step\": null, \"low\": 6.0, \"high\": 10.0, \"log\": false}}"}
{"op_code":5,"worker_id":"d6dec318-6198-4b0d-9442-33b13b0b99ff-140273271562240","trial_id":241,"param_name":"WallThickness","param_value_internal":2.9869693814696983,"distribution":"{\"name\": \"FloatDistribution\", \"attributes\": {\"step\": null, \"low\": 2.0, \"high\": 4.0, \"log\": false}}"}
{"op_code":5,"worker_id":"d6dec318-6198-4b0d-9442-33b13b0b99ff-140273271562240","trial_id":241,"param_name":"PlateauHeight","param_value_internal":2.6190336538111945,"distribution":"{\"name\": \"FloatDistribution\", \"attributes\": {\"step\": null, \"low\": 2.0, \"high\": 4.0, \"log\": false}}"}
{"op_code":6,"worker_id":"8ef529fe-e953-4a66-b211-34b627f6af18-139982915063808","trial_id":238,"state":1,"values":[30.281103568462044,0.15009242835567352,0.4913420654919788],"datetime_complete":"2026-05-28T21:51:11.810817"}
{"op_code":4,"worker_id":"8ef529fe-e953-4a66-b211-34b627f6af18-139982915063808","study_id":0,"datetime_start":"2026-05-28T21:51:11.823712"}
{"op_code":9,"worker_id":"8ef529fe-e953-4a66-b211-34b627f6af18-139982915063808","trial_id":242,"system_attr":{"nsga2:generation":4}}
{"op_code":5,"worker_id":"8ef529fe-e953-4a66-b211-34b627f6af18-139982915063808","trial_id":242,"param_name":"JointSlopeAngle","param_value_internal":0.9165178584883912,"distribution":"{\"name\": \"FloatDistribution\", \"attributes\": {\"step\": null, \"low\": 0.17453292519943295, \"high\": 1.0471975511965976, \"log\": false}}"}
{"op_code":5,"worker_id":"8ef529fe-e953-4a66-b211-34b627f6af18-139982915063808","trial_id":242,"param_name":"OuterRadius","param_value_internal":9.94952073879575,"distribution":"{\"name\": \"FloatDistribution\", \"attributes\": {\"step\": null, \"low\": 8.75, \"high\": 17.75, \"log\": false}}"}
{"op_code":5,"worker_id":"8ef529fe-e953-4a66-b211-34b627f6af18-139982915063808","trial_id":242,"param_name":"JointHeight","param_value_internal":6.577801974262155,"distribution":"{\"name\": \"FloatDistribution\", \"attributes\": {\"step\": null, \"low\": 5.0, \"high\": 8.0, \"log\": false}}"}
{"op_code":5,"worker_id":"8ef529fe-e953-4a66-b211-34b627f6af18-139982915063808","trial_id":242,"param_name":"CavityCorkThickness","param_value_internal":3.3051993234968178,"distribution":"{\"name\": \"FloatDistribution\", \"attributes\": {\"step\": null, \"low\": 2.0, \"high\": 5.0, \"log\": false}}"}
{"op_code":5,"worker_id":"8ef529fe-e953-4a66-b211-34b627f6af18-139982915063808","trial_id":242,"param_name":"BellowHeight","param_value_internal":7.646256208121855,"distribution":"{\"name\": \"FloatDistribution\", \"attributes\": {\"step\": null, \"low\": 6.0, \"high\": 10.0, \"log\": false}}"}
{"op_code":5,"worker_id":"8ef529fe-e953-4a66-b211-34b627f6af18-139982915063808","trial_id":242,"param_name":"WallThickness","param_value_internal":2.446721494003385,"distribution":"{\"name\": \"FloatDistribution\", \"attributes\": {\"step\": null, \"low\": 2.0, \"high\": 4.0, \"log\": false}}"}
{"op_code":5,"worker_id":"8ef529fe-e953-4a66-b211-34b627f6af18-139982915063808","trial_id":242,"param_name":"PlateauHeight","param_value_internal":2.4239237915714935,"distribution":"{\"name\": \"FloatDistribution\", \"attributes\": {\"step\": null, \"low\": 2.0, \"high\": 4.0, \"log\": false}}"}
{"op_code":6,"worker_id":"8a75add0-7778-42e4-866d-1286d98c173c-140410062901248","trial_id":239,"state":1,"values":[88.93643178026696,0.08397830945790105,0.3597609180991816],"datetime_complete":"2026-05-28T21:51:20.160816"}
{"op_code":4,"worker_id":"8a75add0-7778-42e4-866d-1286d98c173c-140410062901248","study_id":0,"datetime_start":"2026-05-28T21:51:20.173692"}
{"op_code":9,"worker_id":"8a75add0-7778-42e4-866d-1286d98c173c-140410062901248","trial_id":243,"system_attr":{"nsga2:generation":4}}
{"op_code":5,"worker_id":"8a75add0-7778-42e4-866d-1286d98c173c-140410062901248","trial_id":243,"param_name":"JointSlopeAngle","param_value_internal":0.9261479158450542,"distribution":"{\"name\": \"FloatDistribution\", \"attributes\": {\"step\": null, \"low\": 0.17453292519943295, \"high\": 1.0471975511965976, \"log\": false}}"}
{"op_code":5,"worker_id":"8a75add0-7778-42e4-866d-1286d98c173c-140410062901248","trial_id":243,"param_name":"OuterRadius","param_value_internal":10.232245410416859,"distribution":"{\"name\": \"FloatDistribution\", \"attributes\": {\"step\": null, \"low\": 8.75, \"high\": 17.75, \"log\": false}}"}
{"op_code":5,"worker_id":"8a75add0-7778-42e4-866d-1286d98c173c-140410062901248","trial_id":243,"param_name":"JointHeight","param_value_internal":5.474205040178538,"distribution":"{\"name\": \"FloatDistribution\", \"attributes\": {\"step\": null, \"low\": 5.0, \"high\": 8.0, \"log\": false}}"}
{"op_code":5,"worker_id":"8a75add0-7778-42e4-866d-1286d98c173c-140410062901248","trial_id":243,"param_name":"CavityCorkThickness","param_value_internal":4.120272134475807,"distribution":"{\"name\": \"FloatDistribution\", \"attributes\": {\"step\": null, \"low\": 2.0, \"high\": 5.0, \"log\": false}}"}
{"op_code":5,"worker_id":"8a75add0-7778-42e4-866d-1286d98c173c-140410062901248","trial_id":243,"param_name":"BellowHeight","param_value_internal":6.817210571363836,"distribution":"{\"name\": \"FloatDistribution\", \"attributes\": {\"step\": null, \"low\": 6.0, \"high\": 10.0, \"log\": false}}"}
{"op_code":5,"worker_id":"8a75add0-7778-42e4-866d-1286d98c173c-140410062901248","trial_id":243,"param_name":"WallThickness","param_value_internal":2.572774572846695,"distribution":"{\"name\": \"FloatDistribution\", \"attributes\": {\"step\": null, \"low\": 2.0, \"high\": 4.0, \"log\": false}}"}
{"op_code":5,"worker_id":"8a75add0-7778-42e4-866d-1286d98c173c-140410062901248","trial_id":243,"param_name":"PlateauHeight","param_value_internal":2.6534402573663156,"distribution":"{\"name\": \"FloatDistribution\", \"attributes\": {\"step\": null, \"low\": 2.0, \"high\": 4.0, \"log\": false}}"}
{"op_code":6,"worker_id":"1d57d4b9-2efe-4085-8b4d-54f9f495ee39-139982114316288","trial_id":240,"state":1,"values":[39.234028314274155,0.08113178624439082,0.4394848363833229],"datetime_complete":"2026-05-28T21:51:23.676085"}
{"op_code":4,"worker_id":"1d57d4b9-2efe-4085-8b4d-54f9f495ee39-139982114316288","study_id":0,"datetime_start":"2026-05-28T21:51:23.688119"}
{"op_code":9,"worker_id":"1d57d4b9-2efe-4085-8b4d-54f9f495ee39-139982114316288","trial_id":244,"system_attr":{"nsga2:generation":4}}
{"op_code":5,"worker_id":"1d57d4b9-2efe-4085-8b4d-54f9f495ee39-139982114316288","trial_id":244,"param_name":"JointSlopeAngle","param_value_internal":0.4971826600067385,"distribution":"{\"name\": \"FloatDistribution\", \"attributes\": {\"step\": null, \"low\": 0.17453292519943295, \"high\": 1.0471975511965976, \"log\": false}}"}
{"op_code":5,"worker_id":"1d57d4b9-2efe-4085-8b4d-54f9f495ee39-139982114316288","trial_id":244,"param_name":"OuterRadius","param_value_internal":13.164705461911757,"distribution":"{\"name\": \"FloatDistribution\", \"attributes\": {\"step\": null, \"low\": 8.75, \"high\": 17.75, \"log\": false}}"}
{"op_code":5,"worker_id":"1d57d4b9-2efe-4085-8b4d-54f9f495ee39-139982114316288","trial_id":244,"param_name":"JointHeight","param_value_internal":6.752844906400649,"distribution":"{\"name\": \"FloatDistribution\", \"attributes\": {\"step\": null, \"low\": 5.0, \"high\": 8.0, \"log\": false}}"}
{"op_code":5,"worker_id":"1d57d4b9-2efe-4085-8b4d-54f9f495ee39-139982114316288","trial_id":244,"param_name":"CavityCorkThickness","param_value_internal":4.253755636283939,"distribution":"{\"name\": \"FloatDistribution\", \"attributes\": {\"step\": null, \"low\": 2.0, \"high\": 5.0, \"log\": false}}"}
{"op_code":5,"worker_id":"1d57d4b9-2efe-4085-8b4d-54f9f495ee39-139982114316288","trial_id":244,"param_name":"BellowHeight","param_value_internal":6.745910664595325,"distribution":"{\"name\": \"FloatDistribution\", \"attributes\": {\"step\": null, \"low\": 6.0, \"high\": 10.0, \"log\": false}}"}
{"op_code":5,"worker_id":"1d57d4b9-2efe-4085-8b4d-54f9f495ee39-139982114316288","trial_id":244,"param_name":"WallThickness","param_value_internal":2.462822096233915,"distribution":"{\"name\": \"FloatDistribution\", \"attributes\": {\"step\": null, \"low\": 2.0, \"high\": 4.0, \"log\": false}}"}
{"op_code":5,"worker_id":"1d57d4b9-2efe-4085-8b4d-54f9f495ee39-139982114316288","trial_id":244,"param_name":"PlateauHeight","param_value_internal":3.6692697923165056,"distribution":"{\"name\": \"FloatDistribution\", \"attributes\": {\"step\": null, \"low\": 2.0, \"high\": 4.0, \"log\": false}}"}
{"op_code":6,"worker_id":"d6dec318-6198-4b0d-9442-33b13b0b99ff-140273271562240","trial_id":241,"state":1,"values":[21.408848225277097,0.09008959665246466,0.4387871683218625],"datetime_complete":"2026-05-28T21:51:42.540935"}
{"op_code":4,"worker_id":"d6dec318-6198-4b0d-9442-33b13b0b99ff-140273271562240","study_id":0,"datetime_start":"2026-05-28T21:51:42.557745"}
{"op_code":9,"worker_id":"d6dec318-6198-4b0d-9442-33b13b0b99ff-140273271562240","trial_id":245,"system_attr":{"nsga2:generation":4}}
{"op_code":5,"worker_id":"d6dec318-6198-4b0d-9442-33b13b0b99ff-140273271562240","trial_id":245,"param_name":"JointSlopeAngle","param_value_internal":0.5852465981081705,"distribution":"{\"name\": \"FloatDistribution\", \"attributes\": {\"step\": null, \"low\": 0.17453292519943295, \"high\": 1.0471975511965976, \"log\": false}}"}
{"op_code":5,"worker_id":"d6dec318-6198-4b0d-9442-33b13b0b99ff-140273271562240","trial_id":245,"param_name":"OuterRadius","param_value_internal":15.99603399757401,"distribution":"{\"name\": \"FloatDistribution\", \"attributes\": {\"step\": null, \"low\": 8.75, \"high\": 17.75, \"log\": false}}"}
{"op_code":5,"worker_id":"d6dec318-6198-4b0d-9442-33b13b0b99ff-140273271562240","trial_id":245,"param_name":"JointHeight","param_value_internal":5.4726252712851915,"distribution":"{\"name\": \"FloatDistribution\", \"attributes\": {\"step\": null, \"low\": 5.0, \"high\": 8.0, \"log\": false}}"}
{"op_code":5,"worker_id":"d6dec318-6198-4b0d-9442-33b13b0b99ff-140273271562240","trial_id":245,"param_name":"CavityCorkThickness","param_value_internal":2.1033859861361157,"distribution":"{\"name\": \"FloatDistribution\", \"attributes\": {\"step\": null, \"low\": 2.0, \"high\": 5.0, \"log\": false}}"}
{"op_code":5,"worker_id":"d6dec318-6198-4b0d-9442-33b13b0b99ff-140273271562240","trial_id":245,"param_name":"BellowHeight","param_value_internal":7.646256208121855,"distribution":"{\"name\": \"FloatDistribution\", \"attributes\": {\"step\": null, \"low\": 6.0, \"high\": 10.0, \"log\": false}}"}
{"op_code":5,"worker_id":"d6dec318-6198-4b0d-9442-33b13b0b99ff-140273271562240","trial_id":245,"param_name":"WallThickness","param_value_internal":2.0215676563021177,"distribution":"{\"name\": \"FloatDistribution\", \"attributes\": {\"step\": null, \"low\": 2.0, \"high\": 4.0, \"log\": false}}"}
{"op_code":5,"worker_id":"d6dec318-6198-4b0d-9442-33b13b0b99ff-140273271562240","trial_id":245,"param_name":"PlateauHeight","param_value_internal":2.650760668247381,"distribution":"{\"name\": \"FloatDistribution\", \"attributes\": {\"step\": null, \"low\": 2.0, \"high\": 4.0, \"log\": false}}"}
{"op_code":6,"worker_id":"8ef529fe-e953-4a66-b211-34b627f6af18-139982915063808","trial_id":242,"state":1,"values":[30.29280410054534,0.13134727024506754,0.5178412529530431],"datetime_complete":"2026-05-28T21:51:44.922941"}
{"op_code":4,"worker_id":"8ef529fe-e953-4a66-b211-34b627f6af18-139982915063808","study_id":0,"datetime_start":"2026-05-28T21:51:44.935518"}
{"op_code":9,"worker_id":"8ef529fe-e953-4a66-b211-34b627f6af18-139982915063808","trial_id":246,"system_attr":{"nsga2:generation":4}}
{"op_code":5,"worker_id":"8ef529fe-e953-4a66-b211-34b627f6af18-139982915063808","trial_id":246,"param_name":"JointSlopeAngle","param_value_internal":0.7191209171245115,"distribution":"{\"name\": \"FloatDistribution\", \"attributes\": {\"step\": null, \"low\": 0.17453292519943295, \"high\": 1.0471975511965976, \"log\": false}}"}
{"op_code":5,"worker_id":"8ef529fe-e953-4a66-b211-34b627f6af18-139982915063808","trial_id":246,"param_name":"OuterRadius","param_value_internal":14.099577595746613,"distribution":"{\"name\": \"FloatDistribution\", \"attributes\": {\"step\": null, \"low\": 8.75, \"high\": 17.75, \"log\": false}}"}
{"op_code":5,"worker_id":"8ef529fe-e953-4a66-b211-34b627f6af18-139982915063808","trial_id":246,"param_name":"JointHeight","param_value_internal":5.458385355736822,"distribution":"{\"name\": \"FloatDistribution\", \"attributes\": {\"step\": null, \"low\": 5.0, \"high\": 8.0, \"log\": false}}"}
{"op_code":5,"worker_id":"8ef529fe-e953-4a66-b211-34b627f6af18-139982915063808","trial_id":246,"param_name":"CavityCorkThickness","param_value_internal":3.268333017350702,"distribution":"{\"name\": \"FloatDistribution\", \"attributes\": {\"step\": null, \"low\": 2.0, \"high\": 5.0, \"log\": false}}"}
{"op_code":5,"worker_id":"8ef529fe-e953-4a66-b211-34b627f6af18-139982915063808","trial_id":246,"param_name":"BellowHeight","param_value_internal":6.5951963804731175,"distribution":"{\"name\": \"FloatDistribution\", \"attributes\": {\"step\": null, \"low\": 6.0, \"high\": 10.0, \"log\": false}}"}
{"op_code":5,"worker_id":"8ef529fe-e953-4a66-b211-34b627f6af18-139982915063808","trial_id":246,"param_name":"WallThickness","param_value_internal":2.7056894974878736,"distribution":"{\"name\": \"FloatDistribution\", \"attributes\": {\"step\": null, \"low\": 2.0, \"high\": 4.0, \"log\": false}}"}
{"op_code":5,"worker_id":"8ef529fe-e953-4a66-b211-34b627f6af18-139982915063808","trial_id":246,"param_name":"PlateauHeight","param_value_internal":2.176473618505732,"distribution":"{\"name\": \"FloatDistribution\", \"attributes\": {\"step\": null, \"low\": 2.0, \"high\": 4.0, \"log\": false}}"}
{"op_code":6,"worker_id":"8a75add0-7778-42e4-866d-1286d98c173c-140410062901248","trial_id":243,"state":1,"values":[16.51708844013146,0.10282382618789719,0.5116325592318662],"datetime_complete":"2026-05-28T21:51:52.966600"}
{"op_code":4,"worker_id":"8a75add0-7778-42e4-866d-1286d98c173c-140410062901248","study_id":0,"datetime_start":"2026-05-28T21:51:52.979038"}
{"op_code":9,"worker_id":"8a75add0-7778-42e4-866d-1286d98c173c-140410062901248","trial_id":247,"system_attr":{"nsga2:generation":4}}
{"op_code":5,"worker_id":"8a75add0-7778-42e4-866d-1286d98c173c-140410062901248","trial_id":247,"param_name":"JointSlopeAngle","param_value_internal":0.9297848729389682,"distribution":"{\"name\": \"FloatDistribution\", \"attributes\": {\"step\": null, \"low\": 0.17453292519943295, \"high\": 1.0471975511965976, \"log\": false}}"}
{"op_code":5,"worker_id":"8a75add0-7778-42e4-866d-1286d98c173c-140410062901248","trial_id":247,"param_name":"OuterRadius","param_value_internal":9.94952073879575,"distribution":"{\"name\": \"FloatDistribution\", \"attributes\": {\"step\": null, \"low\": 8.75, \"high\": 17.75, \"log\": false}}"}
{"op_code":5,"worker_id":"8a75add0-7778-42e4-866d-1286d98c173c-140410062901248","trial_id":247,"param_name":"JointHeight","param_value_internal":7.614648670111828,"distribution":"{\"name\": \"FloatDistribution\", \"attributes\": {\"step\": null, \"low\": 5.0, \"high\": 8.0, \"log\": false}}"}
{"op_code":5,"worker_id":"8a75add0-7778-42e4-866d-1286d98c173c-140410062901248","trial_id":247,"param_name":"CavityCorkThickness","param_value_internal":4.657711220929244,"distribution":"{\"name\": \"FloatDistribution\", \"attributes\": {\"step\": null, \"low\": 2.0, \"high\": 5.0, \"log\": false}}"}
{"op_code":5,"worker_id":"8a75add0-7778-42e4-866d-1286d98c173c-140410062901248","trial_id":247,"param_name":"BellowHeight","param_value_internal":7.686933981939517,"distribution":"{\"name\": \"FloatDistribution\", \"attributes\": {\"step\": null, \"low\": 6.0, \"high\": 10.0, \"log\": false}}"}
{"op_code":5,"worker_id":"8a75add0-7778-42e4-866d-1286d98c173c-140410062901248","trial_id":247,"param_name":"WallThickness","param_value_internal":3.445314823170217,"distribution":"{\"name\": \"FloatDistribution\", \"attributes\": {\"step\": null, \"low\": 2.0, \"high\": 4.0, \"log\": false}}"}
{"op_code":5,"worker_id":"8a75add0-7778-42e4-866d-1286d98c173c-140410062901248","trial_id":247,"param_name":"PlateauHeight","param_value_internal":2.623492640568099,"distribution":"{\"name\": \"FloatDistribution\", \"attributes\": {\"step\": null, \"low\": 2.0, \"high\": 4.0, \"log\": false}}"}
{"op_code":6,"worker_id":"1d57d4b9-2efe-4085-8b4d-54f9f495ee39-139982114316288","trial_id":244,"state":1,"values":[53.72241029829979,0.12631777216234433,0.42394656544871906],"datetime_complete":"2026-05-28T21:51:55.147059"}
{"op_code":4,"worker_id":"1d57d4b9-2efe-4085-8b4d-54f9f495ee39-139982114316288","study_id":0,"datetime_start":"2026-05-28T21:51:55.159547"}
{"op_code":9,"worker_id":"1d57d4b9-2efe-4085-8b4d-54f9f495ee39-139982114316288","trial_id":248,"system_attr":{"nsga2:generation":4}}
{"op_code":5,"worker_id":"1d57d4b9-2efe-4085-8b4d-54f9f495ee39-139982114316288","trial_id":248,"param_name":"JointSlopeAngle","param_value_internal":0.7461897180006781,"distribution":"{\"name\": \"FloatDistribution\", \"attributes\": {\"step\": null, \"low\": 0.17453292519943295, \"high\": 1.0471975511965976, \"log\": false}}"}
{"op_code":5,"worker_id":"1d57d4b9-2efe-4085-8b4d-54f9f495ee39-139982114316288","trial_id":248,"param_name":"OuterRadius","param_value_internal":13.841834816316597,"distribution":"{\"name\": \"FloatDistribution\", \"attributes\": {\"step\": null, \"low\": 8.75, \"high\": 17.75, \"log\": false}}"}
{"op_code":5,"worker_id":"1d57d4b9-2efe-4085-8b4d-54f9f495ee39-139982114316288","trial_id":248,"param_name":"JointHeight","param_value_internal":6.638937323422686,"distribution":"{\"name\": \"FloatDistribution\", \"attributes\": {\"step\": null, \"low\": 5.0, \"high\": 8.0, \"log\": false}}"}
{"op_code":5,"worker_id":"1d57d4b9-2efe-4085-8b4d-54f9f495ee39-139982114316288","trial_id":248,"param_name":"CavityCorkThickness","param_value_internal":3.216753339045557,"distribution":"{\"name\": \"FloatDistribution\", \"attributes\": {\"step\": null, \"low\": 2.0, \"high\": 5.0, \"log\": false}}"}
{"op_code":5,"worker_id":"1d57d4b9-2efe-4085-8b4d-54f9f495ee39-139982114316288","trial_id":248,"param_name":"BellowHeight","param_value_internal":7.646256208121855,"distribution":"{\"name\": \"FloatDistribution\", \"attributes\": {\"step\": null, \"low\": 6.0, \"high\": 10.0, \"log\": false}}"}
{"op_code":5,"worker_id":"1d57d4b9-2efe-4085-8b4d-54f9f495ee39-139982114316288","trial_id":248,"param_name":"WallThickness","param_value_internal":2.0215676563021177,"distribution":"{\"name\": \"FloatDistribution\", \"attributes\": {\"step\": null, \"low\": 2.0, \"high\": 4.0, \"log\": false}}"}
{"op_code":5,"worker_id":"1d57d4b9-2efe-4085-8b4d-54f9f495ee39-139982114316288","trial_id":248,"param_name":"PlateauHeight","param_value_internal":3.497282529535906,"distribution":"{\"name\": \"FloatDistribution\", \"attributes\": {\"step\": null, \"low\": 2.0, \"high\": 4.0, \"log\": false}}"}
{"op_code":6,"worker_id":"8ef529fe-e953-4a66-b211-34b627f6af18-139982915063808","trial_id":246,"state":1,"values":[48.45284483079615,0.09074934102686037,0.40168023331524777],"datetime_complete":"2026-05-28T21:52:18.294567"}
{"op_code":4,"worker_id":"8ef529fe-e953-4a66-b211-34b627f6af18-139982915063808","study_id":0,"datetime_start":"2026-05-28T21:52:18.307284"}
{"op_code":9,"worker_id":"8ef529fe-e953-4a66-b211-34b627f6af18-139982915063808","trial_id":249,"system_attr":{"nsga2:generation":4}}
{"op_code":5,"worker_id":"8ef529fe-e953-4a66-b211-34b627f6af18-139982915063808","trial_id":249,"param_name":"JointSlopeAngle","param_value_internal":0.4971826600067385,"distribution":"{\"name\": \"FloatDistribution\", \"attributes\": {\"step\": null, \"low\": 0.17453292519943295, \"high\": 1.0471975511965976, \"log\": false}}"}
{"op_code":5,"worker_id":"8ef529fe-e953-4a66-b211-34b627f6af18-139982915063808","trial_id":249,"param_name":"OuterRadius","param_value_internal":17.125688024141258,"distribution":"{\"name\": \"FloatDistribution\", \"attributes\": {\"step\": null, \"low\": 8.75, \"high\": 17.75, \"log\": false}}"}
{"op_code":5,"worker_id":"8ef529fe-e953-4a66-b211-34b627f6af18-139982915063808","trial_id":249,"param_name":"JointHeight","param_value_internal":6.752844906400649,"distribution":"{\"name\": \"FloatDistribution\", \"attributes\": {\"step\": null, \"low\": 5.0, \"high\": 8.0, \"log\": false}}"}
{"op_code":5,"worker_id":"8ef529fe-e953-4a66-b211-34b627f6af18-139982915063808","trial_id":249,"param_name":"CavityCorkThickness","param_value_internal":4.554613221934789,"distribution":"{\"name\": \"FloatDistribution\", \"attributes\": {\"step\": null, \"low\": 2.0, \"high\": 5.0, \"log\": false}}"}
{"op_code":5,"worker_id":"8ef529fe-e953-4a66-b211-34b627f6af18-139982915063808","trial_id":249,"param_name":"BellowHeight","param_value_internal":7.164870266821776,"distribution":"{\"name\": \"FloatDistribution\", \"attributes\": {\"step\": null, \"low\": 6.0, \"high\": 10.0, \"log\": false}}"}
{"op_code":5,"worker_id":"8ef529fe-e953-4a66-b211-34b627f6af18-139982915063808","trial_id":249,"param_name":"WallThickness","param_value_internal":2.248916559327598,"distribution":"{\"name\": \"FloatDistribution\", \"attributes\": {\"step\": null, \"low\": 2.0, \"high\": 4.0, \"log\": false}}"}
{"op_code":5,"worker_id":"8ef529fe-e953-4a66-b211-34b627f6af18-139982915063808","trial_id":249,"param_name":"PlateauHeight","param_value_internal":3.410592191802534,"distribution":"{\"name\": \"FloatDistribution\", \"attributes\": {\"step\": null, \"low\": 2.0, \"high\": 4.0, \"log\": false}}"}
{"op_code":6,"worker_id":"8a75add0-7778-42e4-866d-1286d98c173c-140410062901248","trial_id":247,"state":1,"values":[8.926091385825373,0.16645753012935524,0.4437648315748042],"datetime_complete":"2026-05-28T21:52:24.592251"}
{"op_code":4,"worker_id":"8a75add0-7778-42e4-866d-1286d98c173c-140410062901248","study_id":0,"datetime_start":"2026-05-28T21:52:24.604211"}
{"op_code":9,"worker_id":"8a75add0-7778-42e4-866d-1286d98c173c-140410062901248","trial_id":250,"system_attr":{"nsga2:generation":4}}
{"op_code":5,"worker_id":"8a75add0-7778-42e4-866d-1286d98c173c-140410062901248","trial_id":250,"param_name":"JointSlopeAngle","param_value_internal":0.28423537962449874,"distribution":"{\"name\": \"FloatDistribution\", \"attributes\": {\"step\": null, \"low\": 0.17453292519943295, \"high\": 1.0471975511965976, \"log\": false}}"}
{"op_code":5,"worker_id":"8a75add0-7778-42e4-866d-1286d98c173c-140410062901248","trial_id":250,"param_name":"OuterRadius","param_value_internal":10.232245410416859,"distribution":"{\"name\": \"FloatDistribution\", \"attributes\": {\"step\": null, \"low\": 8.75, \"high\": 17.75, \"log\": false}}"}
{"op_code":5,"worker_id":"8a75add0-7778-42e4-866d-1286d98c173c-140410062901248","trial_id":250,"param_name":"JointHeight","param_value_internal":6.577801974262155,"distribution":"{\"name\": \"FloatDistribution\", \"attributes\": {\"step\": null, \"low\": 5.0, \"high\": 8.0, \"log\": false}}"}
{"op_code":5,"worker_id":"8a75add0-7778-42e4-866d-1286d98c173c-140410062901248","trial_id":250,"param_name":"CavityCorkThickness","param_value_internal":2.1033859861361157,"distribution":"{\"name\": \"FloatDistribution\", \"attributes\": {\"step\": null, \"low\": 2.0, \"high\": 5.0, \"log\": false}}"}
{"op_code":5,"worker_id":"8a75add0-7778-42e4-866d-1286d98c173c-140410062901248","trial_id":250,"param_name":"BellowHeight","param_value_internal":8.647569351477152,"distribution":"{\"name\": \"FloatDistribution\", \"attributes\": {\"step\": null, \"low\": 6.0, \"high\": 10.0, \"log\": false}}"}
{"op_code":5,"worker_id":"8a75add0-7778-42e4-866d-1286d98c173c-140410062901248","trial_id":250,"param_name":"WallThickness","param_value_internal":2.248916559327598,"distribution":"{\"name\": \"FloatDistribution\", \"attributes\": {\"step\": null, \"low\": 2.0, \"high\": 4.0, \"log\": false}}"}
{"op_code":5,"worker_id":"8a75add0-7778-42e4-866d-1286d98c173c-140410062901248","trial_id":250,"param_name":"PlateauHeight","param_value_internal":3.9864459396520076,"distribution":"{\"name\": \"FloatDistribution\", \"attributes\": {\"step\": null, \"low\": 2.0, \"high\": 4.0, \"log\": false}}"}
{"op_code":6,"worker_id":"d6dec318-6198-4b0d-9442-33b13b0b99ff-140273271562240","trial_id":245,"state":1,"values":[118.59829067462874,0.09898436756603851,0.3503911830801591],"datetime_complete":"2026-05-28T21:52:26.397348"}
{"op_code":4,"worker_id":"d6dec318-6198-4b0d-9442-33b13b0b99ff-140273271562240","study_id":0,"datetime_start":"2026-05-28T21:52:26.413831"}
{"op_code":9,"worker_id":"d6dec318-6198-4b0d-9442-33b13b0b99ff-140273271562240","trial_id":251,"system_attr":{"nsga2:generation":4}}
{"op_code":5,"worker_id":"d6dec318-6198-4b0d-9442-33b13b0b99ff-140273271562240","trial_id":251,"param_name":"JointSlopeAngle","param_value_internal":0.7461897180006781,"distribution":"{\"name\": \"FloatDistribution\", \"attributes\": {\"step\": null, \"low\": 0.17453292519943295, \"high\": 1.0471975511965976, \"log\": false}}"}
{"op_code":5,"worker_id":"d6dec318-6198-4b0d-9442-33b13b0b99ff-140273271562240","trial_id":251,"param_name":"OuterRadius","param_value_internal":9.94952073879575,"distribution":"{\"name\": \"FloatDistribution\", \"attributes\": {\"step\": null, \"low\": 8.75, \"high\": 17.75, \"log\": false}}"}
{"op_code":5,"worker_id":"d6dec318-6198-4b0d-9442-33b13b0b99ff-140273271562240","trial_id":251,"param_name":"JointHeight","param_value_internal":5.8741644177199115,"distribution":"{\"name\": \"FloatDistribution\", \"attributes\": {\"step\": null, \"low\": 5.0, \"high\": 8.0, \"log\": false}}"}
{"op_code":5,"worker_id":"d6dec318-6198-4b0d-9442-33b13b0b99ff-140273271562240","trial_id":251,"param_name":"CavityCorkThickness","param_value_internal":4.120272134475807,"distribution":"{\"name\": \"FloatDistribution\", \"attributes\": {\"step\": null, \"low\": 2.0, \"high\": 5.0, \"log\": false}}"}
{"op_code":5,"worker_id":"d6dec318-6198-4b0d-9442-33b13b0b99ff-140273271562240","trial_id":251,"param_name":"BellowHeight","param_value_internal":7.646256208121855,"distribution":"{\"name\": \"FloatDistribution\", \"attributes\": {\"step\": null, \"low\": 6.0, \"high\": 10.0, \"log\": false}}"}
{"op_code":5,"worker_id":"d6dec318-6198-4b0d-9442-33b13b0b99ff-140273271562240","trial_id":251,"param_name":"WallThickness","param_value_internal":2.6842589667978642,"distribution":"{\"name\": \"FloatDistribution\", \"attributes\": {\"step\": null, \"low\": 2.0, \"high\": 4.0, \"log\": false}}"}
{"op_code":5,"worker_id":"d6dec318-6198-4b0d-9442-33b13b0b99ff-140273271562240","trial_id":251,"param_name":"PlateauHeight","param_value_internal":3.497282529535906,"distribution":"{\"name\": \"FloatDistribution\", \"attributes\": {\"step\": null, \"low\": 2.0, \"high\": 4.0, \"log\": false}}"}
{"op_code":6,"worker_id":"1d57d4b9-2efe-4085-8b4d-54f9f495ee39-139982114316288","trial_id":248,"state":1,"values":[68.78579129803438,0.08954984230654647,0.4118437435777357],"datetime_complete":"2026-05-28T21:52:28.372310"}
{"op_code":4,"worker_id":"1d57d4b9-2efe-4085-8b4d-54f9f495ee39-139982114316288","study_id":0,"datetime_start":"2026-05-28T21:52:28.385380"}
{"op_code":9,"worker_id":"1d57d4b9-2efe-4085-8b4d-54f9f495ee39-139982114316288","trial_id":252,"system_attr":{"nsga2:generation":4}}
{"op_code":5,"worker_id":"1d57d4b9-2efe-4085-8b4d-54f9f495ee39-139982114316288","trial_id":252,"param_name":"JointSlopeAngle","param_value_internal":0.6283301402413571,"distribution":"{\"name\": \"FloatDistribution\", \"attributes\": {\"step\": null, \"low\": 0.17453292519943295, \"high\": 1.0471975511965976, \"log\": false}}"}
{"op_code":5,"worker_id":"1d57d4b9-2efe-4085-8b4d-54f9f495ee39-139982114316288","trial_id":252,"param_name":"OuterRadius","param_value_internal":11.766810365695498,"distribution":"{\"name\": \"FloatDistribution\", \"attributes\": {\"step\": null, \"low\": 8.75, \"high\": 17.75, \"log\": false}}"}
{"op_code":5,"worker_id":"1d57d4b9-2efe-4085-8b4d-54f9f495ee39-139982114316288","trial_id":252,"param_name":"JointHeight","param_value_internal":5.8741644177199115,"distribution":"{\"name\": \"FloatDistribution\", \"attributes\": {\"step\": null, \"low\": 5.0, \"high\": 8.0, \"log\": false}}"}
{"op_code":5,"worker_id":"1d57d4b9-2efe-4085-8b4d-54f9f495ee39-139982114316288","trial_id":252,"param_name":"CavityCorkThickness","param_value_internal":2.788005254988356,"distribution":"{\"name\": \"FloatDistribution\", \"attributes\": {\"step\": null, \"low\": 2.0, \"high\": 5.0, \"log\": false}}"}
{"op_code":5,"worker_id":"1d57d4b9-2efe-4085-8b4d-54f9f495ee39-139982114316288","trial_id":252,"param_name":"BellowHeight","param_value_internal":6.6500016738408805,"distribution":"{\"name\": \"FloatDistribution\", \"attributes\": {\"step\": null, \"low\": 6.0, \"high\": 10.0, \"log\": false}}"}
{"op_code":5,"worker_id":"1d57d4b9-2efe-4085-8b4d-54f9f495ee39-139982114316288","trial_id":252,"param_name":"WallThickness","param_value_internal":2.4033688852079402,"distribution":"{\"name\": \"FloatDistribution\", \"attributes\": {\"step\": null, \"low\": 2.0, \"high\": 4.0, \"log\": false}}"}
{"op_code":5,"worker_id":"1d57d4b9-2efe-4085-8b4d-54f9f495ee39-139982114316288","trial_id":252,"param_name":"PlateauHeight","param_value_internal":3.4239603396265816,"distribution":"{\"name\": \"FloatDistribution\", \"attributes\": {\"step\": null, \"low\": 2.0, \"high\": 4.0, \"log\": false}}"}
{"op_code":6,"worker_id":"8ef529fe-e953-4a66-b211-34b627f6af18-139982915063808","trial_id":249,"state":1,"values":[108.88998961555217,0.11150757682534115,0.3431396100400661],"datetime_complete":"2026-05-28T21:52:53.183691"}
{"op_code":4,"worker_id":"8ef529fe-e953-4a66-b211-34b627f6af18-139982915063808","study_id":0,"datetime_start":"2026-05-28T21:52:53.196742"}
{"op_code":9,"worker_id":"8ef529fe-e953-4a66-b211-34b627f6af18-139982915063808","trial_id":253,"system_attr":{"nsga2:generation":4}}
{"op_code":5,"worker_id":"8ef529fe-e953-4a66-b211-34b627f6af18-139982915063808","trial_id":253,"param_name":"JointSlopeAngle","param_value_internal":0.5315276050484293,"distribution":"{\"name\": \"FloatDistribution\", \"attributes\": {\"step\": null, \"low\": 0.17453292519943295, \"high\": 1.0471975511965976, \"log\": false}}"}
{"op_code":5,"worker_id":"8ef529fe-e953-4a66-b211-34b627f6af18-139982915063808","trial_id":253,"param_name":"OuterRadius","param_value_internal":16.599994830995698,"distribution":"{\"name\": \"FloatDistribution\", \"attributes\": {\"step\": null, \"low\": 8.75, \"high\": 17.75, \"log\": false}}"}
{"op_code":5,"worker_id":"8ef529fe-e953-4a66-b211-34b627f6af18-139982915063808","trial_id":253,"param_name":"JointHeight","param_value_internal":7.1113174225487565,"distribution":"{\"name\": \"FloatDistribution\", \"attributes\": {\"step\": null, \"low\": 5.0, \"high\": 8.0, \"log\": false}}"}
{"op_code":5,"worker_id":"8ef529fe-e953-4a66-b211-34b627f6af18-139982915063808","trial_id":253,"param_name":"CavityCorkThickness","param_value_internal":4.444144648294285,"distribution":"{\"name\": \"FloatDistribution\", \"attributes\": {\"step\": null, \"low\": 2.0, \"high\": 5.0, \"log\": false}}"}
{"op_code":5,"worker_id":"8ef529fe-e953-4a66-b211-34b627f6af18-139982915063808","trial_id":253,"param_name":"BellowHeight","param_value_internal":7.893084598579795,"distribution":"{\"name\": \"FloatDistribution\", \"attributes\": {\"step\": null, \"low\": 6.0, \"high\": 10.0, \"log\": false}}"}
{"op_code":5,"worker_id":"8ef529fe-e953-4a66-b211-34b627f6af18-139982915063808","trial_id":253,"param_name":"WallThickness","param_value_internal":3.2023016524309247,"distribution":"{\"name\": \"FloatDistribution\", \"attributes\": {\"step\": null, \"low\": 2.0, \"high\": 4.0, \"log\": false}}"}
{"op_code":5,"worker_id":"8ef529fe-e953-4a66-b211-34b627f6af18-139982915063808","trial_id":253,"param_name":"PlateauHeight","param_value_internal":2.4310688101659186,"distribution":"{\"name\": \"FloatDistribution\", \"attributes\": {\"step\": null, \"low\": 2.0, \"high\": 4.0, \"log\": false}}"}
{"op_code":6,"worker_id":"8a75add0-7778-42e4-866d-1286d98c173c-140410062901248","trial_id":250,"state":1,"values":[58.99247416004761,0.1302780160219254,0.43776005719982997],"datetime_complete":"2026-05-28T21:52:58.460540"}
{"op_code":4,"worker_id":"8a75add0-7778-42e4-866d-1286d98c173c-140410062901248","study_id":0,"datetime_start":"2026-05-28T21:52:58.472316"}
{"op_code":9,"worker_id":"8a75add0-7778-42e4-866d-1286d98c173c-140410062901248","trial_id":254,"system_attr":{"nsga2:generation":4}}
{"op_code":5,"worker_id":"8a75add0-7778-42e4-866d-1286d98c173c-140410062901248","trial_id":254,"param_name":"JointSlopeAngle","param_value_internal":0.6514101966662729,"distribution":"{\"name\": \"FloatDistribution\", \"attributes\": {\"step\": null, \"low\": 0.17453292519943295, \"high\": 1.0471975511965976, \"log\": false}}"}
{"op_code":5,"worker_id":"8a75add0-7778-42e4-866d-1286d98c173c-140410062901248","trial_id":254,"param_name":"OuterRadius","param_value_internal":10.232245410416859,"distribution":"{\"name\": \"FloatDistribution\", \"attributes\": {\"step\": null, \"low\": 8.75, \"high\": 17.75, \"log\": false}}"}
{"op_code":5,"worker_id":"8a75add0-7778-42e4-866d-1286d98c173c-140410062901248","trial_id":254,"param_name":"JointHeight","param_value_internal":6.752844906400649,"distribution":"{\"name\": \"FloatDistribution\", \"attributes\": {\"step\": null, \"low\": 5.0, \"high\": 8.0, \"log\": false}}"}
{"op_code":5,"worker_id":"8a75add0-7778-42e4-866d-1286d98c173c-140410062901248","trial_id":254,"param_name":"CavityCorkThickness","param_value_internal":2.3880060453502994,"distribution":"{\"name\": \"FloatDistribution\", \"attributes\": {\"step\": null, \"low\": 2.0, \"high\": 5.0, \"log\": false}}"}
{"op_code":5,"worker_id":"8a75add0-7778-42e4-866d-1286d98c173c-140410062901248","trial_id":254,"param_name":"BellowHeight","param_value_internal":9.354945159577415,"distribution":"{\"name\": \"FloatDistribution\", \"attributes\": {\"step\": null, \"low\": 6.0, \"high\": 10.0, \"log\": false}}"}
{"op_code":5,"worker_id":"8a75add0-7778-42e4-866d-1286d98c173c-140410062901248","trial_id":254,"param_name":"WallThickness","param_value_internal":2.4458665526518493,"distribution":"{\"name\": \"FloatDistribution\", \"attributes\": {\"step\": null, \"low\": 2.0, \"high\": 4.0, \"log\": false}}"}
{"op_code":5,"worker_id":"8a75add0-7778-42e4-866d-1286d98c173c-140410062901248","trial_id":254,"param_name":"PlateauHeight","param_value_internal":3.410592191802534,"distribution":"{\"name\": \"FloatDistribution\", \"attributes\": {\"step\": null, \"low\": 2.0, \"high\": 4.0, \"log\": false}}"}
{"op_code":6,"worker_id":"1d57d4b9-2efe-4085-8b4d-54f9f495ee39-139982114316288","trial_id":252,"state":1,"values":[47.80373937836049,0.11230125975509944,0.4579340362036795],"datetime_complete":"2026-05-28T21:53:02.452673"}
{"op_code":4,"worker_id":"1d57d4b9-2efe-4085-8b4d-54f9f495ee39-139982114316288","study_id":0,"datetime_start":"2026-05-28T21:53:02.465933"}
{"op_code":9,"worker_id":"1d57d4b9-2efe-4085-8b4d-54f9f495ee39-139982114316288","trial_id":255,"system_attr":{"nsga2:generation":4}}
{"op_code":5,"worker_id":"1d57d4b9-2efe-4085-8b4d-54f9f495ee39-139982114316288","trial_id":255,"param_name":"JointSlopeAngle","param_value_internal":0.7191209171245115,"distribution":"{\"name\": \"FloatDistribution\", \"attributes\": {\"step\": null, \"low\": 0.17453292519943295, \"high\": 1.0471975511965976, \"log\": false}}"}
{"op_code":5,"worker_id":"1d57d4b9-2efe-4085-8b4d-54f9f495ee39-139982114316288","trial_id":255,"param_name":"OuterRadius","param_value_internal":16.263703644677186,"distribution":"{\"name\": \"FloatDistribution\", \"attributes\": {\"step\": null, \"low\": 8.75, \"high\": 17.75, \"log\": false}}"}
{"op_code":5,"worker_id":"1d57d4b9-2efe-4085-8b4d-54f9f495ee39-139982114316288","trial_id":255,"param_name":"JointHeight","param_value_internal":7.319728841821658,"distribution":"{\"name\": \"FloatDistribution\", \"attributes\": {\"step\": null, \"low\": 5.0, \"high\": 8.0, \"log\": false}}"}
{"op_code":5,"worker_id":"1d57d4b9-2efe-4085-8b4d-54f9f495ee39-139982114316288","trial_id":255,"param_name":"CavityCorkThickness","param_value_internal":2.6011527434264994,"distribution":"{\"name\": \"FloatDistribution\", \"attributes\": {\"step\": null, \"low\": 2.0, \"high\": 5.0, \"log\": false}}"}
{"op_code":5,"worker_id":"1d57d4b9-2efe-4085-8b4d-54f9f495ee39-139982114316288","trial_id":255,"param_name":"BellowHeight","param_value_internal":8.415276974565108,"distribution":"{\"name\": \"FloatDistribution\", \"attributes\": {\"step\": null, \"low\": 6.0, \"high\": 10.0, \"log\": false}}"}
{"op_code":5,"worker_id":"1d57d4b9-2efe-4085-8b4d-54f9f495ee39-139982114316288","trial_id":255,"param_name":"WallThickness","param_value_internal":2.122518101490248,"distribution":"{\"name\": \"FloatDistribution\", \"attributes\": {\"step\": null, \"low\": 2.0, \"high\": 4.0, \"log\": false}}"}
{"op_code":5,"worker_id":"1d57d4b9-2efe-4085-8b4d-54f9f495ee39-139982114316288","trial_id":255,"param_name":"PlateauHeight","param_value_internal":2.6190336538111945,"distribution":"{\"name\": \"FloatDistribution\", \"attributes\": {\"step\": null, \"low\": 2.0, \"high\": 4.0, \"log\": false}}"}
{"op_code":6,"worker_id":"d6dec318-6198-4b0d-9442-33b13b0b99ff-140273271562240","trial_id":251,"state":1,"values":[21.207505122904706,0.14234221329707092,0.48407773136659843],"datetime_complete":"2026-05-28T21:53:08.132195"}
{"op_code":4,"worker_id":"d6dec318-6198-4b0d-9442-33b13b0b99ff-140273271562240","study_id":0,"datetime_start":"2026-05-28T21:53:08.148974"}
{"op_code":9,"worker_id":"d6dec318-6198-4b0d-9442-33b13b0b99ff-140273271562240","trial_id":256,"system_attr":{"nsga2:generation":4}}
{"op_code":5,"worker_id":"d6dec318-6198-4b0d-9442-33b13b0b99ff-140273271562240","trial_id":256,"param_name":"JointSlopeAngle","param_value_internal":0.6514101966662729,"distribution":"{\"name\": \"FloatDistribution\", \"attributes\": {\"step\": null, \"low\": 0.17453292519943295, \"high\": 1.0471975511965976, \"log\": false}}"}
{"op_code":5,"worker_id":"d6dec318-6198-4b0d-9442-33b13b0b99ff-140273271562240","trial_id":256,"param_name":"OuterRadius","param_value_internal":12.40216280669376,"distribution":"{\"name\": \"FloatDistribution\", \"attributes\": {\"step\": null, \"low\": 8.75, \"high\": 17.75, \"log\": false}}"}
{"op_code":5,"worker_id":"d6dec318-6198-4b0d-9442-33b13b0b99ff-140273271562240","trial_id":256,"param_name":"JointHeight","param_value_internal":7.984091341666495,"distribution":"{\"name\": \"FloatDistribution\", \"attributes\": {\"step\": null, \"low\": 5.0, \"high\": 8.0, \"log\": false}}"}
{"op_code":5,"worker_id":"d6dec318-6198-4b0d-9442-33b13b0b99ff-140273271562240","trial_id":256,"param_name":"CavityCorkThickness","param_value_internal":4.5846813631520895,"distribution":"{\"name\": \"FloatDistribution\", \"attributes\": {\"step\": null, \"low\": 2.0, \"high\": 5.0, \"log\": false}}"}
{"op_code":5,"worker_id":"d6dec318-6198-4b0d-9442-33b13b0b99ff-140273271562240","trial_id":256,"param_name":"BellowHeight","param_value_internal":7.164870266821776,"distribution":"{\"name\": \"FloatDistribution\", \"attributes\": {\"step\": null, \"low\": 6.0, \"high\": 10.0, \"log\": false}}"}
{"op_code":5,"worker_id":"d6dec318-6198-4b0d-9442-33b13b0b99ff-140273271562240","trial_id":256,"param_name":"WallThickness","param_value_internal":2.4033688852079402,"distribution":"{\"name\": \"FloatDistribution\", \"attributes\": {\"step\": null, \"low\": 2.0, \"high\": 4.0, \"log\": false}}"}
{"op_code":5,"worker_id":"d6dec318-6198-4b0d-9442-33b13b0b99ff-140273271562240","trial_id":256,"param_name":"PlateauHeight","param_value_internal":2.6534402573663156,"distribution":"{\"name\": \"FloatDistribution\", \"attributes\": {\"step\": null, \"low\": 2.0, \"high\": 4.0, \"log\": false}}"}
{"op_code":6,"worker_id":"8ef529fe-e953-4a66-b211-34b627f6af18-139982915063808","trial_id":253,"state":1,"values":[60.90094865180913,0.08539801766923226,0.36363930933656863],"datetime_complete":"2026-05-28T21:53:27.174732"}
{"op_code":4,"worker_id":"8ef529fe-e953-4a66-b211-34b627f6af18-139982915063808","study_id":0,"datetime_start":"2026-05-28T21:53:27.187502"}
{"op_code":9,"worker_id":"8ef529fe-e953-4a66-b211-34b627f6af18-139982915063808","trial_id":257,"system_attr":{"nsga2:generation":4}}
{"op_code":5,"worker_id":"8ef529fe-e953-4a66-b211-34b627f6af18-139982915063808","trial_id":257,"param_name":"JointSlopeAngle","param_value_internal":0.5478051691981186,"distribution":"{\"name\": \"FloatDistribution\", \"attributes\": {\"step\": null, \"low\": 0.17453292519943295, \"high\": 1.0471975511965976, \"log\": false}}"}
{"op_code":5,"worker_id":"8ef529fe-e953-4a66-b211-34b627f6af18-139982915063808","trial_id":257,"param_name":"OuterRadius","param_value_internal":14.097561165675401,"distribution":"{\"name\": \"FloatDistribution\", \"attributes\": {\"step\": null, \"low\": 8.75, \"high\": 17.75, \"log\": false}}"}
{"op_code":5,"worker_id":"8ef529fe-e953-4a66-b211-34b627f6af18-139982915063808","trial_id":257,"param_name":"JointHeight","param_value_internal":6.993393128311637,"distribution":"{\"name\": \"FloatDistribution\", \"attributes\": {\"step\": null, \"low\": 5.0, \"high\": 8.0, \"log\": false}}"}
{"op_code":5,"worker_id":"8ef529fe-e953-4a66-b211-34b627f6af18-139982915063808","trial_id":257,"param_name":"CavityCorkThickness","param_value_internal":4.4554189335892165,"distribution":"{\"name\": \"FloatDistribution\", \"attributes\": {\"step\": null, \"low\": 2.0, \"high\": 5.0, \"log\": false}}"}
{"op_code":5,"worker_id":"8ef529fe-e953-4a66-b211-34b627f6af18-139982915063808","trial_id":257,"param_name":"BellowHeight","param_value_internal":6.6500016738408805,"distribution":"{\"name\": \"FloatDistribution\", \"attributes\": {\"step\": null, \"low\": 6.0, \"high\": 10.0, \"log\": false}}"}
{"op_code":5,"worker_id":"8ef529fe-e953-4a66-b211-34b627f6af18-139982915063808","trial_id":257,"param_name":"WallThickness","param_value_internal":2.9672857120123117,"distribution":"{\"name\": \"FloatDistribution\", \"attributes\": {\"step\": null, \"low\": 2.0, \"high\": 4.0, \"log\": false}}"}
{"op_code":5,"worker_id":"8ef529fe-e953-4a66-b211-34b627f6af18-139982915063808","trial_id":257,"param_name":"PlateauHeight","param_value_internal":2.8634546225265693,"distribution":"{\"name\": \"FloatDistribution\", \"attributes\": {\"step\": null, \"low\": 2.0, \"high\": 4.0, \"log\": false}}"}
{"op_code":6,"worker_id":"8a75add0-7778-42e4-866d-1286d98c173c-140410062901248","trial_id":254,"state":1,"values":[49.190327668339194,0.11725577673113675,0.4572457993222475],"datetime_complete":"2026-05-28T21:53:31.812685"}
{"op_code":4,"worker_id":"8a75add0-7778-42e4-866d-1286d98c173c-140410062901248","study_id":0,"datetime_start":"2026-05-28T21:53:31.825480"}
{"op_code":9,"worker_id":"8a75add0-7778-42e4-866d-1286d98c173c-140410062901248","trial_id":258,"system_attr":{"nsga2:generation":4}}
{"op_code":5,"worker_id":"8a75add0-7778-42e4-866d-1286d98c173c-140410062901248","trial_id":258,"param_name":"JointSlopeAngle","param_value_internal":0.8110185048243487,"distribution":"{\"name\": \"FloatDistribution\", \"attributes\": {\"step\": null, \"low\": 0.17453292519943295, \"high\": 1.0471975511965976, \"log\": false}}"}
{"op_code":5,"worker_id":"8a75add0-7778-42e4-866d-1286d98c173c-140410062901248","trial_id":258,"param_name":"OuterRadius","param_value_internal":12.458646226206156,"distribution":"{\"name\": \"FloatDistribution\", \"attributes\": {\"step\": null, \"low\": 8.75, \"high\": 17.75, \"log\": false}}"}
{"op_code":5,"worker_id":"8a75add0-7778-42e4-866d-1286d98c173c-140410062901248","trial_id":258,"param_name":"JointHeight","param_value_internal":5.672374529747194,"distribution":"{\"name\": \"FloatDistribution\", \"attributes\": {\"step\": null, \"low\": 5.0, \"high\": 8.0, \"log\": false}}"}
{"op_code":5,"worker_id":"8a75add0-7778-42e4-866d-1286d98c173c-140410062901248","trial_id":258,"param_name":"CavityCorkThickness","param_value_internal":3.500579019919148,"distribution":"{\"name\": \"FloatDistribution\", \"attributes\": {\"step\": null, \"low\": 2.0, \"high\": 5.0, \"log\": false}}"}
{"op_code":5,"worker_id":"8a75add0-7778-42e4-866d-1286d98c173c-140410062901248","trial_id":258,"param_name":"BellowHeight","param_value_internal":6.375765371663787,"distribution":"{\"name\": \"FloatDistribution\", \"attributes\": {\"step\": null, \"low\": 6.0, \"high\": 10.0, \"log\": false}}"}
{"op_code":5,"worker_id":"8a75add0-7778-42e4-866d-1286d98c173c-140410062901248","trial_id":258,"param_name":"WallThickness","param_value_internal":2.1237780657405176,"distribution":"{\"name\": \"FloatDistribution\", \"attributes\": {\"step\": null, \"low\": 2.0, \"high\": 4.0, \"log\": false}}"}
{"op_code":5,"worker_id":"8a75add0-7778-42e4-866d-1286d98c173c-140410062901248","trial_id":258,"param_name":"PlateauHeight","param_value_internal":3.9864459396520076,"distribution":"{\"name\": \"FloatDistribution\", \"attributes\": {\"step\": null, \"low\": 2.0, \"high\": 4.0, \"log\": false}}"}
{"op_code":6,"worker_id":"1d57d4b9-2efe-4085-8b4d-54f9f495ee39-139982114316288","trial_id":255,"state":1,"values":[104.86951353550216,0.08451337508783144,0.3446568648935536],"datetime_complete":"2026-05-28T21:53:37.217336"}
{"op_code":4,"worker_id":"1d57d4b9-2efe-4085-8b4d-54f9f495ee39-139982114316288","study_id":0,"datetime_start":"2026-05-28T21:53:37.230119"}
{"op_code":9,"worker_id":"1d57d4b9-2efe-4085-8b4d-54f9f495ee39-139982114316288","trial_id":259,"system_attr":{"nsga2:generation":4}}
{"op_code":5,"worker_id":"1d57d4b9-2efe-4085-8b4d-54f9f495ee39-139982114316288","trial_id":259,"param_name":"JointSlopeAngle","param_value_internal":0.5852465981081705,"distribution":"{\"name\": \"FloatDistribution\", \"attributes\": {\"step\": null, \"low\": 0.17453292519943295, \"high\": 1.0471975511965976, \"log\": false}}"}
{"op_code":5,"worker_id":"1d57d4b9-2efe-4085-8b4d-54f9f495ee39-139982114316288","trial_id":259,"param_name":"OuterRadius","param_value_internal":15.99603399757401,"distribution":"{\"name\": \"FloatDistribution\", \"attributes\": {\"step\": null, \"low\": 8.75, \"high\": 17.75, \"log\": false}}"}
{"op_code":5,"worker_id":"1d57d4b9-2efe-4085-8b4d-54f9f495ee39-139982114316288","trial_id":259,"param_name":"JointHeight","param_value_internal":5.4726252712851915,"distribution":"{\"name\": \"FloatDistribution\", \"attributes\": {\"step\": null, \"low\": 5.0, \"high\": 8.0, \"log\": false}}"}
{"op_code":5,"worker_id":"1d57d4b9-2efe-4085-8b4d-54f9f495ee39-139982114316288","trial_id":259,"param_name":"CavityCorkThickness","param_value_internal":4.444144648294285,"distribution":"{\"name\": \"FloatDistribution\", \"attributes\": {\"step\": null, \"low\": 2.0, \"high\": 5.0, \"log\": false}}"}
{"op_code":5,"worker_id":"1d57d4b9-2efe-4085-8b4d-54f9f495ee39-139982114316288","trial_id":259,"param_name":"BellowHeight","param_value_internal":7.646256208121855,"distribution":"{\"name\": \"FloatDistribution\", \"attributes\": {\"step\": null, \"low\": 6.0, \"high\": 10.0, \"log\": false}}"}
{"op_code":5,"worker_id":"1d57d4b9-2efe-4085-8b4d-54f9f495ee39-139982114316288","trial_id":259,"param_name":"WallThickness","param_value_internal":3.2023016524309247,"distribution":"{\"name\": \"FloatDistribution\", \"attributes\": {\"step\": null, \"low\": 2.0, \"high\": 4.0, \"log\": false}}"}
{"op_code":5,"worker_id":"1d57d4b9-2efe-4085-8b4d-54f9f495ee39-139982114316288","trial_id":259,"param_name":"PlateauHeight","param_value_internal":2.4310688101659186,"distribution":"{\"name\": \"FloatDistribution\", \"attributes\": {\"step\": null, \"low\": 2.0, \"high\": 4.0, \"log\": false}}"}
{"op_code":6,"worker_id":"d6dec318-6198-4b0d-9442-33b13b0b99ff-140273271562240","trial_id":256,"state":1,"values":[41.30657589634137,0.1363467662316074,0.4179528372529719],"datetime_complete":"2026-05-28T21:53:51.053358"}
{"op_code":4,"worker_id":"d6dec318-6198-4b0d-9442-33b13b0b99ff-140273271562240","study_id":0,"datetime_start":"2026-05-28T21:53:51.070023"}
{"op_code":9,"worker_id":"d6dec318-6198-4b0d-9442-33b13b0b99ff-140273271562240","trial_id":260,"system_attr":{"nsga2:generation":4}}
{"op_code":5,"worker_id":"d6dec318-6198-4b0d-9442-33b13b0b99ff-140273271562240","trial_id":260,"param_name":"JointSlopeAngle","param_value_internal":0.9113548625297904,"distribution":"{\"name\": \"FloatDistribution\", \"attributes\": {\"step\": null, \"low\": 0.17453292519943295, \"high\": 1.0471975511965976, \"log\": false}}"}
{"op_code":5,"worker_id":"d6dec318-6198-4b0d-9442-33b13b0b99ff-140273271562240","trial_id":260,"param_name":"OuterRadius","param_value_internal":10.232245410416859,"distribution":"{\"name\": \"FloatDistribution\", \"attributes\": {\"step\": null, \"low\": 8.75, \"high\": 17.75, \"log\": false}}"}
{"op_code":5,"worker_id":"d6dec318-6198-4b0d-9442-33b13b0b99ff-140273271562240","trial_id":260,"param_name":"JointHeight","param_value_internal":6.577801974262155,"distribution":"{\"name\": \"FloatDistribution\", \"attributes\": {\"step\": null, \"low\": 5.0, \"high\": 8.0, \"log\": false}}"}
{"op_code":5,"worker_id":"d6dec318-6198-4b0d-9442-33b13b0b99ff-140273271562240","trial_id":260,"param_name":"CavityCorkThickness","param_value_internal":2.1033859861361157,"distribution":"{\"name\": \"FloatDistribution\", \"attributes\": {\"step\": null, \"low\": 2.0, \"high\": 5.0, \"log\": false}}"}
{"op_code":5,"worker_id":"d6dec318-6198-4b0d-9442-33b13b0b99ff-140273271562240","trial_id":260,"param_name":"BellowHeight","param_value_internal":6.578523819564895,"distribution":"{\"name\": \"FloatDistribution\", \"attributes\": {\"step\": null, \"low\": 6.0, \"high\": 10.0, \"log\": false}}"}
{"op_code":5,"worker_id":"d6dec318-6198-4b0d-9442-33b13b0b99ff-140273271562240","trial_id":260,"param_name":"WallThickness","param_value_internal":3.868401057400674,"distribution":"{\"name\": \"FloatDistribution\", \"attributes\": {\"step\": null, \"low\": 2.0, \"high\": 4.0, \"log\": false}}"}
{"op_code":5,"worker_id":"d6dec318-6198-4b0d-9442-33b13b0b99ff-140273271562240","trial_id":260,"param_name":"PlateauHeight","param_value_internal":2.650760668247381,"distribution":"{\"name\": \"FloatDistribution\", \"attributes\": {\"step\": null, \"low\": 2.0, \"high\": 4.0, \"log\": false}}"}
{"op_code":6,"worker_id":"8ef529fe-e953-4a66-b211-34b627f6af18-139982915063808","trial_id":257,"state":1,"values":[46.40552149209651,0.115145227198322,0.40927476752035163],"datetime_complete":"2026-05-28T21:54:00.608704"}
{"op_code":4,"worker_id":"8ef529fe-e953-4a66-b211-34b627f6af18-139982915063808","study_id":0,"datetime_start":"2026-05-28T21:54:00.621975"}
{"op_code":9,"worker_id":"8ef529fe-e953-4a66-b211-34b627f6af18-139982915063808","trial_id":261,"system_attr":{"nsga2:generation":4}}
{"op_code":5,"worker_id":"8ef529fe-e953-4a66-b211-34b627f6af18-139982915063808","trial_id":261,"param_name":"JointSlopeAngle","param_value_internal":0.7461897180006781,"distribution":"{\"name\": \"FloatDistribution\", \"attributes\": {\"step\": null, \"low\": 0.17453292519943295, \"high\": 1.0471975511965976, \"log\": false}}"}
{"op_code":5,"worker_id":"8ef529fe-e953-4a66-b211-34b627f6af18-139982915063808","trial_id":261,"param_name":"OuterRadius","param_value_internal":9.94952073879575,"distribution":"{\"name\": \"FloatDistribution\", \"attributes\": {\"step\": null, \"low\": 8.75, \"high\": 17.75, \"log\": false}}"}
{"op_code":5,"worker_id":"8ef529fe-e953-4a66-b211-34b627f6af18-139982915063808","trial_id":261,"param_name":"JointHeight","param_value_internal":5.8741644177199115,"distribution":"{\"name\": \"FloatDistribution\", \"attributes\": {\"step\": null, \"low\": 5.0, \"high\": 8.0, \"log\": false}}"}
{"op_code":5,"worker_id":"8ef529fe-e953-4a66-b211-34b627f6af18-139982915063808","trial_id":261,"param_name":"CavityCorkThickness","param_value_internal":3.204927459971633,"distribution":"{\"name\": \"FloatDistribution\", \"attributes\": {\"step\": null, \"low\": 2.0, \"high\": 5.0, \"log\": false}}"}
{"op_code":5,"worker_id":"8ef529fe-e953-4a66-b211-34b627f6af18-139982915063808","trial_id":261,"param_name":"BellowHeight","param_value_internal":7.646256208121855,"distribution":"{\"name\": \"FloatDistribution\", \"attributes\": {\"step\": null, \"low\": 6.0, \"high\": 10.0, \"log\": false}}"}
{"op_code":5,"worker_id":"8ef529fe-e953-4a66-b211-34b627f6af18-139982915063808","trial_id":261,"param_name":"WallThickness","param_value_internal":2.0215676563021177,"distribution":"{\"name\": \"FloatDistribution\", \"attributes\": {\"step\": null, \"low\": 2.0, \"high\": 4.0, \"log\": false}}"}
{"op_code":5,"worker_id":"8ef529fe-e953-4a66-b211-34b627f6af18-139982915063808","trial_id":261,"param_name":"PlateauHeight","param_value_internal":3.9864459396520076,"distribution":"{\"name\": \"FloatDistribution\", \"attributes\": {\"step\": null, \"low\": 2.0, \"high\": 4.0, \"log\": false}}"}
{"op_code":6,"worker_id":"8a75add0-7778-42e4-866d-1286d98c173c-140410062901248","trial_id":258,"state":1,"values":[45.864184038816006,0.09625623635459737,0.4427904921870482],"datetime_complete":"2026-05-28T21:54:05.701823"}
{"op_code":4,"worker_id":"8a75add0-7778-42e4-866d-1286d98c173c-140410062901248","study_id":0,"datetime_start":"2026-05-28T21:54:05.715328"}
{"op_code":9,"worker_id":"8a75add0-7778-42e4-866d-1286d98c173c-140410062901248","trial_id":262,"system_attr":{"nsga2:generation":4}}
{"op_code":5,"worker_id":"8a75add0-7778-42e4-866d-1286d98c173c-140410062901248","trial_id":262,"param_name":"JointSlopeAngle","param_value_internal":0.6971225490961811,"distribution":"{\"name\": \"FloatDistribution\", \"attributes\": {\"step\": null, \"low\": 0.17453292519943295, \"high\": 1.0471975511965976, \"log\": false}}"}
{"op_code":5,"worker_id":"8a75add0-7778-42e4-866d-1286d98c173c-140410062901248","trial_id":262,"param_name":"OuterRadius","param_value_internal":10.232245410416859,"distribution":"{\"name\": \"FloatDistribution\", \"attributes\": {\"step\": null, \"low\": 8.75, \"high\": 17.75, \"log\": false}}"}
{"op_code":5,"worker_id":"8a75add0-7778-42e4-866d-1286d98c173c-140410062901248","trial_id":262,"param_name":"JointHeight","param_value_internal":7.828559093918221,"distribution":"{\"name\": \"FloatDistribution\", \"attributes\": {\"step\": null, \"low\": 5.0, \"high\": 8.0, \"log\": false}}"}
{"op_code":5,"worker_id":"8a75add0-7778-42e4-866d-1286d98c173c-140410062901248","trial_id":262,"param_name":"CavityCorkThickness","param_value_internal":2.1434702048224925,"distribution":"{\"name\": \"FloatDistribution\", \"attributes\": {\"step\": null, \"low\": 2.0, \"high\": 5.0, \"log\": false}}"}
{"op_code":5,"worker_id":"8a75add0-7778-42e4-866d-1286d98c173c-140410062901248","trial_id":262,"param_name":"BellowHeight","param_value_internal":6.042739918459716,"distribution":"{\"name\": \"FloatDistribution\", \"attributes\": {\"step\": null, \"low\": 6.0, \"high\": 10.0, \"log\": false}}"}
{"op_code":5,"worker_id":"8a75add0-7778-42e4-866d-1286d98c173c-140410062901248","trial_id":262,"param_name":"WallThickness","param_value_internal":2.4458665526518493,"distribution":"{\"name\": \"FloatDistribution\", \"attributes\": {\"step\": null, \"low\": 2.0, \"high\": 4.0, \"log\": false}}"}
{"op_code":5,"worker_id":"8a75add0-7778-42e4-866d-1286d98c173c-140410062901248","trial_id":262,"param_name":"PlateauHeight","param_value_internal":2.6190336538111945,"distribution":"{\"name\": \"FloatDistribution\", \"attributes\": {\"step\": null, \"low\": 2.0, \"high\": 4.0, \"log\": false}}"}
{"op_code":6,"worker_id":"1d57d4b9-2efe-4085-8b4d-54f9f495ee39-139982114316288","trial_id":259,"state":1,"values":[61.763154311734525,0.10116577726862228,0.3667772237858822],"datetime_complete":"2026-05-28T21:54:11.442685"}
{"op_code":4,"worker_id":"1d57d4b9-2efe-4085-8b4d-54f9f495ee39-139982114316288","study_id":0,"datetime_start":"2026-05-28T21:54:11.455682"}
{"op_code":9,"worker_id":"1d57d4b9-2efe-4085-8b4d-54f9f495ee39-139982114316288","trial_id":263,"system_attr":{"nsga2:generation":4}}
{"op_code":5,"worker_id":"1d57d4b9-2efe-4085-8b4d-54f9f495ee39-139982114316288","trial_id":263,"param_name":"JointSlopeAngle","param_value_internal":0.9261479158450542,"distribution":"{\"name\": \"FloatDistribution\", \"attributes\": {\"step\": null, \"low\": 0.17453292519943295, \"high\": 1.0471975511965976, \"log\": false}}"}
{"op_code":5,"worker_id":"1d57d4b9-2efe-4085-8b4d-54f9f495ee39-139982114316288","trial_id":263,"param_name":"OuterRadius","param_value_internal":10.280280377732067,"distribution":"{\"name\": \"FloatDistribution\", \"attributes\": {\"step\": null, \"low\": 8.75, \"high\": 17.75, \"log\": false}}"}
{"op_code":5,"worker_id":"1d57d4b9-2efe-4085-8b4d-54f9f495ee39-139982114316288","trial_id":263,"param_name":"JointHeight","param_value_internal":5.525575901927894,"distribution":"{\"name\": \"FloatDistribution\", \"attributes\": {\"step\": null, \"low\": 5.0, \"high\": 8.0, \"log\": false}}"}
{"op_code":5,"worker_id":"1d57d4b9-2efe-4085-8b4d-54f9f495ee39-139982114316288","trial_id":263,"param_name":"CavityCorkThickness","param_value_internal":4.351993742575384,"distribution":"{\"name\": \"FloatDistribution\", \"attributes\": {\"step\": null, \"low\": 2.0, \"high\": 5.0, \"log\": false}}"}
{"op_code":5,"worker_id":"1d57d4b9-2efe-4085-8b4d-54f9f495ee39-139982114316288","trial_id":263,"param_name":"BellowHeight","param_value_internal":7.164870266821776,"distribution":"{\"name\": \"FloatDistribution\", \"attributes\": {\"step\": null, \"low\": 6.0, \"high\": 10.0, \"log\": false}}"}
{"op_code":5,"worker_id":"1d57d4b9-2efe-4085-8b4d-54f9f495ee39-139982114316288","trial_id":263,"param_name":"WallThickness","param_value_internal":2.8767578945590904,"distribution":"{\"name\": \"FloatDistribution\", \"attributes\": {\"step\": null, \"low\": 2.0, \"high\": 4.0, \"log\": false}}"}
{"op_code":5,"worker_id":"1d57d4b9-2efe-4085-8b4d-54f9f495ee39-139982114316288","trial_id":263,"param_name":"PlateauHeight","param_value_internal":2.105795631576325,"distribution":"{\"name\": \"FloatDistribution\", \"attributes\": {\"step\": null, \"low\": 2.0, \"high\": 4.0, \"log\": false}}"}
{"op_code":6,"worker_id":"d6dec318-6198-4b0d-9442-33b13b0b99ff-140273271562240","trial_id":260,"state":1,"values":[13.261626599654079,0.06943931488201391,0.5023554660013162],"datetime_complete":"2026-05-28T21:54:32.713705"}
{"op_code":4,"worker_id":"d6dec318-6198-4b0d-9442-33b13b0b99ff-140273271562240","study_id":0,"datetime_start":"2026-05-28T21:54:32.730580"}
{"op_code":9,"worker_id":"d6dec318-6198-4b0d-9442-33b13b0b99ff-140273271562240","trial_id":264,"system_attr":{"nsga2:generation":4}}
{"op_code":5,"worker_id":"d6dec318-6198-4b0d-9442-33b13b0b99ff-140273271562240","trial_id":264,"param_name":"JointSlopeAngle","param_value_internal":0.3874883980782923,"distribution":"{\"name\": \"FloatDistribution\", \"attributes\": {\"step\": null, \"low\": 0.17453292519943295, \"high\": 1.0471975511965976, \"log\": false}}"}
{"op_code":5,"worker_id":"d6dec318-6198-4b0d-9442-33b13b0b99ff-140273271562240","trial_id":264,"param_name":"OuterRadius","param_value_internal":9.94952073879575,"distribution":"{\"name\": \"FloatDistribution\", \"attributes\": {\"step\": null, \"low\": 8.75, \"high\": 17.75, \"log\": false}}"}
{"op_code":5,"worker_id":"d6dec318-6198-4b0d-9442-33b13b0b99ff-140273271562240","trial_id":264,"param_name":"JointHeight","param_value_internal":6.577801974262155,"distribution":"{\"name\": \"FloatDistribution\", \"attributes\": {\"step\": null, \"low\": 5.0, \"high\": 8.0, \"log\": false}}"}
{"op_code":5,"worker_id":"d6dec318-6198-4b0d-9442-33b13b0b99ff-140273271562240","trial_id":264,"param_name":"CavityCorkThickness","param_value_internal":4.312540402164304,"distribution":"{\"name\": \"FloatDistribution\", \"attributes\": {\"step\": null, \"low\": 2.0, \"high\": 5.0, \"log\": false}}"}
{"op_code":5,"worker_id":"d6dec318-6198-4b0d-9442-33b13b0b99ff-140273271562240","trial_id":264,"param_name":"BellowHeight","param_value_internal":7.994630474641923,"distribution":"{\"name\": \"FloatDistribution\", \"attributes\": {\"step\": null, \"low\": 6.0, \"high\": 10.0, \"log\": false}}"}
{"op_code":5,"worker_id":"d6dec318-6198-4b0d-9442-33b13b0b99ff-140273271562240","trial_id":264,"param_name":"WallThickness","param_value_internal":3.1339044853040137,"distribution":"{\"name\": \"FloatDistribution\", \"attributes\": {\"step\": null, \"low\": 2.0, \"high\": 4.0, \"log\": false}}"}
{"op_code":5,"worker_id":"d6dec318-6198-4b0d-9442-33b13b0b99ff-140273271562240","trial_id":264,"param_name":"PlateauHeight","param_value_internal":3.307476198421085,"distribution":"{\"name\": \"FloatDistribution\", \"attributes\": {\"step\": null, \"low\": 2.0, \"high\": 4.0, \"log\": false}}"}
{"op_code":6,"worker_id":"8ef529fe-e953-4a66-b211-34b627f6af18-139982915063808","trial_id":261,"state":1,"values":[46.230016164540245,0.15761076703661211,0.5059978407590281],"datetime_complete":"2026-05-28T21:54:34.554679"}
{"op_code":4,"worker_id":"8ef529fe-e953-4a66-b211-34b627f6af18-139982915063808","study_id":0,"datetime_start":"2026-05-28T21:54:34.565790"}
{"op_code":9,"worker_id":"8ef529fe-e953-4a66-b211-34b627f6af18-139982915063808","trial_id":265,"system_attr":{"nsga2:generation":4}}
{"op_code":5,"worker_id":"8ef529fe-e953-4a66-b211-34b627f6af18-139982915063808","trial_id":265,"param_name":"JointSlopeAngle","param_value_internal":0.5483938640322387,"distribution":"{\"name\": \"FloatDistribution\", \"attributes\": {\"step\": null, \"low\": 0.17453292519943295, \"high\": 1.0471975511965976, \"log\": false}}"}
{"op_code":5,"worker_id":"8ef529fe-e953-4a66-b211-34b627f6af18-139982915063808","trial_id":265,"param_name":"OuterRadius","param_value_internal":16.263703644677186,"distribution":"{\"name\": \"FloatDistribution\", \"attributes\": {\"step\": null, \"low\": 8.75, \"high\": 17.75, \"log\": false}}"}
{"op_code":5,"worker_id":"8ef529fe-e953-4a66-b211-34b627f6af18-139982915063808","trial_id":265,"param_name":"JointHeight","param_value_internal":5.768428135571968,"distribution":"{\"name\": \"FloatDistribution\", \"attributes\": {\"step\": null, \"low\": 5.0, \"high\": 8.0, \"log\": false}}"}
{"op_code":5,"worker_id":"8ef529fe-e953-4a66-b211-34b627f6af18-139982915063808","trial_id":265,"param_name":"CavityCorkThickness","param_value_internal":2.5365079646845103,"distribution":"{\"name\": \"FloatDistribution\", \"attributes\": {\"step\": null, \"low\": 2.0, \"high\": 5.0, \"log\": false}}"}
{"op_code":5,"worker_id":"8ef529fe-e953-4a66-b211-34b627f6af18-139982915063808","trial_id":265,"param_name":"BellowHeight","param_value_internal":6.5951963804731175,"distribution":"{\"name\": \"FloatDistribution\", \"attributes\": {\"step\": null, \"low\": 6.0, \"high\": 10.0, \"log\": false}}"}
{"op_code":5,"worker_id":"8ef529fe-e953-4a66-b211-34b627f6af18-139982915063808","trial_id":265,"param_name":"WallThickness","param_value_internal":2.446721494003385,"distribution":"{\"name\": \"FloatDistribution\", \"attributes\": {\"step\": null, \"low\": 2.0, \"high\": 4.0, \"log\": false}}"}
{"op_code":5,"worker_id":"8ef529fe-e953-4a66-b211-34b627f6af18-139982915063808","trial_id":265,"param_name":"PlateauHeight","param_value_internal":2.7627618022876455,"distribution":"{\"name\": \"FloatDistribution\", \"attributes\": {\"step\": null, \"low\": 2.0, \"high\": 4.0, \"log\": false}}"}
{"op_code":6,"worker_id":"8a75add0-7778-42e4-866d-1286d98c173c-140410062901248","trial_id":262,"state":1,"values":[24.57367962091206,0.08071628649213435,0.40820329165309477],"datetime_complete":"2026-05-28T21:54:39.123213"}
{"op_code":4,"worker_id":"8a75add0-7778-42e4-866d-1286d98c173c-140410062901248","study_id":0,"datetime_start":"2026-05-28T21:54:39.135842"}
{"op_code":9,"worker_id":"8a75add0-7778-42e4-866d-1286d98c173c-140410062901248","trial_id":266,"system_attr":{"nsga2:generation":4}}
{"op_code":5,"worker_id":"8a75add0-7778-42e4-866d-1286d98c173c-140410062901248","trial_id":266,"param_name":"JointSlopeAngle","param_value_internal":0.4971826600067385,"distribution":"{\"name\": \"FloatDistribution\", \"attributes\": {\"step\": null, \"low\": 0.17453292519943295, \"high\": 1.0471975511965976, \"log\": false}}"}
{"op_code":5,"worker_id":"8a75add0-7778-42e4-866d-1286d98c173c-140410062901248","trial_id":266,"param_name":"OuterRadius","param_value_internal":13.350106259473506,"distribution":"{\"name\": \"FloatDistribution\", \"attributes\": {\"step\": null, \"low\": 8.75, \"high\": 17.75, \"log\": false}}"}
{"op_code":5,"worker_id":"8a75add0-7778-42e4-866d-1286d98c173c-140410062901248","trial_id":266,"param_name":"JointHeight","param_value_internal":6.752844906400649,"distribution":"{\"name\": \"FloatDistribution\", \"attributes\": {\"step\": null, \"low\": 5.0, \"high\": 8.0, \"log\": false}}"}
{"op_code":5,"worker_id":"8a75add0-7778-42e4-866d-1286d98c173c-140410062901248","trial_id":266,"param_name":"CavityCorkThickness","param_value_internal":2.128310465223862,"distribution":"{\"name\": \"FloatDistribution\", \"attributes\": {\"step\": null, \"low\": 2.0, \"high\": 5.0, \"log\": false}}"}
{"op_code":5,"worker_id":"8a75add0-7778-42e4-866d-1286d98c173c-140410062901248","trial_id":266,"param_name":"BellowHeight","param_value_internal":6.745910664595325,"distribution":"{\"name\": \"FloatDistribution\", \"attributes\": {\"step\": null, \"low\": 6.0, \"high\": 10.0, \"log\": false}}"}
{"op_code":5,"worker_id":"8a75add0-7778-42e4-866d-1286d98c173c-140410062901248","trial_id":266,"param_name":"WallThickness","param_value_internal":2.7056894974878736,"distribution":"{\"name\": \"FloatDistribution\", \"attributes\": {\"step\": null, \"low\": 2.0, \"high\": 4.0, \"log\": false}}"}
{"op_code":5,"worker_id":"8a75add0-7778-42e4-866d-1286d98c173c-140410062901248","trial_id":266,"param_name":"PlateauHeight","param_value_internal":3.808149792240684,"distribution":"{\"name\": \"FloatDistribution\", \"attributes\": {\"step\": null, \"low\": 2.0, \"high\": 4.0, \"log\": false}}"}
{"op_code":6,"worker_id":"1d57d4b9-2efe-4085-8b4d-54f9f495ee39-139982114316288","trial_id":263,"state":1,"values":[11.520335889933435,0.09266804419355394,0.5135359902943679],"datetime_complete":"2026-05-28T21:54:44.690297"}
{"op_code":4,"worker_id":"1d57d4b9-2efe-4085-8b4d-54f9f495ee39-139982114316288","study_id":0,"datetime_start":"2026-05-28T21:54:44.703023"}
{"op_code":9,"worker_id":"1d57d4b9-2efe-4085-8b4d-54f9f495ee39-139982114316288","trial_id":267,"system_attr":{"nsga2:generation":4}}
{"op_code":5,"worker_id":"1d57d4b9-2efe-4085-8b4d-54f9f495ee39-139982114316288","trial_id":267,"param_name":"JointSlopeAngle","param_value_internal":0.7191209171245115,"distribution":"{\"name\": \"FloatDistribution\", \"attributes\": {\"step\": null, \"low\": 0.17453292519943295, \"high\": 1.0471975511965976, \"log\": false}}"}
{"op_code":5,"worker_id":"1d57d4b9-2efe-4085-8b4d-54f9f495ee39-139982114316288","trial_id":267,"param_name":"OuterRadius","param_value_internal":16.263703644677186,"distribution":"{\"name\": \"FloatDistribution\", \"attributes\": {\"step\": null, \"low\": 8.75, \"high\": 17.75, \"log\": false}}"}
{"op_code":5,"worker_id":"1d57d4b9-2efe-4085-8b4d-54f9f495ee39-139982114316288","trial_id":267,"param_name":"JointHeight","param_value_internal":7.319728841821658,"distribution":"{\"name\": \"FloatDistribution\", \"attributes\": {\"step\": null, \"low\": 5.0, \"high\": 8.0, \"log\": false}}"}
{"op_code":5,"worker_id":"1d57d4b9-2efe-4085-8b4d-54f9f495ee39-139982114316288","trial_id":267,"param_name":"CavityCorkThickness","param_value_internal":3.268333017350702,"distribution":"{\"name\": \"FloatDistribution\", \"attributes\": {\"step\": null, \"low\": 2.0, \"high\": 5.0, \"log\": false}}"}
{"op_code":5,"worker_id":"1d57d4b9-2efe-4085-8b4d-54f9f495ee39-139982114316288","trial_id":267,"param_name":"BellowHeight","param_value_internal":6.6500016738408805,"distribution":"{\"name\": \"FloatDistribution\", \"attributes\": {\"step\": null, \"low\": 6.0, \"high\": 10.0, \"log\": false}}"}
{"op_code":5,"worker_id":"1d57d4b9-2efe-4085-8b4d-54f9f495ee39-139982114316288","trial_id":267,"param_name":"WallThickness","param_value_internal":2.9869693814696983,"distribution":"{\"name\": \"FloatDistribution\", \"attributes\": {\"step\": null, \"low\": 2.0, \"high\": 4.0, \"log\": false}}"}
{"op_code":5,"worker_id":"1d57d4b9-2efe-4085-8b4d-54f9f495ee39-139982114316288","trial_id":267,"param_name":"PlateauHeight","param_value_internal":3.542128201767628,"distribution":"{\"name\": \"FloatDistribution\", \"attributes\": {\"step\": null, \"low\": 2.0, \"high\": 4.0, \"log\": false}}"}
{"op_code":6,"worker_id":"8ef529fe-e953-4a66-b211-34b627f6af18-139982915063808","trial_id":265,"state":1,"values":[106.48258202506042,0.10939546279300952,0.3528126334624617],"datetime_complete":"2026-05-28T21:55:09.373087"}
{"op_code":4,"worker_id":"8ef529fe-e953-4a66-b211-34b627f6af18-139982915063808","study_id":0,"datetime_start":"2026-05-28T21:55:09.384817"}
{"op_code":9,"worker_id":"8ef529fe-e953-4a66-b211-34b627f6af18-139982915063808","trial_id":268,"system_attr":{"nsga2:generation":4}}
{"op_code":5,"worker_id":"8ef529fe-e953-4a66-b211-34b627f6af18-139982915063808","trial_id":268,"param_name":"JointSlopeAngle","param_value_internal":0.5852465981081705,"distribution":"{\"name\": \"FloatDistribution\", \"attributes\": {\"step\": null, \"low\": 0.17453292519943295, \"high\": 1.0471975511965976, \"log\": false}}"}
{"op_code":5,"worker_id":"8ef529fe-e953-4a66-b211-34b627f6af18-139982915063808","trial_id":268,"param_name":"OuterRadius","param_value_internal":15.99603399757401,"distribution":"{\"name\": \"FloatDistribution\", \"attributes\": {\"step\": null, \"low\": 8.75, \"high\": 17.75, \"log\": false}}"}
{"op_code":5,"worker_id":"8ef529fe-e953-4a66-b211-34b627f6af18-139982915063808","trial_id":268,"param_name":"JointHeight","param_value_internal":5.4726252712851915,"distribution":"{\"name\": \"FloatDistribution\", \"attributes\": {\"step\": null, \"low\": 5.0, \"high\": 8.0, \"log\": false}}"}
{"op_code":5,"worker_id":"8ef529fe-e953-4a66-b211-34b627f6af18-139982915063808","trial_id":268,"param_name":"CavityCorkThickness","param_value_internal":2.188428291256305,"distribution":"{\"name\": \"FloatDistribution\", \"attributes\": {\"step\": null, \"low\": 2.0, \"high\": 5.0, \"log\": false}}"}
{"op_code":5,"worker_id":"8ef529fe-e953-4a66-b211-34b627f6af18-139982915063808","trial_id":268,"param_name":"BellowHeight","param_value_internal":7.51909335597993,"distribution":"{\"name\": \"FloatDistribution\", \"attributes\": {\"step\": null, \"low\": 6.0, \"high\": 10.0, \"log\": false}}"}
{"op_code":5,"worker_id":"8ef529fe-e953-4a66-b211-34b627f6af18-139982915063808","trial_id":268,"param_name":"WallThickness","param_value_internal":2.0215676563021177,"distribution":"{\"name\": \"FloatDistribution\", \"attributes\": {\"step\": null, \"low\": 2.0, \"high\": 4.0, \"log\": false}}"}
{"op_code":5,"worker_id":"8ef529fe-e953-4a66-b211-34b627f6af18-139982915063808","trial_id":268,"param_name":"PlateauHeight","param_value_internal":3.808149792240684,"distribution":"{\"name\": \"FloatDistribution\", \"attributes\": {\"step\": null, \"low\": 2.0, \"high\": 4.0, \"log\": false}}"}
{"op_code":6,"worker_id":"8a75add0-7778-42e4-866d-1286d98c173c-140410062901248","trial_id":266,"state":1,"values":[37.737234460616264,0.05432737403051549,0.42108797805102827],"datetime_complete":"2026-05-28T21:55:12.959665"}
{"op_code":4,"worker_id":"8a75add0-7778-42e4-866d-1286d98c173c-140410062901248","study_id":0,"datetime_start":"2026-05-28T21:55:12.971830"}
{"op_code":9,"worker_id":"8a75add0-7778-42e4-866d-1286d98c173c-140410062901248","trial_id":269,"system_attr":{"nsga2:generation":4}}
{"op_code":5,"worker_id":"8a75add0-7778-42e4-866d-1286d98c173c-140410062901248","trial_id":269,"param_name":"JointSlopeAngle","param_value_internal":0.7266834579871014,"distribution":"{\"name\": \"FloatDistribution\", \"attributes\": {\"step\": null, \"low\": 0.17453292519943295, \"high\": 1.0471975511965976, \"log\": false}}"}
{"op_code":5,"worker_id":"8a75add0-7778-42e4-866d-1286d98c173c-140410062901248","trial_id":269,"param_name":"OuterRadius","param_value_internal":16.53755355938202,"distribution":"{\"name\": \"FloatDistribution\", \"attributes\": {\"step\": null, \"low\": 8.75, \"high\": 17.75, \"log\": false}}"}
{"op_code":5,"worker_id":"8a75add0-7778-42e4-866d-1286d98c173c-140410062901248","trial_id":269,"param_name":"JointHeight","param_value_internal":5.474205040178538,"distribution":"{\"name\": \"FloatDistribution\", \"attributes\": {\"step\": null, \"low\": 5.0, \"high\": 8.0, \"log\": false}}"}
{"op_code":5,"worker_id":"8a75add0-7778-42e4-866d-1286d98c173c-140410062901248","trial_id":269,"param_name":"CavityCorkThickness","param_value_internal":3.268333017350702,"distribution":"{\"name\": \"FloatDistribution\", \"attributes\": {\"step\": null, \"low\": 2.0, \"high\": 5.0, \"log\": false}}"}
{"op_code":5,"worker_id":"8a75add0-7778-42e4-866d-1286d98c173c-140410062901248","trial_id":269,"param_name":"BellowHeight","param_value_internal":6.6500016738408805,"distribution":"{\"name\": \"FloatDistribution\", \"attributes\": {\"step\": null, \"low\": 6.0, \"high\": 10.0, \"log\": false}}"}
{"op_code":5,"worker_id":"8a75add0-7778-42e4-866d-1286d98c173c-140410062901248","trial_id":269,"param_name":"WallThickness","param_value_internal":2.4033688852079402,"distribution":"{\"name\": \"FloatDistribution\", \"attributes\": {\"step\": null, \"low\": 2.0, \"high\": 4.0, \"log\": false}}"}
{"op_code":5,"worker_id":"8a75add0-7778-42e4-866d-1286d98c173c-140410062901248","trial_id":269,"param_name":"PlateauHeight","param_value_internal":2.623492640568099,"distribution":"{\"name\": \"FloatDistribution\", \"attributes\": {\"step\": null, \"low\": 2.0, \"high\": 4.0, \"log\": false}}"}
{"op_code":6,"worker_id":"d6dec318-6198-4b0d-9442-33b13b0b99ff-140273271562240","trial_id":264,"state":1,"values":[20.281882870825655,0.21031994619434186,0.4261303469875048],"datetime_complete":"2026-05-28T21:55:13.752827"}
{"op_code":4,"worker_id":"d6dec318-6198-4b0d-9442-33b13b0b99ff-140273271562240","study_id":0,"datetime_start":"2026-05-28T21:55:13.768786"}
{"op_code":9,"worker_id":"d6dec318-6198-4b0d-9442-33b13b0b99ff-140273271562240","trial_id":270,"system_attr":{"nsga2:generation":4}}
{"op_code":5,"worker_id":"d6dec318-6198-4b0d-9442-33b13b0b99ff-140273271562240","trial_id":270,"param_name":"JointSlopeAngle","param_value_internal":0.9113548625297904,"distribution":"{\"name\": \"FloatDistribution\", \"attributes\": {\"step\": null, \"low\": 0.17453292519943295, \"high\": 1.0471975511965976, \"log\": false}}"}
{"op_code":5,"worker_id":"d6dec318-6198-4b0d-9442-33b13b0b99ff-140273271562240","trial_id":270,"param_name":"OuterRadius","param_value_internal":13.58288873391433,"distribution":"{\"name\": \"FloatDistribution\", \"attributes\": {\"step\": null, \"low\": 8.75, \"high\": 17.75, \"log\": false}}"}
{"op_code":5,"worker_id":"d6dec318-6198-4b0d-9442-33b13b0b99ff-140273271562240","trial_id":270,"param_name":"JointHeight","param_value_internal":7.164972920315613,"distribution":"{\"name\": \"FloatDistribution\", \"attributes\": {\"step\": null, \"low\": 5.0, \"high\": 8.0, \"log\": false}}"}
{"op_code":5,"worker_id":"d6dec318-6198-4b0d-9442-33b13b0b99ff-140273271562240","trial_id":270,"param_name":"CavityCorkThickness","param_value_internal":2.1033859861361157,"distribution":"{\"name\": \"FloatDistribution\", \"attributes\": {\"step\": null, \"low\": 2.0, \"high\": 5.0, \"log\": false}}"}
{"op_code":5,"worker_id":"d6dec318-6198-4b0d-9442-33b13b0b99ff-140273271562240","trial_id":270,"param_name":"BellowHeight","param_value_internal":8.647569351477152,"distribution":"{\"name\": \"FloatDistribution\", \"attributes\": {\"step\": null, \"low\": 6.0, \"high\": 10.0, \"log\": false}}"}
{"op_code":5,"worker_id":"d6dec318-6198-4b0d-9442-33b13b0b99ff-140273271562240","trial_id":270,"param_name":"WallThickness","param_value_internal":2.4334825842133485,"distribution":"{\"name\": \"FloatDistribution\", \"attributes\": {\"step\": null, \"low\": 2.0, \"high\": 4.0, \"log\": false}}"}
{"op_code":5,"worker_id":"d6dec318-6198-4b0d-9442-33b13b0b99ff-140273271562240","trial_id":270,"param_name":"PlateauHeight","param_value_internal":2.650760668247381,"distribution":"{\"name\": \"FloatDistribution\", \"attributes\": {\"step\": null, \"low\": 2.0, \"high\": 4.0, \"log\": false}}"}
{"op_code":6,"worker_id":"1d57d4b9-2efe-4085-8b4d-54f9f495ee39-139982114316288","trial_id":267,"state":1,"values":[70.39780110300865,0.07981998342416706,0.3561773347006373],"datetime_complete":"2026-05-28T21:55:18.468383"}
{"op_code":4,"worker_id":"1d57d4b9-2efe-4085-8b4d-54f9f495ee39-139982114316288","study_id":0,"datetime_start":"2026-05-28T21:55:18.479908"}
{"op_code":9,"worker_id":"1d57d4b9-2efe-4085-8b4d-54f9f495ee39-139982114316288","trial_id":271,"system_attr":{"nsga2:generation":4}}
{"op_code":5,"worker_id":"1d57d4b9-2efe-4085-8b4d-54f9f495ee39-139982114316288","trial_id":271,"param_name":"JointSlopeAngle","param_value_internal":0.6514101966662729,"distribution":"{\"name\": \"FloatDistribution\", \"attributes\": {\"step\": null, \"low\": 0.17453292519943295, \"high\": 1.0471975511965976, \"log\": false}}"}
{"op_code":5,"worker_id":"1d57d4b9-2efe-4085-8b4d-54f9f495ee39-139982114316288","trial_id":271,"param_name":"OuterRadius","param_value_internal":12.40216280669376,"distribution":"{\"name\": \"FloatDistribution\", \"attributes\": {\"step\": null, \"low\": 8.75, \"high\": 17.75, \"log\": false}}"}
{"op_code":5,"worker_id":"1d57d4b9-2efe-4085-8b4d-54f9f495ee39-139982114316288","trial_id":271,"param_name":"JointHeight","param_value_internal":5.978578486875256,"distribution":"{\"name\": \"FloatDistribution\", \"attributes\": {\"step\": null, \"low\": 5.0, \"high\": 8.0, \"log\": false}}"}
{"op_code":5,"worker_id":"1d57d4b9-2efe-4085-8b4d-54f9f495ee39-139982114316288","trial_id":271,"param_name":"CavityCorkThickness","param_value_internal":4.5846813631520895,"distribution":"{\"name\": \"FloatDistribution\", \"attributes\": {\"step\": null, \"low\": 2.0, \"high\": 5.0, \"log\": false}}"}
{"op_code":5,"worker_id":"1d57d4b9-2efe-4085-8b4d-54f9f495ee39-139982114316288","trial_id":271,"param_name":"BellowHeight","param_value_internal":8.415276974565108,"distribution":"{\"name\": \"FloatDistribution\", \"attributes\": {\"step\": null, \"low\": 6.0, \"high\": 10.0, \"log\": false}}"}
{"op_code":5,"worker_id":"1d57d4b9-2efe-4085-8b4d-54f9f495ee39-139982114316288","trial_id":271,"param_name":"WallThickness","param_value_internal":2.4033688852079402,"distribution":"{\"name\": \"FloatDistribution\", \"attributes\": {\"step\": null, \"low\": 2.0, \"high\": 4.0, \"log\": false}}"}
{"op_code":5,"worker_id":"1d57d4b9-2efe-4085-8b4d-54f9f495ee39-139982114316288","trial_id":271,"param_name":"PlateauHeight","param_value_internal":2.6190336538111945,"distribution":"{\"name\": \"FloatDistribution\", \"attributes\": {\"step\": null, \"low\": 2.0, \"high\": 4.0, \"log\": false}}"}
{"op_code":6,"worker_id":"8ef529fe-e953-4a66-b211-34b627f6af18-139982915063808","trial_id":268,"state":1,"values":[112.62261507214657,0.0861985425127267,0.3446812116160346],"datetime_complete":"2026-05-28T21:55:43.854152"}
{"op_code":4,"worker_id":"8ef529fe-e953-4a66-b211-34b627f6af18-139982915063808","study_id":0,"datetime_start":"2026-05-28T21:55:43.867763"}
{"op_code":9,"worker_id":"8ef529fe-e953-4a66-b211-34b627f6af18-139982915063808","trial_id":272,"system_attr":{"nsga2:generation":4}}
{"op_code":5,"worker_id":"8ef529fe-e953-4a66-b211-34b627f6af18-139982915063808","trial_id":272,"param_name":"JointSlopeAngle","param_value_internal":0.5478051691981186,"distribution":"{\"name\": \"FloatDistribution\", \"attributes\": {\"step\": null, \"low\": 0.17453292519943295, \"high\": 1.0471975511965976, \"log\": false}}"}
{"op_code":5,"worker_id":"8ef529fe-e953-4a66-b211-34b627f6af18-139982915063808","trial_id":272,"param_name":"OuterRadius","param_value_internal":14.097561165675401,"distribution":"{\"name\": \"FloatDistribution\", \"attributes\": {\"step\": null, \"low\": 8.75, \"high\": 17.75, \"log\": false}}"}
{"op_code":5,"worker_id":"8ef529fe-e953-4a66-b211-34b627f6af18-139982915063808","trial_id":272,"param_name":"JointHeight","param_value_internal":6.993393128311637,"distribution":"{\"name\": \"FloatDistribution\", \"attributes\": {\"step\": null, \"low\": 5.0, \"high\": 8.0, \"log\": false}}"}
{"op_code":5,"worker_id":"8ef529fe-e953-4a66-b211-34b627f6af18-139982915063808","trial_id":272,"param_name":"CavityCorkThickness","param_value_internal":2.7517814542529067,"distribution":"{\"name\": \"FloatDistribution\", \"attributes\": {\"step\": null, \"low\": 2.0, \"high\": 5.0, \"log\": false}}"}
{"op_code":5,"worker_id":"8ef529fe-e953-4a66-b211-34b627f6af18-139982915063808","trial_id":272,"param_name":"BellowHeight","param_value_internal":8.84039489845335,"distribution":"{\"name\": \"FloatDistribution\", \"attributes\": {\"step\": null, \"low\": 6.0, \"high\": 10.0, \"log\": false}}"}
{"op_code":5,"worker_id":"8ef529fe-e953-4a66-b211-34b627f6af18-139982915063808","trial_id":272,"param_name":"WallThickness","param_value_internal":2.572774572846695,"distribution":"{\"name\": \"FloatDistribution\", \"attributes\": {\"step\": null, \"low\": 2.0, \"high\": 4.0, \"log\": false}}"}
{"op_code":5,"worker_id":"8ef529fe-e953-4a66-b211-34b627f6af18-139982915063808","trial_id":272,"param_name":"PlateauHeight","param_value_internal":2.8634546225265693,"distribution":"{\"name\": \"FloatDistribution\", \"attributes\": {\"step\": null, \"low\": 2.0, \"high\": 4.0, \"log\": false}}"}
{"op_code":6,"worker_id":"8a75add0-7778-42e4-866d-1286d98c173c-140410062901248","trial_id":269,"state":1,"values":[93.55838580548959,0.10171013258797287,0.3341532347443694],"datetime_complete":"2026-05-28T21:55:47.184398"}
{"op_code":4,"worker_id":"8a75add0-7778-42e4-866d-1286d98c173c-140410062901248","study_id":0,"datetime_start":"2026-05-28T21:55:47.197176"}
{"op_code":9,"worker_id":"8a75add0-7778-42e4-866d-1286d98c173c-140410062901248","trial_id":273,"system_attr":{"nsga2:generation":4}}
{"op_code":5,"worker_id":"8a75add0-7778-42e4-866d-1286d98c173c-140410062901248","trial_id":273,"param_name":"JointSlopeAngle","param_value_internal":1.0036476727402395,"distribution":"{\"name\": \"FloatDistribution\", \"attributes\": {\"step\": null, \"low\": 0.17453292519943295, \"high\": 1.0471975511965976, \"log\": false}}"}
{"op_code":5,"worker_id":"8a75add0-7778-42e4-866d-1286d98c173c-140410062901248","trial_id":273,"param_name":"OuterRadius","param_value_internal":12.093814132777798,"distribution":"{\"name\": \"FloatDistribution\", \"attributes\": {\"step\": null, \"low\": 8.75, \"high\": 17.75, \"log\": false}}"}
{"op_code":5,"worker_id":"8a75add0-7778-42e4-866d-1286d98c173c-140410062901248","trial_id":273,"param_name":"JointHeight","param_value_internal":5.672374529747194,"distribution":"{\"name\": \"FloatDistribution\", \"attributes\": {\"step\": null, \"low\": 5.0, \"high\": 8.0, \"log\": false}}"}
{"op_code":5,"worker_id":"8a75add0-7778-42e4-866d-1286d98c173c-140410062901248","trial_id":273,"param_name":"CavityCorkThickness","param_value_internal":3.216753339045557,"distribution":"{\"name\": \"FloatDistribution\", \"attributes\": {\"step\": null, \"low\": 2.0, \"high\": 5.0, \"log\": false}}"}
{"op_code":5,"worker_id":"8a75add0-7778-42e4-866d-1286d98c173c-140410062901248","trial_id":273,"param_name":"BellowHeight","param_value_internal":8.491643329707284,"distribution":"{\"name\": \"FloatDistribution\", \"attributes\": {\"step\": null, \"low\": 6.0, \"high\": 10.0, \"log\": false}}"}
{"op_code":5,"worker_id":"8a75add0-7778-42e4-866d-1286d98c173c-140410062901248","trial_id":273,"param_name":"WallThickness","param_value_internal":2.7644256005489485,"distribution":"{\"name\": \"FloatDistribution\", \"attributes\": {\"step\": null, \"low\": 2.0, \"high\": 4.0, \"log\": false}}"}
{"op_code":5,"worker_id":"8a75add0-7778-42e4-866d-1286d98c173c-140410062901248","trial_id":273,"param_name":"PlateauHeight","param_value_internal":2.8862061459933885,"distribution":"{\"name\": \"FloatDistribution\", \"attributes\": {\"step\": null, \"low\": 2.0, \"high\": 4.0, \"log\": false}}"}
{"op_code":6,"worker_id":"1d57d4b9-2efe-4085-8b4d-54f9f495ee39-139982114316288","trial_id":271,"state":1,"values":[45.642265347534874,0.13329171132076975,0.4539864398750828],"datetime_complete":"2026-05-28T21:55:52.519982"}
{"op_code":4,"worker_id":"1d57d4b9-2efe-4085-8b4d-54f9f495ee39-139982114316288","study_id":0,"datetime_start":"2026-05-28T21:55:52.535394"}
{"op_code":9,"worker_id":"1d57d4b9-2efe-4085-8b4d-54f9f495ee39-139982114316288","trial_id":274,"system_attr":{"nsga2:generation":4}}
{"op_code":5,"worker_id":"1d57d4b9-2efe-4085-8b4d-54f9f495ee39-139982114316288","trial_id":274,"param_name":"JointSlopeAngle","param_value_internal":0.6971225490961811,"distribution":"{\"name\": \"FloatDistribution\", \"attributes\": {\"step\": null, \"low\": 0.17453292519943295, \"high\": 1.0471975511965976, \"log\": false}}"}
{"op_code":5,"worker_id":"1d57d4b9-2efe-4085-8b4d-54f9f495ee39-139982114316288","trial_id":274,"param_name":"OuterRadius","param_value_internal":14.556558332707098,"distribution":"{\"name\": \"FloatDistribution\", \"attributes\": {\"step\": null, \"low\": 8.75, \"high\": 17.75, \"log\": false}}"}
{"op_code":5,"worker_id":"1d57d4b9-2efe-4085-8b4d-54f9f495ee39-139982114316288","trial_id":274,"param_name":"JointHeight","param_value_internal":5.8741644177199115,"distribution":"{\"name\": \"FloatDistribution\", \"attributes\": {\"step\": null, \"low\": 5.0, \"high\": 8.0, \"log\": false}}"}
{"op_code":5,"worker_id":"1d57d4b9-2efe-4085-8b4d-54f9f495ee39-139982114316288","trial_id":274,"param_name":"CavityCorkThickness","param_value_internal":3.216753339045557,"distribution":"{\"name\": \"FloatDistribution\", \"attributes\": {\"step\": null, \"low\": 2.0, \"high\": 5.0, \"log\": false}}"}
{"op_code":5,"worker_id":"1d57d4b9-2efe-4085-8b4d-54f9f495ee39-139982114316288","trial_id":274,"param_name":"BellowHeight","param_value_internal":7.221434234090408,"distribution":"{\"name\": \"FloatDistribution\", \"attributes\": {\"step\": null, \"low\": 6.0, \"high\": 10.0, \"log\": false}}"}
{"op_code":5,"worker_id":"1d57d4b9-2efe-4085-8b4d-54f9f495ee39-139982114316288","trial_id":274,"param_name":"WallThickness","param_value_internal":3.445314823170217,"distribution":"{\"name\": \"FloatDistribution\", \"attributes\": {\"step\": null, \"low\": 2.0, \"high\": 4.0, \"log\": false}}"}
{"op_code":5,"worker_id":"1d57d4b9-2efe-4085-8b4d-54f9f495ee39-139982114316288","trial_id":274,"param_name":"PlateauHeight","param_value_internal":2.6190336538111945,"distribution":"{\"name\": \"FloatDistribution\", \"attributes\": {\"step\": null, \"low\": 2.0, \"high\": 4.0, \"log\": false}}"}
{"op_code":6,"worker_id":"d6dec318-6198-4b0d-9442-33b13b0b99ff-140273271562240","trial_id":270,"state":1,"values":[50.57997152719304,0.05869766363661275,0.42474751647273046],"datetime_complete":"2026-05-28T21:55:56.468443"}
{"op_code":4,"worker_id":"d6dec318-6198-4b0d-9442-33b13b0b99ff-140273271562240","study_id":0,"datetime_start":"2026-05-28T21:55:56.485557"}
{"op_code":9,"worker_id":"d6dec318-6198-4b0d-9442-33b13b0b99ff-140273271562240","trial_id":275,"system_attr":{"nsga2:generation":4}}
{"op_code":5,"worker_id":"d6dec318-6198-4b0d-9442-33b13b0b99ff-140273271562240","trial_id":275,"param_name":"JointSlopeAngle","param_value_internal":0.7461897180006781,"distribution":"{\"name\": \"FloatDistribution\", \"attributes\": {\"step\": null, \"low\": 0.17453292519943295, \"high\": 1.0471975511965976, \"log\": false}}"}
{"op_code":5,"worker_id":"d6dec318-6198-4b0d-9442-33b13b0b99ff-140273271562240","trial_id":275,"param_name":"OuterRadius","param_value_internal":15.528948055203632,"distribution":"{\"name\": \"FloatDistribution\", \"attributes\": {\"step\": null, \"low\": 8.75, \"high\": 17.75, \"log\": false}}"}
{"op_code":5,"worker_id":"d6dec318-6198-4b0d-9442-33b13b0b99ff-140273271562240","trial_id":275,"param_name":"JointHeight","param_value_internal":5.672374529747194,"distribution":"{\"name\": \"FloatDistribution\", \"attributes\": {\"step\": null, \"low\": 5.0, \"high\": 8.0, \"log\": false}}"}
{"op_code":5,"worker_id":"d6dec318-6198-4b0d-9442-33b13b0b99ff-140273271562240","trial_id":275,"param_name":"CavityCorkThickness","param_value_internal":4.120272134475807,"distribution":"{\"name\": \"FloatDistribution\", \"attributes\": {\"step\": null, \"low\": 2.0, \"high\": 5.0, \"log\": false}}"}
{"op_code":5,"worker_id":"d6dec318-6198-4b0d-9442-33b13b0b99ff-140273271562240","trial_id":275,"param_name":"BellowHeight","param_value_internal":7.810139111736028,"distribution":"{\"name\": \"FloatDistribution\", \"attributes\": {\"step\": null, \"low\": 6.0, \"high\": 10.0, \"log\": false}}"}
{"op_code":5,"worker_id":"d6dec318-6198-4b0d-9442-33b13b0b99ff-140273271562240","trial_id":275,"param_name":"WallThickness","param_value_internal":2.0215676563021177,"distribution":"{\"name\": \"FloatDistribution\", \"attributes\": {\"step\": null, \"low\": 2.0, \"high\": 4.0, \"log\": false}}"}
{"op_code":5,"worker_id":"d6dec318-6198-4b0d-9442-33b13b0b99ff-140273271562240","trial_id":275,"param_name":"PlateauHeight","param_value_internal":3.9864459396520076,"distribution":"{\"name\": \"FloatDistribution\", \"attributes\": {\"step\": null, \"low\": 2.0, \"high\": 4.0, \"log\": false}}"}
{"op_code":6,"worker_id":"8a75add0-7778-42e4-866d-1286d98c173c-140410062901248","trial_id":273,"state":1,"values":[-Infinity,-Infinity,-Infinity],"datetime_complete":"2026-05-28T21:55:57.481965"}
{"op_code":4,"worker_id":"8a75add0-7778-42e4-866d-1286d98c173c-140410062901248","study_id":0,"datetime_start":"2026-05-28T21:55:57.495607"}
{"op_code":9,"worker_id":"8a75add0-7778-42e4-866d-1286d98c173c-140410062901248","trial_id":276,"system_attr":{"nsga2:generation":5}}
{"op_code":5,"worker_id":"8a75add0-7778-42e4-866d-1286d98c173c-140410062901248","trial_id":276,"param_name":"JointSlopeAngle","param_value_internal":0.28423537962449874,"distribution":"{\"name\": \"FloatDistribution\", \"attributes\": {\"step\": null, \"low\": 0.17453292519943295, \"high\": 1.0471975511965976, \"log\": false}}"}
{"op_code":5,"worker_id":"8a75add0-7778-42e4-866d-1286d98c173c-140410062901248","trial_id":276,"param_name":"OuterRadius","param_value_internal":15.99603399757401,"distribution":"{\"name\": \"FloatDistribution\", \"attributes\": {\"step\": null, \"low\": 8.75, \"high\": 17.75, \"log\": false}}"}
{"op_code":5,"worker_id":"8a75add0-7778-42e4-866d-1286d98c173c-140410062901248","trial_id":276,"param_name":"JointHeight","param_value_internal":5.4726252712851915,"distribution":"{\"name\": \"FloatDistribution\", \"attributes\": {\"step\": null, \"low\": 5.0, \"high\": 8.0, \"log\": false}}"}
{"op_code":5,"worker_id":"8a75add0-7778-42e4-866d-1286d98c173c-140410062901248","trial_id":276,"param_name":"CavityCorkThickness","param_value_internal":2.188428291256305,"distribution":"{\"name\": \"FloatDistribution\", \"attributes\": {\"step\": null, \"low\": 2.0, \"high\": 5.0, \"log\": false}}"}
{"op_code":5,"worker_id":"8a75add0-7778-42e4-866d-1286d98c173c-140410062901248","trial_id":276,"param_name":"BellowHeight","param_value_internal":6.686599526265798,"distribution":"{\"name\": \"FloatDistribution\", \"attributes\": {\"step\": null, \"low\": 6.0, \"high\": 10.0, \"log\": false}}"}
{"op_code":5,"worker_id":"8a75add0-7778-42e4-866d-1286d98c173c-140410062901248","trial_id":276,"param_name":"WallThickness","param_value_internal":2.8718193747911034,"distribution":"{\"name\": \"FloatDistribution\", \"attributes\": {\"step\": null, \"low\": 2.0, \"high\": 4.0, \"log\": false}}"}
{"op_code":5,"worker_id":"8a75add0-7778-42e4-866d-1286d98c173c-140410062901248","trial_id":276,"param_name":"PlateauHeight","param_value_internal":3.9864459396520076,"distribution":"{\"name\": \"FloatDistribution\", \"attributes\": {\"step\": null, \"low\": 2.0, \"high\": 4.0, \"log\": false}}"}
{"op_code":6,"worker_id":"8ef529fe-e953-4a66-b211-34b627f6af18-139982915063808","trial_id":272,"state":1,"values":[57.46887710877718,0.06912586059053988,0.40186017418784975],"datetime_complete":"2026-05-28T21:56:18.281972"}
{"op_code":4,"worker_id":"8ef529fe-e953-4a66-b211-34b627f6af18-139982915063808","study_id":0,"datetime_start":"2026-05-28T21:56:18.294074"}
{"op_code":9,"worker_id":"8ef529fe-e953-4a66-b211-34b627f6af18-139982915063808","trial_id":277,"system_attr":{"nsga2:generation":5}}
{"op_code":5,"worker_id":"8ef529fe-e953-4a66-b211-34b627f6af18-139982915063808","trial_id":277,"param_name":"JointSlopeAngle","param_value_internal":0.28423537962449874,"distribution":"{\"name\": \"FloatDistribution\", \"attributes\": {\"step\": null, \"low\": 0.17453292519943295, \"high\": 1.0471975511965976, \"log\": false}}"}
{"op_code":5,"worker_id":"8ef529fe-e953-4a66-b211-34b627f6af18-139982915063808","trial_id":277,"param_name":"OuterRadius","param_value_internal":10.232245410416859,"distribution":"{\"name\": \"FloatDistribution\", \"attributes\": {\"step\": null, \"low\": 8.75, \"high\": 17.75, \"log\": false}}"}
{"op_code":5,"worker_id":"8ef529fe-e953-4a66-b211-34b627f6af18-139982915063808","trial_id":277,"param_name":"JointHeight","param_value_internal":7.59313494447626,"distribution":"{\"name\": \"FloatDistribution\", \"attributes\": {\"step\": null, \"low\": 5.0, \"high\": 8.0, \"log\": false}}"}
{"op_code":5,"worker_id":"8ef529fe-e953-4a66-b211-34b627f6af18-139982915063808","trial_id":277,"param_name":"CavityCorkThickness","param_value_internal":3.4826906895668426,"distribution":"{\"name\": \"FloatDistribution\", \"attributes\": {\"step\": null, \"low\": 2.0, \"high\": 5.0, \"log\": false}}"}
{"op_code":5,"worker_id":"8ef529fe-e953-4a66-b211-34b627f6af18-139982915063808","trial_id":277,"param_name":"BellowHeight","param_value_internal":7.446633669472608,"distribution":"{\"name\": \"FloatDistribution\", \"attributes\": {\"step\": null, \"low\": 6.0, \"high\": 10.0, \"log\": false}}"}
{"op_code":5,"worker_id":"8ef529fe-e953-4a66-b211-34b627f6af18-139982915063808","trial_id":277,"param_name":"WallThickness","param_value_internal":2.4033688852079402,"distribution":"{\"name\": \"FloatDistribution\", \"attributes\": {\"step\": null, \"low\": 2.0, \"high\": 4.0, \"log\": false}}"}
{"op_code":5,"worker_id":"8ef529fe-e953-4a66-b211-34b627f6af18-139982915063808","trial_id":277,"param_name":"PlateauHeight","param_value_internal":2.8862061459933885,"distribution":"{\"name\": \"FloatDistribution\", \"attributes\": {\"step\": null, \"low\": 2.0, \"high\": 4.0, \"log\": false}}"}
{"op_code":6,"worker_id":"1d57d4b9-2efe-4085-8b4d-54f9f495ee39-139982114316288","trial_id":274,"state":1,"values":[36.327896537271386,0.06512968444642464,0.3956077776192331],"datetime_complete":"2026-05-28T21:56:26.956864"}
{"op_code":4,"worker_id":"1d57d4b9-2efe-4085-8b4d-54f9f495ee39-139982114316288","study_id":0,"datetime_start":"2026-05-28T21:56:26.970160"}
{"op_code":9,"worker_id":"1d57d4b9-2efe-4085-8b4d-54f9f495ee39-139982114316288","trial_id":278,"system_attr":{"nsga2:generation":5}}
{"op_code":5,"worker_id":"1d57d4b9-2efe-4085-8b4d-54f9f495ee39-139982114316288","trial_id":278,"param_name":"JointSlopeAngle","param_value_internal":0.5478051691981186,"distribution":"{\"name\": \"FloatDistribution\", \"attributes\": {\"step\": null, \"low\": 0.17453292519943295, \"high\": 1.0471975511965976, \"log\": false}}"}
{"op_code":5,"worker_id":"1d57d4b9-2efe-4085-8b4d-54f9f495ee39-139982114316288","trial_id":278,"param_name":"OuterRadius","param_value_internal":10.88694454515912,"distribution":"{\"name\": \"FloatDistribution\", \"attributes\": {\"step\": null, \"low\": 8.75, \"high\": 17.75, \"log\": false}}"}
{"op_code":5,"worker_id":"1d57d4b9-2efe-4085-8b4d-54f9f495ee39-139982114316288","trial_id":278,"param_name":"JointHeight","param_value_internal":7.147381649307654,"distribution":"{\"name\": \"FloatDistribution\", \"attributes\": {\"step\": null, \"low\": 5.0, \"high\": 8.0, \"log\": false}}"}
{"op_code":5,"worker_id":"1d57d4b9-2efe-4085-8b4d-54f9f495ee39-139982114316288","trial_id":278,"param_name":"CavityCorkThickness","param_value_internal":2.885560302188327,"distribution":"{\"name\": \"FloatDistribution\", \"attributes\": {\"step\": null, \"low\": 2.0, \"high\": 5.0, \"log\": false}}"}
{"op_code":5,"worker_id":"1d57d4b9-2efe-4085-8b4d-54f9f495ee39-139982114316288","trial_id":278,"param_name":"BellowHeight","param_value_internal":8.415276974565108,"distribution":"{\"name\": \"FloatDistribution\", \"attributes\": {\"step\": null, \"low\": 6.0, \"high\": 10.0, \"log\": false}}"}
{"op_code":5,"worker_id":"1d57d4b9-2efe-4085-8b4d-54f9f495ee39-139982114316288","trial_id":278,"param_name":"WallThickness","param_value_internal":2.120492221253444,"distribution":"{\"name\": \"FloatDistribution\", \"attributes\": {\"step\": null, \"low\": 2.0, \"high\": 4.0, \"log\": false}}"}
{"op_code":5,"worker_id":"1d57d4b9-2efe-4085-8b4d-54f9f495ee39-139982114316288","trial_id":278,"param_name":"PlateauHeight","param_value_internal":2.264084645806684,"distribution":"{\"name\": \"FloatDistribution\", \"attributes\": {\"step\": null, \"low\": 2.0, \"high\": 4.0, \"log\": false}}"}
{"op_code":6,"worker_id":"8a75add0-7778-42e4-866d-1286d98c173c-140410062901248","trial_id":276,"state":1,"values":[53.71657308233671,0.049423721584545645,0.3655616095992206],"datetime_complete":"2026-05-28T21:56:32.635729"}
{"op_code":4,"worker_id":"8a75add0-7778-42e4-866d-1286d98c173c-140410062901248","study_id":0,"datetime_start":"2026-05-28T21:56:32.648378"}
{"op_code":9,"worker_id":"8a75add0-7778-42e4-866d-1286d98c173c-140410062901248","trial_id":279,"system_attr":{"nsga2:generation":5}}
{"op_code":5,"worker_id":"8a75add0-7778-42e4-866d-1286d98c173c-140410062901248","trial_id":279,"param_name":"JointSlopeAngle","param_value_internal":0.9261479158450542,"distribution":"{\"name\": \"FloatDistribution\", \"attributes\": {\"step\": null, \"low\": 0.17453292519943295, \"high\": 1.0471975511965976, \"log\": false}}"}
{"op_code":5,"worker_id":"8a75add0-7778-42e4-866d-1286d98c173c-140410062901248","trial_id":279,"param_name":"OuterRadius","param_value_internal":10.232245410416859,"distribution":"{\"name\": \"FloatDistribution\", \"attributes\": {\"step\": null, \"low\": 8.75, \"high\": 17.75, \"log\": false}}"}
{"op_code":5,"worker_id":"8a75add0-7778-42e4-866d-1286d98c173c-140410062901248","trial_id":279,"param_name":"JointHeight","param_value_internal":7.3160446773971195,"distribution":"{\"name\": \"FloatDistribution\", \"attributes\": {\"step\": null, \"low\": 5.0, \"high\": 8.0, \"log\": false}}"}
{"op_code":5,"worker_id":"8a75add0-7778-42e4-866d-1286d98c173c-140410062901248","trial_id":279,"param_name":"CavityCorkThickness","param_value_internal":3.327952515995391,"distribution":"{\"name\": \"FloatDistribution\", \"attributes\": {\"step\": null, \"low\": 2.0, \"high\": 5.0, \"log\": false}}"}
{"op_code":5,"worker_id":"8a75add0-7778-42e4-866d-1286d98c173c-140410062901248","trial_id":279,"param_name":"BellowHeight","param_value_internal":6.6500016738408805,"distribution":"{\"name\": \"FloatDistribution\", \"attributes\": {\"step\": null, \"low\": 6.0, \"high\": 10.0, \"log\": false}}"}
{"op_code":5,"worker_id":"8a75add0-7778-42e4-866d-1286d98c173c-140410062901248","trial_id":279,"param_name":"WallThickness","param_value_internal":2.4033688852079402,"distribution":"{\"name\": \"FloatDistribution\", \"attributes\": {\"step\": null, \"low\": 2.0, \"high\": 4.0, \"log\": false}}"}
{"op_code":5,"worker_id":"8a75add0-7778-42e4-866d-1286d98c173c-140410062901248","trial_id":279,"param_name":"PlateauHeight","param_value_internal":2.6534402573663156,"distribution":"{\"name\": \"FloatDistribution\", \"attributes\": {\"step\": null, \"low\": 2.0, \"high\": 4.0, \"log\": false}}"}
{"op_code":6,"worker_id":"d6dec318-6198-4b0d-9442-33b13b0b99ff-140273271562240","trial_id":275,"state":1,"values":[97.77297093366667,0.10443547496542255,0.36243571232990274],"datetime_complete":"2026-05-28T21:56:39.525691"}
{"op_code":4,"worker_id":"d6dec318-6198-4b0d-9442-33b13b0b99ff-140273271562240","study_id":0,"datetime_start":"2026-05-28T21:56:39.543133"}
{"op_code":3,"worker_id":"d6dec318-6198-4b0d-9442-33b13b0b99ff-140273271562240","study_id":0,"system_attr":{"nsga2:population:62f6435156124cde75aa701a4ab3111ea3fdb47a7d2064642a6ea31a3aeb4c0f":[4,[224,225,226,228,231,233,234,237,242,245,248,250,261,265,275,173,199,211,218,220,115,126,149,79,84,19,69,215,264,270,268,249,197,184,135,259,196,147,193,230,198,229,50,75,66,169,223,139,244,163]]}}
{"op_code":9,"worker_id":"d6dec318-6198-4b0d-9442-33b13b0b99ff-140273271562240","trial_id":280,"system_attr":{"nsga2:generation":5}}
{"op_code":5,"worker_id":"d6dec318-6198-4b0d-9442-33b13b0b99ff-140273271562240","trial_id":280,"param_name":"JointSlopeAngle","param_value_internal":0.9297848729389682,"distribution":"{\"name\": \"FloatDistribution\", \"attributes\": {\"step\": null, \"low\": 0.17453292519943295, \"high\": 1.0471975511965976, \"log\": false}}"}
{"op_code":5,"worker_id":"d6dec318-6198-4b0d-9442-33b13b0b99ff-140273271562240","trial_id":280,"param_name":"OuterRadius","param_value_internal":14.30304273389325,"distribution":"{\"name\": \"FloatDistribution\", \"attributes\": {\"step\": null, \"low\": 8.75, \"high\": 17.75, \"log\": false}}"}
{"op_code":5,"worker_id":"d6dec318-6198-4b0d-9442-33b13b0b99ff-140273271562240","trial_id":280,"param_name":"JointHeight","param_value_internal":5.8741644177199115,"distribution":"{\"name\": \"FloatDistribution\", \"attributes\": {\"step\": null, \"low\": 5.0, \"high\": 8.0, \"log\": false}}"}
{"op_code":5,"worker_id":"d6dec318-6198-4b0d-9442-33b13b0b99ff-140273271562240","trial_id":280,"param_name":"CavityCorkThickness","param_value_internal":4.657711220929244,"distribution":"{\"name\": \"FloatDistribution\", \"attributes\": {\"step\": null, \"low\": 2.0, \"high\": 5.0, \"log\": false}}"}
{"op_code":5,"worker_id":"d6dec318-6198-4b0d-9442-33b13b0b99ff-140273271562240","trial_id":280,"param_name":"BellowHeight","param_value_internal":7.646256208121855,"distribution":"{\"name\": \"FloatDistribution\", \"attributes\": {\"step\": null, \"low\": 6.0, \"high\": 10.0, \"log\": false}}"}
{"op_code":5,"worker_id":"d6dec318-6198-4b0d-9442-33b13b0b99ff-140273271562240","trial_id":280,"param_name":"WallThickness","param_value_internal":3.445314823170217,"distribution":"{\"name\": \"FloatDistribution\", \"attributes\": {\"step\": null, \"low\": 2.0, \"high\": 4.0, \"log\": false}}"}
{"op_code":5,"worker_id":"d6dec318-6198-4b0d-9442-33b13b0b99ff-140273271562240","trial_id":280,"param_name":"PlateauHeight","param_value_internal":2.4239237915714935,"distribution":"{\"name\": \"FloatDistribution\", \"attributes\": {\"step\": null, \"low\": 2.0, \"high\": 4.0, \"log\": false}}"}
{"op_code":6,"worker_id":"d6dec318-6198-4b0d-9442-33b13b0b99ff-140273271562240","trial_id":280,"state":1,"values":[-Infinity,-Infinity,-Infinity],"datetime_complete":"2026-05-28T21:56:49.960626"}
{"op_code":4,"worker_id":"d6dec318-6198-4b0d-9442-33b13b0b99ff-140273271562240","study_id":0,"datetime_start":"2026-05-28T21:56:49.979507"}
{"op_code":9,"worker_id":"d6dec318-6198-4b0d-9442-33b13b0b99ff-140273271562240","trial_id":281,"system_attr":{"nsga2:generation":5}}
{"op_code":5,"worker_id":"d6dec318-6198-4b0d-9442-33b13b0b99ff-140273271562240","trial_id":281,"param_name":"JointSlopeAngle","param_value_internal":0.7461897180006781,"distribution":"{\"name\": \"FloatDistribution\", \"attributes\": {\"step\": null, \"low\": 0.17453292519943295, \"high\": 1.0471975511965976, \"log\": false}}"}
{"op_code":5,"worker_id":"d6dec318-6198-4b0d-9442-33b13b0b99ff-140273271562240","trial_id":281,"param_name":"OuterRadius","param_value_internal":16.263703644677186,"distribution":"{\"name\": \"FloatDistribution\", \"attributes\": {\"step\": null, \"low\": 8.75, \"high\": 17.75, \"log\": false}}"}
{"op_code":5,"worker_id":"d6dec318-6198-4b0d-9442-33b13b0b99ff-140273271562240","trial_id":281,"param_name":"JointHeight","param_value_internal":7.319728841821658,"distribution":"{\"name\": \"FloatDistribution\", \"attributes\": {\"step\": null, \"low\": 5.0, \"high\": 8.0, \"log\": false}}"}
{"op_code":5,"worker_id":"d6dec318-6198-4b0d-9442-33b13b0b99ff-140273271562240","trial_id":281,"param_name":"CavityCorkThickness","param_value_internal":2.9684358111386127,"distribution":"{\"name\": \"FloatDistribution\", \"attributes\": {\"step\": null, \"low\": 2.0, \"high\": 5.0, \"log\": false}}"}
{"op_code":5,"worker_id":"d6dec318-6198-4b0d-9442-33b13b0b99ff-140273271562240","trial_id":281,"param_name":"BellowHeight","param_value_internal":7.646256208121855,"distribution":"{\"name\": \"FloatDistribution\", \"attributes\": {\"step\": null, \"low\": 6.0, \"high\": 10.0, \"log\": false}}"}
{"op_code":5,"worker_id":"d6dec318-6198-4b0d-9442-33b13b0b99ff-140273271562240","trial_id":281,"param_name":"WallThickness","param_value_internal":3.1457421958069336,"distribution":"{\"name\": \"FloatDistribution\", \"attributes\": {\"step\": null, \"low\": 2.0, \"high\": 4.0, \"log\": false}}"}
{"op_code":5,"worker_id":"d6dec318-6198-4b0d-9442-33b13b0b99ff-140273271562240","trial_id":281,"param_name":"PlateauHeight","param_value_internal":3.9864459396520076,"distribution":"{\"name\": \"FloatDistribution\", \"attributes\": {\"step\": null, \"low\": 2.0, \"high\": 4.0, \"log\": false}}"}
{"op_code":6,"worker_id":"8ef529fe-e953-4a66-b211-34b627f6af18-139982915063808","trial_id":277,"state":1,"values":[24.935338351430943,0.10129853840988096,0.35772655726402],"datetime_complete":"2026-05-28T21:56:51.715043"}
{"op_code":4,"worker_id":"8ef529fe-e953-4a66-b211-34b627f6af18-139982915063808","study_id":0,"datetime_start":"2026-05-28T21:56:51.727130"}
{"op_code":9,"worker_id":"8ef529fe-e953-4a66-b211-34b627f6af18-139982915063808","trial_id":282,"system_attr":{"nsga2:generation":5}}
{"op_code":5,"worker_id":"8ef529fe-e953-4a66-b211-34b627f6af18-139982915063808","trial_id":282,"param_name":"JointSlopeAngle","param_value_internal":0.6090943653795478,"distribution":"{\"name\": \"FloatDistribution\", \"attributes\": {\"step\": null, \"low\": 0.17453292519943295, \"high\": 1.0471975511965976, \"log\": false}}"}
{"op_code":5,"worker_id":"8ef529fe-e953-4a66-b211-34b627f6af18-139982915063808","trial_id":282,"param_name":"OuterRadius","param_value_internal":15.99603399757401,"distribution":"{\"name\": \"FloatDistribution\", \"attributes\": {\"step\": null, \"low\": 8.75, \"high\": 17.75, \"log\": false}}"}
{"op_code":5,"worker_id":"8ef529fe-e953-4a66-b211-34b627f6af18-139982915063808","trial_id":282,"param_name":"JointHeight","param_value_internal":5.4726252712851915,"distribution":"{\"name\": \"FloatDistribution\", \"attributes\": {\"step\": null, \"low\": 5.0, \"high\": 8.0, \"log\": false}}"}
{"op_code":5,"worker_id":"8ef529fe-e953-4a66-b211-34b627f6af18-139982915063808","trial_id":282,"param_name":"CavityCorkThickness","param_value_internal":4.664320352463018,"distribution":"{\"name\": \"FloatDistribution\", \"attributes\": {\"step\": null, \"low\": 2.0, \"high\": 5.0, \"log\": false}}"}
{"op_code":5,"worker_id":"8ef529fe-e953-4a66-b211-34b627f6af18-139982915063808","trial_id":282,"param_name":"BellowHeight","param_value_internal":7.646256208121855,"distribution":"{\"name\": \"FloatDistribution\", \"attributes\": {\"step\": null, \"low\": 6.0, \"high\": 10.0, \"log\": false}}"}
{"op_code":5,"worker_id":"8ef529fe-e953-4a66-b211-34b627f6af18-139982915063808","trial_id":282,"param_name":"WallThickness","param_value_internal":2.0215676563021177,"distribution":"{\"name\": \"FloatDistribution\", \"attributes\": {\"step\": null, \"low\": 2.0, \"high\": 4.0, \"log\": false}}"}
{"op_code":5,"worker_id":"8ef529fe-e953-4a66-b211-34b627f6af18-139982915063808","trial_id":282,"param_name":"PlateauHeight","param_value_internal":3.207818544033823,"distribution":"{\"name\": \"FloatDistribution\", \"attributes\": {\"step\": null, \"low\": 2.0, \"high\": 4.0, \"log\": false}}"}
{"op_code":6,"worker_id":"1d57d4b9-2efe-4085-8b4d-54f9f495ee39-139982114316288","trial_id":278,"state":1,"values":[59.457222854831,0.14477883678116016,0.4325257264319176],"datetime_complete":"2026-05-28T21:56:59.112918"}
{"op_code":4,"worker_id":"1d57d4b9-2efe-4085-8b4d-54f9f495ee39-139982114316288","study_id":0,"datetime_start":"2026-05-28T21:56:59.125363"}
{"op_code":9,"worker_id":"1d57d4b9-2efe-4085-8b4d-54f9f495ee39-139982114316288","trial_id":283,"system_attr":{"nsga2:generation":5}}
{"op_code":5,"worker_id":"1d57d4b9-2efe-4085-8b4d-54f9f495ee39-139982114316288","trial_id":283,"param_name":"JointSlopeAngle","param_value_internal":0.7537054740685866,"distribution":"{\"name\": \"FloatDistribution\", \"attributes\": {\"step\": null, \"low\": 0.17453292519943295, \"high\": 1.0471975511965976, \"log\": false}}"}
{"op_code":5,"worker_id":"1d57d4b9-2efe-4085-8b4d-54f9f495ee39-139982114316288","trial_id":283,"param_name":"OuterRadius","param_value_internal":10.232245410416859,"distribution":"{\"name\": \"FloatDistribution\", \"attributes\": {\"step\": null, \"low\": 8.75, \"high\": 17.75, \"log\": false}}"}
{"op_code":5,"worker_id":"1d57d4b9-2efe-4085-8b4d-54f9f495ee39-139982114316288","trial_id":283,"param_name":"JointHeight","param_value_internal":6.779787621602787,"distribution":"{\"name\": \"FloatDistribution\", \"attributes\": {\"step\": null, \"low\": 5.0, \"high\": 8.0, \"log\": false}}"}
{"op_code":5,"worker_id":"1d57d4b9-2efe-4085-8b4d-54f9f495ee39-139982114316288","trial_id":283,"param_name":"CavityCorkThickness","param_value_internal":3.4826906895668426,"distribution":"{\"name\": \"FloatDistribution\", \"attributes\": {\"step\": null, \"low\": 2.0, \"high\": 5.0, \"log\": false}}"}
{"op_code":5,"worker_id":"1d57d4b9-2efe-4085-8b4d-54f9f495ee39-139982114316288","trial_id":283,"param_name":"BellowHeight","param_value_internal":7.86469979116414,"distribution":"{\"name\": \"FloatDistribution\", \"attributes\": {\"step\": null, \"low\": 6.0, \"high\": 10.0, \"log\": false}}"}
{"op_code":5,"worker_id":"1d57d4b9-2efe-4085-8b4d-54f9f495ee39-139982114316288","trial_id":283,"param_name":"WallThickness","param_value_internal":2.4033688852079402,"distribution":"{\"name\": \"FloatDistribution\", \"attributes\": {\"step\": null, \"low\": 2.0, \"high\": 4.0, \"log\": false}}"}
{"op_code":5,"worker_id":"1d57d4b9-2efe-4085-8b4d-54f9f495ee39-139982114316288","trial_id":283,"param_name":"PlateauHeight","param_value_internal":2.2114410896781584,"distribution":"{\"name\": \"FloatDistribution\", \"attributes\": {\"step\": null, \"low\": 2.0, \"high\": 4.0, \"log\": false}}"}
{"op_code":6,"worker_id":"8a75add0-7778-42e4-866d-1286d98c173c-140410062901248","trial_id":279,"state":1,"values":[26.052595286949384,0.11307989340379432,0.4864519092116414],"datetime_complete":"2026-05-28T21:57:05.253748"}
{"op_code":4,"worker_id":"8a75add0-7778-42e4-866d-1286d98c173c-140410062901248","study_id":0,"datetime_start":"2026-05-28T21:57:05.265454"}
{"op_code":9,"worker_id":"8a75add0-7778-42e4-866d-1286d98c173c-140410062901248","trial_id":284,"system_attr":{"nsga2:generation":5}}
{"op_code":5,"worker_id":"8a75add0-7778-42e4-866d-1286d98c173c-140410062901248","trial_id":284,"param_name":"JointSlopeAngle","param_value_internal":0.9603304952708841,"distribution":"{\"name\": \"FloatDistribution\", \"attributes\": {\"step\": null, \"low\": 0.17453292519943295, \"high\": 1.0471975511965976, \"log\": false}}"}
{"op_code":5,"worker_id":"8a75add0-7778-42e4-866d-1286d98c173c-140410062901248","trial_id":284,"param_name":"OuterRadius","param_value_internal":15.992167409601281,"distribution":"{\"name\": \"FloatDistribution\", \"attributes\": {\"step\": null, \"low\": 8.75, \"high\": 17.75, \"log\": false}}"}
{"op_code":5,"worker_id":"8a75add0-7778-42e4-866d-1286d98c173c-140410062901248","trial_id":284,"param_name":"JointHeight","param_value_internal":7.319728841821658,"distribution":"{\"name\": \"FloatDistribution\", \"attributes\": {\"step\": null, \"low\": 5.0, \"high\": 8.0, \"log\": false}}"}
{"op_code":5,"worker_id":"8a75add0-7778-42e4-866d-1286d98c173c-140410062901248","trial_id":284,"param_name":"CavityCorkThickness","param_value_internal":3.268333017350702,"distribution":"{\"name\": \"FloatDistribution\", \"attributes\": {\"step\": null, \"low\": 2.0, \"high\": 5.0, \"log\": false}}"}
{"op_code":5,"worker_id":"8a75add0-7778-42e4-866d-1286d98c173c-140410062901248","trial_id":284,"param_name":"BellowHeight","param_value_internal":6.6500016738408805,"distribution":"{\"name\": \"FloatDistribution\", \"attributes\": {\"step\": null, \"low\": 6.0, \"high\": 10.0, \"log\": false}}"}
{"op_code":5,"worker_id":"8a75add0-7778-42e4-866d-1286d98c173c-140410062901248","trial_id":284,"param_name":"WallThickness","param_value_internal":2.9869693814696983,"distribution":"{\"name\": \"FloatDistribution\", \"attributes\": {\"step\": null, \"low\": 2.0, \"high\": 4.0, \"log\": false}}"}
{"op_code":5,"worker_id":"8a75add0-7778-42e4-866d-1286d98c173c-140410062901248","trial_id":284,"param_name":"PlateauHeight","param_value_internal":2.623492640568099,"distribution":"{\"name\": \"FloatDistribution\", \"attributes\": {\"step\": null, \"low\": 2.0, \"high\": 4.0, \"log\": false}}"}
{"op_code":6,"worker_id":"8ef529fe-e953-4a66-b211-34b627f6af18-139982915063808","trial_id":282,"state":1,"values":[102.37854601184586,0.12248702895324141,0.35524549186550036],"datetime_complete":"2026-05-28T21:57:26.665728"}
{"op_code":4,"worker_id":"8ef529fe-e953-4a66-b211-34b627f6af18-139982915063808","study_id":0,"datetime_start":"2026-05-28T21:57:26.678534"}
{"op_code":9,"worker_id":"8ef529fe-e953-4a66-b211-34b627f6af18-139982915063808","trial_id":285,"system_attr":{"nsga2:generation":5}}
{"op_code":5,"worker_id":"8ef529fe-e953-4a66-b211-34b627f6af18-139982915063808","trial_id":285,"param_name":"JointSlopeAngle","param_value_internal":0.28423537962449874,"distribution":"{\"name\": \"FloatDistribution\", \"attributes\": {\"step\": null, \"low\": 0.17453292519943295, \"high\": 1.0471975511965976, \"log\": false}}"}
{"op_code":5,"worker_id":"8ef529fe-e953-4a66-b211-34b627f6af18-139982915063808","trial_id":285,"param_name":"OuterRadius","param_value_internal":12.67094749895952,"distribution":"{\"name\": \"FloatDistribution\", \"attributes\": {\"step\": null, \"low\": 8.75, \"high\": 17.75, \"log\": false}}"}
{"op_code":5,"worker_id":"8ef529fe-e953-4a66-b211-34b627f6af18-139982915063808","trial_id":285,"param_name":"JointHeight","param_value_internal":6.577801974262155,"distribution":"{\"name\": \"FloatDistribution\", \"attributes\": {\"step\": null, \"low\": 5.0, \"high\": 8.0, \"log\": false}}"}
{"op_code":5,"worker_id":"8ef529fe-e953-4a66-b211-34b627f6af18-139982915063808","trial_id":285,"param_name":"CavityCorkThickness","param_value_internal":4.967912135018457,"distribution":"{\"name\": \"FloatDistribution\", \"attributes\": {\"step\": null, \"low\": 2.0, \"high\": 5.0, \"log\": false}}"}
{"op_code":5,"worker_id":"8ef529fe-e953-4a66-b211-34b627f6af18-139982915063808","trial_id":285,"param_name":"BellowHeight","param_value_internal":6.5951963804731175,"distribution":"{\"name\": \"FloatDistribution\", \"attributes\": {\"step\": null, \"low\": 6.0, \"high\": 10.0, \"log\": false}}"}
{"op_code":5,"worker_id":"8ef529fe-e953-4a66-b211-34b627f6af18-139982915063808","trial_id":285,"param_name":"WallThickness","param_value_internal":2.122518101490248,"distribution":"{\"name\": \"FloatDistribution\", \"attributes\": {\"step\": null, \"low\": 2.0, \"high\": 4.0, \"log\": false}}"}
{"op_code":5,"worker_id":"8ef529fe-e953-4a66-b211-34b627f6af18-139982915063808","trial_id":285,"param_name":"PlateauHeight","param_value_internal":3.9864459396520076,"distribution":"{\"name\": \"FloatDistribution\", \"attributes\": {\"step\": null, \"low\": 2.0, \"high\": 4.0, \"log\": false}}"}
{"op_code":6,"worker_id":"1d57d4b9-2efe-4085-8b4d-54f9f495ee39-139982114316288","trial_id":283,"state":1,"values":[35.676456420102966,0.14812394730877473,0.4867172692508603],"datetime_complete":"2026-05-28T21:57:32.904431"}
{"op_code":4,"worker_id":"1d57d4b9-2efe-4085-8b4d-54f9f495ee39-139982114316288","study_id":0,"datetime_start":"2026-05-28T21:57:32.918202"}
{"op_code":9,"worker_id":"1d57d4b9-2efe-4085-8b4d-54f9f495ee39-139982114316288","trial_id":286,"system_attr":{"nsga2:generation":5}}
{"op_code":5,"worker_id":"1d57d4b9-2efe-4085-8b4d-54f9f495ee39-139982114316288","trial_id":286,"param_name":"JointSlopeAngle","param_value_internal":0.4971826600067385,"distribution":"{\"name\": \"FloatDistribution\", \"attributes\": {\"step\": null, \"low\": 0.17453292519943295, \"high\": 1.0471975511965976, \"log\": false}}"}
{"op_code":5,"worker_id":"1d57d4b9-2efe-4085-8b4d-54f9f495ee39-139982114316288","trial_id":286,"param_name":"OuterRadius","param_value_internal":15.106837182519843,"distribution":"{\"name\": \"FloatDistribution\", \"attributes\": {\"step\": null, \"low\": 8.75, \"high\": 17.75, \"log\": false}}"}
{"op_code":5,"worker_id":"1d57d4b9-2efe-4085-8b4d-54f9f495ee39-139982114316288","trial_id":286,"param_name":"JointHeight","param_value_internal":6.993393128311637,"distribution":"{\"name\": \"FloatDistribution\", \"attributes\": {\"step\": null, \"low\": 5.0, \"high\": 8.0, \"log\": false}}"}
{"op_code":5,"worker_id":"1d57d4b9-2efe-4085-8b4d-54f9f495ee39-139982114316288","trial_id":286,"param_name":"CavityCorkThickness","param_value_internal":4.872859783431171,"distribution":"{\"name\": \"FloatDistribution\", \"attributes\": {\"step\": null, \"low\": 2.0, \"high\": 5.0, \"log\": false}}"}
{"op_code":5,"worker_id":"1d57d4b9-2efe-4085-8b4d-54f9f495ee39-139982114316288","trial_id":286,"param_name":"BellowHeight","param_value_internal":7.164870266821776,"distribution":"{\"name\": \"FloatDistribution\", \"attributes\": {\"step\": null, \"low\": 6.0, \"high\": 10.0, \"log\": false}}"}
{"op_code":5,"worker_id":"1d57d4b9-2efe-4085-8b4d-54f9f495ee39-139982114316288","trial_id":286,"param_name":"WallThickness","param_value_internal":2.248916559327598,"distribution":"{\"name\": \"FloatDistribution\", \"attributes\": {\"step\": null, \"low\": 2.0, \"high\": 4.0, \"log\": false}}"}
{"op_code":5,"worker_id":"1d57d4b9-2efe-4085-8b4d-54f9f495ee39-139982114316288","trial_id":286,"param_name":"PlateauHeight","param_value_internal":3.410592191802534,"distribution":"{\"name\": \"FloatDistribution\", \"attributes\": {\"step\": null, \"low\": 2.0, \"high\": 4.0, \"log\": false}}"}
{"op_code":6,"worker_id":"d6dec318-6198-4b0d-9442-33b13b0b99ff-140273271562240","trial_id":281,"state":1,"values":[67.49699639068126,0.06533656306275729,0.3580098264503454],"datetime_complete":"2026-05-28T21:57:34.573562"}
{"op_code":4,"worker_id":"d6dec318-6198-4b0d-9442-33b13b0b99ff-140273271562240","study_id":0,"datetime_start":"2026-05-28T21:57:34.588933"}
{"op_code":9,"worker_id":"d6dec318-6198-4b0d-9442-33b13b0b99ff-140273271562240","trial_id":287,"system_attr":{"nsga2:generation":5}}
{"op_code":5,"worker_id":"d6dec318-6198-4b0d-9442-33b13b0b99ff-140273271562240","trial_id":287,"param_name":"JointSlopeAngle","param_value_internal":0.28423537962449874,"distribution":"{\"name\": \"FloatDistribution\", \"attributes\": {\"step\": null, \"low\": 0.17453292519943295, \"high\": 1.0471975511965976, \"log\": false}}"}
{"op_code":5,"worker_id":"d6dec318-6198-4b0d-9442-33b13b0b99ff-140273271562240","trial_id":287,"param_name":"OuterRadius","param_value_internal":15.528948055203632,"distribution":"{\"name\": \"FloatDistribution\", \"attributes\": {\"step\": null, \"low\": 8.75, \"high\": 17.75, \"log\": false}}"}
{"op_code":5,"worker_id":"d6dec318-6198-4b0d-9442-33b13b0b99ff-140273271562240","trial_id":287,"param_name":"JointHeight","param_value_internal":5.672374529747194,"distribution":"{\"name\": \"FloatDistribution\", \"attributes\": {\"step\": null, \"low\": 5.0, \"high\": 8.0, \"log\": false}}"}
{"op_code":5,"worker_id":"d6dec318-6198-4b0d-9442-33b13b0b99ff-140273271562240","trial_id":287,"param_name":"CavityCorkThickness","param_value_internal":4.120272134475807,"distribution":"{\"name\": \"FloatDistribution\", \"attributes\": {\"step\": null, \"low\": 2.0, \"high\": 5.0, \"log\": false}}"}
{"op_code":5,"worker_id":"d6dec318-6198-4b0d-9442-33b13b0b99ff-140273271562240","trial_id":287,"param_name":"BellowHeight","param_value_internal":6.686599526265798,"distribution":"{\"name\": \"FloatDistribution\", \"attributes\": {\"step\": null, \"low\": 6.0, \"high\": 10.0, \"log\": false}}"}
{"op_code":5,"worker_id":"d6dec318-6198-4b0d-9442-33b13b0b99ff-140273271562240","trial_id":287,"param_name":"WallThickness","param_value_internal":2.0215676563021177,"distribution":"{\"name\": \"FloatDistribution\", \"attributes\": {\"step\": null, \"low\": 2.0, \"high\": 4.0, \"log\": false}}"}
{"op_code":5,"worker_id":"d6dec318-6198-4b0d-9442-33b13b0b99ff-140273271562240","trial_id":287,"param_name":"PlateauHeight","param_value_internal":2.4239237915714935,"distribution":"{\"name\": \"FloatDistribution\", \"attributes\": {\"step\": null, \"low\": 2.0, \"high\": 4.0, \"log\": false}}"}
{"op_code":6,"worker_id":"8a75add0-7778-42e4-866d-1286d98c173c-140410062901248","trial_id":284,"state":1,"values":[44.56677493555571,0.057538736091159635,0.35981732623878937],"datetime_complete":"2026-05-28T21:57:40.184646"}
{"op_code":4,"worker_id":"8a75add0-7778-42e4-866d-1286d98c173c-140410062901248","study_id":0,"datetime_start":"2026-05-28T21:57:40.197289"}
{"op_code":9,"worker_id":"8a75add0-7778-42e4-866d-1286d98c173c-140410062901248","trial_id":288,"system_attr":{"nsga2:generation":5}}
{"op_code":5,"worker_id":"8a75add0-7778-42e4-866d-1286d98c173c-140410062901248","trial_id":288,"param_name":"JointSlopeAngle","param_value_internal":0.3874883980782923,"distribution":"{\"name\": \"FloatDistribution\", \"attributes\": {\"step\": null, \"low\": 0.17453292519943295, \"high\": 1.0471975511965976, \"log\": false}}"}
{"op_code":5,"worker_id":"8a75add0-7778-42e4-866d-1286d98c173c-140410062901248","trial_id":288,"param_name":"OuterRadius","param_value_internal":9.94952073879575,"distribution":"{\"name\": \"FloatDistribution\", \"attributes\": {\"step\": null, \"low\": 8.75, \"high\": 17.75, \"log\": false}}"}
{"op_code":5,"worker_id":"8a75add0-7778-42e4-866d-1286d98c173c-140410062901248","trial_id":288,"param_name":"JointHeight","param_value_internal":7.472139407991728,"distribution":"{\"name\": \"FloatDistribution\", \"attributes\": {\"step\": null, \"low\": 5.0, \"high\": 8.0, \"log\": false}}"}
{"op_code":5,"worker_id":"8a75add0-7778-42e4-866d-1286d98c173c-140410062901248","trial_id":288,"param_name":"CavityCorkThickness","param_value_internal":3.361982449455861,"distribution":"{\"name\": \"FloatDistribution\", \"attributes\": {\"step\": null, \"low\": 2.0, \"high\": 5.0, \"log\": false}}"}
{"op_code":5,"worker_id":"8a75add0-7778-42e4-866d-1286d98c173c-140410062901248","trial_id":288,"param_name":"BellowHeight","param_value_internal":7.994630474641923,"distribution":"{\"name\": \"FloatDistribution\", \"attributes\": {\"step\": null, \"low\": 6.0, \"high\": 10.0, \"log\": false}}"}
{"op_code":5,"worker_id":"8a75add0-7778-42e4-866d-1286d98c173c-140410062901248","trial_id":288,"param_name":"WallThickness","param_value_internal":2.4033688852079402,"distribution":"{\"name\": \"FloatDistribution\", \"attributes\": {\"step\": null, \"low\": 2.0, \"high\": 4.0, \"log\": false}}"}
{"op_code":5,"worker_id":"8a75add0-7778-42e4-866d-1286d98c173c-140410062901248","trial_id":288,"param_name":"PlateauHeight","param_value_internal":2.081012181376477,"distribution":"{\"name\": \"FloatDistribution\", \"attributes\": {\"step\": null, \"low\": 2.0, \"high\": 4.0, \"log\": false}}"}
{"op_code":6,"worker_id":"8ef529fe-e953-4a66-b211-34b627f6af18-139982915063808","trial_id":285,"state":1,"values":[39.92897636740082,0.11306653583125664,0.38848682401692786],"datetime_complete":"2026-05-28T21:58:01.717976"}
{"op_code":4,"worker_id":"8ef529fe-e953-4a66-b211-34b627f6af18-139982915063808","study_id":0,"datetime_start":"2026-05-28T21:58:01.730931"}
{"op_code":9,"worker_id":"8ef529fe-e953-4a66-b211-34b627f6af18-139982915063808","trial_id":289,"system_attr":{"nsga2:generation":5}}
{"op_code":5,"worker_id":"8ef529fe-e953-4a66-b211-34b627f6af18-139982915063808","trial_id":289,"param_name":"JointSlopeAngle","param_value_internal":0.6514101966662729,"distribution":"{\"name\": \"FloatDistribution\", \"attributes\": {\"step\": null, \"low\": 0.17453292519943295, \"high\": 1.0471975511965976, \"log\": false}}"}
{"op_code":5,"worker_id":"8ef529fe-e953-4a66-b211-34b627f6af18-139982915063808","trial_id":289,"param_name":"OuterRadius","param_value_internal":9.503223287672325,"distribution":"{\"name\": \"FloatDistribution\", \"attributes\": {\"step\": null, \"low\": 8.75, \"high\": 17.75, \"log\": false}}"}
{"op_code":5,"worker_id":"8ef529fe-e953-4a66-b211-34b627f6af18-139982915063808","trial_id":289,"param_name":"JointHeight","param_value_internal":7.032922658932289,"distribution":"{\"name\": \"FloatDistribution\", \"attributes\": {\"step\": null, \"low\": 5.0, \"high\": 8.0, \"log\": false}}"}
{"op_code":5,"worker_id":"8ef529fe-e953-4a66-b211-34b627f6af18-139982915063808","trial_id":289,"param_name":"CavityCorkThickness","param_value_internal":3.216753339045557,"distribution":"{\"name\": \"FloatDistribution\", \"attributes\": {\"step\": null, \"low\": 2.0, \"high\": 5.0, \"log\": false}}"}
{"op_code":5,"worker_id":"8ef529fe-e953-4a66-b211-34b627f6af18-139982915063808","trial_id":289,"param_name":"BellowHeight","param_value_internal":9.354945159577415,"distribution":"{\"name\": \"FloatDistribution\", \"attributes\": {\"step\": null, \"low\": 6.0, \"high\": 10.0, \"log\": false}}"}
{"op_code":5,"worker_id":"8ef529fe-e953-4a66-b211-34b627f6af18-139982915063808","trial_id":289,"param_name":"WallThickness","param_value_internal":2.4231653829921562,"distribution":"{\"name\": \"FloatDistribution\", \"attributes\": {\"step\": null, \"low\": 2.0, \"high\": 4.0, \"log\": false}}"}
{"op_code":5,"worker_id":"8ef529fe-e953-4a66-b211-34b627f6af18-139982915063808","trial_id":289,"param_name":"PlateauHeight","param_value_internal":2.8862061459933885,"distribution":"{\"name\": \"FloatDistribution\", \"attributes\": {\"step\": null, \"low\": 2.0, \"high\": 4.0, \"log\": false}}"}
{"op_code":6,"worker_id":"1d57d4b9-2efe-4085-8b4d-54f9f495ee39-139982114316288","trial_id":286,"state":1,"values":[73.36149413972339,0.11648800112739958,0.3656818656672329],"datetime_complete":"2026-05-28T21:58:08.005453"}
{"op_code":4,"worker_id":"1d57d4b9-2efe-4085-8b4d-54f9f495ee39-139982114316288","study_id":0,"datetime_start":"2026-05-28T21:58:08.018380"}
{"op_code":9,"worker_id":"1d57d4b9-2efe-4085-8b4d-54f9f495ee39-139982114316288","trial_id":290,"system_attr":{"nsga2:generation":5}}
{"op_code":5,"worker_id":"1d57d4b9-2efe-4085-8b4d-54f9f495ee39-139982114316288","trial_id":290,"param_name":"JointSlopeAngle","param_value_internal":0.7266834579871014,"distribution":"{\"name\": \"FloatDistribution\", \"attributes\": {\"step\": null, \"low\": 0.17453292519943295, \"high\": 1.0471975511965976, \"log\": false}}"}
{"op_code":5,"worker_id":"1d57d4b9-2efe-4085-8b4d-54f9f495ee39-139982114316288","trial_id":290,"param_name":"OuterRadius","param_value_internal":10.972473835358148,"distribution":"{\"name\": \"FloatDistribution\", \"attributes\": {\"step\": null, \"low\": 8.75, \"high\": 17.75, \"log\": false}}"}
{"op_code":5,"worker_id":"1d57d4b9-2efe-4085-8b4d-54f9f495ee39-139982114316288","trial_id":290,"param_name":"JointHeight","param_value_internal":5.768428135571968,"distribution":"{\"name\": \"FloatDistribution\", \"attributes\": {\"step\": null, \"low\": 5.0, \"high\": 8.0, \"log\": false}}"}
{"op_code":5,"worker_id":"1d57d4b9-2efe-4085-8b4d-54f9f495ee39-139982114316288","trial_id":290,"param_name":"CavityCorkThickness","param_value_internal":2.7517814542529067,"distribution":"{\"name\": \"FloatDistribution\", \"attributes\": {\"step\": null, \"low\": 2.0, \"high\": 5.0, \"log\": false}}"}
{"op_code":5,"worker_id":"1d57d4b9-2efe-4085-8b4d-54f9f495ee39-139982114316288","trial_id":290,"param_name":"BellowHeight","param_value_internal":8.84039489845335,"distribution":"{\"name\": \"FloatDistribution\", \"attributes\": {\"step\": null, \"low\": 6.0, \"high\": 10.0, \"log\": false}}"}
{"op_code":5,"worker_id":"1d57d4b9-2efe-4085-8b4d-54f9f495ee39-139982114316288","trial_id":290,"param_name":"WallThickness","param_value_internal":2.572774572846695,"distribution":"{\"name\": \"FloatDistribution\", \"attributes\": {\"step\": null, \"low\": 2.0, \"high\": 4.0, \"log\": false}}"}
{"op_code":5,"worker_id":"1d57d4b9-2efe-4085-8b4d-54f9f495ee39-139982114316288","trial_id":290,"param_name":"PlateauHeight","param_value_internal":2.105795631576325,"distribution":"{\"name\": \"FloatDistribution\", \"attributes\": {\"step\": null, \"low\": 2.0, \"high\": 4.0, \"log\": false}}"}
{"op_code":6,"worker_id":"8a75add0-7778-42e4-866d-1286d98c173c-140410062901248","trial_id":288,"state":1,"values":[37.664132796401674,0.16334100628945153,0.4294657229666807],"datetime_complete":"2026-05-28T21:58:14.525241"}
{"op_code":4,"worker_id":"8a75add0-7778-42e4-866d-1286d98c173c-140410062901248","study_id":0,"datetime_start":"2026-05-28T21:58:14.538526"}
{"op_code":9,"worker_id":"8a75add0-7778-42e4-866d-1286d98c173c-140410062901248","trial_id":291,"system_attr":{"nsga2:generation":5}}
{"op_code":5,"worker_id":"8a75add0-7778-42e4-866d-1286d98c173c-140410062901248","trial_id":291,"param_name":"JointSlopeAngle","param_value_internal":0.5478051691981186,"distribution":"{\"name\": \"FloatDistribution\", \"attributes\": {\"step\": null, \"low\": 0.17453292519943295, \"high\": 1.0471975511965976, \"log\": false}}"}
{"op_code":5,"worker_id":"8a75add0-7778-42e4-866d-1286d98c173c-140410062901248","trial_id":291,"param_name":"OuterRadius","param_value_internal":15.106837182519843,"distribution":"{\"name\": \"FloatDistribution\", \"attributes\": {\"step\": null, \"low\": 8.75, \"high\": 17.75, \"log\": false}}"}
{"op_code":5,"worker_id":"8a75add0-7778-42e4-866d-1286d98c173c-140410062901248","trial_id":291,"param_name":"JointHeight","param_value_internal":6.993393128311637,"distribution":"{\"name\": \"FloatDistribution\", \"attributes\": {\"step\": null, \"low\": 5.0, \"high\": 8.0, \"log\": false}}"}
{"op_code":5,"worker_id":"8a75add0-7778-42e4-866d-1286d98c173c-140410062901248","trial_id":291,"param_name":"CavityCorkThickness","param_value_internal":2.7517814542529067,"distribution":"{\"name\": \"FloatDistribution\", \"attributes\": {\"step\": null, \"low\": 2.0, \"high\": 5.0, \"log\": false}}"}
{"op_code":5,"worker_id":"8a75add0-7778-42e4-866d-1286d98c173c-140410062901248","trial_id":291,"param_name":"BellowHeight","param_value_internal":8.415276974565108,"distribution":"{\"name\": \"FloatDistribution\", \"attributes\": {\"step\": null, \"low\": 6.0, \"high\": 10.0, \"log\": false}}"}
{"op_code":5,"worker_id":"8a75add0-7778-42e4-866d-1286d98c173c-140410062901248","trial_id":291,"param_name":"WallThickness","param_value_internal":2.4458665526518493,"distribution":"{\"name\": \"FloatDistribution\", \"attributes\": {\"step\": null, \"low\": 2.0, \"high\": 4.0, \"log\": false}}"}
{"op_code":5,"worker_id":"8a75add0-7778-42e4-866d-1286d98c173c-140410062901248","trial_id":291,"param_name":"PlateauHeight","param_value_internal":3.670056606750599,"distribution":"{\"name\": \"FloatDistribution\", \"attributes\": {\"step\": null, \"low\": 2.0, \"high\": 4.0, \"log\": false}}"}
{"op_code":6,"worker_id":"d6dec318-6198-4b0d-9442-33b13b0b99ff-140273271562240","trial_id":287,"state":1,"values":[77.5005131898937,0.10799606310871943,0.35623518829952333],"datetime_complete":"2026-05-28T21:58:18.682965"}
{"op_code":4,"worker_id":"d6dec318-6198-4b0d-9442-33b13b0b99ff-140273271562240","study_id":0,"datetime_start":"2026-05-28T21:58:18.700133"}
{"op_code":9,"worker_id":"d6dec318-6198-4b0d-9442-33b13b0b99ff-140273271562240","trial_id":292,"system_attr":{"nsga2:generation":5}}
{"op_code":5,"worker_id":"d6dec318-6198-4b0d-9442-33b13b0b99ff-140273271562240","trial_id":292,"param_name":"JointSlopeAngle","param_value_internal":0.6514101966662729,"distribution":"{\"name\": \"FloatDistribution\", \"attributes\": {\"step\": null, \"low\": 0.17453292519943295, \"high\": 1.0471975511965976, \"log\": false}}"}
{"op_code":5,"worker_id":"d6dec318-6198-4b0d-9442-33b13b0b99ff-140273271562240","trial_id":292,"param_name":"OuterRadius","param_value_internal":15.232830138281447,"distribution":"{\"name\": \"FloatDistribution\", \"attributes\": {\"step\": null, \"low\": 8.75, \"high\": 17.75, \"log\": false}}"}
{"op_code":5,"worker_id":"d6dec318-6198-4b0d-9442-33b13b0b99ff-140273271562240","trial_id":292,"param_name":"JointHeight","param_value_internal":7.147381649307654,"distribution":"{\"name\": \"FloatDistribution\", \"attributes\": {\"step\": null, \"low\": 5.0, \"high\": 8.0, \"log\": false}}"}
{"op_code":5,"worker_id":"d6dec318-6198-4b0d-9442-33b13b0b99ff-140273271562240","trial_id":292,"param_name":"CavityCorkThickness","param_value_internal":2.885560302188327,"distribution":"{\"name\": \"FloatDistribution\", \"attributes\": {\"step\": null, \"low\": 2.0, \"high\": 5.0, \"log\": false}}"}
{"op_code":5,"worker_id":"d6dec318-6198-4b0d-9442-33b13b0b99ff-140273271562240","trial_id":292,"param_name":"BellowHeight","param_value_internal":8.415276974565108,"distribution":"{\"name\": \"FloatDistribution\", \"attributes\": {\"step\": null, \"low\": 6.0, \"high\": 10.0, \"log\": false}}"}
{"op_code":5,"worker_id":"d6dec318-6198-4b0d-9442-33b13b0b99ff-140273271562240","trial_id":292,"param_name":"WallThickness","param_value_internal":2.9869693814696983,"distribution":"{\"name\": \"FloatDistribution\", \"attributes\": {\"step\": null, \"low\": 2.0, \"high\": 4.0, \"log\": false}}"}
{"op_code":5,"worker_id":"d6dec318-6198-4b0d-9442-33b13b0b99ff-140273271562240","trial_id":292,"param_name":"PlateauHeight","param_value_internal":2.623492640568099,"distribution":"{\"name\": \"FloatDistribution\", \"attributes\": {\"step\": null, \"low\": 2.0, \"high\": 4.0, \"log\": false}}"}
{"op_code":6,"worker_id":"8ef529fe-e953-4a66-b211-34b627f6af18-139982915063808","trial_id":289,"state":1,"values":[36.773325216242256,0.14557231279476274,0.43203467702210285],"datetime_complete":"2026-05-28T21:58:36.068588"}
{"op_code":4,"worker_id":"8ef529fe-e953-4a66-b211-34b627f6af18-139982915063808","study_id":0,"datetime_start":"2026-05-28T21:58:36.082844"}
{"op_code":9,"worker_id":"8ef529fe-e953-4a66-b211-34b627f6af18-139982915063808","trial_id":293,"system_attr":{"nsga2:generation":5}}
{"op_code":5,"worker_id":"8ef529fe-e953-4a66-b211-34b627f6af18-139982915063808","trial_id":293,"param_name":"JointSlopeAngle","param_value_internal":0.7266834579871014,"distribution":"{\"name\": \"FloatDistribution\", \"attributes\": {\"step\": null, \"low\": 0.17453292519943295, \"high\": 1.0471975511965976, \"log\": false}}"}
{"op_code":5,"worker_id":"8ef529fe-e953-4a66-b211-34b627f6af18-139982915063808","trial_id":293,"param_name":"OuterRadius","param_value_internal":14.72277604018738,"distribution":"{\"name\": \"FloatDistribution\", \"attributes\": {\"step\": null, \"low\": 8.75, \"high\": 17.75, \"log\": false}}"}
{"op_code":5,"worker_id":"8ef529fe-e953-4a66-b211-34b627f6af18-139982915063808","trial_id":293,"param_name":"JointHeight","param_value_internal":5.474205040178538,"distribution":"{\"name\": \"FloatDistribution\", \"attributes\": {\"step\": null, \"low\": 5.0, \"high\": 8.0, \"log\": false}}"}
{"op_code":5,"worker_id":"8ef529fe-e953-4a66-b211-34b627f6af18-139982915063808","trial_id":293,"param_name":"CavityCorkThickness","param_value_internal":2.7517814542529067,"distribution":"{\"name\": \"FloatDistribution\", \"attributes\": {\"step\": null, \"low\": 2.0, \"high\": 5.0, \"log\": false}}"}
{"op_code":5,"worker_id":"8ef529fe-e953-4a66-b211-34b627f6af18-139982915063808","trial_id":293,"param_name":"BellowHeight","param_value_internal":8.84039489845335,"distribution":"{\"name\": \"FloatDistribution\", \"attributes\": {\"step\": null, \"low\": 6.0, \"high\": 10.0, \"log\": false}}"}
{"op_code":5,"worker_id":"8ef529fe-e953-4a66-b211-34b627f6af18-139982915063808","trial_id":293,"param_name":"WallThickness","param_value_internal":2.1237780657405176,"distribution":"{\"name\": \"FloatDistribution\", \"attributes\": {\"step\": null, \"low\": 2.0, \"high\": 4.0, \"log\": false}}"}
{"op_code":5,"worker_id":"8ef529fe-e953-4a66-b211-34b627f6af18-139982915063808","trial_id":293,"param_name":"PlateauHeight","param_value_internal":2.105795631576325,"distribution":"{\"name\": \"FloatDistribution\", \"attributes\": {\"step\": null, \"low\": 2.0, \"high\": 4.0, \"log\": false}}"}
{"op_code":6,"worker_id":"1d57d4b9-2efe-4085-8b4d-54f9f495ee39-139982114316288","trial_id":290,"state":1,"values":[40.37322100674402,0.10095912306336023,0.4813526269103727],"datetime_complete":"2026-05-28T21:58:41.586316"}
{"op_code":4,"worker_id":"1d57d4b9-2efe-4085-8b4d-54f9f495ee39-139982114316288","study_id":0,"datetime_start":"2026-05-28T21:58:41.599568"}
{"op_code":9,"worker_id":"1d57d4b9-2efe-4085-8b4d-54f9f495ee39-139982114316288","trial_id":294,"system_attr":{"nsga2:generation":5}}
{"op_code":5,"worker_id":"1d57d4b9-2efe-4085-8b4d-54f9f495ee39-139982114316288","trial_id":294,"param_name":"JointSlopeAngle","param_value_internal":0.4971826600067385,"distribution":"{\"name\": \"FloatDistribution\", \"attributes\": {\"step\": null, \"low\": 0.17453292519943295, \"high\": 1.0471975511965976, \"log\": false}}"}
{"op_code":5,"worker_id":"1d57d4b9-2efe-4085-8b4d-54f9f495ee39-139982114316288","trial_id":294,"param_name":"OuterRadius","param_value_internal":17.125688024141258,"distribution":"{\"name\": \"FloatDistribution\", \"attributes\": {\"step\": null, \"low\": 8.75, \"high\": 17.75, \"log\": false}}"}
{"op_code":5,"worker_id":"1d57d4b9-2efe-4085-8b4d-54f9f495ee39-139982114316288","trial_id":294,"param_name":"JointHeight","param_value_internal":6.752844906400649,"distribution":"{\"name\": \"FloatDistribution\", \"attributes\": {\"step\": null, \"low\": 5.0, \"high\": 8.0, \"log\": false}}"}
{"op_code":5,"worker_id":"1d57d4b9-2efe-4085-8b4d-54f9f495ee39-139982114316288","trial_id":294,"param_name":"CavityCorkThickness","param_value_internal":4.554613221934789,"distribution":"{\"name\": \"FloatDistribution\", \"attributes\": {\"step\": null, \"low\": 2.0, \"high\": 5.0, \"log\": false}}"}
{"op_code":5,"worker_id":"1d57d4b9-2efe-4085-8b4d-54f9f495ee39-139982114316288","trial_id":294,"param_name":"BellowHeight","param_value_internal":7.51909335597993,"distribution":"{\"name\": \"FloatDistribution\", \"attributes\": {\"step\": null, \"low\": 6.0, \"high\": 10.0, \"log\": false}}"}
{"op_code":5,"worker_id":"1d57d4b9-2efe-4085-8b4d-54f9f495ee39-139982114316288","trial_id":294,"param_name":"WallThickness","param_value_internal":3.855199730608185,"distribution":"{\"name\": \"FloatDistribution\", \"attributes\": {\"step\": null, \"low\": 2.0, \"high\": 4.0, \"log\": false}}"}
{"op_code":5,"worker_id":"1d57d4b9-2efe-4085-8b4d-54f9f495ee39-139982114316288","trial_id":294,"param_name":"PlateauHeight","param_value_internal":3.808149792240684,"distribution":"{\"name\": \"FloatDistribution\", \"attributes\": {\"step\": null, \"low\": 2.0, \"high\": 4.0, \"log\": false}}"}
{"op_code":6,"worker_id":"8a75add0-7778-42e4-866d-1286d98c173c-140410062901248","trial_id":291,"state":1,"values":[84.02534152375688,0.08099509814880923,0.3822189195036077],"datetime_complete":"2026-05-28T21:58:50.328341"}
{"op_code":4,"worker_id":"8a75add0-7778-42e4-866d-1286d98c173c-140410062901248","study_id":0,"datetime_start":"2026-05-28T21:58:50.341306"}
{"op_code":9,"worker_id":"8a75add0-7778-42e4-866d-1286d98c173c-140410062901248","trial_id":295,"system_attr":{"nsga2:generation":5}}
{"op_code":5,"worker_id":"8a75add0-7778-42e4-866d-1286d98c173c-140410062901248","trial_id":295,"param_name":"JointSlopeAngle","param_value_internal":0.7910328964368478,"distribution":"{\"name\": \"FloatDistribution\", \"attributes\": {\"step\": null, \"low\": 0.17453292519943295, \"high\": 1.0471975511965976, \"log\": false}}"}
{"op_code":5,"worker_id":"8a75add0-7778-42e4-866d-1286d98c173c-140410062901248","trial_id":295,"param_name":"OuterRadius","param_value_internal":11.766810365695498,"distribution":"{\"name\": \"FloatDistribution\", \"attributes\": {\"step\": null, \"low\": 8.75, \"high\": 17.75, \"log\": false}}"}
{"op_code":5,"worker_id":"8a75add0-7778-42e4-866d-1286d98c173c-140410062901248","trial_id":295,"param_name":"JointHeight","param_value_internal":7.550433676127214,"distribution":"{\"name\": \"FloatDistribution\", \"attributes\": {\"step\": null, \"low\": 5.0, \"high\": 8.0, \"log\": false}}"}
{"op_code":5,"worker_id":"8a75add0-7778-42e4-866d-1286d98c173c-140410062901248","trial_id":295,"param_name":"CavityCorkThickness","param_value_internal":2.921852004566294,"distribution":"{\"name\": \"FloatDistribution\", \"attributes\": {\"step\": null, \"low\": 2.0, \"high\": 5.0, \"log\": false}}"}
{"op_code":5,"worker_id":"8a75add0-7778-42e4-866d-1286d98c173c-140410062901248","trial_id":295,"param_name":"BellowHeight","param_value_internal":9.20885271062033,"distribution":"{\"name\": \"FloatDistribution\", \"attributes\": {\"step\": null, \"low\": 6.0, \"high\": 10.0, \"log\": false}}"}
{"op_code":5,"worker_id":"8a75add0-7778-42e4-866d-1286d98c173c-140410062901248","trial_id":295,"param_name":"WallThickness","param_value_internal":2.7644256005489485,"distribution":"{\"name\": \"FloatDistribution\", \"attributes\": {\"step\": null, \"low\": 2.0, \"high\": 4.0, \"log\": false}}"}
{"op_code":5,"worker_id":"8a75add0-7778-42e4-866d-1286d98c173c-140410062901248","trial_id":295,"param_name":"PlateauHeight","param_value_internal":2.6534402573663156,"distribution":"{\"name\": \"FloatDistribution\", \"attributes\": {\"step\": null, \"low\": 2.0, \"high\": 4.0, \"log\": false}}"}
{"op_code":6,"worker_id":"d6dec318-6198-4b0d-9442-33b13b0b99ff-140273271562240","trial_id":292,"state":1,"values":[63.0868345198345,0.07466558409502133,0.38098748517270487],"datetime_complete":"2026-05-28T21:59:02.783467"}
{"op_code":4,"worker_id":"d6dec318-6198-4b0d-9442-33b13b0b99ff-140273271562240","study_id":0,"datetime_start":"2026-05-28T21:59:02.800319"}
{"op_code":9,"worker_id":"d6dec318-6198-4b0d-9442-33b13b0b99ff-140273271562240","trial_id":296,"system_attr":{"nsga2:generation":5}}
{"op_code":5,"worker_id":"d6dec318-6198-4b0d-9442-33b13b0b99ff-140273271562240","trial_id":296,"param_name":"JointSlopeAngle","param_value_internal":0.7191209171245115,"distribution":"{\"name\": \"FloatDistribution\", \"attributes\": {\"step\": null, \"low\": 0.17453292519943295, \"high\": 1.0471975511965976, \"log\": false}}"}
{"op_code":5,"worker_id":"d6dec318-6198-4b0d-9442-33b13b0b99ff-140273271562240","trial_id":296,"param_name":"OuterRadius","param_value_internal":16.263703644677186,"distribution":"{\"name\": \"FloatDistribution\", \"attributes\": {\"step\": null, \"low\": 8.75, \"high\": 17.75, \"log\": false}}"}
{"op_code":5,"worker_id":"d6dec318-6198-4b0d-9442-33b13b0b99ff-140273271562240","trial_id":296,"param_name":"JointHeight","param_value_internal":7.319728841821658,"distribution":"{\"name\": \"FloatDistribution\", \"attributes\": {\"step\": null, \"low\": 5.0, \"high\": 8.0, \"log\": false}}"}
{"op_code":5,"worker_id":"d6dec318-6198-4b0d-9442-33b13b0b99ff-140273271562240","trial_id":296,"param_name":"CavityCorkThickness","param_value_internal":3.268333017350702,"distribution":"{\"name\": \"FloatDistribution\", \"attributes\": {\"step\": null, \"low\": 2.0, \"high\": 5.0, \"log\": false}}"}
{"op_code":5,"worker_id":"d6dec318-6198-4b0d-9442-33b13b0b99ff-140273271562240","trial_id":296,"param_name":"BellowHeight","param_value_internal":6.6500016738408805,"distribution":"{\"name\": \"FloatDistribution\", \"attributes\": {\"step\": null, \"low\": 6.0, \"high\": 10.0, \"log\": false}}"}
{"op_code":5,"worker_id":"d6dec318-6198-4b0d-9442-33b13b0b99ff-140273271562240","trial_id":296,"param_name":"WallThickness","param_value_internal":2.4033688852079402,"distribution":"{\"name\": \"FloatDistribution\", \"attributes\": {\"step\": null, \"low\": 2.0, \"high\": 4.0, \"log\": false}}"}
{"op_code":5,"worker_id":"d6dec318-6198-4b0d-9442-33b13b0b99ff-140273271562240","trial_id":296,"param_name":"PlateauHeight","param_value_internal":2.6190336538111945,"distribution":"{\"name\": \"FloatDistribution\", \"attributes\": {\"step\": null, \"low\": 2.0, \"high\": 4.0, \"log\": false}}"}
{"op_code":6,"worker_id":"8ef529fe-e953-4a66-b211-34b627f6af18-139982915063808","trial_id":293,"state":1,"values":[64.62413663087659,0.06641706075784257,0.3832556567901867],"datetime_complete":"2026-05-28T21:59:12.411580"}
{"op_code":4,"worker_id":"8ef529fe-e953-4a66-b211-34b627f6af18-139982915063808","study_id":0,"datetime_start":"2026-05-28T21:59:12.424416"}
{"op_code":9,"worker_id":"8ef529fe-e953-4a66-b211-34b627f6af18-139982915063808","trial_id":297,"system_attr":{"nsga2:generation":5}}
{"op_code":5,"worker_id":"8ef529fe-e953-4a66-b211-34b627f6af18-139982915063808","trial_id":297,"param_name":"JointSlopeAngle","param_value_internal":0.7647127359524755,"distribution":"{\"name\": \"FloatDistribution\", \"attributes\": {\"step\": null, \"low\": 0.17453292519943295, \"high\": 1.0471975511965976, \"log\": false}}"}
{"op_code":5,"worker_id":"8ef529fe-e953-4a66-b211-34b627f6af18-139982915063808","trial_id":297,"param_name":"OuterRadius","param_value_internal":17.645600340358374,"distribution":"{\"name\": \"FloatDistribution\", \"attributes\": {\"step\": null, \"low\": 8.75, \"high\": 17.75, \"log\": false}}"}
{"op_code":5,"worker_id":"8ef529fe-e953-4a66-b211-34b627f6af18-139982915063808","trial_id":297,"param_name":"JointHeight","param_value_internal":6.512257842684219,"distribution":"{\"name\": \"FloatDistribution\", \"attributes\": {\"step\": null, \"low\": 5.0, \"high\": 8.0, \"log\": false}}"}
{"op_code":5,"worker_id":"8ef529fe-e953-4a66-b211-34b627f6af18-139982915063808","trial_id":297,"param_name":"CavityCorkThickness","param_value_internal":4.554613221934789,"distribution":"{\"name\": \"FloatDistribution\", \"attributes\": {\"step\": null, \"low\": 2.0, \"high\": 5.0, \"log\": false}}"}
{"op_code":5,"worker_id":"8ef529fe-e953-4a66-b211-34b627f6af18-139982915063808","trial_id":297,"param_name":"BellowHeight","param_value_internal":9.583158295535494,"distribution":"{\"name\": \"FloatDistribution\", \"attributes\": {\"step\": null, \"low\": 6.0, \"high\": 10.0, \"log\": false}}"}
{"op_code":5,"worker_id":"8ef529fe-e953-4a66-b211-34b627f6af18-139982915063808","trial_id":297,"param_name":"WallThickness","param_value_internal":2.7432118692402776,"distribution":"{\"name\": \"FloatDistribution\", \"attributes\": {\"step\": null, \"low\": 2.0, \"high\": 4.0, \"log\": false}}"}
{"op_code":5,"worker_id":"8ef529fe-e953-4a66-b211-34b627f6af18-139982915063808","trial_id":297,"param_name":"PlateauHeight","param_value_internal":3.410592191802534,"distribution":"{\"name\": \"FloatDistribution\", \"attributes\": {\"step\": null, \"low\": 2.0, \"high\": 4.0, \"log\": false}}"}
{"op_code":6,"worker_id":"1d57d4b9-2efe-4085-8b4d-54f9f495ee39-139982114316288","trial_id":294,"state":1,"values":[54.47720391211442,0.07071462943848679,0.3527176943281996],"datetime_complete":"2026-05-28T21:59:17.400058"}
{"op_code":4,"worker_id":"1d57d4b9-2efe-4085-8b4d-54f9f495ee39-139982114316288","study_id":0,"datetime_start":"2026-05-28T21:59:17.414402"}
{"op_code":9,"worker_id":"1d57d4b9-2efe-4085-8b4d-54f9f495ee39-139982114316288","trial_id":298,"system_attr":{"nsga2:generation":5}}
{"op_code":5,"worker_id":"1d57d4b9-2efe-4085-8b4d-54f9f495ee39-139982114316288","trial_id":298,"param_name":"JointSlopeAngle","param_value_internal":0.28423537962449874,"distribution":"{\"name\": \"FloatDistribution\", \"attributes\": {\"step\": null, \"low\": 0.17453292519943295, \"high\": 1.0471975511965976, \"log\": false}}"}
{"op_code":5,"worker_id":"1d57d4b9-2efe-4085-8b4d-54f9f495ee39-139982114316288","trial_id":298,"param_name":"OuterRadius","param_value_internal":17.425532137145968,"distribution":"{\"name\": \"FloatDistribution\", \"attributes\": {\"step\": null, \"low\": 8.75, \"high\": 17.75, \"log\": false}}"}
{"op_code":5,"worker_id":"1d57d4b9-2efe-4085-8b4d-54f9f495ee39-139982114316288","trial_id":298,"param_name":"JointHeight","param_value_internal":5.672374529747194,"distribution":"{\"name\": \"FloatDistribution\", \"attributes\": {\"step\": null, \"low\": 5.0, \"high\": 8.0, \"log\": false}}"}
{"op_code":5,"worker_id":"1d57d4b9-2efe-4085-8b4d-54f9f495ee39-139982114316288","trial_id":298,"param_name":"CavityCorkThickness","param_value_internal":3.216753339045557,"distribution":"{\"name\": \"FloatDistribution\", \"attributes\": {\"step\": null, \"low\": 2.0, \"high\": 5.0, \"log\": false}}"}
{"op_code":5,"worker_id":"1d57d4b9-2efe-4085-8b4d-54f9f495ee39-139982114316288","trial_id":298,"param_name":"BellowHeight","param_value_internal":8.647569351477152,"distribution":"{\"name\": \"FloatDistribution\", \"attributes\": {\"step\": null, \"low\": 6.0, \"high\": 10.0, \"log\": false}}"}
{"op_code":5,"worker_id":"1d57d4b9-2efe-4085-8b4d-54f9f495ee39-139982114316288","trial_id":298,"param_name":"WallThickness","param_value_internal":2.8687378152942444,"distribution":"{\"name\": \"FloatDistribution\", \"attributes\": {\"step\": null, \"low\": 2.0, \"high\": 4.0, \"log\": false}}"}
{"op_code":5,"worker_id":"1d57d4b9-2efe-4085-8b4d-54f9f495ee39-139982114316288","trial_id":298,"param_name":"PlateauHeight","param_value_internal":2.8862061459933885,"distribution":"{\"name\": \"FloatDistribution\", \"attributes\": {\"step\": null, \"low\": 2.0, \"high\": 4.0, \"log\": false}}"}
{"op_code":6,"worker_id":"8a75add0-7778-42e4-866d-1286d98c173c-140410062901248","trial_id":295,"state":1,"values":[34.35169011774457,0.07268909654196855,0.44528457951855654],"datetime_complete":"2026-05-28T21:59:24.816742"}
{"op_code":4,"worker_id":"8a75add0-7778-42e4-866d-1286d98c173c-140410062901248","study_id":0,"datetime_start":"2026-05-28T21:59:24.829274"}
{"op_code":9,"worker_id":"8a75add0-7778-42e4-866d-1286d98c173c-140410062901248","trial_id":299,"system_attr":{"nsga2:generation":5}}
{"op_code":5,"worker_id":"8a75add0-7778-42e4-866d-1286d98c173c-140410062901248","trial_id":299,"param_name":"JointSlopeAngle","param_value_internal":0.6514101966662729,"distribution":"{\"name\": \"FloatDistribution\", \"attributes\": {\"step\": null, \"low\": 0.17453292519943295, \"high\": 1.0471975511965976, \"log\": false}}"}
{"op_code":5,"worker_id":"8a75add0-7778-42e4-866d-1286d98c173c-140410062901248","trial_id":299,"param_name":"OuterRadius","param_value_internal":15.992167409601281,"distribution":"{\"name\": \"FloatDistribution\", \"attributes\": {\"step\": null, \"low\": 8.75, \"high\": 17.75, \"log\": false}}"}
{"op_code":5,"worker_id":"8a75add0-7778-42e4-866d-1286d98c173c-140410062901248","trial_id":299,"param_name":"JointHeight","param_value_internal":6.613261655236464,"distribution":"{\"name\": \"FloatDistribution\", \"attributes\": {\"step\": null, \"low\": 5.0, \"high\": 8.0, \"log\": false}}"}
{"op_code":5,"worker_id":"8a75add0-7778-42e4-866d-1286d98c173c-140410062901248","trial_id":299,"param_name":"CavityCorkThickness","param_value_internal":2.5365079646845103,"distribution":"{\"name\": \"FloatDistribution\", \"attributes\": {\"step\": null, \"low\": 2.0, \"high\": 5.0, \"log\": false}}"}
{"op_code":5,"worker_id":"8a75add0-7778-42e4-866d-1286d98c173c-140410062901248","trial_id":299,"param_name":"BellowHeight","param_value_internal":8.415276974565108,"distribution":"{\"name\": \"FloatDistribution\", \"attributes\": {\"step\": null, \"low\": 6.0, \"high\": 10.0, \"log\": false}}"}
{"op_code":5,"worker_id":"8a75add0-7778-42e4-866d-1286d98c173c-140410062901248","trial_id":299,"param_name":"WallThickness","param_value_internal":2.4458665526518493,"distribution":"{\"name\": \"FloatDistribution\", \"attributes\": {\"step\": null, \"low\": 2.0, \"high\": 4.0, \"log\": false}}"}
{"op_code":5,"worker_id":"8a75add0-7778-42e4-866d-1286d98c173c-140410062901248","trial_id":299,"param_name":"PlateauHeight","param_value_internal":3.0765878696392823,"distribution":"{\"name\": \"FloatDistribution\", \"attributes\": {\"step\": null, \"low\": 2.0, \"high\": 4.0, \"log\": false}}"}
