{"op_code":0,"worker_id":"ea3fa41f-a91b-46d0-97a9-182617744507-140708755648512","study_name":"SensorFinger_21_optuna_evolutionary","directions":[2,2]}
{"op_code":0,"worker_id":"088be585-6f6b-4c3e-8596-b14b30373ea6-140545899106304","study_name":"SensorFinger_21_optuna_evolutionary","directions":[2,2]}
{"op_code":0,"worker_id":"ecfd478f-c300-4063-a362-86b643a9ac46-140116174675968","study_name":"SensorFinger_21_optuna_evolutionary","directions":[2,2]}
{"op_code":4,"worker_id":"ea3fa41f-a91b-46d0-97a9-182617744507-140708755648512","study_id":0,"datetime_start":"2026-06-15T20:34:45.134427"}
{"op_code":0,"worker_id":"e50ec082-06d6-4e83-8656-0bb9bd5ba8b7-139643176665088","study_name":"SensorFinger_21_optuna_evolutionary","directions":[2,2]}
{"op_code":0,"worker_id":"07f4433d-8105-495f-a34c-ca24fea40e31-140001723334656","study_name":"SensorFinger_21_optuna_evolutionary","directions":[2,2]}
{"op_code":0,"worker_id":"e50ec082-06d6-4e83-8656-0bb9bd5ba8b7-139643176665088","study_name":"SensorFinger_21_optuna_evolutionary","directions":[2,2]}
{"op_code":0,"worker_id":"07f4433d-8105-495f-a34c-ca24fea40e31-140001723334656","study_name":"SensorFinger_21_optuna_evolutionary","directions":[2,2]}
{"op_code":9,"worker_id":"ea3fa41f-a91b-46d0-97a9-182617744507-140708755648512","trial_id":0,"system_attr":{"nsga2:generation":0}}
{"op_code":0,"worker_id":"088be585-6f6b-4c3e-8596-b14b30373ea6-140545899106304","study_name":"SensorFinger_21_optuna_evolutionary","directions":[2,2]}
{"op_code":4,"worker_id":"07f4433d-8105-495f-a34c-ca24fea40e31-140001723334656","study_id":0,"datetime_start":"2026-06-15T20:34:45.170468"}
{"op_code":5,"worker_id":"ea3fa41f-a91b-46d0-97a9-182617744507-140708755648512","trial_id":0,"param_name":"JointSlopeAngle","param_value_internal":0.19716667056818762,"distribution":"{\"name\": \"FloatDistribution\", \"attributes\": {\"step\": null, \"low\": 0.17453292519943295, \"high\": 1.0471975511965976, \"log\": false}}"}
{"op_code":4,"worker_id":"e50ec082-06d6-4e83-8656-0bb9bd5ba8b7-139643176665088","study_id":0,"datetime_start":"2026-06-15T20:34:45.165754"}
{"op_code":9,"worker_id":"07f4433d-8105-495f-a34c-ca24fea40e31-140001723334656","trial_id":1,"system_attr":{"nsga2:generation":0}}
{"op_code":4,"worker_id":"088be585-6f6b-4c3e-8596-b14b30373ea6-140545899106304","study_id":0,"datetime_start":"2026-06-15T20:34:45.183104"}
{"op_code":9,"worker_id":"e50ec082-06d6-4e83-8656-0bb9bd5ba8b7-139643176665088","trial_id":2,"system_attr":{"nsga2:generation":0}}
{"op_code":5,"worker_id":"ea3fa41f-a91b-46d0-97a9-182617744507-140708755648512","trial_id":0,"param_name":"OuterRadius","param_value_internal":14.66041874567688,"distribution":"{\"name\": \"FloatDistribution\", \"attributes\": {\"step\": null, \"low\": 8.75, \"high\": 17.75, \"log\": false}}"}
{"op_code":5,"worker_id":"e50ec082-06d6-4e83-8656-0bb9bd5ba8b7-139643176665088","trial_id":2,"param_name":"JointSlopeAngle","param_value_internal":0.5075157894123261,"distribution":"{\"name\": \"FloatDistribution\", \"attributes\": {\"step\": null, \"low\": 0.17453292519943295, \"high\": 1.0471975511965976, \"log\": false}}"}
{"op_code":5,"worker_id":"ea3fa41f-a91b-46d0-97a9-182617744507-140708755648512","trial_id":0,"param_name":"JointHeight","param_value_internal":6.693214364140582,"distribution":"{\"name\": \"FloatDistribution\", \"attributes\": {\"step\": null, \"low\": 5.0, \"high\": 8.0, \"log\": false}}"}
{"op_code":5,"worker_id":"e50ec082-06d6-4e83-8656-0bb9bd5ba8b7-139643176665088","trial_id":2,"param_name":"OuterRadius","param_value_internal":10.845516687708265,"distribution":"{\"name\": \"FloatDistribution\", \"attributes\": {\"step\": null, \"low\": 8.75, \"high\": 17.75, \"log\": false}}"}
{"op_code":5,"worker_id":"ea3fa41f-a91b-46d0-97a9-182617744507-140708755648512","trial_id":0,"param_name":"CavityCorkThickness","param_value_internal":4.6738517041500645,"distribution":"{\"name\": \"FloatDistribution\", \"attributes\": {\"step\": null, \"low\": 2.0, \"high\": 5.0, \"log\": false}}"}
{"op_code":9,"worker_id":"088be585-6f6b-4c3e-8596-b14b30373ea6-140545899106304","trial_id":3,"system_attr":{"nsga2:generation":0}}
{"op_code":5,"worker_id":"07f4433d-8105-495f-a34c-ca24fea40e31-140001723334656","trial_id":1,"param_name":"JointSlopeAngle","param_value_internal":0.38804013511803015,"distribution":"{\"name\": \"FloatDistribution\", \"attributes\": {\"step\": null, \"low\": 0.17453292519943295, \"high\": 1.0471975511965976, \"log\": false}}"}
{"op_code":5,"worker_id":"ea3fa41f-a91b-46d0-97a9-182617744507-140708755648512","trial_id":0,"param_name":"BellowHeight","param_value_internal":8.239378933417969,"distribution":"{\"name\": \"FloatDistribution\", \"attributes\": {\"step\": null, \"low\": 6.0, \"high\": 10.0, \"log\": false}}"}
{"op_code":5,"worker_id":"e50ec082-06d6-4e83-8656-0bb9bd5ba8b7-139643176665088","trial_id":2,"param_name":"JointHeight","param_value_internal":6.536310677297392,"distribution":"{\"name\": \"FloatDistribution\", \"attributes\": {\"step\": null, \"low\": 5.0, \"high\": 8.0, \"log\": false}}"}
{"op_code":5,"worker_id":"ea3fa41f-a91b-46d0-97a9-182617744507-140708755648512","trial_id":0,"param_name":"WallThickness","param_value_internal":3.1253921455303724,"distribution":"{\"name\": \"FloatDistribution\", \"attributes\": {\"step\": null, \"low\": 2.0, \"high\": 4.0, \"log\": false}}"}
{"op_code":5,"worker_id":"e50ec082-06d6-4e83-8656-0bb9bd5ba8b7-139643176665088","trial_id":2,"param_name":"CavityCorkThickness","param_value_internal":3.0187349843431193,"distribution":"{\"name\": \"FloatDistribution\", \"attributes\": {\"step\": null, \"low\": 2.0, \"high\": 5.0, \"log\": false}}"}
{"op_code":5,"worker_id":"ea3fa41f-a91b-46d0-97a9-182617744507-140708755648512","trial_id":0,"param_name":"PlateauHeight","param_value_internal":3.5356173584672703,"distribution":"{\"name\": \"FloatDistribution\", \"attributes\": {\"step\": null, \"low\": 2.0, \"high\": 4.0, \"log\": false}}"}
{"op_code":5,"worker_id":"e50ec082-06d6-4e83-8656-0bb9bd5ba8b7-139643176665088","trial_id":2,"param_name":"BellowHeight","param_value_internal":6.402379381843668,"distribution":"{\"name\": \"FloatDistribution\", \"attributes\": {\"step\": null, \"low\": 6.0, \"high\": 10.0, \"log\": false}}"}
{"op_code":5,"worker_id":"e50ec082-06d6-4e83-8656-0bb9bd5ba8b7-139643176665088","trial_id":2,"param_name":"WallThickness","param_value_internal":3.501287850610721,"distribution":"{\"name\": \"FloatDistribution\", \"attributes\": {\"step\": null, \"low\": 2.0, \"high\": 4.0, \"log\": false}}"}
{"op_code":0,"worker_id":"ecfd478f-c300-4063-a362-86b643a9ac46-140116174675968","study_name":"SensorFinger_21_optuna_evolutionary","directions":[2,2]}
{"op_code":5,"worker_id":"e50ec082-06d6-4e83-8656-0bb9bd5ba8b7-139643176665088","trial_id":2,"param_name":"PlateauHeight","param_value_internal":3.0443489793701497,"distribution":"{\"name\": \"FloatDistribution\", \"attributes\": {\"step\": null, \"low\": 2.0, \"high\": 4.0, \"log\": false}}"}
{"op_code":4,"worker_id":"ecfd478f-c300-4063-a362-86b643a9ac46-140116174675968","study_id":0,"datetime_start":"2026-06-15T20:34:45.283535"}
{"op_code":9,"worker_id":"ecfd478f-c300-4063-a362-86b643a9ac46-140116174675968","trial_id":4,"system_attr":{"nsga2:generation":0}}
{"op_code":5,"worker_id":"088be585-6f6b-4c3e-8596-b14b30373ea6-140545899106304","trial_id":3,"param_name":"JointSlopeAngle","param_value_internal":0.969046908342444,"distribution":"{\"name\": \"FloatDistribution\", \"attributes\": {\"step\": null, \"low\": 0.17453292519943295, \"high\": 1.0471975511965976, \"log\": false}}"}
{"op_code":5,"worker_id":"ecfd478f-c300-4063-a362-86b643a9ac46-140116174675968","trial_id":4,"param_name":"JointSlopeAngle","param_value_internal":0.550899996653424,"distribution":"{\"name\": \"FloatDistribution\", \"attributes\": {\"step\": null, \"low\": 0.17453292519943295, \"high\": 1.0471975511965976, \"log\": false}}"}
{"op_code":5,"worker_id":"088be585-6f6b-4c3e-8596-b14b30373ea6-140545899106304","trial_id":3,"param_name":"OuterRadius","param_value_internal":14.80980525262353,"distribution":"{\"name\": \"FloatDistribution\", \"attributes\": {\"step\": null, \"low\": 8.75, \"high\": 17.75, \"log\": false}}"}
{"op_code":5,"worker_id":"ecfd478f-c300-4063-a362-86b643a9ac46-140116174675968","trial_id":4,"param_name":"OuterRadius","param_value_internal":12.559558115079302,"distribution":"{\"name\": \"FloatDistribution\", \"attributes\": {\"step\": null, \"low\": 8.75, \"high\": 17.75, \"log\": false}}"}
{"op_code":5,"worker_id":"ecfd478f-c300-4063-a362-86b643a9ac46-140116174675968","trial_id":4,"param_name":"JointHeight","param_value_internal":7.641289648328072,"distribution":"{\"name\": \"FloatDistribution\", \"attributes\": {\"step\": null, \"low\": 5.0, \"high\": 8.0, \"log\": false}}"}
{"op_code":5,"worker_id":"ecfd478f-c300-4063-a362-86b643a9ac46-140116174675968","trial_id":4,"param_name":"CavityCorkThickness","param_value_internal":4.1970561764715395,"distribution":"{\"name\": \"FloatDistribution\", \"attributes\": {\"step\": null, \"low\": 2.0, \"high\": 5.0, \"log\": false}}"}
{"op_code":5,"worker_id":"ecfd478f-c300-4063-a362-86b643a9ac46-140116174675968","trial_id":4,"param_name":"BellowHeight","param_value_internal":8.581977530240469,"distribution":"{\"name\": \"FloatDistribution\", \"attributes\": {\"step\": null, \"low\": 6.0, \"high\": 10.0, \"log\": false}}"}
{"op_code":5,"worker_id":"ecfd478f-c300-4063-a362-86b643a9ac46-140116174675968","trial_id":4,"param_name":"WallThickness","param_value_internal":2.63745133898839,"distribution":"{\"name\": \"FloatDistribution\", \"attributes\": {\"step\": null, \"low\": 2.0, \"high\": 4.0, \"log\": false}}"}
{"op_code":5,"worker_id":"ecfd478f-c300-4063-a362-86b643a9ac46-140116174675968","trial_id":4,"param_name":"PlateauHeight","param_value_internal":2.455065493022345,"distribution":"{\"name\": \"FloatDistribution\", \"attributes\": {\"step\": null, \"low\": 2.0, \"high\": 4.0, \"log\": false}}"}
{"op_code":5,"worker_id":"07f4433d-8105-495f-a34c-ca24fea40e31-140001723334656","trial_id":1,"param_name":"OuterRadius","param_value_internal":17.075028363337864,"distribution":"{\"name\": \"FloatDistribution\", \"attributes\": {\"step\": null, \"low\": 8.75, \"high\": 17.75, \"log\": false}}"}
{"op_code":5,"worker_id":"07f4433d-8105-495f-a34c-ca24fea40e31-140001723334656","trial_id":1,"param_name":"JointHeight","param_value_internal":5.43133360197518,"distribution":"{\"name\": \"FloatDistribution\", \"attributes\": {\"step\": null, \"low\": 5.0, \"high\": 8.0, \"log\": false}}"}
{"op_code":5,"worker_id":"07f4433d-8105-495f-a34c-ca24fea40e31-140001723334656","trial_id":1,"param_name":"CavityCorkThickness","param_value_internal":3.5276492347621415,"distribution":"{\"name\": \"FloatDistribution\", \"attributes\": {\"step\": null, \"low\": 2.0, \"high\": 5.0, \"log\": false}}"}
{"op_code":5,"worker_id":"07f4433d-8105-495f-a34c-ca24fea40e31-140001723334656","trial_id":1,"param_name":"BellowHeight","param_value_internal":9.745414131678086,"distribution":"{\"name\": \"FloatDistribution\", \"attributes\": {\"step\": null, \"low\": 6.0, \"high\": 10.0, \"log\": false}}"}
{"op_code":5,"worker_id":"07f4433d-8105-495f-a34c-ca24fea40e31-140001723334656","trial_id":1,"param_name":"WallThickness","param_value_internal":3.0397725746911166,"distribution":"{\"name\": \"FloatDistribution\", \"attributes\": {\"step\": null, \"low\": 2.0, \"high\": 4.0, \"log\": false}}"}
{"op_code":5,"worker_id":"07f4433d-8105-495f-a34c-ca24fea40e31-140001723334656","trial_id":1,"param_name":"PlateauHeight","param_value_internal":2.221463617176237,"distribution":"{\"name\": \"FloatDistribution\", \"attributes\": {\"step\": null, \"low\": 2.0, \"high\": 4.0, \"log\": false}}"}
{"op_code":5,"worker_id":"088be585-6f6b-4c3e-8596-b14b30373ea6-140545899106304","trial_id":3,"param_name":"JointHeight","param_value_internal":5.96080487899109,"distribution":"{\"name\": \"FloatDistribution\", \"attributes\": {\"step\": null, \"low\": 5.0, \"high\": 8.0, \"log\": false}}"}
{"op_code":5,"worker_id":"088be585-6f6b-4c3e-8596-b14b30373ea6-140545899106304","trial_id":3,"param_name":"CavityCorkThickness","param_value_internal":4.926176097481817,"distribution":"{\"name\": \"FloatDistribution\", \"attributes\": {\"step\": null, \"low\": 2.0, \"high\": 5.0, \"log\": false}}"}
{"op_code":5,"worker_id":"088be585-6f6b-4c3e-8596-b14b30373ea6-140545899106304","trial_id":3,"param_name":"BellowHeight","param_value_internal":7.873479690432488,"distribution":"{\"name\": \"FloatDistribution\", \"attributes\": {\"step\": null, \"low\": 6.0, \"high\": 10.0, \"log\": false}}"}
{"op_code":5,"worker_id":"088be585-6f6b-4c3e-8596-b14b30373ea6-140545899106304","trial_id":3,"param_name":"WallThickness","param_value_internal":2.8084827799191814,"distribution":"{\"name\": \"FloatDistribution\", \"attributes\": {\"step\": null, \"low\": 2.0, \"high\": 4.0, \"log\": false}}"}
{"op_code":5,"worker_id":"088be585-6f6b-4c3e-8596-b14b30373ea6-140545899106304","trial_id":3,"param_name":"PlateauHeight","param_value_internal":2.529973539238764,"distribution":"{\"name\": \"FloatDistribution\", \"attributes\": {\"step\": null, \"low\": 2.0, \"high\": 4.0, \"log\": false}}"}
{"op_code":6,"worker_id":"088be585-6f6b-4c3e-8596-b14b30373ea6-140545899106304","trial_id":3,"state":1,"values":[-Infinity,-Infinity],"datetime_complete":"2026-06-15T20:34:56.945803"}
{"op_code":4,"worker_id":"088be585-6f6b-4c3e-8596-b14b30373ea6-140545899106304","study_id":0,"datetime_start":"2026-06-15T20:34:56.956775"}
{"op_code":9,"worker_id":"088be585-6f6b-4c3e-8596-b14b30373ea6-140545899106304","trial_id":5,"system_attr":{"nsga2:generation":0}}
{"op_code":5,"worker_id":"088be585-6f6b-4c3e-8596-b14b30373ea6-140545899106304","trial_id":5,"param_name":"JointSlopeAngle","param_value_internal":0.8272457351358277,"distribution":"{\"name\": \"FloatDistribution\", \"attributes\": {\"step\": null, \"low\": 0.17453292519943295, \"high\": 1.0471975511965976, \"log\": false}}"}
{"op_code":5,"worker_id":"088be585-6f6b-4c3e-8596-b14b30373ea6-140545899106304","trial_id":5,"param_name":"OuterRadius","param_value_internal":14.489373048556564,"distribution":"{\"name\": \"FloatDistribution\", \"attributes\": {\"step\": null, \"low\": 8.75, \"high\": 17.75, \"log\": false}}"}
{"op_code":5,"worker_id":"088be585-6f6b-4c3e-8596-b14b30373ea6-140545899106304","trial_id":5,"param_name":"JointHeight","param_value_internal":5.322153673362866,"distribution":"{\"name\": \"FloatDistribution\", \"attributes\": {\"step\": null, \"low\": 5.0, \"high\": 8.0, \"log\": false}}"}
{"op_code":5,"worker_id":"088be585-6f6b-4c3e-8596-b14b30373ea6-140545899106304","trial_id":5,"param_name":"CavityCorkThickness","param_value_internal":3.7037676631191796,"distribution":"{\"name\": \"FloatDistribution\", \"attributes\": {\"step\": null, \"low\": 2.0, \"high\": 5.0, \"log\": false}}"}
{"op_code":5,"worker_id":"088be585-6f6b-4c3e-8596-b14b30373ea6-140545899106304","trial_id":5,"param_name":"BellowHeight","param_value_internal":8.174637270415696,"distribution":"{\"name\": \"FloatDistribution\", \"attributes\": {\"step\": null, \"low\": 6.0, \"high\": 10.0, \"log\": false}}"}
{"op_code":5,"worker_id":"088be585-6f6b-4c3e-8596-b14b30373ea6-140545899106304","trial_id":5,"param_name":"WallThickness","param_value_internal":2.2203697478074336,"distribution":"{\"name\": \"FloatDistribution\", \"attributes\": {\"step\": null, \"low\": 2.0, \"high\": 4.0, \"log\": false}}"}
{"op_code":5,"worker_id":"088be585-6f6b-4c3e-8596-b14b30373ea6-140545899106304","trial_id":5,"param_name":"PlateauHeight","param_value_internal":3.882578288979306,"distribution":"{\"name\": \"FloatDistribution\", \"attributes\": {\"step\": null, \"low\": 2.0, \"high\": 4.0, \"log\": false}}"}
{"op_code":6,"worker_id":"e50ec082-06d6-4e83-8656-0bb9bd5ba8b7-139643176665088","trial_id":2,"state":1,"values":[216.64556768571694,0.21969409815140664],"datetime_complete":"2026-06-15T20:34:59.310559"}
{"op_code":4,"worker_id":"e50ec082-06d6-4e83-8656-0bb9bd5ba8b7-139643176665088","study_id":0,"datetime_start":"2026-06-15T20:34:59.324117"}
{"op_code":9,"worker_id":"e50ec082-06d6-4e83-8656-0bb9bd5ba8b7-139643176665088","trial_id":6,"system_attr":{"nsga2:generation":0}}
{"op_code":5,"worker_id":"e50ec082-06d6-4e83-8656-0bb9bd5ba8b7-139643176665088","trial_id":6,"param_name":"JointSlopeAngle","param_value_internal":0.9809150160749356,"distribution":"{\"name\": \"FloatDistribution\", \"attributes\": {\"step\": null, \"low\": 0.17453292519943295, \"high\": 1.0471975511965976, \"log\": false}}"}
{"op_code":5,"worker_id":"e50ec082-06d6-4e83-8656-0bb9bd5ba8b7-139643176665088","trial_id":6,"param_name":"OuterRadius","param_value_internal":11.570433877023627,"distribution":"{\"name\": \"FloatDistribution\", \"attributes\": {\"step\": null, \"low\": 8.75, \"high\": 17.75, \"log\": false}}"}
{"op_code":5,"worker_id":"e50ec082-06d6-4e83-8656-0bb9bd5ba8b7-139643176665088","trial_id":6,"param_name":"JointHeight","param_value_internal":7.398337478937847,"distribution":"{\"name\": \"FloatDistribution\", \"attributes\": {\"step\": null, \"low\": 5.0, \"high\": 8.0, \"log\": false}}"}
{"op_code":5,"worker_id":"e50ec082-06d6-4e83-8656-0bb9bd5ba8b7-139643176665088","trial_id":6,"param_name":"CavityCorkThickness","param_value_internal":4.8394327898386,"distribution":"{\"name\": \"FloatDistribution\", \"attributes\": {\"step\": null, \"low\": 2.0, \"high\": 5.0, \"log\": false}}"}
{"op_code":5,"worker_id":"e50ec082-06d6-4e83-8656-0bb9bd5ba8b7-139643176665088","trial_id":6,"param_name":"BellowHeight","param_value_internal":7.433489173279064,"distribution":"{\"name\": \"FloatDistribution\", \"attributes\": {\"step\": null, \"low\": 6.0, \"high\": 10.0, \"log\": false}}"}
{"op_code":5,"worker_id":"e50ec082-06d6-4e83-8656-0bb9bd5ba8b7-139643176665088","trial_id":6,"param_name":"WallThickness","param_value_internal":3.569182222163348,"distribution":"{\"name\": \"FloatDistribution\", \"attributes\": {\"step\": null, \"low\": 2.0, \"high\": 4.0, \"log\": false}}"}
{"op_code":5,"worker_id":"e50ec082-06d6-4e83-8656-0bb9bd5ba8b7-139643176665088","trial_id":6,"param_name":"PlateauHeight","param_value_internal":2.0897290221719613,"distribution":"{\"name\": \"FloatDistribution\", \"attributes\": {\"step\": null, \"low\": 2.0, \"high\": 4.0, \"log\": false}}"}
{"op_code":6,"worker_id":"ea3fa41f-a91b-46d0-97a9-182617744507-140708755648512","trial_id":0,"state":1,"values":[588.432518116447,0.20435781454384797],"datetime_complete":"2026-06-15T20:34:59.894936"}
{"op_code":4,"worker_id":"ea3fa41f-a91b-46d0-97a9-182617744507-140708755648512","study_id":0,"datetime_start":"2026-06-15T20:34:59.908244"}
{"op_code":9,"worker_id":"ea3fa41f-a91b-46d0-97a9-182617744507-140708755648512","trial_id":7,"system_attr":{"nsga2:generation":0}}
{"op_code":5,"worker_id":"ea3fa41f-a91b-46d0-97a9-182617744507-140708755648512","trial_id":7,"param_name":"JointSlopeAngle","param_value_internal":0.7713037295757679,"distribution":"{\"name\": \"FloatDistribution\", \"attributes\": {\"step\": null, \"low\": 0.17453292519943295, \"high\": 1.0471975511965976, \"log\": false}}"}
{"op_code":5,"worker_id":"ea3fa41f-a91b-46d0-97a9-182617744507-140708755648512","trial_id":7,"param_name":"OuterRadius","param_value_internal":12.786938324924012,"distribution":"{\"name\": \"FloatDistribution\", \"attributes\": {\"step\": null, \"low\": 8.75, \"high\": 17.75, \"log\": false}}"}
{"op_code":5,"worker_id":"ea3fa41f-a91b-46d0-97a9-182617744507-140708755648512","trial_id":7,"param_name":"JointHeight","param_value_internal":5.327470348251004,"distribution":"{\"name\": \"FloatDistribution\", \"attributes\": {\"step\": null, \"low\": 5.0, \"high\": 8.0, \"log\": false}}"}
{"op_code":5,"worker_id":"ea3fa41f-a91b-46d0-97a9-182617744507-140708755648512","trial_id":7,"param_name":"CavityCorkThickness","param_value_internal":4.71790769315959,"distribution":"{\"name\": \"FloatDistribution\", \"attributes\": {\"step\": null, \"low\": 2.0, \"high\": 5.0, \"log\": false}}"}
{"op_code":5,"worker_id":"ea3fa41f-a91b-46d0-97a9-182617744507-140708755648512","trial_id":7,"param_name":"BellowHeight","param_value_internal":8.69847206031512,"distribution":"{\"name\": \"FloatDistribution\", \"attributes\": {\"step\": null, \"low\": 6.0, \"high\": 10.0, \"log\": false}}"}
{"op_code":5,"worker_id":"ea3fa41f-a91b-46d0-97a9-182617744507-140708755648512","trial_id":7,"param_name":"WallThickness","param_value_internal":2.3242245184732684,"distribution":"{\"name\": \"FloatDistribution\", \"attributes\": {\"step\": null, \"low\": 2.0, \"high\": 4.0, \"log\": false}}"}
{"op_code":5,"worker_id":"ea3fa41f-a91b-46d0-97a9-182617744507-140708755648512","trial_id":7,"param_name":"PlateauHeight","param_value_internal":2.138634336533139,"distribution":"{\"name\": \"FloatDistribution\", \"attributes\": {\"step\": null, \"low\": 2.0, \"high\": 4.0, \"log\": false}}"}
{"op_code":6,"worker_id":"ecfd478f-c300-4063-a362-86b643a9ac46-140116174675968","trial_id":4,"state":1,"values":[420.24617423296155,0.30601273729067835],"datetime_complete":"2026-06-15T20:35:00.325325"}
{"op_code":4,"worker_id":"ecfd478f-c300-4063-a362-86b643a9ac46-140116174675968","study_id":0,"datetime_start":"2026-06-15T20:35:00.342662"}
{"op_code":9,"worker_id":"ecfd478f-c300-4063-a362-86b643a9ac46-140116174675968","trial_id":8,"system_attr":{"nsga2:generation":0}}
{"op_code":5,"worker_id":"ecfd478f-c300-4063-a362-86b643a9ac46-140116174675968","trial_id":8,"param_name":"JointSlopeAngle","param_value_internal":0.9181151838671837,"distribution":"{\"name\": \"FloatDistribution\", \"attributes\": {\"step\": null, \"low\": 0.17453292519943295, \"high\": 1.0471975511965976, \"log\": false}}"}
{"op_code":5,"worker_id":"ecfd478f-c300-4063-a362-86b643a9ac46-140116174675968","trial_id":8,"param_name":"OuterRadius","param_value_internal":16.354014784105203,"distribution":"{\"name\": \"FloatDistribution\", \"attributes\": {\"step\": null, \"low\": 8.75, \"high\": 17.75, \"log\": false}}"}
{"op_code":5,"worker_id":"ecfd478f-c300-4063-a362-86b643a9ac46-140116174675968","trial_id":8,"param_name":"JointHeight","param_value_internal":5.522588836569238,"distribution":"{\"name\": \"FloatDistribution\", \"attributes\": {\"step\": null, \"low\": 5.0, \"high\": 8.0, \"log\": false}}"}
{"op_code":5,"worker_id":"ecfd478f-c300-4063-a362-86b643a9ac46-140116174675968","trial_id":8,"param_name":"CavityCorkThickness","param_value_internal":3.178777320592155,"distribution":"{\"name\": \"FloatDistribution\", \"attributes\": {\"step\": null, \"low\": 2.0, \"high\": 5.0, \"log\": false}}"}
{"op_code":5,"worker_id":"ecfd478f-c300-4063-a362-86b643a9ac46-140116174675968","trial_id":8,"param_name":"BellowHeight","param_value_internal":9.741185669127688,"distribution":"{\"name\": \"FloatDistribution\", \"attributes\": {\"step\": null, \"low\": 6.0, \"high\": 10.0, \"log\": false}}"}
{"op_code":5,"worker_id":"ecfd478f-c300-4063-a362-86b643a9ac46-140116174675968","trial_id":8,"param_name":"WallThickness","param_value_internal":3.4285335233759637,"distribution":"{\"name\": \"FloatDistribution\", \"attributes\": {\"step\": null, \"low\": 2.0, \"high\": 4.0, \"log\": false}}"}
{"op_code":5,"worker_id":"ecfd478f-c300-4063-a362-86b643a9ac46-140116174675968","trial_id":8,"param_name":"PlateauHeight","param_value_internal":3.430004425465083,"distribution":"{\"name\": \"FloatDistribution\", \"attributes\": {\"step\": null, \"low\": 2.0, \"high\": 4.0, \"log\": false}}"}
{"op_code":6,"worker_id":"07f4433d-8105-495f-a34c-ca24fea40e31-140001723334656","trial_id":1,"state":1,"values":[1298.2577149851727,0.39036776075962637],"datetime_complete":"2026-06-15T20:35:01.284635"}
{"op_code":4,"worker_id":"07f4433d-8105-495f-a34c-ca24fea40e31-140001723334656","study_id":0,"datetime_start":"2026-06-15T20:35:01.298270"}
{"op_code":9,"worker_id":"07f4433d-8105-495f-a34c-ca24fea40e31-140001723334656","trial_id":9,"system_attr":{"nsga2:generation":0}}
{"op_code":5,"worker_id":"07f4433d-8105-495f-a34c-ca24fea40e31-140001723334656","trial_id":9,"param_name":"JointSlopeAngle","param_value_internal":0.19830587264359373,"distribution":"{\"name\": \"FloatDistribution\", \"attributes\": {\"step\": null, \"low\": 0.17453292519943295, \"high\": 1.0471975511965976, \"log\": false}}"}
{"op_code":5,"worker_id":"07f4433d-8105-495f-a34c-ca24fea40e31-140001723334656","trial_id":9,"param_name":"OuterRadius","param_value_internal":17.357525368877106,"distribution":"{\"name\": \"FloatDistribution\", \"attributes\": {\"step\": null, \"low\": 8.75, \"high\": 17.75, \"log\": false}}"}
{"op_code":5,"worker_id":"07f4433d-8105-495f-a34c-ca24fea40e31-140001723334656","trial_id":9,"param_name":"JointHeight","param_value_internal":7.460636707639404,"distribution":"{\"name\": \"FloatDistribution\", \"attributes\": {\"step\": null, \"low\": 5.0, \"high\": 8.0, \"log\": false}}"}
{"op_code":5,"worker_id":"07f4433d-8105-495f-a34c-ca24fea40e31-140001723334656","trial_id":9,"param_name":"CavityCorkThickness","param_value_internal":4.891716312349194,"distribution":"{\"name\": \"FloatDistribution\", \"attributes\": {\"step\": null, \"low\": 2.0, \"high\": 5.0, \"log\": false}}"}
{"op_code":5,"worker_id":"07f4433d-8105-495f-a34c-ca24fea40e31-140001723334656","trial_id":9,"param_name":"BellowHeight","param_value_internal":9.279695896914081,"distribution":"{\"name\": \"FloatDistribution\", \"attributes\": {\"step\": null, \"low\": 6.0, \"high\": 10.0, \"log\": false}}"}
{"op_code":5,"worker_id":"07f4433d-8105-495f-a34c-ca24fea40e31-140001723334656","trial_id":9,"param_name":"WallThickness","param_value_internal":3.392781236915872,"distribution":"{\"name\": \"FloatDistribution\", \"attributes\": {\"step\": null, \"low\": 2.0, \"high\": 4.0, \"log\": false}}"}
{"op_code":5,"worker_id":"07f4433d-8105-495f-a34c-ca24fea40e31-140001723334656","trial_id":9,"param_name":"PlateauHeight","param_value_internal":2.8770587888298733,"distribution":"{\"name\": \"FloatDistribution\", \"attributes\": {\"step\": null, \"low\": 2.0, \"high\": 4.0, \"log\": false}}"}
{"op_code":6,"worker_id":"088be585-6f6b-4c3e-8596-b14b30373ea6-140545899106304","trial_id":5,"state":1,"values":[938.2872897538814,0.4630075871736543],"datetime_complete":"2026-06-15T20:35:09.490403"}
{"op_code":4,"worker_id":"088be585-6f6b-4c3e-8596-b14b30373ea6-140545899106304","study_id":0,"datetime_start":"2026-06-15T20:35:09.500514"}
{"op_code":9,"worker_id":"088be585-6f6b-4c3e-8596-b14b30373ea6-140545899106304","trial_id":10,"system_attr":{"nsga2:generation":0}}
{"op_code":5,"worker_id":"088be585-6f6b-4c3e-8596-b14b30373ea6-140545899106304","trial_id":10,"param_name":"JointSlopeAngle","param_value_internal":0.2003273748352383,"distribution":"{\"name\": \"FloatDistribution\", \"attributes\": {\"step\": null, \"low\": 0.17453292519943295, \"high\": 1.0471975511965976, \"log\": false}}"}
{"op_code":5,"worker_id":"088be585-6f6b-4c3e-8596-b14b30373ea6-140545899106304","trial_id":10,"param_name":"OuterRadius","param_value_internal":15.453393855793156,"distribution":"{\"name\": \"FloatDistribution\", \"attributes\": {\"step\": null, \"low\": 8.75, \"high\": 17.75, \"log\": false}}"}
{"op_code":5,"worker_id":"088be585-6f6b-4c3e-8596-b14b30373ea6-140545899106304","trial_id":10,"param_name":"JointHeight","param_value_internal":6.420823929800532,"distribution":"{\"name\": \"FloatDistribution\", \"attributes\": {\"step\": null, \"low\": 5.0, \"high\": 8.0, \"log\": false}}"}
{"op_code":5,"worker_id":"088be585-6f6b-4c3e-8596-b14b30373ea6-140545899106304","trial_id":10,"param_name":"CavityCorkThickness","param_value_internal":4.113962683024509,"distribution":"{\"name\": \"FloatDistribution\", \"attributes\": {\"step\": null, \"low\": 2.0, \"high\": 5.0, \"log\": false}}"}
{"op_code":5,"worker_id":"088be585-6f6b-4c3e-8596-b14b30373ea6-140545899106304","trial_id":10,"param_name":"BellowHeight","param_value_internal":6.007593212694722,"distribution":"{\"name\": \"FloatDistribution\", \"attributes\": {\"step\": null, \"low\": 6.0, \"high\": 10.0, \"log\": false}}"}
{"op_code":5,"worker_id":"088be585-6f6b-4c3e-8596-b14b30373ea6-140545899106304","trial_id":10,"param_name":"WallThickness","param_value_internal":2.1721049608661396,"distribution":"{\"name\": \"FloatDistribution\", \"attributes\": {\"step\": null, \"low\": 2.0, \"high\": 4.0, \"log\": false}}"}
{"op_code":5,"worker_id":"088be585-6f6b-4c3e-8596-b14b30373ea6-140545899106304","trial_id":10,"param_name":"PlateauHeight","param_value_internal":3.3216225581757515,"distribution":"{\"name\": \"FloatDistribution\", \"attributes\": {\"step\": null, \"low\": 2.0, \"high\": 4.0, \"log\": false}}"}
{"op_code":6,"worker_id":"e50ec082-06d6-4e83-8656-0bb9bd5ba8b7-139643176665088","trial_id":6,"state":1,"values":[117.9500256722379,0.4447156319316377],"datetime_complete":"2026-06-15T20:35:11.714064"}
{"op_code":4,"worker_id":"e50ec082-06d6-4e83-8656-0bb9bd5ba8b7-139643176665088","study_id":0,"datetime_start":"2026-06-15T20:35:11.728879"}
{"op_code":9,"worker_id":"e50ec082-06d6-4e83-8656-0bb9bd5ba8b7-139643176665088","trial_id":11,"system_attr":{"nsga2:generation":0}}
{"op_code":5,"worker_id":"e50ec082-06d6-4e83-8656-0bb9bd5ba8b7-139643176665088","trial_id":11,"param_name":"JointSlopeAngle","param_value_internal":0.9132983741877285,"distribution":"{\"name\": \"FloatDistribution\", \"attributes\": {\"step\": null, \"low\": 0.17453292519943295, \"high\": 1.0471975511965976, \"log\": false}}"}
{"op_code":5,"worker_id":"e50ec082-06d6-4e83-8656-0bb9bd5ba8b7-139643176665088","trial_id":11,"param_name":"OuterRadius","param_value_internal":9.259148470691894,"distribution":"{\"name\": \"FloatDistribution\", \"attributes\": {\"step\": null, \"low\": 8.75, \"high\": 17.75, \"log\": false}}"}
{"op_code":5,"worker_id":"e50ec082-06d6-4e83-8656-0bb9bd5ba8b7-139643176665088","trial_id":11,"param_name":"JointHeight","param_value_internal":5.89706227614736,"distribution":"{\"name\": \"FloatDistribution\", \"attributes\": {\"step\": null, \"low\": 5.0, \"high\": 8.0, \"log\": false}}"}
{"op_code":5,"worker_id":"e50ec082-06d6-4e83-8656-0bb9bd5ba8b7-139643176665088","trial_id":11,"param_name":"CavityCorkThickness","param_value_internal":2.110135780557359,"distribution":"{\"name\": \"FloatDistribution\", \"attributes\": {\"step\": null, \"low\": 2.0, \"high\": 5.0, \"log\": false}}"}
{"op_code":5,"worker_id":"e50ec082-06d6-4e83-8656-0bb9bd5ba8b7-139643176665088","trial_id":11,"param_name":"BellowHeight","param_value_internal":7.321069647531187,"distribution":"{\"name\": \"FloatDistribution\", \"attributes\": {\"step\": null, \"low\": 6.0, \"high\": 10.0, \"log\": false}}"}
{"op_code":5,"worker_id":"e50ec082-06d6-4e83-8656-0bb9bd5ba8b7-139643176665088","trial_id":11,"param_name":"WallThickness","param_value_internal":2.494701110428005,"distribution":"{\"name\": \"FloatDistribution\", \"attributes\": {\"step\": null, \"low\": 2.0, \"high\": 4.0, \"log\": false}}"}
{"op_code":5,"worker_id":"e50ec082-06d6-4e83-8656-0bb9bd5ba8b7-139643176665088","trial_id":11,"param_name":"PlateauHeight","param_value_internal":3.1100940440357823,"distribution":"{\"name\": \"FloatDistribution\", \"attributes\": {\"step\": null, \"low\": 2.0, \"high\": 4.0, \"log\": false}}"}
{"op_code":6,"worker_id":"ea3fa41f-a91b-46d0-97a9-182617744507-140708755648512","trial_id":7,"state":1,"values":[430.2186822273705,0.48523532773370054],"datetime_complete":"2026-06-15T20:35:12.793500"}
{"op_code":4,"worker_id":"ea3fa41f-a91b-46d0-97a9-182617744507-140708755648512","study_id":0,"datetime_start":"2026-06-15T20:35:12.804863"}
{"op_code":9,"worker_id":"ea3fa41f-a91b-46d0-97a9-182617744507-140708755648512","trial_id":12,"system_attr":{"nsga2:generation":0}}
{"op_code":5,"worker_id":"ea3fa41f-a91b-46d0-97a9-182617744507-140708755648512","trial_id":12,"param_name":"JointSlopeAngle","param_value_internal":0.21006703053527315,"distribution":"{\"name\": \"FloatDistribution\", \"attributes\": {\"step\": null, \"low\": 0.17453292519943295, \"high\": 1.0471975511965976, \"log\": false}}"}
{"op_code":5,"worker_id":"ea3fa41f-a91b-46d0-97a9-182617744507-140708755648512","trial_id":12,"param_name":"OuterRadius","param_value_internal":17.045662410482958,"distribution":"{\"name\": \"FloatDistribution\", \"attributes\": {\"step\": null, \"low\": 8.75, \"high\": 17.75, \"log\": false}}"}
{"op_code":5,"worker_id":"ea3fa41f-a91b-46d0-97a9-182617744507-140708755648512","trial_id":12,"param_name":"JointHeight","param_value_internal":6.785508682091259,"distribution":"{\"name\": \"FloatDistribution\", \"attributes\": {\"step\": null, \"low\": 5.0, \"high\": 8.0, \"log\": false}}"}
{"op_code":5,"worker_id":"ea3fa41f-a91b-46d0-97a9-182617744507-140708755648512","trial_id":12,"param_name":"CavityCorkThickness","param_value_internal":3.2582564266209406,"distribution":"{\"name\": \"FloatDistribution\", \"attributes\": {\"step\": null, \"low\": 2.0, \"high\": 5.0, \"log\": false}}"}
{"op_code":5,"worker_id":"ea3fa41f-a91b-46d0-97a9-182617744507-140708755648512","trial_id":12,"param_name":"BellowHeight","param_value_internal":6.273754986564015,"distribution":"{\"name\": \"FloatDistribution\", \"attributes\": {\"step\": null, \"low\": 6.0, \"high\": 10.0, \"log\": false}}"}
{"op_code":5,"worker_id":"ea3fa41f-a91b-46d0-97a9-182617744507-140708755648512","trial_id":12,"param_name":"WallThickness","param_value_internal":3.3006207937263565,"distribution":"{\"name\": \"FloatDistribution\", \"attributes\": {\"step\": null, \"low\": 2.0, \"high\": 4.0, \"log\": false}}"}
{"op_code":5,"worker_id":"ea3fa41f-a91b-46d0-97a9-182617744507-140708755648512","trial_id":12,"param_name":"PlateauHeight","param_value_internal":2.699412134198524,"distribution":"{\"name\": \"FloatDistribution\", \"attributes\": {\"step\": null, \"low\": 2.0, \"high\": 4.0, \"log\": false}}"}
{"op_code":6,"worker_id":"ecfd478f-c300-4063-a362-86b643a9ac46-140116174675968","trial_id":8,"state":1,"values":[1217.8606871793456,0.4330507149374947],"datetime_complete":"2026-06-15T20:35:14.377542"}
{"op_code":4,"worker_id":"ecfd478f-c300-4063-a362-86b643a9ac46-140116174675968","study_id":0,"datetime_start":"2026-06-15T20:35:14.393463"}
{"op_code":9,"worker_id":"ecfd478f-c300-4063-a362-86b643a9ac46-140116174675968","trial_id":13,"system_attr":{"nsga2:generation":0}}
{"op_code":5,"worker_id":"ecfd478f-c300-4063-a362-86b643a9ac46-140116174675968","trial_id":13,"param_name":"JointSlopeAngle","param_value_internal":0.6778488102241723,"distribution":"{\"name\": \"FloatDistribution\", \"attributes\": {\"step\": null, \"low\": 0.17453292519943295, \"high\": 1.0471975511965976, \"log\": false}}"}
{"op_code":5,"worker_id":"ecfd478f-c300-4063-a362-86b643a9ac46-140116174675968","trial_id":13,"param_name":"OuterRadius","param_value_internal":17.095721952674808,"distribution":"{\"name\": \"FloatDistribution\", \"attributes\": {\"step\": null, \"low\": 8.75, \"high\": 17.75, \"log\": false}}"}
{"op_code":5,"worker_id":"ecfd478f-c300-4063-a362-86b643a9ac46-140116174675968","trial_id":13,"param_name":"JointHeight","param_value_internal":5.089157700731112,"distribution":"{\"name\": \"FloatDistribution\", \"attributes\": {\"step\": null, \"low\": 5.0, \"high\": 8.0, \"log\": false}}"}
{"op_code":5,"worker_id":"ecfd478f-c300-4063-a362-86b643a9ac46-140116174675968","trial_id":13,"param_name":"CavityCorkThickness","param_value_internal":3.533361528457408,"distribution":"{\"name\": \"FloatDistribution\", \"attributes\": {\"step\": null, \"low\": 2.0, \"high\": 5.0, \"log\": false}}"}
{"op_code":5,"worker_id":"ecfd478f-c300-4063-a362-86b643a9ac46-140116174675968","trial_id":13,"param_name":"BellowHeight","param_value_internal":9.150885218003964,"distribution":"{\"name\": \"FloatDistribution\", \"attributes\": {\"step\": null, \"low\": 6.0, \"high\": 10.0, \"log\": false}}"}
{"op_code":5,"worker_id":"ecfd478f-c300-4063-a362-86b643a9ac46-140116174675968","trial_id":13,"param_name":"WallThickness","param_value_internal":3.4266246137218594,"distribution":"{\"name\": \"FloatDistribution\", \"attributes\": {\"step\": null, \"low\": 2.0, \"high\": 4.0, \"log\": false}}"}
{"op_code":5,"worker_id":"ecfd478f-c300-4063-a362-86b643a9ac46-140116174675968","trial_id":13,"param_name":"PlateauHeight","param_value_internal":3.8991331278884838,"distribution":"{\"name\": \"FloatDistribution\", \"attributes\": {\"step\": null, \"low\": 2.0, \"high\": 4.0, \"log\": false}}"}
{"op_code":6,"worker_id":"07f4433d-8105-495f-a34c-ca24fea40e31-140001723334656","trial_id":9,"state":1,"values":[964.2414610715012,0.3322175502122292],"datetime_complete":"2026-06-15T20:35:16.595730"}
{"op_code":4,"worker_id":"07f4433d-8105-495f-a34c-ca24fea40e31-140001723334656","study_id":0,"datetime_start":"2026-06-15T20:35:16.605224"}
{"op_code":9,"worker_id":"07f4433d-8105-495f-a34c-ca24fea40e31-140001723334656","trial_id":14,"system_attr":{"nsga2:generation":0}}
{"op_code":5,"worker_id":"07f4433d-8105-495f-a34c-ca24fea40e31-140001723334656","trial_id":14,"param_name":"JointSlopeAngle","param_value_internal":0.8310711269954587,"distribution":"{\"name\": \"FloatDistribution\", \"attributes\": {\"step\": null, \"low\": 0.17453292519943295, \"high\": 1.0471975511965976, \"log\": false}}"}
{"op_code":5,"worker_id":"07f4433d-8105-495f-a34c-ca24fea40e31-140001723334656","trial_id":14,"param_name":"OuterRadius","param_value_internal":15.455807407962112,"distribution":"{\"name\": \"FloatDistribution\", \"attributes\": {\"step\": null, \"low\": 8.75, \"high\": 17.75, \"log\": false}}"}
{"op_code":5,"worker_id":"07f4433d-8105-495f-a34c-ca24fea40e31-140001723334656","trial_id":14,"param_name":"JointHeight","param_value_internal":7.282363315616505,"distribution":"{\"name\": \"FloatDistribution\", \"attributes\": {\"step\": null, \"low\": 5.0, \"high\": 8.0, \"log\": false}}"}
{"op_code":5,"worker_id":"07f4433d-8105-495f-a34c-ca24fea40e31-140001723334656","trial_id":14,"param_name":"CavityCorkThickness","param_value_internal":4.35453819733088,"distribution":"{\"name\": \"FloatDistribution\", \"attributes\": {\"step\": null, \"low\": 2.0, \"high\": 5.0, \"log\": false}}"}
{"op_code":5,"worker_id":"07f4433d-8105-495f-a34c-ca24fea40e31-140001723334656","trial_id":14,"param_name":"BellowHeight","param_value_internal":9.540301588782413,"distribution":"{\"name\": \"FloatDistribution\", \"attributes\": {\"step\": null, \"low\": 6.0, \"high\": 10.0, \"log\": false}}"}
{"op_code":5,"worker_id":"07f4433d-8105-495f-a34c-ca24fea40e31-140001723334656","trial_id":14,"param_name":"WallThickness","param_value_internal":3.5978331672536683,"distribution":"{\"name\": \"FloatDistribution\", \"attributes\": {\"step\": null, \"low\": 2.0, \"high\": 4.0, \"log\": false}}"}
{"op_code":5,"worker_id":"07f4433d-8105-495f-a34c-ca24fea40e31-140001723334656","trial_id":14,"param_name":"PlateauHeight","param_value_internal":2.250203937971742,"distribution":"{\"name\": \"FloatDistribution\", \"attributes\": {\"step\": null, \"low\": 2.0, \"high\": 4.0, \"log\": false}}"}
{"op_code":6,"worker_id":"088be585-6f6b-4c3e-8596-b14b30373ea6-140545899106304","trial_id":10,"state":1,"values":[803.0738673443011,0.30711414123524355],"datetime_complete":"2026-06-15T20:35:22.555802"}
{"op_code":4,"worker_id":"088be585-6f6b-4c3e-8596-b14b30373ea6-140545899106304","study_id":0,"datetime_start":"2026-06-15T20:35:22.569267"}
{"op_code":9,"worker_id":"088be585-6f6b-4c3e-8596-b14b30373ea6-140545899106304","trial_id":15,"system_attr":{"nsga2:generation":0}}
{"op_code":5,"worker_id":"088be585-6f6b-4c3e-8596-b14b30373ea6-140545899106304","trial_id":15,"param_name":"JointSlopeAngle","param_value_internal":0.8600145371674874,"distribution":"{\"name\": \"FloatDistribution\", \"attributes\": {\"step\": null, \"low\": 0.17453292519943295, \"high\": 1.0471975511965976, \"log\": false}}"}
{"op_code":5,"worker_id":"088be585-6f6b-4c3e-8596-b14b30373ea6-140545899106304","trial_id":15,"param_name":"OuterRadius","param_value_internal":16.99898112112217,"distribution":"{\"name\": \"FloatDistribution\", \"attributes\": {\"step\": null, \"low\": 8.75, \"high\": 17.75, \"log\": false}}"}
{"op_code":5,"worker_id":"088be585-6f6b-4c3e-8596-b14b30373ea6-140545899106304","trial_id":15,"param_name":"JointHeight","param_value_internal":7.094204694798449,"distribution":"{\"name\": \"FloatDistribution\", \"attributes\": {\"step\": null, \"low\": 5.0, \"high\": 8.0, \"log\": false}}"}
{"op_code":5,"worker_id":"088be585-6f6b-4c3e-8596-b14b30373ea6-140545899106304","trial_id":15,"param_name":"CavityCorkThickness","param_value_internal":2.391996781218338,"distribution":"{\"name\": \"FloatDistribution\", \"attributes\": {\"step\": null, \"low\": 2.0, \"high\": 5.0, \"log\": false}}"}
{"op_code":5,"worker_id":"088be585-6f6b-4c3e-8596-b14b30373ea6-140545899106304","trial_id":15,"param_name":"BellowHeight","param_value_internal":7.008130536015116,"distribution":"{\"name\": \"FloatDistribution\", \"attributes\": {\"step\": null, \"low\": 6.0, \"high\": 10.0, \"log\": false}}"}
{"op_code":5,"worker_id":"088be585-6f6b-4c3e-8596-b14b30373ea6-140545899106304","trial_id":15,"param_name":"WallThickness","param_value_internal":3.411630937983916,"distribution":"{\"name\": \"FloatDistribution\", \"attributes\": {\"step\": null, \"low\": 2.0, \"high\": 4.0, \"log\": false}}"}
{"op_code":5,"worker_id":"088be585-6f6b-4c3e-8596-b14b30373ea6-140545899106304","trial_id":15,"param_name":"PlateauHeight","param_value_internal":3.7230458295785858,"distribution":"{\"name\": \"FloatDistribution\", \"attributes\": {\"step\": null, \"low\": 2.0, \"high\": 4.0, \"log\": false}}"}
{"op_code":6,"worker_id":"e50ec082-06d6-4e83-8656-0bb9bd5ba8b7-139643176665088","trial_id":11,"state":1,"values":[246.34058964256783,0.2343777308624603],"datetime_complete":"2026-06-15T20:35:23.087817"}
{"op_code":4,"worker_id":"e50ec082-06d6-4e83-8656-0bb9bd5ba8b7-139643176665088","study_id":0,"datetime_start":"2026-06-15T20:35:23.098067"}
{"op_code":9,"worker_id":"e50ec082-06d6-4e83-8656-0bb9bd5ba8b7-139643176665088","trial_id":16,"system_attr":{"nsga2:generation":0}}
{"op_code":5,"worker_id":"e50ec082-06d6-4e83-8656-0bb9bd5ba8b7-139643176665088","trial_id":16,"param_name":"JointSlopeAngle","param_value_internal":0.721515662722734,"distribution":"{\"name\": \"FloatDistribution\", \"attributes\": {\"step\": null, \"low\": 0.17453292519943295, \"high\": 1.0471975511965976, \"log\": false}}"}
{"op_code":5,"worker_id":"e50ec082-06d6-4e83-8656-0bb9bd5ba8b7-139643176665088","trial_id":16,"param_name":"OuterRadius","param_value_internal":10.055246855523928,"distribution":"{\"name\": \"FloatDistribution\", \"attributes\": {\"step\": null, \"low\": 8.75, \"high\": 17.75, \"log\": false}}"}
{"op_code":5,"worker_id":"e50ec082-06d6-4e83-8656-0bb9bd5ba8b7-139643176665088","trial_id":16,"param_name":"JointHeight","param_value_internal":7.930988410600515,"distribution":"{\"name\": \"FloatDistribution\", \"attributes\": {\"step\": null, \"low\": 5.0, \"high\": 8.0, \"log\": false}}"}
{"op_code":5,"worker_id":"e50ec082-06d6-4e83-8656-0bb9bd5ba8b7-139643176665088","trial_id":16,"param_name":"CavityCorkThickness","param_value_internal":2.8039632685976867,"distribution":"{\"name\": \"FloatDistribution\", \"attributes\": {\"step\": null, \"low\": 2.0, \"high\": 5.0, \"log\": false}}"}
{"op_code":5,"worker_id":"e50ec082-06d6-4e83-8656-0bb9bd5ba8b7-139643176665088","trial_id":16,"param_name":"BellowHeight","param_value_internal":8.708278765793834,"distribution":"{\"name\": \"FloatDistribution\", \"attributes\": {\"step\": null, \"low\": 6.0, \"high\": 10.0, \"log\": false}}"}
{"op_code":5,"worker_id":"e50ec082-06d6-4e83-8656-0bb9bd5ba8b7-139643176665088","trial_id":16,"param_name":"WallThickness","param_value_internal":3.1283621669447337,"distribution":"{\"name\": \"FloatDistribution\", \"attributes\": {\"step\": null, \"low\": 2.0, \"high\": 4.0, \"log\": false}}"}
{"op_code":5,"worker_id":"e50ec082-06d6-4e83-8656-0bb9bd5ba8b7-139643176665088","trial_id":16,"param_name":"PlateauHeight","param_value_internal":3.4881523737520252,"distribution":"{\"name\": \"FloatDistribution\", \"attributes\": {\"step\": null, \"low\": 2.0, \"high\": 4.0, \"log\": false}}"}
{"op_code":6,"worker_id":"ea3fa41f-a91b-46d0-97a9-182617744507-140708755648512","trial_id":12,"state":1,"values":[950.2699928742501,0.32638792765795743],"datetime_complete":"2026-06-15T20:35:25.947506"}
{"op_code":4,"worker_id":"ea3fa41f-a91b-46d0-97a9-182617744507-140708755648512","study_id":0,"datetime_start":"2026-06-15T20:35:25.958273"}
{"op_code":9,"worker_id":"ea3fa41f-a91b-46d0-97a9-182617744507-140708755648512","trial_id":17,"system_attr":{"nsga2:generation":0}}
{"op_code":5,"worker_id":"ea3fa41f-a91b-46d0-97a9-182617744507-140708755648512","trial_id":17,"param_name":"JointSlopeAngle","param_value_internal":0.7011132302131908,"distribution":"{\"name\": \"FloatDistribution\", \"attributes\": {\"step\": null, \"low\": 0.17453292519943295, \"high\": 1.0471975511965976, \"log\": false}}"}
{"op_code":5,"worker_id":"ea3fa41f-a91b-46d0-97a9-182617744507-140708755648512","trial_id":17,"param_name":"OuterRadius","param_value_internal":16.789991867218234,"distribution":"{\"name\": \"FloatDistribution\", \"attributes\": {\"step\": null, \"low\": 8.75, \"high\": 17.75, \"log\": false}}"}
{"op_code":5,"worker_id":"ea3fa41f-a91b-46d0-97a9-182617744507-140708755648512","trial_id":17,"param_name":"JointHeight","param_value_internal":6.352359112020677,"distribution":"{\"name\": \"FloatDistribution\", \"attributes\": {\"step\": null, \"low\": 5.0, \"high\": 8.0, \"log\": false}}"}
{"op_code":5,"worker_id":"ea3fa41f-a91b-46d0-97a9-182617744507-140708755648512","trial_id":17,"param_name":"CavityCorkThickness","param_value_internal":3.3002072414452073,"distribution":"{\"name\": \"FloatDistribution\", \"attributes\": {\"step\": null, \"low\": 2.0, \"high\": 5.0, \"log\": false}}"}
{"op_code":5,"worker_id":"ea3fa41f-a91b-46d0-97a9-182617744507-140708755648512","trial_id":17,"param_name":"BellowHeight","param_value_internal":6.825830149102349,"distribution":"{\"name\": \"FloatDistribution\", \"attributes\": {\"step\": null, \"low\": 6.0, \"high\": 10.0, \"log\": false}}"}
{"op_code":5,"worker_id":"ea3fa41f-a91b-46d0-97a9-182617744507-140708755648512","trial_id":17,"param_name":"WallThickness","param_value_internal":3.2573012932053853,"distribution":"{\"name\": \"FloatDistribution\", \"attributes\": {\"step\": null, \"low\": 2.0, \"high\": 4.0, \"log\": false}}"}
{"op_code":5,"worker_id":"ea3fa41f-a91b-46d0-97a9-182617744507-140708755648512","trial_id":17,"param_name":"PlateauHeight","param_value_internal":3.768261178874062,"distribution":"{\"name\": \"FloatDistribution\", \"attributes\": {\"step\": null, \"low\": 2.0, \"high\": 4.0, \"log\": false}}"}
{"op_code":6,"worker_id":"ecfd478f-c300-4063-a362-86b643a9ac46-140116174675968","trial_id":13,"state":1,"values":[1342.8847032083197,0.42176219657903696],"datetime_complete":"2026-06-15T20:35:28.203898"}
{"op_code":4,"worker_id":"ecfd478f-c300-4063-a362-86b643a9ac46-140116174675968","study_id":0,"datetime_start":"2026-06-15T20:35:28.219261"}
{"op_code":9,"worker_id":"ecfd478f-c300-4063-a362-86b643a9ac46-140116174675968","trial_id":18,"system_attr":{"nsga2:generation":0}}
{"op_code":5,"worker_id":"ecfd478f-c300-4063-a362-86b643a9ac46-140116174675968","trial_id":18,"param_name":"JointSlopeAngle","param_value_internal":0.1865475943115108,"distribution":"{\"name\": \"FloatDistribution\", \"attributes\": {\"step\": null, \"low\": 0.17453292519943295, \"high\": 1.0471975511965976, \"log\": false}}"}
{"op_code":5,"worker_id":"ecfd478f-c300-4063-a362-86b643a9ac46-140116174675968","trial_id":18,"param_name":"OuterRadius","param_value_internal":12.809794573012768,"distribution":"{\"name\": \"FloatDistribution\", \"attributes\": {\"step\": null, \"low\": 8.75, \"high\": 17.75, \"log\": false}}"}
{"op_code":5,"worker_id":"ecfd478f-c300-4063-a362-86b643a9ac46-140116174675968","trial_id":18,"param_name":"JointHeight","param_value_internal":7.157525006929282,"distribution":"{\"name\": \"FloatDistribution\", \"attributes\": {\"step\": null, \"low\": 5.0, \"high\": 8.0, \"log\": false}}"}
{"op_code":5,"worker_id":"ecfd478f-c300-4063-a362-86b643a9ac46-140116174675968","trial_id":18,"param_name":"CavityCorkThickness","param_value_internal":3.8770773506977325,"distribution":"{\"name\": \"FloatDistribution\", \"attributes\": {\"step\": null, \"low\": 2.0, \"high\": 5.0, \"log\": false}}"}
{"op_code":5,"worker_id":"ecfd478f-c300-4063-a362-86b643a9ac46-140116174675968","trial_id":18,"param_name":"BellowHeight","param_value_internal":8.127910801549977,"distribution":"{\"name\": \"FloatDistribution\", \"attributes\": {\"step\": null, \"low\": 6.0, \"high\": 10.0, \"log\": false}}"}
{"op_code":5,"worker_id":"ecfd478f-c300-4063-a362-86b643a9ac46-140116174675968","trial_id":18,"param_name":"WallThickness","param_value_internal":2.8072587023166826,"distribution":"{\"name\": \"FloatDistribution\", \"attributes\": {\"step\": null, \"low\": 2.0, \"high\": 4.0, \"log\": false}}"}
{"op_code":5,"worker_id":"ecfd478f-c300-4063-a362-86b643a9ac46-140116174675968","trial_id":18,"param_name":"PlateauHeight","param_value_internal":2.997519038414991,"distribution":"{\"name\": \"FloatDistribution\", \"attributes\": {\"step\": null, \"low\": 2.0, \"high\": 4.0, \"log\": false}}"}
{"op_code":6,"worker_id":"07f4433d-8105-495f-a34c-ca24fea40e31-140001723334656","trial_id":14,"state":1,"values":[689.5771675200696,0.43178985171087886],"datetime_complete":"2026-06-15T20:35:28.689345"}
{"op_code":4,"worker_id":"07f4433d-8105-495f-a34c-ca24fea40e31-140001723334656","study_id":0,"datetime_start":"2026-06-15T20:35:28.702632"}
{"op_code":9,"worker_id":"07f4433d-8105-495f-a34c-ca24fea40e31-140001723334656","trial_id":19,"system_attr":{"nsga2:generation":0}}
{"op_code":5,"worker_id":"07f4433d-8105-495f-a34c-ca24fea40e31-140001723334656","trial_id":19,"param_name":"JointSlopeAngle","param_value_internal":0.6345347288144607,"distribution":"{\"name\": \"FloatDistribution\", \"attributes\": {\"step\": null, \"low\": 0.17453292519943295, \"high\": 1.0471975511965976, \"log\": false}}"}
{"op_code":5,"worker_id":"07f4433d-8105-495f-a34c-ca24fea40e31-140001723334656","trial_id":19,"param_name":"OuterRadius","param_value_internal":10.355237710209199,"distribution":"{\"name\": \"FloatDistribution\", \"attributes\": {\"step\": null, \"low\": 8.75, \"high\": 17.75, \"log\": false}}"}
{"op_code":5,"worker_id":"07f4433d-8105-495f-a34c-ca24fea40e31-140001723334656","trial_id":19,"param_name":"JointHeight","param_value_internal":7.978310931313413,"distribution":"{\"name\": \"FloatDistribution\", \"attributes\": {\"step\": null, \"low\": 5.0, \"high\": 8.0, \"log\": false}}"}
{"op_code":5,"worker_id":"07f4433d-8105-495f-a34c-ca24fea40e31-140001723334656","trial_id":19,"param_name":"CavityCorkThickness","param_value_internal":3.0913070963450386,"distribution":"{\"name\": \"FloatDistribution\", \"attributes\": {\"step\": null, \"low\": 2.0, \"high\": 5.0, \"log\": false}}"}
{"op_code":5,"worker_id":"07f4433d-8105-495f-a34c-ca24fea40e31-140001723334656","trial_id":19,"param_name":"BellowHeight","param_value_internal":9.984727877387142,"distribution":"{\"name\": \"FloatDistribution\", \"attributes\": {\"step\": null, \"low\": 6.0, \"high\": 10.0, \"log\": false}}"}
{"op_code":5,"worker_id":"07f4433d-8105-495f-a34c-ca24fea40e31-140001723334656","trial_id":19,"param_name":"WallThickness","param_value_internal":3.8574644876464816,"distribution":"{\"name\": \"FloatDistribution\", \"attributes\": {\"step\": null, \"low\": 2.0, \"high\": 4.0, \"log\": false}}"}
{"op_code":5,"worker_id":"07f4433d-8105-495f-a34c-ca24fea40e31-140001723334656","trial_id":19,"param_name":"PlateauHeight","param_value_internal":2.8107573136951665,"distribution":"{\"name\": \"FloatDistribution\", \"attributes\": {\"step\": null, \"low\": 2.0, \"high\": 4.0, \"log\": false}}"}
{"op_code":6,"worker_id":"e50ec082-06d6-4e83-8656-0bb9bd5ba8b7-139643176665088","trial_id":16,"state":1,"values":[255.9725008218925,0.04872208220256341],"datetime_complete":"2026-06-15T20:35:34.461737"}
{"op_code":4,"worker_id":"e50ec082-06d6-4e83-8656-0bb9bd5ba8b7-139643176665088","study_id":0,"datetime_start":"2026-06-15T20:35:34.472858"}
{"op_code":9,"worker_id":"e50ec082-06d6-4e83-8656-0bb9bd5ba8b7-139643176665088","trial_id":20,"system_attr":{"nsga2:generation":0}}
{"op_code":5,"worker_id":"e50ec082-06d6-4e83-8656-0bb9bd5ba8b7-139643176665088","trial_id":20,"param_name":"JointSlopeAngle","param_value_internal":1.0266772226401877,"distribution":"{\"name\": \"FloatDistribution\", \"attributes\": {\"step\": null, \"low\": 0.17453292519943295, \"high\": 1.0471975511965976, \"log\": false}}"}
{"op_code":5,"worker_id":"e50ec082-06d6-4e83-8656-0bb9bd5ba8b7-139643176665088","trial_id":20,"param_name":"OuterRadius","param_value_internal":16.679717562095085,"distribution":"{\"name\": \"FloatDistribution\", \"attributes\": {\"step\": null, \"low\": 8.75, \"high\": 17.75, \"log\": false}}"}
{"op_code":5,"worker_id":"e50ec082-06d6-4e83-8656-0bb9bd5ba8b7-139643176665088","trial_id":20,"param_name":"JointHeight","param_value_internal":6.175487205846598,"distribution":"{\"name\": \"FloatDistribution\", \"attributes\": {\"step\": null, \"low\": 5.0, \"high\": 8.0, \"log\": false}}"}
{"op_code":5,"worker_id":"e50ec082-06d6-4e83-8656-0bb9bd5ba8b7-139643176665088","trial_id":20,"param_name":"CavityCorkThickness","param_value_internal":4.402200984394197,"distribution":"{\"name\": \"FloatDistribution\", \"attributes\": {\"step\": null, \"low\": 2.0, \"high\": 5.0, \"log\": false}}"}
{"op_code":5,"worker_id":"e50ec082-06d6-4e83-8656-0bb9bd5ba8b7-139643176665088","trial_id":20,"param_name":"BellowHeight","param_value_internal":8.887423547960765,"distribution":"{\"name\": \"FloatDistribution\", \"attributes\": {\"step\": null, \"low\": 6.0, \"high\": 10.0, \"log\": false}}"}
{"op_code":5,"worker_id":"e50ec082-06d6-4e83-8656-0bb9bd5ba8b7-139643176665088","trial_id":20,"param_name":"WallThickness","param_value_internal":3.225761662359666,"distribution":"{\"name\": \"FloatDistribution\", \"attributes\": {\"step\": null, \"low\": 2.0, \"high\": 4.0, \"log\": false}}"}
{"op_code":5,"worker_id":"e50ec082-06d6-4e83-8656-0bb9bd5ba8b7-139643176665088","trial_id":20,"param_name":"PlateauHeight","param_value_internal":3.1566449052819827,"distribution":"{\"name\": \"FloatDistribution\", \"attributes\": {\"step\": null, \"low\": 2.0, \"high\": 4.0, \"log\": false}}"}
{"op_code":6,"worker_id":"088be585-6f6b-4c3e-8596-b14b30373ea6-140545899106304","trial_id":15,"state":1,"values":[1325.7434241159972,0.4174771031611388],"datetime_complete":"2026-06-15T20:35:36.177503"}
{"op_code":4,"worker_id":"088be585-6f6b-4c3e-8596-b14b30373ea6-140545899106304","study_id":0,"datetime_start":"2026-06-15T20:35:36.189087"}
{"op_code":9,"worker_id":"088be585-6f6b-4c3e-8596-b14b30373ea6-140545899106304","trial_id":21,"system_attr":{"nsga2:generation":0}}
{"op_code":5,"worker_id":"088be585-6f6b-4c3e-8596-b14b30373ea6-140545899106304","trial_id":21,"param_name":"JointSlopeAngle","param_value_internal":0.5659463315757379,"distribution":"{\"name\": \"FloatDistribution\", \"attributes\": {\"step\": null, \"low\": 0.17453292519943295, \"high\": 1.0471975511965976, \"log\": false}}"}
{"op_code":5,"worker_id":"088be585-6f6b-4c3e-8596-b14b30373ea6-140545899106304","trial_id":21,"param_name":"OuterRadius","param_value_internal":16.917475923555145,"distribution":"{\"name\": \"FloatDistribution\", \"attributes\": {\"step\": null, \"low\": 8.75, \"high\": 17.75, \"log\": false}}"}
{"op_code":5,"worker_id":"088be585-6f6b-4c3e-8596-b14b30373ea6-140545899106304","trial_id":21,"param_name":"JointHeight","param_value_internal":7.60467227896262,"distribution":"{\"name\": \"FloatDistribution\", \"attributes\": {\"step\": null, \"low\": 5.0, \"high\": 8.0, \"log\": false}}"}
{"op_code":5,"worker_id":"088be585-6f6b-4c3e-8596-b14b30373ea6-140545899106304","trial_id":21,"param_name":"CavityCorkThickness","param_value_internal":2.058322495955851,"distribution":"{\"name\": \"FloatDistribution\", \"attributes\": {\"step\": null, \"low\": 2.0, \"high\": 5.0, \"log\": false}}"}
{"op_code":5,"worker_id":"088be585-6f6b-4c3e-8596-b14b30373ea6-140545899106304","trial_id":21,"param_name":"BellowHeight","param_value_internal":6.694575818421905,"distribution":"{\"name\": \"FloatDistribution\", \"attributes\": {\"step\": null, \"low\": 6.0, \"high\": 10.0, \"log\": false}}"}
{"op_code":5,"worker_id":"088be585-6f6b-4c3e-8596-b14b30373ea6-140545899106304","trial_id":21,"param_name":"WallThickness","param_value_internal":2.559391100752773,"distribution":"{\"name\": \"FloatDistribution\", \"attributes\": {\"step\": null, \"low\": 2.0, \"high\": 4.0, \"log\": false}}"}
{"op_code":5,"worker_id":"088be585-6f6b-4c3e-8596-b14b30373ea6-140545899106304","trial_id":21,"param_name":"PlateauHeight","param_value_internal":2.1189870194908726,"distribution":"{\"name\": \"FloatDistribution\", \"attributes\": {\"step\": null, \"low\": 2.0, \"high\": 4.0, \"log\": false}}"}
{"op_code":6,"worker_id":"ea3fa41f-a91b-46d0-97a9-182617744507-140708755648512","trial_id":17,"state":1,"values":[1139.7680396565715,0.40797302641731065],"datetime_complete":"2026-06-15T20:35:39.428407"}
{"op_code":4,"worker_id":"ea3fa41f-a91b-46d0-97a9-182617744507-140708755648512","study_id":0,"datetime_start":"2026-06-15T20:35:39.439462"}
{"op_code":9,"worker_id":"ea3fa41f-a91b-46d0-97a9-182617744507-140708755648512","trial_id":22,"system_attr":{"nsga2:generation":0}}
{"op_code":5,"worker_id":"ea3fa41f-a91b-46d0-97a9-182617744507-140708755648512","trial_id":22,"param_name":"JointSlopeAngle","param_value_internal":0.3335447380337354,"distribution":"{\"name\": \"FloatDistribution\", \"attributes\": {\"step\": null, \"low\": 0.17453292519943295, \"high\": 1.0471975511965976, \"log\": false}}"}
{"op_code":5,"worker_id":"ea3fa41f-a91b-46d0-97a9-182617744507-140708755648512","trial_id":22,"param_name":"OuterRadius","param_value_internal":11.435314784802278,"distribution":"{\"name\": \"FloatDistribution\", \"attributes\": {\"step\": null, \"low\": 8.75, \"high\": 17.75, \"log\": false}}"}
{"op_code":5,"worker_id":"ea3fa41f-a91b-46d0-97a9-182617744507-140708755648512","trial_id":22,"param_name":"JointHeight","param_value_internal":6.6943828513567905,"distribution":"{\"name\": \"FloatDistribution\", \"attributes\": {\"step\": null, \"low\": 5.0, \"high\": 8.0, \"log\": false}}"}
{"op_code":5,"worker_id":"ea3fa41f-a91b-46d0-97a9-182617744507-140708755648512","trial_id":22,"param_name":"CavityCorkThickness","param_value_internal":2.62099075556112,"distribution":"{\"name\": \"FloatDistribution\", \"attributes\": {\"step\": null, \"low\": 2.0, \"high\": 5.0, \"log\": false}}"}
{"op_code":5,"worker_id":"ea3fa41f-a91b-46d0-97a9-182617744507-140708755648512","trial_id":22,"param_name":"BellowHeight","param_value_internal":7.452653186836257,"distribution":"{\"name\": \"FloatDistribution\", \"attributes\": {\"step\": null, \"low\": 6.0, \"high\": 10.0, \"log\": false}}"}
{"op_code":5,"worker_id":"ea3fa41f-a91b-46d0-97a9-182617744507-140708755648512","trial_id":22,"param_name":"WallThickness","param_value_internal":2.441874946328209,"distribution":"{\"name\": \"FloatDistribution\", \"attributes\": {\"step\": null, \"low\": 2.0, \"high\": 4.0, \"log\": false}}"}
{"op_code":5,"worker_id":"ea3fa41f-a91b-46d0-97a9-182617744507-140708755648512","trial_id":22,"param_name":"PlateauHeight","param_value_internal":2.797363983157001,"distribution":"{\"name\": \"FloatDistribution\", \"attributes\": {\"step\": null, \"low\": 2.0, \"high\": 4.0, \"log\": false}}"}
{"op_code":6,"worker_id":"07f4433d-8105-495f-a34c-ca24fea40e31-140001723334656","trial_id":19,"state":1,"values":[209.48297978156722,0.10723733135914228],"datetime_complete":"2026-06-15T20:35:40.822169"}
{"op_code":4,"worker_id":"07f4433d-8105-495f-a34c-ca24fea40e31-140001723334656","study_id":0,"datetime_start":"2026-06-15T20:35:40.835988"}
{"op_code":9,"worker_id":"07f4433d-8105-495f-a34c-ca24fea40e31-140001723334656","trial_id":23,"system_attr":{"nsga2:generation":0}}
{"op_code":5,"worker_id":"07f4433d-8105-495f-a34c-ca24fea40e31-140001723334656","trial_id":23,"param_name":"JointSlopeAngle","param_value_internal":0.37369601550691606,"distribution":"{\"name\": \"FloatDistribution\", \"attributes\": {\"step\": null, \"low\": 0.17453292519943295, \"high\": 1.0471975511965976, \"log\": false}}"}
{"op_code":5,"worker_id":"07f4433d-8105-495f-a34c-ca24fea40e31-140001723334656","trial_id":23,"param_name":"OuterRadius","param_value_internal":14.551598989930017,"distribution":"{\"name\": \"FloatDistribution\", \"attributes\": {\"step\": null, \"low\": 8.75, \"high\": 17.75, \"log\": false}}"}
{"op_code":5,"worker_id":"07f4433d-8105-495f-a34c-ca24fea40e31-140001723334656","trial_id":23,"param_name":"JointHeight","param_value_internal":5.416674138896036,"distribution":"{\"name\": \"FloatDistribution\", \"attributes\": {\"step\": null, \"low\": 5.0, \"high\": 8.0, \"log\": false}}"}
{"op_code":5,"worker_id":"07f4433d-8105-495f-a34c-ca24fea40e31-140001723334656","trial_id":23,"param_name":"CavityCorkThickness","param_value_internal":3.5349951913402524,"distribution":"{\"name\": \"FloatDistribution\", \"attributes\": {\"step\": null, \"low\": 2.0, \"high\": 5.0, \"log\": false}}"}
{"op_code":5,"worker_id":"07f4433d-8105-495f-a34c-ca24fea40e31-140001723334656","trial_id":23,"param_name":"BellowHeight","param_value_internal":6.710335356463079,"distribution":"{\"name\": \"FloatDistribution\", \"attributes\": {\"step\": null, \"low\": 6.0, \"high\": 10.0, \"log\": false}}"}
{"op_code":5,"worker_id":"07f4433d-8105-495f-a34c-ca24fea40e31-140001723334656","trial_id":23,"param_name":"WallThickness","param_value_internal":3.251465431992682,"distribution":"{\"name\": \"FloatDistribution\", \"attributes\": {\"step\": null, \"low\": 2.0, \"high\": 4.0, \"log\": false}}"}
{"op_code":5,"worker_id":"07f4433d-8105-495f-a34c-ca24fea40e31-140001723334656","trial_id":23,"param_name":"PlateauHeight","param_value_internal":2.3070853933568345,"distribution":"{\"name\": \"FloatDistribution\", \"attributes\": {\"step\": null, \"low\": 2.0, \"high\": 4.0, \"log\": false}}"}
{"op_code":6,"worker_id":"ecfd478f-c300-4063-a362-86b643a9ac46-140116174675968","trial_id":18,"state":1,"values":[466.4972616619927,0.18342281843109065],"datetime_complete":"2026-06-15T20:35:41.993750"}
{"op_code":4,"worker_id":"ecfd478f-c300-4063-a362-86b643a9ac46-140116174675968","study_id":0,"datetime_start":"2026-06-15T20:35:42.006159"}
{"op_code":9,"worker_id":"ecfd478f-c300-4063-a362-86b643a9ac46-140116174675968","trial_id":24,"system_attr":{"nsga2:generation":0}}
{"op_code":5,"worker_id":"ecfd478f-c300-4063-a362-86b643a9ac46-140116174675968","trial_id":24,"param_name":"JointSlopeAngle","param_value_internal":0.47749954667793026,"distribution":"{\"name\": \"FloatDistribution\", \"attributes\": {\"step\": null, \"low\": 0.17453292519943295, \"high\": 1.0471975511965976, \"log\": false}}"}
{"op_code":5,"worker_id":"ecfd478f-c300-4063-a362-86b643a9ac46-140116174675968","trial_id":24,"param_name":"OuterRadius","param_value_internal":9.515760914680701,"distribution":"{\"name\": \"FloatDistribution\", \"attributes\": {\"step\": null, \"low\": 8.75, \"high\": 17.75, \"log\": false}}"}
{"op_code":5,"worker_id":"ecfd478f-c300-4063-a362-86b643a9ac46-140116174675968","trial_id":24,"param_name":"JointHeight","param_value_internal":7.746413302938019,"distribution":"{\"name\": \"FloatDistribution\", \"attributes\": {\"step\": null, \"low\": 5.0, \"high\": 8.0, \"log\": false}}"}
{"op_code":5,"worker_id":"ecfd478f-c300-4063-a362-86b643a9ac46-140116174675968","trial_id":24,"param_name":"CavityCorkThickness","param_value_internal":2.8290424977117246,"distribution":"{\"name\": \"FloatDistribution\", \"attributes\": {\"step\": null, \"low\": 2.0, \"high\": 5.0, \"log\": false}}"}
{"op_code":5,"worker_id":"ecfd478f-c300-4063-a362-86b643a9ac46-140116174675968","trial_id":24,"param_name":"BellowHeight","param_value_internal":8.603518318437718,"distribution":"{\"name\": \"FloatDistribution\", \"attributes\": {\"step\": null, \"low\": 6.0, \"high\": 10.0, \"log\": false}}"}
{"op_code":5,"worker_id":"ecfd478f-c300-4063-a362-86b643a9ac46-140116174675968","trial_id":24,"param_name":"WallThickness","param_value_internal":3.8602619726430567,"distribution":"{\"name\": \"FloatDistribution\", \"attributes\": {\"step\": null, \"low\": 2.0, \"high\": 4.0, \"log\": false}}"}
{"op_code":5,"worker_id":"ecfd478f-c300-4063-a362-86b643a9ac46-140116174675968","trial_id":24,"param_name":"PlateauHeight","param_value_internal":3.305801994874775,"distribution":"{\"name\": \"FloatDistribution\", \"attributes\": {\"step\": null, \"low\": 2.0, \"high\": 4.0, \"log\": false}}"}
{"op_code":6,"worker_id":"088be585-6f6b-4c3e-8596-b14b30373ea6-140545899106304","trial_id":21,"state":1,"values":[1323.8003840698184,0.3940723016864223],"datetime_complete":"2026-06-15T20:35:49.877058"}
{"op_code":4,"worker_id":"088be585-6f6b-4c3e-8596-b14b30373ea6-140545899106304","study_id":0,"datetime_start":"2026-06-15T20:35:49.887707"}
{"op_code":9,"worker_id":"088be585-6f6b-4c3e-8596-b14b30373ea6-140545899106304","trial_id":25,"system_attr":{"nsga2:generation":0}}
{"op_code":5,"worker_id":"088be585-6f6b-4c3e-8596-b14b30373ea6-140545899106304","trial_id":25,"param_name":"JointSlopeAngle","param_value_internal":0.9367054297789487,"distribution":"{\"name\": \"FloatDistribution\", \"attributes\": {\"step\": null, \"low\": 0.17453292519943295, \"high\": 1.0471975511965976, \"log\": false}}"}
{"op_code":5,"worker_id":"088be585-6f6b-4c3e-8596-b14b30373ea6-140545899106304","trial_id":25,"param_name":"OuterRadius","param_value_internal":13.571106070446115,"distribution":"{\"name\": \"FloatDistribution\", \"attributes\": {\"step\": null, \"low\": 8.75, \"high\": 17.75, \"log\": false}}"}
{"op_code":5,"worker_id":"088be585-6f6b-4c3e-8596-b14b30373ea6-140545899106304","trial_id":25,"param_name":"JointHeight","param_value_internal":6.653137446809373,"distribution":"{\"name\": \"FloatDistribution\", \"attributes\": {\"step\": null, \"low\": 5.0, \"high\": 8.0, \"log\": false}}"}
{"op_code":5,"worker_id":"088be585-6f6b-4c3e-8596-b14b30373ea6-140545899106304","trial_id":25,"param_name":"CavityCorkThickness","param_value_internal":2.7765901524213583,"distribution":"{\"name\": \"FloatDistribution\", \"attributes\": {\"step\": null, \"low\": 2.0, \"high\": 5.0, \"log\": false}}"}
{"op_code":5,"worker_id":"088be585-6f6b-4c3e-8596-b14b30373ea6-140545899106304","trial_id":25,"param_name":"BellowHeight","param_value_internal":6.115373624836522,"distribution":"{\"name\": \"FloatDistribution\", \"attributes\": {\"step\": null, \"low\": 6.0, \"high\": 10.0, \"log\": false}}"}
{"op_code":5,"worker_id":"088be585-6f6b-4c3e-8596-b14b30373ea6-140545899106304","trial_id":25,"param_name":"WallThickness","param_value_internal":2.742974654550793,"distribution":"{\"name\": \"FloatDistribution\", \"attributes\": {\"step\": null, \"low\": 2.0, \"high\": 4.0, \"log\": false}}"}
{"op_code":5,"worker_id":"088be585-6f6b-4c3e-8596-b14b30373ea6-140545899106304","trial_id":25,"param_name":"PlateauHeight","param_value_internal":2.3745053260966618,"distribution":"{\"name\": \"FloatDistribution\", \"attributes\": {\"step\": null, \"low\": 2.0, \"high\": 4.0, \"log\": false}}"}
{"op_code":6,"worker_id":"ea3fa41f-a91b-46d0-97a9-182617744507-140708755648512","trial_id":22,"state":1,"values":[466.7393431227231,0.19994739479316437],"datetime_complete":"2026-06-15T20:35:51.788834"}
{"op_code":4,"worker_id":"ea3fa41f-a91b-46d0-97a9-182617744507-140708755648512","study_id":0,"datetime_start":"2026-06-15T20:35:51.799010"}
{"op_code":9,"worker_id":"ea3fa41f-a91b-46d0-97a9-182617744507-140708755648512","trial_id":26,"system_attr":{"nsga2:generation":0}}
{"op_code":5,"worker_id":"ea3fa41f-a91b-46d0-97a9-182617744507-140708755648512","trial_id":26,"param_name":"JointSlopeAngle","param_value_internal":0.7990386585134351,"distribution":"{\"name\": \"FloatDistribution\", \"attributes\": {\"step\": null, \"low\": 0.17453292519943295, \"high\": 1.0471975511965976, \"log\": false}}"}
{"op_code":5,"worker_id":"ea3fa41f-a91b-46d0-97a9-182617744507-140708755648512","trial_id":26,"param_name":"OuterRadius","param_value_internal":9.315750673102555,"distribution":"{\"name\": \"FloatDistribution\", \"attributes\": {\"step\": null, \"low\": 8.75, \"high\": 17.75, \"log\": false}}"}
{"op_code":5,"worker_id":"ea3fa41f-a91b-46d0-97a9-182617744507-140708755648512","trial_id":26,"param_name":"JointHeight","param_value_internal":5.208779681494015,"distribution":"{\"name\": \"FloatDistribution\", \"attributes\": {\"step\": null, \"low\": 5.0, \"high\": 8.0, \"log\": false}}"}
{"op_code":5,"worker_id":"ea3fa41f-a91b-46d0-97a9-182617744507-140708755648512","trial_id":26,"param_name":"CavityCorkThickness","param_value_internal":3.69321814054266,"distribution":"{\"name\": \"FloatDistribution\", \"attributes\": {\"step\": null, \"low\": 2.0, \"high\": 5.0, \"log\": false}}"}
{"op_code":5,"worker_id":"ea3fa41f-a91b-46d0-97a9-182617744507-140708755648512","trial_id":26,"param_name":"BellowHeight","param_value_internal":6.251701534820805,"distribution":"{\"name\": \"FloatDistribution\", \"attributes\": {\"step\": null, \"low\": 6.0, \"high\": 10.0, \"log\": false}}"}
{"op_code":5,"worker_id":"ea3fa41f-a91b-46d0-97a9-182617744507-140708755648512","trial_id":26,"param_name":"WallThickness","param_value_internal":3.476650268461932,"distribution":"{\"name\": \"FloatDistribution\", \"attributes\": {\"step\": null, \"low\": 2.0, \"high\": 4.0, \"log\": false}}"}
{"op_code":5,"worker_id":"ea3fa41f-a91b-46d0-97a9-182617744507-140708755648512","trial_id":26,"param_name":"PlateauHeight","param_value_internal":3.2996403956396634,"distribution":"{\"name\": \"FloatDistribution\", \"attributes\": {\"step\": null, \"low\": 2.0, \"high\": 4.0, \"log\": false}}"}
{"op_code":6,"worker_id":"07f4433d-8105-495f-a34c-ca24fea40e31-140001723334656","trial_id":23,"state":1,"values":[591.6549332531586,0.41108519904683183],"datetime_complete":"2026-06-15T20:35:53.101462"}
{"op_code":4,"worker_id":"07f4433d-8105-495f-a34c-ca24fea40e31-140001723334656","study_id":0,"datetime_start":"2026-06-15T20:35:53.111635"}
{"op_code":9,"worker_id":"07f4433d-8105-495f-a34c-ca24fea40e31-140001723334656","trial_id":27,"system_attr":{"nsga2:generation":0}}
{"op_code":5,"worker_id":"07f4433d-8105-495f-a34c-ca24fea40e31-140001723334656","trial_id":27,"param_name":"JointSlopeAngle","param_value_internal":0.34374367426141245,"distribution":"{\"name\": \"FloatDistribution\", \"attributes\": {\"step\": null, \"low\": 0.17453292519943295, \"high\": 1.0471975511965976, \"log\": false}}"}
{"op_code":5,"worker_id":"07f4433d-8105-495f-a34c-ca24fea40e31-140001723334656","trial_id":27,"param_name":"OuterRadius","param_value_internal":13.922202041259219,"distribution":"{\"name\": \"FloatDistribution\", \"attributes\": {\"step\": null, \"low\": 8.75, \"high\": 17.75, \"log\": false}}"}
{"op_code":5,"worker_id":"07f4433d-8105-495f-a34c-ca24fea40e31-140001723334656","trial_id":27,"param_name":"JointHeight","param_value_internal":7.123374320131984,"distribution":"{\"name\": \"FloatDistribution\", \"attributes\": {\"step\": null, \"low\": 5.0, \"high\": 8.0, \"log\": false}}"}
{"op_code":5,"worker_id":"07f4433d-8105-495f-a34c-ca24fea40e31-140001723334656","trial_id":27,"param_name":"CavityCorkThickness","param_value_internal":3.6066301331200137,"distribution":"{\"name\": \"FloatDistribution\", \"attributes\": {\"step\": null, \"low\": 2.0, \"high\": 5.0, \"log\": false}}"}
{"op_code":5,"worker_id":"07f4433d-8105-495f-a34c-ca24fea40e31-140001723334656","trial_id":27,"param_name":"BellowHeight","param_value_internal":7.836512648118768,"distribution":"{\"name\": \"FloatDistribution\", \"attributes\": {\"step\": null, \"low\": 6.0, \"high\": 10.0, \"log\": false}}"}
{"op_code":5,"worker_id":"07f4433d-8105-495f-a34c-ca24fea40e31-140001723334656","trial_id":27,"param_name":"WallThickness","param_value_internal":2.9410810790041007,"distribution":"{\"name\": \"FloatDistribution\", \"attributes\": {\"step\": null, \"low\": 2.0, \"high\": 4.0, \"log\": false}}"}
{"op_code":5,"worker_id":"07f4433d-8105-495f-a34c-ca24fea40e31-140001723334656","trial_id":27,"param_name":"PlateauHeight","param_value_internal":2.1242626495280827,"distribution":"{\"name\": \"FloatDistribution\", \"attributes\": {\"step\": null, \"low\": 2.0, \"high\": 4.0, \"log\": false}}"}
{"op_code":6,"worker_id":"ecfd478f-c300-4063-a362-86b643a9ac46-140116174675968","trial_id":24,"state":1,"values":[144.75264521805957,0.05767707116529433],"datetime_complete":"2026-06-15T20:35:53.408913"}
{"op_code":4,"worker_id":"ecfd478f-c300-4063-a362-86b643a9ac46-140116174675968","study_id":0,"datetime_start":"2026-06-15T20:35:53.420914"}
{"op_code":9,"worker_id":"ecfd478f-c300-4063-a362-86b643a9ac46-140116174675968","trial_id":28,"system_attr":{"nsga2:generation":0}}
{"op_code":5,"worker_id":"ecfd478f-c300-4063-a362-86b643a9ac46-140116174675968","trial_id":28,"param_name":"JointSlopeAngle","param_value_internal":0.8285673771938452,"distribution":"{\"name\": \"FloatDistribution\", \"attributes\": {\"step\": null, \"low\": 0.17453292519943295, \"high\": 1.0471975511965976, \"log\": false}}"}
{"op_code":5,"worker_id":"ecfd478f-c300-4063-a362-86b643a9ac46-140116174675968","trial_id":28,"param_name":"OuterRadius","param_value_internal":17.005765415630957,"distribution":"{\"name\": \"FloatDistribution\", \"attributes\": {\"step\": null, \"low\": 8.75, \"high\": 17.75, \"log\": false}}"}
{"op_code":5,"worker_id":"ecfd478f-c300-4063-a362-86b643a9ac46-140116174675968","trial_id":28,"param_name":"JointHeight","param_value_internal":6.243015423264384,"distribution":"{\"name\": \"FloatDistribution\", \"attributes\": {\"step\": null, \"low\": 5.0, \"high\": 8.0, \"log\": false}}"}
{"op_code":5,"worker_id":"ecfd478f-c300-4063-a362-86b643a9ac46-140116174675968","trial_id":28,"param_name":"CavityCorkThickness","param_value_internal":4.638858068220836,"distribution":"{\"name\": \"FloatDistribution\", \"attributes\": {\"step\": null, \"low\": 2.0, \"high\": 5.0, \"log\": false}}"}
{"op_code":5,"worker_id":"ecfd478f-c300-4063-a362-86b643a9ac46-140116174675968","trial_id":28,"param_name":"BellowHeight","param_value_internal":6.264352647219921,"distribution":"{\"name\": \"FloatDistribution\", \"attributes\": {\"step\": null, \"low\": 6.0, \"high\": 10.0, \"log\": false}}"}
{"op_code":5,"worker_id":"ecfd478f-c300-4063-a362-86b643a9ac46-140116174675968","trial_id":28,"param_name":"WallThickness","param_value_internal":2.438203684913686,"distribution":"{\"name\": \"FloatDistribution\", \"attributes\": {\"step\": null, \"low\": 2.0, \"high\": 4.0, \"log\": false}}"}
{"op_code":5,"worker_id":"ecfd478f-c300-4063-a362-86b643a9ac46-140116174675968","trial_id":28,"param_name":"PlateauHeight","param_value_internal":2.0547104582499465,"distribution":"{\"name\": \"FloatDistribution\", \"attributes\": {\"step\": null, \"low\": 2.0, \"high\": 4.0, \"log\": false}}"}
{"op_code":6,"worker_id":"088be585-6f6b-4c3e-8596-b14b30373ea6-140545899106304","trial_id":25,"state":1,"values":[605.2493318107398,0.5055969168346114],"datetime_complete":"2026-06-15T20:36:01.988796"}
{"op_code":4,"worker_id":"088be585-6f6b-4c3e-8596-b14b30373ea6-140545899106304","study_id":0,"datetime_start":"2026-06-15T20:36:02.001073"}
{"op_code":9,"worker_id":"088be585-6f6b-4c3e-8596-b14b30373ea6-140545899106304","trial_id":29,"system_attr":{"nsga2:generation":0}}
{"op_code":5,"worker_id":"088be585-6f6b-4c3e-8596-b14b30373ea6-140545899106304","trial_id":29,"param_name":"JointSlopeAngle","param_value_internal":0.9534441716082408,"distribution":"{\"name\": \"FloatDistribution\", \"attributes\": {\"step\": null, \"low\": 0.17453292519943295, \"high\": 1.0471975511965976, \"log\": false}}"}
{"op_code":5,"worker_id":"088be585-6f6b-4c3e-8596-b14b30373ea6-140545899106304","trial_id":29,"param_name":"OuterRadius","param_value_internal":13.86016846629473,"distribution":"{\"name\": \"FloatDistribution\", \"attributes\": {\"step\": null, \"low\": 8.75, \"high\": 17.75, \"log\": false}}"}
{"op_code":5,"worker_id":"088be585-6f6b-4c3e-8596-b14b30373ea6-140545899106304","trial_id":29,"param_name":"JointHeight","param_value_internal":5.57775004649755,"distribution":"{\"name\": \"FloatDistribution\", \"attributes\": {\"step\": null, \"low\": 5.0, \"high\": 8.0, \"log\": false}}"}
{"op_code":5,"worker_id":"088be585-6f6b-4c3e-8596-b14b30373ea6-140545899106304","trial_id":29,"param_name":"CavityCorkThickness","param_value_internal":2.75235057690651,"distribution":"{\"name\": \"FloatDistribution\", \"attributes\": {\"step\": null, \"low\": 2.0, \"high\": 5.0, \"log\": false}}"}
{"op_code":5,"worker_id":"088be585-6f6b-4c3e-8596-b14b30373ea6-140545899106304","trial_id":29,"param_name":"BellowHeight","param_value_internal":8.330657405724024,"distribution":"{\"name\": \"FloatDistribution\", \"attributes\": {\"step\": null, \"low\": 6.0, \"high\": 10.0, \"log\": false}}"}
{"op_code":5,"worker_id":"088be585-6f6b-4c3e-8596-b14b30373ea6-140545899106304","trial_id":29,"param_name":"WallThickness","param_value_internal":2.9864096891989558,"distribution":"{\"name\": \"FloatDistribution\", \"attributes\": {\"step\": null, \"low\": 2.0, \"high\": 4.0, \"log\": false}}"}
{"op_code":5,"worker_id":"088be585-6f6b-4c3e-8596-b14b30373ea6-140545899106304","trial_id":29,"param_name":"PlateauHeight","param_value_internal":2.602076974083923,"distribution":"{\"name\": \"FloatDistribution\", \"attributes\": {\"step\": null, \"low\": 2.0, \"high\": 4.0, \"log\": false}}"}
{"op_code":6,"worker_id":"ea3fa41f-a91b-46d0-97a9-182617744507-140708755648512","trial_id":26,"state":1,"values":[55.103526642908186,0.3070001328207967],"datetime_complete":"2026-06-15T20:36:03.425892"}
{"op_code":4,"worker_id":"ea3fa41f-a91b-46d0-97a9-182617744507-140708755648512","study_id":0,"datetime_start":"2026-06-15T20:36:03.437953"}
{"op_code":9,"worker_id":"ea3fa41f-a91b-46d0-97a9-182617744507-140708755648512","trial_id":30,"system_attr":{"nsga2:generation":0}}
{"op_code":5,"worker_id":"ea3fa41f-a91b-46d0-97a9-182617744507-140708755648512","trial_id":30,"param_name":"JointSlopeAngle","param_value_internal":0.9737052003047916,"distribution":"{\"name\": \"FloatDistribution\", \"attributes\": {\"step\": null, \"low\": 0.17453292519943295, \"high\": 1.0471975511965976, \"log\": false}}"}
{"op_code":5,"worker_id":"ea3fa41f-a91b-46d0-97a9-182617744507-140708755648512","trial_id":30,"param_name":"OuterRadius","param_value_internal":9.083767076685143,"distribution":"{\"name\": \"FloatDistribution\", \"attributes\": {\"step\": null, \"low\": 8.75, \"high\": 17.75, \"log\": false}}"}
{"op_code":5,"worker_id":"ea3fa41f-a91b-46d0-97a9-182617744507-140708755648512","trial_id":30,"param_name":"JointHeight","param_value_internal":6.688935634815078,"distribution":"{\"name\": \"FloatDistribution\", \"attributes\": {\"step\": null, \"low\": 5.0, \"high\": 8.0, \"log\": false}}"}
{"op_code":5,"worker_id":"ea3fa41f-a91b-46d0-97a9-182617744507-140708755648512","trial_id":30,"param_name":"CavityCorkThickness","param_value_internal":2.5262162343114696,"distribution":"{\"name\": \"FloatDistribution\", \"attributes\": {\"step\": null, \"low\": 2.0, \"high\": 5.0, \"log\": false}}"}
{"op_code":5,"worker_id":"ea3fa41f-a91b-46d0-97a9-182617744507-140708755648512","trial_id":30,"param_name":"BellowHeight","param_value_internal":8.32399149982146,"distribution":"{\"name\": \"FloatDistribution\", \"attributes\": {\"step\": null, \"low\": 6.0, \"high\": 10.0, \"log\": false}}"}
{"op_code":5,"worker_id":"ea3fa41f-a91b-46d0-97a9-182617744507-140708755648512","trial_id":30,"param_name":"WallThickness","param_value_internal":3.6566191750837147,"distribution":"{\"name\": \"FloatDistribution\", \"attributes\": {\"step\": null, \"low\": 2.0, \"high\": 4.0, \"log\": false}}"}
{"op_code":5,"worker_id":"ea3fa41f-a91b-46d0-97a9-182617744507-140708755648512","trial_id":30,"param_name":"PlateauHeight","param_value_internal":3.772235792322896,"distribution":"{\"name\": \"FloatDistribution\", \"attributes\": {\"step\": null, \"low\": 2.0, \"high\": 4.0, \"log\": false}}"}
{"op_code":6,"worker_id":"07f4433d-8105-495f-a34c-ca24fea40e31-140001723334656","trial_id":27,"state":1,"values":[582.3095756662026,0.2797668197320266],"datetime_complete":"2026-06-15T20:36:05.541293"}
{"op_code":4,"worker_id":"07f4433d-8105-495f-a34c-ca24fea40e31-140001723334656","study_id":0,"datetime_start":"2026-06-15T20:36:05.554160"}
{"op_code":9,"worker_id":"07f4433d-8105-495f-a34c-ca24fea40e31-140001723334656","trial_id":31,"system_attr":{"nsga2:generation":0}}
{"op_code":5,"worker_id":"07f4433d-8105-495f-a34c-ca24fea40e31-140001723334656","trial_id":31,"param_name":"JointSlopeAngle","param_value_internal":0.5695467656915248,"distribution":"{\"name\": \"FloatDistribution\", \"attributes\": {\"step\": null, \"low\": 0.17453292519943295, \"high\": 1.0471975511965976, \"log\": false}}"}
{"op_code":5,"worker_id":"07f4433d-8105-495f-a34c-ca24fea40e31-140001723334656","trial_id":31,"param_name":"OuterRadius","param_value_internal":16.13109872193595,"distribution":"{\"name\": \"FloatDistribution\", \"attributes\": {\"step\": null, \"low\": 8.75, \"high\": 17.75, \"log\": false}}"}
{"op_code":5,"worker_id":"07f4433d-8105-495f-a34c-ca24fea40e31-140001723334656","trial_id":31,"param_name":"JointHeight","param_value_internal":5.164685900790161,"distribution":"{\"name\": \"FloatDistribution\", \"attributes\": {\"step\": null, \"low\": 5.0, \"high\": 8.0, \"log\": false}}"}
{"op_code":5,"worker_id":"07f4433d-8105-495f-a34c-ca24fea40e31-140001723334656","trial_id":31,"param_name":"CavityCorkThickness","param_value_internal":3.9380848405105264,"distribution":"{\"name\": \"FloatDistribution\", \"attributes\": {\"step\": null, \"low\": 2.0, \"high\": 5.0, \"log\": false}}"}
{"op_code":5,"worker_id":"07f4433d-8105-495f-a34c-ca24fea40e31-140001723334656","trial_id":31,"param_name":"BellowHeight","param_value_internal":6.195109106762301,"distribution":"{\"name\": \"FloatDistribution\", \"attributes\": {\"step\": null, \"low\": 6.0, \"high\": 10.0, \"log\": false}}"}
{"op_code":5,"worker_id":"07f4433d-8105-495f-a34c-ca24fea40e31-140001723334656","trial_id":31,"param_name":"WallThickness","param_value_internal":3.5018189519425102,"distribution":"{\"name\": \"FloatDistribution\", \"attributes\": {\"step\": null, \"low\": 2.0, \"high\": 4.0, \"log\": false}}"}
{"op_code":5,"worker_id":"07f4433d-8105-495f-a34c-ca24fea40e31-140001723334656","trial_id":31,"param_name":"PlateauHeight","param_value_internal":3.2660041560034396,"distribution":"{\"name\": \"FloatDistribution\", \"attributes\": {\"step\": null, \"low\": 2.0, \"high\": 4.0, \"log\": false}}"}
{"op_code":6,"worker_id":"ecfd478f-c300-4063-a362-86b643a9ac46-140116174675968","trial_id":28,"state":1,"values":[864.8795743634201,0.42023996207891684],"datetime_complete":"2026-06-15T20:36:07.708143"}
{"op_code":4,"worker_id":"ecfd478f-c300-4063-a362-86b643a9ac46-140116174675968","study_id":0,"datetime_start":"2026-06-15T20:36:07.721256"}
{"op_code":9,"worker_id":"ecfd478f-c300-4063-a362-86b643a9ac46-140116174675968","trial_id":32,"system_attr":{"nsga2:generation":0}}
{"op_code":5,"worker_id":"ecfd478f-c300-4063-a362-86b643a9ac46-140116174675968","trial_id":32,"param_name":"JointSlopeAngle","param_value_internal":0.5839935815963501,"distribution":"{\"name\": \"FloatDistribution\", \"attributes\": {\"step\": null, \"low\": 0.17453292519943295, \"high\": 1.0471975511965976, \"log\": false}}"}
{"op_code":5,"worker_id":"ecfd478f-c300-4063-a362-86b643a9ac46-140116174675968","trial_id":32,"param_name":"OuterRadius","param_value_internal":9.971824110678053,"distribution":"{\"name\": \"FloatDistribution\", \"attributes\": {\"step\": null, \"low\": 8.75, \"high\": 17.75, \"log\": false}}"}
{"op_code":5,"worker_id":"ecfd478f-c300-4063-a362-86b643a9ac46-140116174675968","trial_id":32,"param_name":"JointHeight","param_value_internal":6.682730371955535,"distribution":"{\"name\": \"FloatDistribution\", \"attributes\": {\"step\": null, \"low\": 5.0, \"high\": 8.0, \"log\": false}}"}
{"op_code":5,"worker_id":"ecfd478f-c300-4063-a362-86b643a9ac46-140116174675968","trial_id":32,"param_name":"CavityCorkThickness","param_value_internal":2.3678786282049433,"distribution":"{\"name\": \"FloatDistribution\", \"attributes\": {\"step\": null, \"low\": 2.0, \"high\": 5.0, \"log\": false}}"}
{"op_code":5,"worker_id":"ecfd478f-c300-4063-a362-86b643a9ac46-140116174675968","trial_id":32,"param_name":"BellowHeight","param_value_internal":6.76424314001077,"distribution":"{\"name\": \"FloatDistribution\", \"attributes\": {\"step\": null, \"low\": 6.0, \"high\": 10.0, \"log\": false}}"}
{"op_code":5,"worker_id":"ecfd478f-c300-4063-a362-86b643a9ac46-140116174675968","trial_id":32,"param_name":"WallThickness","param_value_internal":3.9872629532078596,"distribution":"{\"name\": \"FloatDistribution\", \"attributes\": {\"step\": null, \"low\": 2.0, \"high\": 4.0, \"log\": false}}"}
{"op_code":5,"worker_id":"ecfd478f-c300-4063-a362-86b643a9ac46-140116174675968","trial_id":32,"param_name":"PlateauHeight","param_value_internal":2.7851594550290377,"distribution":"{\"name\": \"FloatDistribution\", \"attributes\": {\"step\": null, \"low\": 2.0, \"high\": 4.0, \"log\": false}}"}
{"op_code":6,"worker_id":"ea3fa41f-a91b-46d0-97a9-182617744507-140708755648512","trial_id":30,"state":1,"values":[138.97441447618982,0.10651524382443098],"datetime_complete":"2026-06-15T20:36:14.431254"}
{"op_code":4,"worker_id":"ea3fa41f-a91b-46d0-97a9-182617744507-140708755648512","study_id":0,"datetime_start":"2026-06-15T20:36:14.443376"}
{"op_code":9,"worker_id":"ea3fa41f-a91b-46d0-97a9-182617744507-140708755648512","trial_id":33,"system_attr":{"nsga2:generation":0}}
{"op_code":5,"worker_id":"ea3fa41f-a91b-46d0-97a9-182617744507-140708755648512","trial_id":33,"param_name":"JointSlopeAngle","param_value_internal":0.2285920375927765,"distribution":"{\"name\": \"FloatDistribution\", \"attributes\": {\"step\": null, \"low\": 0.17453292519943295, \"high\": 1.0471975511965976, \"log\": false}}"}
{"op_code":5,"worker_id":"ea3fa41f-a91b-46d0-97a9-182617744507-140708755648512","trial_id":33,"param_name":"OuterRadius","param_value_internal":16.032810961490206,"distribution":"{\"name\": \"FloatDistribution\", \"attributes\": {\"step\": null, \"low\": 8.75, \"high\": 17.75, \"log\": false}}"}
{"op_code":5,"worker_id":"ea3fa41f-a91b-46d0-97a9-182617744507-140708755648512","trial_id":33,"param_name":"JointHeight","param_value_internal":5.968840842436931,"distribution":"{\"name\": \"FloatDistribution\", \"attributes\": {\"step\": null, \"low\": 5.0, \"high\": 8.0, \"log\": false}}"}
{"op_code":5,"worker_id":"ea3fa41f-a91b-46d0-97a9-182617744507-140708755648512","trial_id":33,"param_name":"CavityCorkThickness","param_value_internal":2.2004154780939267,"distribution":"{\"name\": \"FloatDistribution\", \"attributes\": {\"step\": null, \"low\": 2.0, \"high\": 5.0, \"log\": false}}"}
{"op_code":5,"worker_id":"ea3fa41f-a91b-46d0-97a9-182617744507-140708755648512","trial_id":33,"param_name":"BellowHeight","param_value_internal":8.329643064751066,"distribution":"{\"name\": \"FloatDistribution\", \"attributes\": {\"step\": null, \"low\": 6.0, \"high\": 10.0, \"log\": false}}"}
{"op_code":5,"worker_id":"ea3fa41f-a91b-46d0-97a9-182617744507-140708755648512","trial_id":33,"param_name":"WallThickness","param_value_internal":2.00165388978446,"distribution":"{\"name\": \"FloatDistribution\", \"attributes\": {\"step\": null, \"low\": 2.0, \"high\": 4.0, \"log\": false}}"}
{"op_code":5,"worker_id":"ea3fa41f-a91b-46d0-97a9-182617744507-140708755648512","trial_id":33,"param_name":"PlateauHeight","param_value_internal":3.5159505279966643,"distribution":"{\"name\": \"FloatDistribution\", \"attributes\": {\"step\": null, \"low\": 2.0, \"high\": 4.0, \"log\": false}}"}
{"op_code":6,"worker_id":"07f4433d-8105-495f-a34c-ca24fea40e31-140001723334656","trial_id":31,"state":1,"values":[779.016392338384,0.4367324448142631],"datetime_complete":"2026-06-15T20:36:18.355781"}
{"op_code":4,"worker_id":"07f4433d-8105-495f-a34c-ca24fea40e31-140001723334656","study_id":0,"datetime_start":"2026-06-15T20:36:18.367943"}
{"op_code":9,"worker_id":"07f4433d-8105-495f-a34c-ca24fea40e31-140001723334656","trial_id":34,"system_attr":{"nsga2:generation":0}}
{"op_code":5,"worker_id":"07f4433d-8105-495f-a34c-ca24fea40e31-140001723334656","trial_id":34,"param_name":"JointSlopeAngle","param_value_internal":0.7194503434327293,"distribution":"{\"name\": \"FloatDistribution\", \"attributes\": {\"step\": null, \"low\": 0.17453292519943295, \"high\": 1.0471975511965976, \"log\": false}}"}
{"op_code":5,"worker_id":"07f4433d-8105-495f-a34c-ca24fea40e31-140001723334656","trial_id":34,"param_name":"OuterRadius","param_value_internal":12.761861031809834,"distribution":"{\"name\": \"FloatDistribution\", \"attributes\": {\"step\": null, \"low\": 8.75, \"high\": 17.75, \"log\": false}}"}
{"op_code":5,"worker_id":"07f4433d-8105-495f-a34c-ca24fea40e31-140001723334656","trial_id":34,"param_name":"JointHeight","param_value_internal":7.957242184419182,"distribution":"{\"name\": \"FloatDistribution\", \"attributes\": {\"step\": null, \"low\": 5.0, \"high\": 8.0, \"log\": false}}"}
{"op_code":5,"worker_id":"07f4433d-8105-495f-a34c-ca24fea40e31-140001723334656","trial_id":34,"param_name":"CavityCorkThickness","param_value_internal":2.6258482807713683,"distribution":"{\"name\": \"FloatDistribution\", \"attributes\": {\"step\": null, \"low\": 2.0, \"high\": 5.0, \"log\": false}}"}
{"op_code":5,"worker_id":"07f4433d-8105-495f-a34c-ca24fea40e31-140001723334656","trial_id":34,"param_name":"BellowHeight","param_value_internal":9.480952810752886,"distribution":"{\"name\": \"FloatDistribution\", \"attributes\": {\"step\": null, \"low\": 6.0, \"high\": 10.0, \"log\": false}}"}
{"op_code":5,"worker_id":"07f4433d-8105-495f-a34c-ca24fea40e31-140001723334656","trial_id":34,"param_name":"WallThickness","param_value_internal":2.6543946394667683,"distribution":"{\"name\": \"FloatDistribution\", \"attributes\": {\"step\": null, \"low\": 2.0, \"high\": 4.0, \"log\": false}}"}
{"op_code":5,"worker_id":"07f4433d-8105-495f-a34c-ca24fea40e31-140001723334656","trial_id":34,"param_name":"PlateauHeight","param_value_internal":3.1728068283449504,"distribution":"{\"name\": \"FloatDistribution\", \"attributes\": {\"step\": null, \"low\": 2.0, \"high\": 4.0, \"log\": false}}"}
{"op_code":6,"worker_id":"ecfd478f-c300-4063-a362-86b643a9ac46-140116174675968","trial_id":32,"state":1,"values":[169.73971554019062,0.1336227595022404],"datetime_complete":"2026-06-15T20:36:20.277873"}
{"op_code":4,"worker_id":"ecfd478f-c300-4063-a362-86b643a9ac46-140116174675968","study_id":0,"datetime_start":"2026-06-15T20:36:20.290460"}
{"op_code":9,"worker_id":"ecfd478f-c300-4063-a362-86b643a9ac46-140116174675968","trial_id":35,"system_attr":{"nsga2:generation":0}}
{"op_code":5,"worker_id":"ecfd478f-c300-4063-a362-86b643a9ac46-140116174675968","trial_id":35,"param_name":"JointSlopeAngle","param_value_internal":0.46255960911948424,"distribution":"{\"name\": \"FloatDistribution\", \"attributes\": {\"step\": null, \"low\": 0.17453292519943295, \"high\": 1.0471975511965976, \"log\": false}}"}
{"op_code":5,"worker_id":"ecfd478f-c300-4063-a362-86b643a9ac46-140116174675968","trial_id":35,"param_name":"OuterRadius","param_value_internal":9.62959857945997,"distribution":"{\"name\": \"FloatDistribution\", \"attributes\": {\"step\": null, \"low\": 8.75, \"high\": 17.75, \"log\": false}}"}
{"op_code":5,"worker_id":"ecfd478f-c300-4063-a362-86b643a9ac46-140116174675968","trial_id":35,"param_name":"JointHeight","param_value_internal":7.328431387378251,"distribution":"{\"name\": \"FloatDistribution\", \"attributes\": {\"step\": null, \"low\": 5.0, \"high\": 8.0, \"log\": false}}"}
{"op_code":5,"worker_id":"ecfd478f-c300-4063-a362-86b643a9ac46-140116174675968","trial_id":35,"param_name":"CavityCorkThickness","param_value_internal":3.70994101578281,"distribution":"{\"name\": \"FloatDistribution\", \"attributes\": {\"step\": null, \"low\": 2.0, \"high\": 5.0, \"log\": false}}"}
{"op_code":5,"worker_id":"ecfd478f-c300-4063-a362-86b643a9ac46-140116174675968","trial_id":35,"param_name":"BellowHeight","param_value_internal":7.333693903893775,"distribution":"{\"name\": \"FloatDistribution\", \"attributes\": {\"step\": null, \"low\": 6.0, \"high\": 10.0, \"log\": false}}"}
{"op_code":5,"worker_id":"ecfd478f-c300-4063-a362-86b643a9ac46-140116174675968","trial_id":35,"param_name":"WallThickness","param_value_internal":3.9083949340948503,"distribution":"{\"name\": \"FloatDistribution\", \"attributes\": {\"step\": null, \"low\": 2.0, \"high\": 4.0, \"log\": false}}"}
{"op_code":5,"worker_id":"ecfd478f-c300-4063-a362-86b643a9ac46-140116174675968","trial_id":35,"param_name":"PlateauHeight","param_value_internal":2.2926824991980577,"distribution":"{\"name\": \"FloatDistribution\", \"attributes\": {\"step\": null, \"low\": 2.0, \"high\": 4.0, \"log\": false}}"}
{"op_code":6,"worker_id":"ea3fa41f-a91b-46d0-97a9-182617744507-140708755648512","trial_id":33,"state":1,"values":[1575.563720884261,0.296191981016887],"datetime_complete":"2026-06-15T20:36:29.038195"}
{"op_code":4,"worker_id":"ea3fa41f-a91b-46d0-97a9-182617744507-140708755648512","study_id":0,"datetime_start":"2026-06-15T20:36:29.049120"}
{"op_code":9,"worker_id":"ea3fa41f-a91b-46d0-97a9-182617744507-140708755648512","trial_id":36,"system_attr":{"nsga2:generation":0}}
{"op_code":5,"worker_id":"ea3fa41f-a91b-46d0-97a9-182617744507-140708755648512","trial_id":36,"param_name":"JointSlopeAngle","param_value_internal":0.9601415929798486,"distribution":"{\"name\": \"FloatDistribution\", \"attributes\": {\"step\": null, \"low\": 0.17453292519943295, \"high\": 1.0471975511965976, \"log\": false}}"}
{"op_code":5,"worker_id":"ea3fa41f-a91b-46d0-97a9-182617744507-140708755648512","trial_id":36,"param_name":"OuterRadius","param_value_internal":9.538759949608403,"distribution":"{\"name\": \"FloatDistribution\", \"attributes\": {\"step\": null, \"low\": 8.75, \"high\": 17.75, \"log\": false}}"}
{"op_code":5,"worker_id":"ea3fa41f-a91b-46d0-97a9-182617744507-140708755648512","trial_id":36,"param_name":"JointHeight","param_value_internal":7.347124145470186,"distribution":"{\"name\": \"FloatDistribution\", \"attributes\": {\"step\": null, \"low\": 5.0, \"high\": 8.0, \"log\": false}}"}
{"op_code":5,"worker_id":"ea3fa41f-a91b-46d0-97a9-182617744507-140708755648512","trial_id":36,"param_name":"CavityCorkThickness","param_value_internal":3.591568846033785,"distribution":"{\"name\": \"FloatDistribution\", \"attributes\": {\"step\": null, \"low\": 2.0, \"high\": 5.0, \"log\": false}}"}
{"op_code":5,"worker_id":"ea3fa41f-a91b-46d0-97a9-182617744507-140708755648512","trial_id":36,"param_name":"BellowHeight","param_value_internal":9.354210471811252,"distribution":"{\"name\": \"FloatDistribution\", \"attributes\": {\"step\": null, \"low\": 6.0, \"high\": 10.0, \"log\": false}}"}
{"op_code":5,"worker_id":"ea3fa41f-a91b-46d0-97a9-182617744507-140708755648512","trial_id":36,"param_name":"WallThickness","param_value_internal":2.333382187309086,"distribution":"{\"name\": \"FloatDistribution\", \"attributes\": {\"step\": null, \"low\": 2.0, \"high\": 4.0, \"log\": false}}"}
{"op_code":5,"worker_id":"ea3fa41f-a91b-46d0-97a9-182617744507-140708755648512","trial_id":36,"param_name":"PlateauHeight","param_value_internal":2.2046441660874567,"distribution":"{\"name\": \"FloatDistribution\", \"attributes\": {\"step\": null, \"low\": 2.0, \"high\": 4.0, \"log\": false}}"}
{"op_code":6,"worker_id":"07f4433d-8105-495f-a34c-ca24fea40e31-140001723334656","trial_id":34,"state":1,"values":[752.1954068797836,0.36298351531700324],"datetime_complete":"2026-06-15T20:36:31.587424"}
{"op_code":4,"worker_id":"07f4433d-8105-495f-a34c-ca24fea40e31-140001723334656","study_id":0,"datetime_start":"2026-06-15T20:36:31.599932"}
{"op_code":9,"worker_id":"07f4433d-8105-495f-a34c-ca24fea40e31-140001723334656","trial_id":37,"system_attr":{"nsga2:generation":0}}
{"op_code":5,"worker_id":"07f4433d-8105-495f-a34c-ca24fea40e31-140001723334656","trial_id":37,"param_name":"JointSlopeAngle","param_value_internal":0.7101123787546164,"distribution":"{\"name\": \"FloatDistribution\", \"attributes\": {\"step\": null, \"low\": 0.17453292519943295, \"high\": 1.0471975511965976, \"log\": false}}"}
{"op_code":5,"worker_id":"07f4433d-8105-495f-a34c-ca24fea40e31-140001723334656","trial_id":37,"param_name":"OuterRadius","param_value_internal":16.977844352752932,"distribution":"{\"name\": \"FloatDistribution\", \"attributes\": {\"step\": null, \"low\": 8.75, \"high\": 17.75, \"log\": false}}"}
{"op_code":5,"worker_id":"07f4433d-8105-495f-a34c-ca24fea40e31-140001723334656","trial_id":37,"param_name":"JointHeight","param_value_internal":5.716382835363509,"distribution":"{\"name\": \"FloatDistribution\", \"attributes\": {\"step\": null, \"low\": 5.0, \"high\": 8.0, \"log\": false}}"}
{"op_code":5,"worker_id":"07f4433d-8105-495f-a34c-ca24fea40e31-140001723334656","trial_id":37,"param_name":"CavityCorkThickness","param_value_internal":4.1768162132779585,"distribution":"{\"name\": \"FloatDistribution\", \"attributes\": {\"step\": null, \"low\": 2.0, \"high\": 5.0, \"log\": false}}"}
{"op_code":5,"worker_id":"07f4433d-8105-495f-a34c-ca24fea40e31-140001723334656","trial_id":37,"param_name":"BellowHeight","param_value_internal":9.239376819020496,"distribution":"{\"name\": \"FloatDistribution\", \"attributes\": {\"step\": null, \"low\": 6.0, \"high\": 10.0, \"log\": false}}"}
{"op_code":5,"worker_id":"07f4433d-8105-495f-a34c-ca24fea40e31-140001723334656","trial_id":37,"param_name":"WallThickness","param_value_internal":3.8979894334956473,"distribution":"{\"name\": \"FloatDistribution\", \"attributes\": {\"step\": null, \"low\": 2.0, \"high\": 4.0, \"log\": false}}"}
{"op_code":5,"worker_id":"07f4433d-8105-495f-a34c-ca24fea40e31-140001723334656","trial_id":37,"param_name":"PlateauHeight","param_value_internal":2.909876511783005,"distribution":"{\"name\": \"FloatDistribution\", \"attributes\": {\"step\": null, \"low\": 2.0, \"high\": 4.0, \"log\": false}}"}
{"op_code":6,"worker_id":"ecfd478f-c300-4063-a362-86b643a9ac46-140116174675968","trial_id":35,"state":1,"values":[68.24710263910538,0.060638300249390535],"datetime_complete":"2026-06-15T20:36:32.328814"}
{"op_code":4,"worker_id":"ecfd478f-c300-4063-a362-86b643a9ac46-140116174675968","study_id":0,"datetime_start":"2026-06-15T20:36:32.342727"}
{"op_code":9,"worker_id":"ecfd478f-c300-4063-a362-86b643a9ac46-140116174675968","trial_id":38,"system_attr":{"nsga2:generation":0}}
{"op_code":5,"worker_id":"ecfd478f-c300-4063-a362-86b643a9ac46-140116174675968","trial_id":38,"param_name":"JointSlopeAngle","param_value_internal":0.9564762255587863,"distribution":"{\"name\": \"FloatDistribution\", \"attributes\": {\"step\": null, \"low\": 0.17453292519943295, \"high\": 1.0471975511965976, \"log\": false}}"}
{"op_code":5,"worker_id":"ecfd478f-c300-4063-a362-86b643a9ac46-140116174675968","trial_id":38,"param_name":"OuterRadius","param_value_internal":15.57406193770872,"distribution":"{\"name\": \"FloatDistribution\", \"attributes\": {\"step\": null, \"low\": 8.75, \"high\": 17.75, \"log\": false}}"}
{"op_code":5,"worker_id":"ecfd478f-c300-4063-a362-86b643a9ac46-140116174675968","trial_id":38,"param_name":"JointHeight","param_value_internal":7.654443782412088,"distribution":"{\"name\": \"FloatDistribution\", \"attributes\": {\"step\": null, \"low\": 5.0, \"high\": 8.0, \"log\": false}}"}
{"op_code":5,"worker_id":"ecfd478f-c300-4063-a362-86b643a9ac46-140116174675968","trial_id":38,"param_name":"CavityCorkThickness","param_value_internal":4.336022402509629,"distribution":"{\"name\": \"FloatDistribution\", \"attributes\": {\"step\": null, \"low\": 2.0, \"high\": 5.0, \"log\": false}}"}
{"op_code":5,"worker_id":"ecfd478f-c300-4063-a362-86b643a9ac46-140116174675968","trial_id":38,"param_name":"BellowHeight","param_value_internal":9.952348785249953,"distribution":"{\"name\": \"FloatDistribution\", \"attributes\": {\"step\": null, \"low\": 6.0, \"high\": 10.0, \"log\": false}}"}
{"op_code":5,"worker_id":"ecfd478f-c300-4063-a362-86b643a9ac46-140116174675968","trial_id":38,"param_name":"WallThickness","param_value_internal":2.3920656500046356,"distribution":"{\"name\": \"FloatDistribution\", \"attributes\": {\"step\": null, \"low\": 2.0, \"high\": 4.0, \"log\": false}}"}
{"op_code":5,"worker_id":"ecfd478f-c300-4063-a362-86b643a9ac46-140116174675968","trial_id":38,"param_name":"PlateauHeight","param_value_internal":2.2426461325152127,"distribution":"{\"name\": \"FloatDistribution\", \"attributes\": {\"step\": null, \"low\": 2.0, \"high\": 4.0, \"log\": false}}"}
{"op_code":6,"worker_id":"ea3fa41f-a91b-46d0-97a9-182617744507-140708755648512","trial_id":36,"state":1,"values":[174.6520284503732,0.0745351015295329],"datetime_complete":"2026-06-15T20:36:40.583307"}
{"op_code":4,"worker_id":"ea3fa41f-a91b-46d0-97a9-182617744507-140708755648512","study_id":0,"datetime_start":"2026-06-15T20:36:40.594669"}
{"op_code":9,"worker_id":"ea3fa41f-a91b-46d0-97a9-182617744507-140708755648512","trial_id":39,"system_attr":{"nsga2:generation":0}}
{"op_code":5,"worker_id":"ea3fa41f-a91b-46d0-97a9-182617744507-140708755648512","trial_id":39,"param_name":"JointSlopeAngle","param_value_internal":0.8040118756789952,"distribution":"{\"name\": \"FloatDistribution\", \"attributes\": {\"step\": null, \"low\": 0.17453292519943295, \"high\": 1.0471975511965976, \"log\": false}}"}
{"op_code":5,"worker_id":"ea3fa41f-a91b-46d0-97a9-182617744507-140708755648512","trial_id":39,"param_name":"OuterRadius","param_value_internal":12.081566359572626,"distribution":"{\"name\": \"FloatDistribution\", \"attributes\": {\"step\": null, \"low\": 8.75, \"high\": 17.75, \"log\": false}}"}
{"op_code":5,"worker_id":"ea3fa41f-a91b-46d0-97a9-182617744507-140708755648512","trial_id":39,"param_name":"JointHeight","param_value_internal":5.582782194062293,"distribution":"{\"name\": \"FloatDistribution\", \"attributes\": {\"step\": null, \"low\": 5.0, \"high\": 8.0, \"log\": false}}"}
{"op_code":5,"worker_id":"ea3fa41f-a91b-46d0-97a9-182617744507-140708755648512","trial_id":39,"param_name":"CavityCorkThickness","param_value_internal":4.877796286396664,"distribution":"{\"name\": \"FloatDistribution\", \"attributes\": {\"step\": null, \"low\": 2.0, \"high\": 5.0, \"log\": false}}"}
{"op_code":5,"worker_id":"ea3fa41f-a91b-46d0-97a9-182617744507-140708755648512","trial_id":39,"param_name":"BellowHeight","param_value_internal":8.586195668151872,"distribution":"{\"name\": \"FloatDistribution\", \"attributes\": {\"step\": null, \"low\": 6.0, \"high\": 10.0, \"log\": false}}"}
{"op_code":5,"worker_id":"ea3fa41f-a91b-46d0-97a9-182617744507-140708755648512","trial_id":39,"param_name":"WallThickness","param_value_internal":3.8610872931365865,"distribution":"{\"name\": \"FloatDistribution\", \"attributes\": {\"step\": null, \"low\": 2.0, \"high\": 4.0, \"log\": false}}"}
{"op_code":5,"worker_id":"ea3fa41f-a91b-46d0-97a9-182617744507-140708755648512","trial_id":39,"param_name":"PlateauHeight","param_value_internal":2.1648703418378297,"distribution":"{\"name\": \"FloatDistribution\", \"attributes\": {\"step\": null, \"low\": 2.0, \"high\": 4.0, \"log\": false}}"}
{"op_code":6,"worker_id":"07f4433d-8105-495f-a34c-ca24fea40e31-140001723334656","trial_id":37,"state":1,"values":[967.5808346000765,0.4239235768503062],"datetime_complete":"2026-06-15T20:36:44.650445"}
{"op_code":4,"worker_id":"07f4433d-8105-495f-a34c-ca24fea40e31-140001723334656","study_id":0,"datetime_start":"2026-06-15T20:36:44.663355"}
{"op_code":9,"worker_id":"07f4433d-8105-495f-a34c-ca24fea40e31-140001723334656","trial_id":40,"system_attr":{"nsga2:generation":0}}
{"op_code":5,"worker_id":"07f4433d-8105-495f-a34c-ca24fea40e31-140001723334656","trial_id":40,"param_name":"JointSlopeAngle","param_value_internal":0.21538744454373054,"distribution":"{\"name\": \"FloatDistribution\", \"attributes\": {\"step\": null, \"low\": 0.17453292519943295, \"high\": 1.0471975511965976, \"log\": false}}"}
{"op_code":5,"worker_id":"07f4433d-8105-495f-a34c-ca24fea40e31-140001723334656","trial_id":40,"param_name":"OuterRadius","param_value_internal":9.239500272024424,"distribution":"{\"name\": \"FloatDistribution\", \"attributes\": {\"step\": null, \"low\": 8.75, \"high\": 17.75, \"log\": false}}"}
{"op_code":5,"worker_id":"07f4433d-8105-495f-a34c-ca24fea40e31-140001723334656","trial_id":40,"param_name":"JointHeight","param_value_internal":5.3071254816672955,"distribution":"{\"name\": \"FloatDistribution\", \"attributes\": {\"step\": null, \"low\": 5.0, \"high\": 8.0, \"log\": false}}"}
{"op_code":5,"worker_id":"07f4433d-8105-495f-a34c-ca24fea40e31-140001723334656","trial_id":40,"param_name":"CavityCorkThickness","param_value_internal":4.930695329601729,"distribution":"{\"name\": \"FloatDistribution\", \"attributes\": {\"step\": null, \"low\": 2.0, \"high\": 5.0, \"log\": false}}"}
{"op_code":5,"worker_id":"07f4433d-8105-495f-a34c-ca24fea40e31-140001723334656","trial_id":40,"param_name":"BellowHeight","param_value_internal":9.669013892879542,"distribution":"{\"name\": \"FloatDistribution\", \"attributes\": {\"step\": null, \"low\": 6.0, \"high\": 10.0, \"log\": false}}"}
{"op_code":5,"worker_id":"07f4433d-8105-495f-a34c-ca24fea40e31-140001723334656","trial_id":40,"param_name":"WallThickness","param_value_internal":2.132449363840802,"distribution":"{\"name\": \"FloatDistribution\", \"attributes\": {\"step\": null, \"low\": 2.0, \"high\": 4.0, \"log\": false}}"}
{"op_code":5,"worker_id":"07f4433d-8105-495f-a34c-ca24fea40e31-140001723334656","trial_id":40,"param_name":"PlateauHeight","param_value_internal":3.59545157351259,"distribution":"{\"name\": \"FloatDistribution\", \"attributes\": {\"step\": null, \"low\": 2.0, \"high\": 4.0, \"log\": false}}"}
{"op_code":6,"worker_id":"ecfd478f-c300-4063-a362-86b643a9ac46-140116174675968","trial_id":38,"state":1,"values":[994.5931347720394,0.4437690731677963],"datetime_complete":"2026-06-15T20:36:45.601135"}
{"op_code":4,"worker_id":"ecfd478f-c300-4063-a362-86b643a9ac46-140116174675968","study_id":0,"datetime_start":"2026-06-15T20:36:45.617815"}
{"op_code":9,"worker_id":"ecfd478f-c300-4063-a362-86b643a9ac46-140116174675968","trial_id":41,"system_attr":{"nsga2:generation":0}}
{"op_code":5,"worker_id":"ecfd478f-c300-4063-a362-86b643a9ac46-140116174675968","trial_id":41,"param_name":"JointSlopeAngle","param_value_internal":0.9122494925114252,"distribution":"{\"name\": \"FloatDistribution\", \"attributes\": {\"step\": null, \"low\": 0.17453292519943295, \"high\": 1.0471975511965976, \"log\": false}}"}
{"op_code":5,"worker_id":"ecfd478f-c300-4063-a362-86b643a9ac46-140116174675968","trial_id":41,"param_name":"OuterRadius","param_value_internal":9.372932170134892,"distribution":"{\"name\": \"FloatDistribution\", \"attributes\": {\"step\": null, \"low\": 8.75, \"high\": 17.75, \"log\": false}}"}
{"op_code":5,"worker_id":"ecfd478f-c300-4063-a362-86b643a9ac46-140116174675968","trial_id":41,"param_name":"JointHeight","param_value_internal":5.140677084244894,"distribution":"{\"name\": \"FloatDistribution\", \"attributes\": {\"step\": null, \"low\": 5.0, \"high\": 8.0, \"log\": false}}"}
{"op_code":5,"worker_id":"ecfd478f-c300-4063-a362-86b643a9ac46-140116174675968","trial_id":41,"param_name":"CavityCorkThickness","param_value_internal":4.919331015519596,"distribution":"{\"name\": \"FloatDistribution\", \"attributes\": {\"step\": null, \"low\": 2.0, \"high\": 5.0, \"log\": false}}"}
{"op_code":5,"worker_id":"ecfd478f-c300-4063-a362-86b643a9ac46-140116174675968","trial_id":41,"param_name":"BellowHeight","param_value_internal":8.4908041929811,"distribution":"{\"name\": \"FloatDistribution\", \"attributes\": {\"step\": null, \"low\": 6.0, \"high\": 10.0, \"log\": false}}"}
{"op_code":5,"worker_id":"ecfd478f-c300-4063-a362-86b643a9ac46-140116174675968","trial_id":41,"param_name":"WallThickness","param_value_internal":2.2423540095762844,"distribution":"{\"name\": \"FloatDistribution\", \"attributes\": {\"step\": null, \"low\": 2.0, \"high\": 4.0, \"log\": false}}"}
{"op_code":5,"worker_id":"ecfd478f-c300-4063-a362-86b643a9ac46-140116174675968","trial_id":41,"param_name":"PlateauHeight","param_value_internal":2.9977959154531155,"distribution":"{\"name\": \"FloatDistribution\", \"attributes\": {\"step\": null, \"low\": 2.0, \"high\": 4.0, \"log\": false}}"}
{"op_code":6,"worker_id":"ea3fa41f-a91b-46d0-97a9-182617744507-140708755648512","trial_id":39,"state":1,"values":[148.2306584131457,0.4684506645970646],"datetime_complete":"2026-06-15T20:36:51.829908"}
{"op_code":4,"worker_id":"ea3fa41f-a91b-46d0-97a9-182617744507-140708755648512","study_id":0,"datetime_start":"2026-06-15T20:36:51.842264"}
{"op_code":9,"worker_id":"ea3fa41f-a91b-46d0-97a9-182617744507-140708755648512","trial_id":42,"system_attr":{"nsga2:generation":0}}
{"op_code":5,"worker_id":"ea3fa41f-a91b-46d0-97a9-182617744507-140708755648512","trial_id":42,"param_name":"JointSlopeAngle","param_value_internal":0.38964753509426,"distribution":"{\"name\": \"FloatDistribution\", \"attributes\": {\"step\": null, \"low\": 0.17453292519943295, \"high\": 1.0471975511965976, \"log\": false}}"}
{"op_code":5,"worker_id":"ea3fa41f-a91b-46d0-97a9-182617744507-140708755648512","trial_id":42,"param_name":"OuterRadius","param_value_internal":10.318404638180999,"distribution":"{\"name\": \"FloatDistribution\", \"attributes\": {\"step\": null, \"low\": 8.75, \"high\": 17.75, \"log\": false}}"}
{"op_code":5,"worker_id":"ea3fa41f-a91b-46d0-97a9-182617744507-140708755648512","trial_id":42,"param_name":"JointHeight","param_value_internal":7.317917544085178,"distribution":"{\"name\": \"FloatDistribution\", \"attributes\": {\"step\": null, \"low\": 5.0, \"high\": 8.0, \"log\": false}}"}
{"op_code":5,"worker_id":"ea3fa41f-a91b-46d0-97a9-182617744507-140708755648512","trial_id":42,"param_name":"CavityCorkThickness","param_value_internal":4.585182919111852,"distribution":"{\"name\": \"FloatDistribution\", \"attributes\": {\"step\": null, \"low\": 2.0, \"high\": 5.0, \"log\": false}}"}
{"op_code":5,"worker_id":"ea3fa41f-a91b-46d0-97a9-182617744507-140708755648512","trial_id":42,"param_name":"BellowHeight","param_value_internal":6.685813549906586,"distribution":"{\"name\": \"FloatDistribution\", \"attributes\": {\"step\": null, \"low\": 6.0, \"high\": 10.0, \"log\": false}}"}
{"op_code":5,"worker_id":"ea3fa41f-a91b-46d0-97a9-182617744507-140708755648512","trial_id":42,"param_name":"WallThickness","param_value_internal":2.31260935203429,"distribution":"{\"name\": \"FloatDistribution\", \"attributes\": {\"step\": null, \"low\": 2.0, \"high\": 4.0, \"log\": false}}"}
{"op_code":5,"worker_id":"ea3fa41f-a91b-46d0-97a9-182617744507-140708755648512","trial_id":42,"param_name":"PlateauHeight","param_value_internal":3.8236445225193814,"distribution":"{\"name\": \"FloatDistribution\", \"attributes\": {\"step\": null, \"low\": 2.0, \"high\": 4.0, \"log\": false}}"}
{"op_code":6,"worker_id":"07f4433d-8105-495f-a34c-ca24fea40e31-140001723334656","trial_id":40,"state":1,"values":[30.343698853510904,0.044807291964383524],"datetime_complete":"2026-06-15T20:36:56.134294"}
{"op_code":4,"worker_id":"07f4433d-8105-495f-a34c-ca24fea40e31-140001723334656","study_id":0,"datetime_start":"2026-06-15T20:36:56.147183"}
{"op_code":9,"worker_id":"07f4433d-8105-495f-a34c-ca24fea40e31-140001723334656","trial_id":43,"system_attr":{"nsga2:generation":0}}
{"op_code":5,"worker_id":"07f4433d-8105-495f-a34c-ca24fea40e31-140001723334656","trial_id":43,"param_name":"JointSlopeAngle","param_value_internal":0.5269974384673541,"distribution":"{\"name\": \"FloatDistribution\", \"attributes\": {\"step\": null, \"low\": 0.17453292519943295, \"high\": 1.0471975511965976, \"log\": false}}"}
{"op_code":5,"worker_id":"07f4433d-8105-495f-a34c-ca24fea40e31-140001723334656","trial_id":43,"param_name":"OuterRadius","param_value_internal":13.689548446574753,"distribution":"{\"name\": \"FloatDistribution\", \"attributes\": {\"step\": null, \"low\": 8.75, \"high\": 17.75, \"log\": false}}"}
{"op_code":5,"worker_id":"07f4433d-8105-495f-a34c-ca24fea40e31-140001723334656","trial_id":43,"param_name":"JointHeight","param_value_internal":7.813566182682949,"distribution":"{\"name\": \"FloatDistribution\", \"attributes\": {\"step\": null, \"low\": 5.0, \"high\": 8.0, \"log\": false}}"}
{"op_code":5,"worker_id":"07f4433d-8105-495f-a34c-ca24fea40e31-140001723334656","trial_id":43,"param_name":"CavityCorkThickness","param_value_internal":2.367756102687241,"distribution":"{\"name\": \"FloatDistribution\", \"attributes\": {\"step\": null, \"low\": 2.0, \"high\": 5.0, \"log\": false}}"}
{"op_code":5,"worker_id":"07f4433d-8105-495f-a34c-ca24fea40e31-140001723334656","trial_id":43,"param_name":"BellowHeight","param_value_internal":6.091629075596996,"distribution":"{\"name\": \"FloatDistribution\", \"attributes\": {\"step\": null, \"low\": 6.0, \"high\": 10.0, \"log\": false}}"}
{"op_code":5,"worker_id":"07f4433d-8105-495f-a34c-ca24fea40e31-140001723334656","trial_id":43,"param_name":"WallThickness","param_value_internal":2.4167537114363267,"distribution":"{\"name\": \"FloatDistribution\", \"attributes\": {\"step\": null, \"low\": 2.0, \"high\": 4.0, \"log\": false}}"}
{"op_code":5,"worker_id":"07f4433d-8105-495f-a34c-ca24fea40e31-140001723334656","trial_id":43,"param_name":"PlateauHeight","param_value_internal":2.1254530849973845,"distribution":"{\"name\": \"FloatDistribution\", \"attributes\": {\"step\": null, \"low\": 2.0, \"high\": 4.0, \"log\": false}}"}
{"op_code":6,"worker_id":"ecfd478f-c300-4063-a362-86b643a9ac46-140116174675968","trial_id":41,"state":1,"values":[25.87949101344548,0.3826217048690848],"datetime_complete":"2026-06-15T20:36:58.041628"}
{"op_code":4,"worker_id":"ecfd478f-c300-4063-a362-86b643a9ac46-140116174675968","study_id":0,"datetime_start":"2026-06-15T20:36:58.059410"}
{"op_code":9,"worker_id":"ecfd478f-c300-4063-a362-86b643a9ac46-140116174675968","trial_id":44,"system_attr":{"nsga2:generation":0}}
{"op_code":5,"worker_id":"ecfd478f-c300-4063-a362-86b643a9ac46-140116174675968","trial_id":44,"param_name":"JointSlopeAngle","param_value_internal":0.976261614469727,"distribution":"{\"name\": \"FloatDistribution\", \"attributes\": {\"step\": null, \"low\": 0.17453292519943295, \"high\": 1.0471975511965976, \"log\": false}}"}
{"op_code":5,"worker_id":"ecfd478f-c300-4063-a362-86b643a9ac46-140116174675968","trial_id":44,"param_name":"OuterRadius","param_value_internal":9.77930547212926,"distribution":"{\"name\": \"FloatDistribution\", \"attributes\": {\"step\": null, \"low\": 8.75, \"high\": 17.75, \"log\": false}}"}
{"op_code":5,"worker_id":"ecfd478f-c300-4063-a362-86b643a9ac46-140116174675968","trial_id":44,"param_name":"JointHeight","param_value_internal":6.519293515810784,"distribution":"{\"name\": \"FloatDistribution\", \"attributes\": {\"step\": null, \"low\": 5.0, \"high\": 8.0, \"log\": false}}"}
{"op_code":5,"worker_id":"ecfd478f-c300-4063-a362-86b643a9ac46-140116174675968","trial_id":44,"param_name":"CavityCorkThickness","param_value_internal":3.621869844668038,"distribution":"{\"name\": \"FloatDistribution\", \"attributes\": {\"step\": null, \"low\": 2.0, \"high\": 5.0, \"log\": false}}"}
{"op_code":5,"worker_id":"ecfd478f-c300-4063-a362-86b643a9ac46-140116174675968","trial_id":44,"param_name":"BellowHeight","param_value_internal":8.964035835873505,"distribution":"{\"name\": \"FloatDistribution\", \"attributes\": {\"step\": null, \"low\": 6.0, \"high\": 10.0, \"log\": false}}"}
{"op_code":5,"worker_id":"ecfd478f-c300-4063-a362-86b643a9ac46-140116174675968","trial_id":44,"param_name":"WallThickness","param_value_internal":3.983763431420206,"distribution":"{\"name\": \"FloatDistribution\", \"attributes\": {\"step\": null, \"low\": 2.0, \"high\": 4.0, \"log\": false}}"}
{"op_code":5,"worker_id":"ecfd478f-c300-4063-a362-86b643a9ac46-140116174675968","trial_id":44,"param_name":"PlateauHeight","param_value_internal":2.30563566006511,"distribution":"{\"name\": \"FloatDistribution\", \"attributes\": {\"step\": null, \"low\": 2.0, \"high\": 4.0, \"log\": false}}"}
{"op_code":6,"worker_id":"ea3fa41f-a91b-46d0-97a9-182617744507-140708755648512","trial_id":42,"state":1,"values":[125.0672660938358,0.10628180893149744],"datetime_complete":"2026-06-15T20:37:03.166393"}
{"op_code":4,"worker_id":"ea3fa41f-a91b-46d0-97a9-182617744507-140708755648512","study_id":0,"datetime_start":"2026-06-15T20:37:03.178533"}
{"op_code":9,"worker_id":"ea3fa41f-a91b-46d0-97a9-182617744507-140708755648512","trial_id":45,"system_attr":{"nsga2:generation":0}}
{"op_code":5,"worker_id":"ea3fa41f-a91b-46d0-97a9-182617744507-140708755648512","trial_id":45,"param_name":"JointSlopeAngle","param_value_internal":0.32784813486473974,"distribution":"{\"name\": \"FloatDistribution\", \"attributes\": {\"step\": null, \"low\": 0.17453292519943295, \"high\": 1.0471975511965976, \"log\": false}}"}
{"op_code":5,"worker_id":"ea3fa41f-a91b-46d0-97a9-182617744507-140708755648512","trial_id":45,"param_name":"OuterRadius","param_value_internal":10.320759827544414,"distribution":"{\"name\": \"FloatDistribution\", \"attributes\": {\"step\": null, \"low\": 8.75, \"high\": 17.75, \"log\": false}}"}
{"op_code":5,"worker_id":"ea3fa41f-a91b-46d0-97a9-182617744507-140708755648512","trial_id":45,"param_name":"JointHeight","param_value_internal":6.995136014647904,"distribution":"{\"name\": \"FloatDistribution\", \"attributes\": {\"step\": null, \"low\": 5.0, \"high\": 8.0, \"log\": false}}"}
{"op_code":5,"worker_id":"ea3fa41f-a91b-46d0-97a9-182617744507-140708755648512","trial_id":45,"param_name":"CavityCorkThickness","param_value_internal":2.5236071225757155,"distribution":"{\"name\": \"FloatDistribution\", \"attributes\": {\"step\": null, \"low\": 2.0, \"high\": 5.0, \"log\": false}}"}
{"op_code":5,"worker_id":"ea3fa41f-a91b-46d0-97a9-182617744507-140708755648512","trial_id":45,"param_name":"BellowHeight","param_value_internal":7.682082111540357,"distribution":"{\"name\": \"FloatDistribution\", \"attributes\": {\"step\": null, \"low\": 6.0, \"high\": 10.0, \"log\": false}}"}
{"op_code":5,"worker_id":"ea3fa41f-a91b-46d0-97a9-182617744507-140708755648512","trial_id":45,"param_name":"WallThickness","param_value_internal":3.9668550779244267,"distribution":"{\"name\": \"FloatDistribution\", \"attributes\": {\"step\": null, \"low\": 2.0, \"high\": 4.0, \"log\": false}}"}
{"op_code":5,"worker_id":"ea3fa41f-a91b-46d0-97a9-182617744507-140708755648512","trial_id":45,"param_name":"PlateauHeight","param_value_internal":2.5472422525876173,"distribution":"{\"name\": \"FloatDistribution\", \"attributes\": {\"step\": null, \"low\": 2.0, \"high\": 4.0, \"log\": false}}"}
{"op_code":6,"worker_id":"07f4433d-8105-495f-a34c-ca24fea40e31-140001723334656","trial_id":43,"state":1,"values":[679.22455715668,0.292042298617808],"datetime_complete":"2026-06-15T20:37:08.436869"}
{"op_code":4,"worker_id":"07f4433d-8105-495f-a34c-ca24fea40e31-140001723334656","study_id":0,"datetime_start":"2026-06-15T20:37:08.449400"}
{"op_code":9,"worker_id":"07f4433d-8105-495f-a34c-ca24fea40e31-140001723334656","trial_id":46,"system_attr":{"nsga2:generation":0}}
{"op_code":5,"worker_id":"07f4433d-8105-495f-a34c-ca24fea40e31-140001723334656","trial_id":46,"param_name":"JointSlopeAngle","param_value_internal":0.4599945135272274,"distribution":"{\"name\": \"FloatDistribution\", \"attributes\": {\"step\": null, \"low\": 0.17453292519943295, \"high\": 1.0471975511965976, \"log\": false}}"}
{"op_code":5,"worker_id":"07f4433d-8105-495f-a34c-ca24fea40e31-140001723334656","trial_id":46,"param_name":"OuterRadius","param_value_internal":8.796912758421668,"distribution":"{\"name\": \"FloatDistribution\", \"attributes\": {\"step\": null, \"low\": 8.75, \"high\": 17.75, \"log\": false}}"}
{"op_code":5,"worker_id":"07f4433d-8105-495f-a34c-ca24fea40e31-140001723334656","trial_id":46,"param_name":"JointHeight","param_value_internal":7.445985756162976,"distribution":"{\"name\": \"FloatDistribution\", \"attributes\": {\"step\": null, \"low\": 5.0, \"high\": 8.0, \"log\": false}}"}
{"op_code":5,"worker_id":"07f4433d-8105-495f-a34c-ca24fea40e31-140001723334656","trial_id":46,"param_name":"CavityCorkThickness","param_value_internal":2.2872750550318965,"distribution":"{\"name\": \"FloatDistribution\", \"attributes\": {\"step\": null, \"low\": 2.0, \"high\": 5.0, \"log\": false}}"}
{"op_code":5,"worker_id":"07f4433d-8105-495f-a34c-ca24fea40e31-140001723334656","trial_id":46,"param_name":"BellowHeight","param_value_internal":7.824905665126917,"distribution":"{\"name\": \"FloatDistribution\", \"attributes\": {\"step\": null, \"low\": 6.0, \"high\": 10.0, \"log\": false}}"}
{"op_code":5,"worker_id":"07f4433d-8105-495f-a34c-ca24fea40e31-140001723334656","trial_id":46,"param_name":"WallThickness","param_value_internal":3.4269299508353637,"distribution":"{\"name\": \"FloatDistribution\", \"attributes\": {\"step\": null, \"low\": 2.0, \"high\": 4.0, \"log\": false}}"}
{"op_code":5,"worker_id":"07f4433d-8105-495f-a34c-ca24fea40e31-140001723334656","trial_id":46,"param_name":"PlateauHeight","param_value_internal":3.9354742985456816,"distribution":"{\"name\": \"FloatDistribution\", \"attributes\": {\"step\": null, \"low\": 2.0, \"high\": 4.0, \"log\": false}}"}
{"op_code":6,"worker_id":"ecfd478f-c300-4063-a362-86b643a9ac46-140116174675968","trial_id":44,"state":1,"values":[86.68144567569277,0.3285075763666406],"datetime_complete":"2026-06-15T20:37:10.071951"}
{"op_code":4,"worker_id":"ecfd478f-c300-4063-a362-86b643a9ac46-140116174675968","study_id":0,"datetime_start":"2026-06-15T20:37:10.085893"}
{"op_code":9,"worker_id":"ecfd478f-c300-4063-a362-86b643a9ac46-140116174675968","trial_id":47,"system_attr":{"nsga2:generation":0}}
{"op_code":5,"worker_id":"ecfd478f-c300-4063-a362-86b643a9ac46-140116174675968","trial_id":47,"param_name":"JointSlopeAngle","param_value_internal":0.5189734376951645,"distribution":"{\"name\": \"FloatDistribution\", \"attributes\": {\"step\": null, \"low\": 0.17453292519943295, \"high\": 1.0471975511965976, \"log\": false}}"}
{"op_code":5,"worker_id":"ecfd478f-c300-4063-a362-86b643a9ac46-140116174675968","trial_id":47,"param_name":"OuterRadius","param_value_internal":15.177169212294404,"distribution":"{\"name\": \"FloatDistribution\", \"attributes\": {\"step\": null, \"low\": 8.75, \"high\": 17.75, \"log\": false}}"}
{"op_code":5,"worker_id":"ecfd478f-c300-4063-a362-86b643a9ac46-140116174675968","trial_id":47,"param_name":"JointHeight","param_value_internal":6.936953522263687,"distribution":"{\"name\": \"FloatDistribution\", \"attributes\": {\"step\": null, \"low\": 5.0, \"high\": 8.0, \"log\": false}}"}
{"op_code":5,"worker_id":"ecfd478f-c300-4063-a362-86b643a9ac46-140116174675968","trial_id":47,"param_name":"CavityCorkThickness","param_value_internal":2.2164844274688953,"distribution":"{\"name\": \"FloatDistribution\", \"attributes\": {\"step\": null, \"low\": 2.0, \"high\": 5.0, \"log\": false}}"}
{"op_code":5,"worker_id":"ecfd478f-c300-4063-a362-86b643a9ac46-140116174675968","trial_id":47,"param_name":"BellowHeight","param_value_internal":8.744279419622284,"distribution":"{\"name\": \"FloatDistribution\", \"attributes\": {\"step\": null, \"low\": 6.0, \"high\": 10.0, \"log\": false}}"}
{"op_code":5,"worker_id":"ecfd478f-c300-4063-a362-86b643a9ac46-140116174675968","trial_id":47,"param_name":"WallThickness","param_value_internal":3.1908820168861967,"distribution":"{\"name\": \"FloatDistribution\", \"attributes\": {\"step\": null, \"low\": 2.0, \"high\": 4.0, \"log\": false}}"}
{"op_code":5,"worker_id":"ecfd478f-c300-4063-a362-86b643a9ac46-140116174675968","trial_id":47,"param_name":"PlateauHeight","param_value_internal":3.3975645466712336,"distribution":"{\"name\": \"FloatDistribution\", \"attributes\": {\"step\": null, \"low\": 2.0, \"high\": 4.0, \"log\": false}}"}
{"op_code":6,"worker_id":"ea3fa41f-a91b-46d0-97a9-182617744507-140708755648512","trial_id":45,"state":1,"values":[202.22360281937694,0.07832709508511206],"datetime_complete":"2026-06-15T20:37:14.204312"}
{"op_code":4,"worker_id":"ea3fa41f-a91b-46d0-97a9-182617744507-140708755648512","study_id":0,"datetime_start":"2026-06-15T20:37:14.217365"}
{"op_code":9,"worker_id":"ea3fa41f-a91b-46d0-97a9-182617744507-140708755648512","trial_id":48,"system_attr":{"nsga2:generation":0}}
{"op_code":5,"worker_id":"ea3fa41f-a91b-46d0-97a9-182617744507-140708755648512","trial_id":48,"param_name":"JointSlopeAngle","param_value_internal":0.9451745394612046,"distribution":"{\"name\": \"FloatDistribution\", \"attributes\": {\"step\": null, \"low\": 0.17453292519943295, \"high\": 1.0471975511965976, \"log\": false}}"}
{"op_code":5,"worker_id":"ea3fa41f-a91b-46d0-97a9-182617744507-140708755648512","trial_id":48,"param_name":"OuterRadius","param_value_internal":16.242809915042614,"distribution":"{\"name\": \"FloatDistribution\", \"attributes\": {\"step\": null, \"low\": 8.75, \"high\": 17.75, \"log\": false}}"}
{"op_code":5,"worker_id":"ea3fa41f-a91b-46d0-97a9-182617744507-140708755648512","trial_id":48,"param_name":"JointHeight","param_value_internal":5.791863537051495,"distribution":"{\"name\": \"FloatDistribution\", \"attributes\": {\"step\": null, \"low\": 5.0, \"high\": 8.0, \"log\": false}}"}
{"op_code":5,"worker_id":"ea3fa41f-a91b-46d0-97a9-182617744507-140708755648512","trial_id":48,"param_name":"CavityCorkThickness","param_value_internal":4.019696020953558,"distribution":"{\"name\": \"FloatDistribution\", \"attributes\": {\"step\": null, \"low\": 2.0, \"high\": 5.0, \"log\": false}}"}
{"op_code":5,"worker_id":"ea3fa41f-a91b-46d0-97a9-182617744507-140708755648512","trial_id":48,"param_name":"BellowHeight","param_value_internal":7.505812578085166,"distribution":"{\"name\": \"FloatDistribution\", \"attributes\": {\"step\": null, \"low\": 6.0, \"high\": 10.0, \"log\": false}}"}
{"op_code":5,"worker_id":"ea3fa41f-a91b-46d0-97a9-182617744507-140708755648512","trial_id":48,"param_name":"WallThickness","param_value_internal":3.3168442951561445,"distribution":"{\"name\": \"FloatDistribution\", \"attributes\": {\"step\": null, \"low\": 2.0, \"high\": 4.0, \"log\": false}}"}
{"op_code":5,"worker_id":"ea3fa41f-a91b-46d0-97a9-182617744507-140708755648512","trial_id":48,"param_name":"PlateauHeight","param_value_internal":3.6360810302045676,"distribution":"{\"name\": \"FloatDistribution\", \"attributes\": {\"step\": null, \"low\": 2.0, \"high\": 4.0, \"log\": false}}"}
{"op_code":6,"worker_id":"07f4433d-8105-495f-a34c-ca24fea40e31-140001723334656","trial_id":46,"state":1,"values":[139.14588414444512,0.0875044897161668],"datetime_complete":"2026-06-15T20:37:19.319961"}
{"op_code":4,"worker_id":"07f4433d-8105-495f-a34c-ca24fea40e31-140001723334656","study_id":0,"datetime_start":"2026-06-15T20:37:19.332135"}
{"op_code":9,"worker_id":"07f4433d-8105-495f-a34c-ca24fea40e31-140001723334656","trial_id":49,"system_attr":{"nsga2:generation":0}}
{"op_code":5,"worker_id":"07f4433d-8105-495f-a34c-ca24fea40e31-140001723334656","trial_id":49,"param_name":"JointSlopeAngle","param_value_internal":0.25888648532501357,"distribution":"{\"name\": \"FloatDistribution\", \"attributes\": {\"step\": null, \"low\": 0.17453292519943295, \"high\": 1.0471975511965976, \"log\": false}}"}
{"op_code":5,"worker_id":"07f4433d-8105-495f-a34c-ca24fea40e31-140001723334656","trial_id":49,"param_name":"OuterRadius","param_value_internal":13.579514194716687,"distribution":"{\"name\": \"FloatDistribution\", \"attributes\": {\"step\": null, \"low\": 8.75, \"high\": 17.75, \"log\": false}}"}
{"op_code":5,"worker_id":"07f4433d-8105-495f-a34c-ca24fea40e31-140001723334656","trial_id":49,"param_name":"JointHeight","param_value_internal":6.344992348087437,"distribution":"{\"name\": \"FloatDistribution\", \"attributes\": {\"step\": null, \"low\": 5.0, \"high\": 8.0, \"log\": false}}"}
{"op_code":5,"worker_id":"07f4433d-8105-495f-a34c-ca24fea40e31-140001723334656","trial_id":49,"param_name":"CavityCorkThickness","param_value_internal":4.392668595248776,"distribution":"{\"name\": \"FloatDistribution\", \"attributes\": {\"step\": null, \"low\": 2.0, \"high\": 5.0, \"log\": false}}"}
{"op_code":5,"worker_id":"07f4433d-8105-495f-a34c-ca24fea40e31-140001723334656","trial_id":49,"param_name":"BellowHeight","param_value_internal":6.42998853246022,"distribution":"{\"name\": \"FloatDistribution\", \"attributes\": {\"step\": null, \"low\": 6.0, \"high\": 10.0, \"log\": false}}"}
{"op_code":5,"worker_id":"07f4433d-8105-495f-a34c-ca24fea40e31-140001723334656","trial_id":49,"param_name":"WallThickness","param_value_internal":2.1272897774960953,"distribution":"{\"name\": \"FloatDistribution\", \"attributes\": {\"step\": null, \"low\": 2.0, \"high\": 4.0, \"log\": false}}"}
{"op_code":5,"worker_id":"07f4433d-8105-495f-a34c-ca24fea40e31-140001723334656","trial_id":49,"param_name":"PlateauHeight","param_value_internal":2.0074743248455853,"distribution":"{\"name\": \"FloatDistribution\", \"attributes\": {\"step\": null, \"low\": 2.0, \"high\": 4.0, \"log\": false}}"}
{"op_code":6,"worker_id":"ecfd478f-c300-4063-a362-86b643a9ac46-140116174675968","trial_id":47,"state":1,"values":[1122.4072147894854,0.37432698491227817],"datetime_complete":"2026-06-15T20:37:24.153350"}
{"op_code":4,"worker_id":"ecfd478f-c300-4063-a362-86b643a9ac46-140116174675968","study_id":0,"datetime_start":"2026-06-15T20:37:24.170496"}
{"op_code":9,"worker_id":"ecfd478f-c300-4063-a362-86b643a9ac46-140116174675968","trial_id":50,"system_attr":{"nsga2:generation":0}}
{"op_code":5,"worker_id":"ecfd478f-c300-4063-a362-86b643a9ac46-140116174675968","trial_id":50,"param_name":"JointSlopeAngle","param_value_internal":0.1993144766296469,"distribution":"{\"name\": \"FloatDistribution\", \"attributes\": {\"step\": null, \"low\": 0.17453292519943295, \"high\": 1.0471975511965976, \"log\": false}}"}
{"op_code":5,"worker_id":"ecfd478f-c300-4063-a362-86b643a9ac46-140116174675968","trial_id":50,"param_name":"OuterRadius","param_value_internal":15.552079448812187,"distribution":"{\"name\": \"FloatDistribution\", \"attributes\": {\"step\": null, \"low\": 8.75, \"high\": 17.75, \"log\": false}}"}
{"op_code":5,"worker_id":"ecfd478f-c300-4063-a362-86b643a9ac46-140116174675968","trial_id":50,"param_name":"JointHeight","param_value_internal":7.574183003015026,"distribution":"{\"name\": \"FloatDistribution\", \"attributes\": {\"step\": null, \"low\": 5.0, \"high\": 8.0, \"log\": false}}"}
{"op_code":5,"worker_id":"ecfd478f-c300-4063-a362-86b643a9ac46-140116174675968","trial_id":50,"param_name":"CavityCorkThickness","param_value_internal":3.9891847734233883,"distribution":"{\"name\": \"FloatDistribution\", \"attributes\": {\"step\": null, \"low\": 2.0, \"high\": 5.0, \"log\": false}}"}
{"op_code":5,"worker_id":"ecfd478f-c300-4063-a362-86b643a9ac46-140116174675968","trial_id":50,"param_name":"BellowHeight","param_value_internal":6.943020296137654,"distribution":"{\"name\": \"FloatDistribution\", \"attributes\": {\"step\": null, \"low\": 6.0, \"high\": 10.0, \"log\": false}}"}
{"op_code":5,"worker_id":"ecfd478f-c300-4063-a362-86b643a9ac46-140116174675968","trial_id":50,"param_name":"WallThickness","param_value_internal":3.8925918792591685,"distribution":"{\"name\": \"FloatDistribution\", \"attributes\": {\"step\": null, \"low\": 2.0, \"high\": 4.0, \"log\": false}}"}
{"op_code":5,"worker_id":"ecfd478f-c300-4063-a362-86b643a9ac46-140116174675968","trial_id":50,"param_name":"PlateauHeight","param_value_internal":2.9240886411363496,"distribution":"{\"name\": \"FloatDistribution\", \"attributes\": {\"step\": null, \"low\": 2.0, \"high\": 4.0, \"log\": false}}"}
{"op_code":6,"worker_id":"ea3fa41f-a91b-46d0-97a9-182617744507-140708755648512","trial_id":48,"state":1,"values":[917.3837689578544,0.4332301313884089],"datetime_complete":"2026-06-15T20:37:27.093506"}
{"op_code":4,"worker_id":"ea3fa41f-a91b-46d0-97a9-182617744507-140708755648512","study_id":0,"datetime_start":"2026-06-15T20:37:27.105210"}
{"op_code":9,"worker_id":"ea3fa41f-a91b-46d0-97a9-182617744507-140708755648512","trial_id":51,"system_attr":{"nsga2:generation":0}}
{"op_code":5,"worker_id":"ea3fa41f-a91b-46d0-97a9-182617744507-140708755648512","trial_id":51,"param_name":"JointSlopeAngle","param_value_internal":0.5612469156090625,"distribution":"{\"name\": \"FloatDistribution\", \"attributes\": {\"step\": null, \"low\": 0.17453292519943295, \"high\": 1.0471975511965976, \"log\": false}}"}
{"op_code":5,"worker_id":"ea3fa41f-a91b-46d0-97a9-182617744507-140708755648512","trial_id":51,"param_name":"OuterRadius","param_value_internal":16.573803566453357,"distribution":"{\"name\": \"FloatDistribution\", \"attributes\": {\"step\": null, \"low\": 8.75, \"high\": 17.75, \"log\": false}}"}
{"op_code":5,"worker_id":"ea3fa41f-a91b-46d0-97a9-182617744507-140708755648512","trial_id":51,"param_name":"JointHeight","param_value_internal":6.83042685249322,"distribution":"{\"name\": \"FloatDistribution\", \"attributes\": {\"step\": null, \"low\": 5.0, \"high\": 8.0, \"log\": false}}"}
{"op_code":5,"worker_id":"ea3fa41f-a91b-46d0-97a9-182617744507-140708755648512","trial_id":51,"param_name":"CavityCorkThickness","param_value_internal":2.3094655836982407,"distribution":"{\"name\": \"FloatDistribution\", \"attributes\": {\"step\": null, \"low\": 2.0, \"high\": 5.0, \"log\": false}}"}
{"op_code":5,"worker_id":"ea3fa41f-a91b-46d0-97a9-182617744507-140708755648512","trial_id":51,"param_name":"BellowHeight","param_value_internal":6.959443735930742,"distribution":"{\"name\": \"FloatDistribution\", \"attributes\": {\"step\": null, \"low\": 6.0, \"high\": 10.0, \"log\": false}}"}
{"op_code":5,"worker_id":"ea3fa41f-a91b-46d0-97a9-182617744507-140708755648512","trial_id":51,"param_name":"WallThickness","param_value_internal":2.7227829427978136,"distribution":"{\"name\": \"FloatDistribution\", \"attributes\": {\"step\": null, \"low\": 2.0, \"high\": 4.0, \"log\": false}}"}
{"op_code":5,"worker_id":"ea3fa41f-a91b-46d0-97a9-182617744507-140708755648512","trial_id":51,"param_name":"PlateauHeight","param_value_internal":2.1439004333582736,"distribution":"{\"name\": \"FloatDistribution\", \"attributes\": {\"step\": null, \"low\": 2.0, \"high\": 4.0, \"log\": false}}"}
{"op_code":6,"worker_id":"07f4433d-8105-495f-a34c-ca24fea40e31-140001723334656","trial_id":49,"state":1,"values":[470.7959161236667,0.22430528330259722],"datetime_complete":"2026-06-15T20:37:33.357638"}
{"op_code":4,"worker_id":"07f4433d-8105-495f-a34c-ca24fea40e31-140001723334656","study_id":0,"datetime_start":"2026-06-15T20:37:33.368971"}
{"op_code":9,"worker_id":"07f4433d-8105-495f-a34c-ca24fea40e31-140001723334656","trial_id":52,"system_attr":{"nsga2:generation":0}}
{"op_code":5,"worker_id":"07f4433d-8105-495f-a34c-ca24fea40e31-140001723334656","trial_id":52,"param_name":"JointSlopeAngle","param_value_internal":0.6707696787001254,"distribution":"{\"name\": \"FloatDistribution\", \"attributes\": {\"step\": null, \"low\": 0.17453292519943295, \"high\": 1.0471975511965976, \"log\": false}}"}
{"op_code":5,"worker_id":"07f4433d-8105-495f-a34c-ca24fea40e31-140001723334656","trial_id":52,"param_name":"OuterRadius","param_value_internal":12.7132895456265,"distribution":"{\"name\": \"FloatDistribution\", \"attributes\": {\"step\": null, \"low\": 8.75, \"high\": 17.75, \"log\": false}}"}
{"op_code":5,"worker_id":"07f4433d-8105-495f-a34c-ca24fea40e31-140001723334656","trial_id":52,"param_name":"JointHeight","param_value_internal":5.607183485895478,"distribution":"{\"name\": \"FloatDistribution\", \"attributes\": {\"step\": null, \"low\": 5.0, \"high\": 8.0, \"log\": false}}"}
{"op_code":5,"worker_id":"07f4433d-8105-495f-a34c-ca24fea40e31-140001723334656","trial_id":52,"param_name":"CavityCorkThickness","param_value_internal":4.060123844963072,"distribution":"{\"name\": \"FloatDistribution\", \"attributes\": {\"step\": null, \"low\": 2.0, \"high\": 5.0, \"log\": false}}"}
{"op_code":5,"worker_id":"07f4433d-8105-495f-a34c-ca24fea40e31-140001723334656","trial_id":52,"param_name":"BellowHeight","param_value_internal":9.051688909860314,"distribution":"{\"name\": \"FloatDistribution\", \"attributes\": {\"step\": null, \"low\": 6.0, \"high\": 10.0, \"log\": false}}"}
{"op_code":5,"worker_id":"07f4433d-8105-495f-a34c-ca24fea40e31-140001723334656","trial_id":52,"param_name":"WallThickness","param_value_internal":3.891099173221072,"distribution":"{\"name\": \"FloatDistribution\", \"attributes\": {\"step\": null, \"low\": 2.0, \"high\": 4.0, \"log\": false}}"}
{"op_code":5,"worker_id":"07f4433d-8105-495f-a34c-ca24fea40e31-140001723334656","trial_id":52,"param_name":"PlateauHeight","param_value_internal":2.6334003527725915,"distribution":"{\"name\": \"FloatDistribution\", \"attributes\": {\"step\": null, \"low\": 2.0, \"high\": 4.0, \"log\": false}}"}
{"op_code":6,"worker_id":"ecfd478f-c300-4063-a362-86b643a9ac46-140116174675968","trial_id":50,"state":1,"values":[597.2233535768212,0.31340553131607496],"datetime_complete":"2026-06-15T20:37:37.696596"}
{"op_code":4,"worker_id":"ecfd478f-c300-4063-a362-86b643a9ac46-140116174675968","study_id":0,"datetime_start":"2026-06-15T20:37:37.711702"}
{"op_code":9,"worker_id":"ecfd478f-c300-4063-a362-86b643a9ac46-140116174675968","trial_id":53,"system_attr":{"nsga2:generation":0}}
{"op_code":5,"worker_id":"ecfd478f-c300-4063-a362-86b643a9ac46-140116174675968","trial_id":53,"param_name":"JointSlopeAngle","param_value_internal":0.7447825655413925,"distribution":"{\"name\": \"FloatDistribution\", \"attributes\": {\"step\": null, \"low\": 0.17453292519943295, \"high\": 1.0471975511965976, \"log\": false}}"}
{"op_code":5,"worker_id":"ecfd478f-c300-4063-a362-86b643a9ac46-140116174675968","trial_id":53,"param_name":"OuterRadius","param_value_internal":15.919381857059122,"distribution":"{\"name\": \"FloatDistribution\", \"attributes\": {\"step\": null, \"low\": 8.75, \"high\": 17.75, \"log\": false}}"}
{"op_code":5,"worker_id":"ecfd478f-c300-4063-a362-86b643a9ac46-140116174675968","trial_id":53,"param_name":"JointHeight","param_value_internal":7.5149255616794015,"distribution":"{\"name\": \"FloatDistribution\", \"attributes\": {\"step\": null, \"low\": 5.0, \"high\": 8.0, \"log\": false}}"}
{"op_code":5,"worker_id":"ecfd478f-c300-4063-a362-86b643a9ac46-140116174675968","trial_id":53,"param_name":"CavityCorkThickness","param_value_internal":2.405525650255897,"distribution":"{\"name\": \"FloatDistribution\", \"attributes\": {\"step\": null, \"low\": 2.0, \"high\": 5.0, \"log\": false}}"}
{"op_code":5,"worker_id":"ecfd478f-c300-4063-a362-86b643a9ac46-140116174675968","trial_id":53,"param_name":"BellowHeight","param_value_internal":9.873046074677653,"distribution":"{\"name\": \"FloatDistribution\", \"attributes\": {\"step\": null, \"low\": 6.0, \"high\": 10.0, \"log\": false}}"}
{"op_code":5,"worker_id":"ecfd478f-c300-4063-a362-86b643a9ac46-140116174675968","trial_id":53,"param_name":"WallThickness","param_value_internal":2.224254426673263,"distribution":"{\"name\": \"FloatDistribution\", \"attributes\": {\"step\": null, \"low\": 2.0, \"high\": 4.0, \"log\": false}}"}
{"op_code":5,"worker_id":"ecfd478f-c300-4063-a362-86b643a9ac46-140116174675968","trial_id":53,"param_name":"PlateauHeight","param_value_internal":3.670232198420761,"distribution":"{\"name\": \"FloatDistribution\", \"attributes\": {\"step\": null, \"low\": 2.0, \"high\": 4.0, \"log\": false}}"}
{"op_code":6,"worker_id":"ea3fa41f-a91b-46d0-97a9-182617744507-140708755648512","trial_id":51,"state":1,"values":[1227.8530363736954,0.3988732090047184],"datetime_complete":"2026-06-15T20:37:40.200364"}
{"op_code":4,"worker_id":"ea3fa41f-a91b-46d0-97a9-182617744507-140708755648512","study_id":0,"datetime_start":"2026-06-15T20:37:40.210667"}
{"op_code":9,"worker_id":"ea3fa41f-a91b-46d0-97a9-182617744507-140708755648512","trial_id":54,"system_attr":{"nsga2:generation":1}}
{"op_code":5,"worker_id":"ea3fa41f-a91b-46d0-97a9-182617744507-140708755648512","trial_id":54,"param_name":"JointSlopeAngle","param_value_internal":0.9367054297789487,"distribution":"{\"name\": \"FloatDistribution\", \"attributes\": {\"step\": null, \"low\": 0.17453292519943295, \"high\": 1.0471975511965976, \"log\": false}}"}
{"op_code":5,"worker_id":"ea3fa41f-a91b-46d0-97a9-182617744507-140708755648512","trial_id":54,"param_name":"OuterRadius","param_value_internal":17.075028363337864,"distribution":"{\"name\": \"FloatDistribution\", \"attributes\": {\"step\": null, \"low\": 8.75, \"high\": 17.75, \"log\": false}}"}
{"op_code":5,"worker_id":"ea3fa41f-a91b-46d0-97a9-182617744507-140708755648512","trial_id":54,"param_name":"JointHeight","param_value_internal":5.43133360197518,"distribution":"{\"name\": \"FloatDistribution\", \"attributes\": {\"step\": null, \"low\": 5.0, \"high\": 8.0, \"log\": false}}"}
{"op_code":5,"worker_id":"ea3fa41f-a91b-46d0-97a9-182617744507-140708755648512","trial_id":54,"param_name":"CavityCorkThickness","param_value_internal":3.5276492347621415,"distribution":"{\"name\": \"FloatDistribution\", \"attributes\": {\"step\": null, \"low\": 2.0, \"high\": 5.0, \"log\": false}}"}
{"op_code":5,"worker_id":"ea3fa41f-a91b-46d0-97a9-182617744507-140708755648512","trial_id":54,"param_name":"BellowHeight","param_value_internal":9.745414131678086,"distribution":"{\"name\": \"FloatDistribution\", \"attributes\": {\"step\": null, \"low\": 6.0, \"high\": 10.0, \"log\": false}}"}
{"op_code":5,"worker_id":"ea3fa41f-a91b-46d0-97a9-182617744507-140708755648512","trial_id":54,"param_name":"WallThickness","param_value_internal":2.742974654550793,"distribution":"{\"name\": \"FloatDistribution\", \"attributes\": {\"step\": null, \"low\": 2.0, \"high\": 4.0, \"log\": false}}"}
{"op_code":5,"worker_id":"ea3fa41f-a91b-46d0-97a9-182617744507-140708755648512","trial_id":54,"param_name":"PlateauHeight","param_value_internal":2.087315418408496,"distribution":"{\"name\": \"FloatDistribution\", \"attributes\": {\"step\": null, \"low\": 2.0, \"high\": 4.0, \"log\": false}}"}
{"op_code":6,"worker_id":"07f4433d-8105-495f-a34c-ca24fea40e31-140001723334656","trial_id":52,"state":1,"values":[313.1577190985579,0.4256992436484526],"datetime_complete":"2026-06-15T20:37:44.495182"}
{"op_code":4,"worker_id":"07f4433d-8105-495f-a34c-ca24fea40e31-140001723334656","study_id":0,"datetime_start":"2026-06-15T20:37:44.508481"}
{"op_code":9,"worker_id":"07f4433d-8105-495f-a34c-ca24fea40e31-140001723334656","trial_id":55,"system_attr":{"nsga2:generation":1}}
{"op_code":5,"worker_id":"07f4433d-8105-495f-a34c-ca24fea40e31-140001723334656","trial_id":55,"param_name":"JointSlopeAngle","param_value_internal":0.5189734376951645,"distribution":"{\"name\": \"FloatDistribution\", \"attributes\": {\"step\": null, \"low\": 0.17453292519943295, \"high\": 1.0471975511965976, \"log\": false}}"}
{"op_code":5,"worker_id":"07f4433d-8105-495f-a34c-ca24fea40e31-140001723334656","trial_id":55,"param_name":"OuterRadius","param_value_internal":15.177169212294404,"distribution":"{\"name\": \"FloatDistribution\", \"attributes\": {\"step\": null, \"low\": 8.75, \"high\": 17.75, \"log\": false}}"}
{"op_code":5,"worker_id":"07f4433d-8105-495f-a34c-ca24fea40e31-140001723334656","trial_id":55,"param_name":"JointHeight","param_value_internal":6.936953522263687,"distribution":"{\"name\": \"FloatDistribution\", \"attributes\": {\"step\": null, \"low\": 5.0, \"high\": 8.0, \"log\": false}}"}
{"op_code":5,"worker_id":"07f4433d-8105-495f-a34c-ca24fea40e31-140001723334656","trial_id":55,"param_name":"CavityCorkThickness","param_value_internal":2.2164844274688953,"distribution":"{\"name\": \"FloatDistribution\", \"attributes\": {\"step\": null, \"low\": 2.0, \"high\": 5.0, \"log\": false}}"}
{"op_code":5,"worker_id":"07f4433d-8105-495f-a34c-ca24fea40e31-140001723334656","trial_id":55,"param_name":"BellowHeight","param_value_internal":6.115373624836522,"distribution":"{\"name\": \"FloatDistribution\", \"attributes\": {\"step\": null, \"low\": 6.0, \"high\": 10.0, \"log\": false}}"}
{"op_code":5,"worker_id":"07f4433d-8105-495f-a34c-ca24fea40e31-140001723334656","trial_id":55,"param_name":"WallThickness","param_value_internal":2.742974654550793,"distribution":"{\"name\": \"FloatDistribution\", \"attributes\": {\"step\": null, \"low\": 2.0, \"high\": 4.0, \"log\": false}}"}
{"op_code":5,"worker_id":"07f4433d-8105-495f-a34c-ca24fea40e31-140001723334656","trial_id":55,"param_name":"PlateauHeight","param_value_internal":2.3745053260966618,"distribution":"{\"name\": \"FloatDistribution\", \"attributes\": {\"step\": null, \"low\": 2.0, \"high\": 4.0, \"log\": false}}"}
{"op_code":6,"worker_id":"ecfd478f-c300-4063-a362-86b643a9ac46-140116174675968","trial_id":53,"state":1,"values":[1706.9247380421696,0.4266941565496351],"datetime_complete":"2026-06-15T20:37:52.148360"}
{"op_code":4,"worker_id":"ecfd478f-c300-4063-a362-86b643a9ac46-140116174675968","study_id":0,"datetime_start":"2026-06-15T20:37:52.163271"}
{"op_code":9,"worker_id":"ecfd478f-c300-4063-a362-86b643a9ac46-140116174675968","trial_id":56,"system_attr":{"nsga2:generation":1}}
{"op_code":5,"worker_id":"ecfd478f-c300-4063-a362-86b643a9ac46-140116174675968","trial_id":56,"param_name":"JointSlopeAngle","param_value_internal":0.8285673771938452,"distribution":"{\"name\": \"FloatDistribution\", \"attributes\": {\"step\": null, \"low\": 0.17453292519943295, \"high\": 1.0471975511965976, \"log\": false}}"}
{"op_code":5,"worker_id":"ecfd478f-c300-4063-a362-86b643a9ac46-140116174675968","trial_id":56,"param_name":"OuterRadius","param_value_internal":12.028617174494219,"distribution":"{\"name\": \"FloatDistribution\", \"attributes\": {\"step\": null, \"low\": 8.75, \"high\": 17.75, \"log\": false}}"}
{"op_code":5,"worker_id":"ecfd478f-c300-4063-a362-86b643a9ac46-140116174675968","trial_id":56,"param_name":"JointHeight","param_value_internal":6.243015423264384,"distribution":"{\"name\": \"FloatDistribution\", \"attributes\": {\"step\": null, \"low\": 5.0, \"high\": 8.0, \"log\": false}}"}
{"op_code":5,"worker_id":"ecfd478f-c300-4063-a362-86b643a9ac46-140116174675968","trial_id":56,"param_name":"CavityCorkThickness","param_value_internal":4.638858068220836,"distribution":"{\"name\": \"FloatDistribution\", \"attributes\": {\"step\": null, \"low\": 2.0, \"high\": 5.0, \"log\": false}}"}
{"op_code":5,"worker_id":"ecfd478f-c300-4063-a362-86b643a9ac46-140116174675968","trial_id":56,"param_name":"BellowHeight","param_value_internal":6.264352647219921,"distribution":"{\"name\": \"FloatDistribution\", \"attributes\": {\"step\": null, \"low\": 6.0, \"high\": 10.0, \"log\": false}}"}
{"op_code":5,"worker_id":"ecfd478f-c300-4063-a362-86b643a9ac46-140116174675968","trial_id":56,"param_name":"WallThickness","param_value_internal":2.438203684913686,"distribution":"{\"name\": \"FloatDistribution\", \"attributes\": {\"step\": null, \"low\": 2.0, \"high\": 4.0, \"log\": false}}"}
{"op_code":5,"worker_id":"ecfd478f-c300-4063-a362-86b643a9ac46-140116174675968","trial_id":56,"param_name":"PlateauHeight","param_value_internal":2.0547104582499465,"distribution":"{\"name\": \"FloatDistribution\", \"attributes\": {\"step\": null, \"low\": 2.0, \"high\": 4.0, \"log\": false}}"}
{"op_code":6,"worker_id":"ea3fa41f-a91b-46d0-97a9-182617744507-140708755648512","trial_id":54,"state":1,"values":[1338.9563679125536,0.40814569024166775],"datetime_complete":"2026-06-15T20:37:53.188191"}
{"op_code":4,"worker_id":"ea3fa41f-a91b-46d0-97a9-182617744507-140708755648512","study_id":0,"datetime_start":"2026-06-15T20:37:53.201227"}
{"op_code":9,"worker_id":"ea3fa41f-a91b-46d0-97a9-182617744507-140708755648512","trial_id":57,"system_attr":{"nsga2:generation":1}}
{"op_code":5,"worker_id":"ea3fa41f-a91b-46d0-97a9-182617744507-140708755648512","trial_id":57,"param_name":"JointSlopeAngle","param_value_internal":0.7101123787546164,"distribution":"{\"name\": \"FloatDistribution\", \"attributes\": {\"step\": null, \"low\": 0.17453292519943295, \"high\": 1.0471975511965976, \"log\": false}}"}
{"op_code":5,"worker_id":"ea3fa41f-a91b-46d0-97a9-182617744507-140708755648512","trial_id":57,"param_name":"OuterRadius","param_value_internal":12.7132895456265,"distribution":"{\"name\": \"FloatDistribution\", \"attributes\": {\"step\": null, \"low\": 8.75, \"high\": 17.75, \"log\": false}}"}
{"op_code":5,"worker_id":"ea3fa41f-a91b-46d0-97a9-182617744507-140708755648512","trial_id":57,"param_name":"JointHeight","param_value_internal":5.607183485895478,"distribution":"{\"name\": \"FloatDistribution\", \"attributes\": {\"step\": null, \"low\": 5.0, \"high\": 8.0, \"log\": false}}"}
{"op_code":5,"worker_id":"ea3fa41f-a91b-46d0-97a9-182617744507-140708755648512","trial_id":57,"param_name":"CavityCorkThickness","param_value_internal":4.1768162132779585,"distribution":"{\"name\": \"FloatDistribution\", \"attributes\": {\"step\": null, \"low\": 2.0, \"high\": 5.0, \"log\": false}}"}
{"op_code":5,"worker_id":"ea3fa41f-a91b-46d0-97a9-182617744507-140708755648512","trial_id":57,"param_name":"BellowHeight","param_value_internal":7.605444615651337,"distribution":"{\"name\": \"FloatDistribution\", \"attributes\": {\"step\": null, \"low\": 6.0, \"high\": 10.0, \"log\": false}}"}
{"op_code":5,"worker_id":"ea3fa41f-a91b-46d0-97a9-182617744507-140708755648512","trial_id":57,"param_name":"WallThickness","param_value_internal":2.227510577022482,"distribution":"{\"name\": \"FloatDistribution\", \"attributes\": {\"step\": null, \"low\": 2.0, \"high\": 4.0, \"log\": false}}"}
{"op_code":5,"worker_id":"ea3fa41f-a91b-46d0-97a9-182617744507-140708755648512","trial_id":57,"param_name":"PlateauHeight","param_value_internal":2.898196006278387,"distribution":"{\"name\": \"FloatDistribution\", \"attributes\": {\"step\": null, \"low\": 2.0, \"high\": 4.0, \"log\": false}}"}
{"op_code":6,"worker_id":"07f4433d-8105-495f-a34c-ca24fea40e31-140001723334656","trial_id":55,"state":1,"values":[914.316323027103,0.4080491122400458],"datetime_complete":"2026-06-15T20:37:57.425622"}
{"op_code":4,"worker_id":"07f4433d-8105-495f-a34c-ca24fea40e31-140001723334656","study_id":0,"datetime_start":"2026-06-15T20:37:57.439258"}
{"op_code":9,"worker_id":"07f4433d-8105-495f-a34c-ca24fea40e31-140001723334656","trial_id":58,"system_attr":{"nsga2:generation":1}}
{"op_code":5,"worker_id":"07f4433d-8105-495f-a34c-ca24fea40e31-140001723334656","trial_id":58,"param_name":"JointSlopeAngle","param_value_internal":0.7713037295757679,"distribution":"{\"name\": \"FloatDistribution\", \"attributes\": {\"step\": null, \"low\": 0.17453292519943295, \"high\": 1.0471975511965976, \"log\": false}}"}
{"op_code":5,"worker_id":"07f4433d-8105-495f-a34c-ca24fea40e31-140001723334656","trial_id":58,"param_name":"OuterRadius","param_value_internal":12.786938324924012,"distribution":"{\"name\": \"FloatDistribution\", \"attributes\": {\"step\": null, \"low\": 8.75, \"high\": 17.75, \"log\": false}}"}
{"op_code":5,"worker_id":"07f4433d-8105-495f-a34c-ca24fea40e31-140001723334656","trial_id":58,"param_name":"JointHeight","param_value_internal":7.957242184419182,"distribution":"{\"name\": \"FloatDistribution\", \"attributes\": {\"step\": null, \"low\": 5.0, \"high\": 8.0, \"log\": false}}"}
{"op_code":5,"worker_id":"07f4433d-8105-495f-a34c-ca24fea40e31-140001723334656","trial_id":58,"param_name":"CavityCorkThickness","param_value_internal":2.6258482807713683,"distribution":"{\"name\": \"FloatDistribution\", \"attributes\": {\"step\": null, \"low\": 2.0, \"high\": 5.0, \"log\": false}}"}
{"op_code":5,"worker_id":"07f4433d-8105-495f-a34c-ca24fea40e31-140001723334656","trial_id":58,"param_name":"BellowHeight","param_value_internal":9.480952810752886,"distribution":"{\"name\": \"FloatDistribution\", \"attributes\": {\"step\": null, \"low\": 6.0, \"high\": 10.0, \"log\": false}}"}
{"op_code":5,"worker_id":"07f4433d-8105-495f-a34c-ca24fea40e31-140001723334656","trial_id":58,"param_name":"WallThickness","param_value_internal":2.3242245184732684,"distribution":"{\"name\": \"FloatDistribution\", \"attributes\": {\"step\": null, \"low\": 2.0, \"high\": 4.0, \"log\": false}}"}
{"op_code":5,"worker_id":"07f4433d-8105-495f-a34c-ca24fea40e31-140001723334656","trial_id":58,"param_name":"PlateauHeight","param_value_internal":3.1728068283449504,"distribution":"{\"name\": \"FloatDistribution\", \"attributes\": {\"step\": null, \"low\": 2.0, \"high\": 4.0, \"log\": false}}"}
{"op_code":6,"worker_id":"ecfd478f-c300-4063-a362-86b643a9ac46-140116174675968","trial_id":56,"state":1,"values":[252.68825887135273,0.45570072949734447],"datetime_complete":"2026-06-15T20:38:05.178467"}
{"op_code":4,"worker_id":"ecfd478f-c300-4063-a362-86b643a9ac46-140116174675968","study_id":0,"datetime_start":"2026-06-15T20:38:05.195230"}
{"op_code":9,"worker_id":"ecfd478f-c300-4063-a362-86b643a9ac46-140116174675968","trial_id":59,"system_attr":{"nsga2:generation":1}}
{"op_code":5,"worker_id":"ecfd478f-c300-4063-a362-86b643a9ac46-140116174675968","trial_id":59,"param_name":"JointSlopeAngle","param_value_internal":0.38964753509426,"distribution":"{\"name\": \"FloatDistribution\", \"attributes\": {\"step\": null, \"low\": 0.17453292519943295, \"high\": 1.0471975511965976, \"log\": false}}"}
{"op_code":5,"worker_id":"ecfd478f-c300-4063-a362-86b643a9ac46-140116174675968","trial_id":59,"param_name":"OuterRadius","param_value_internal":10.318404638180999,"distribution":"{\"name\": \"FloatDistribution\", \"attributes\": {\"step\": null, \"low\": 8.75, \"high\": 17.75, \"log\": false}}"}
{"op_code":5,"worker_id":"ecfd478f-c300-4063-a362-86b643a9ac46-140116174675968","trial_id":59,"param_name":"JointHeight","param_value_internal":5.416674138896036,"distribution":"{\"name\": \"FloatDistribution\", \"attributes\": {\"step\": null, \"low\": 5.0, \"high\": 8.0, \"log\": false}}"}
{"op_code":5,"worker_id":"ecfd478f-c300-4063-a362-86b643a9ac46-140116174675968","trial_id":59,"param_name":"CavityCorkThickness","param_value_internal":3.5349951913402524,"distribution":"{\"name\": \"FloatDistribution\", \"attributes\": {\"step\": null, \"low\": 2.0, \"high\": 5.0, \"log\": false}}"}
{"op_code":5,"worker_id":"ecfd478f-c300-4063-a362-86b643a9ac46-140116174675968","trial_id":59,"param_name":"BellowHeight","param_value_internal":6.710335356463079,"distribution":"{\"name\": \"FloatDistribution\", \"attributes\": {\"step\": null, \"low\": 6.0, \"high\": 10.0, \"log\": false}}"}
{"op_code":5,"worker_id":"ecfd478f-c300-4063-a362-86b643a9ac46-140116174675968","trial_id":59,"param_name":"WallThickness","param_value_internal":3.251465431992682,"distribution":"{\"name\": \"FloatDistribution\", \"attributes\": {\"step\": null, \"low\": 2.0, \"high\": 4.0, \"log\": false}}"}
{"op_code":5,"worker_id":"ecfd478f-c300-4063-a362-86b643a9ac46-140116174675968","trial_id":59,"param_name":"PlateauHeight","param_value_internal":2.3070853933568345,"distribution":"{\"name\": \"FloatDistribution\", \"attributes\": {\"step\": null, \"low\": 2.0, \"high\": 4.0, \"log\": false}}"}
{"op_code":6,"worker_id":"ea3fa41f-a91b-46d0-97a9-182617744507-140708755648512","trial_id":57,"state":1,"values":[488.19841791316514,0.43095992013081863],"datetime_complete":"2026-06-15T20:38:05.701887"}
{"op_code":4,"worker_id":"ea3fa41f-a91b-46d0-97a9-182617744507-140708755648512","study_id":0,"datetime_start":"2026-06-15T20:38:05.714512"}
{"op_code":9,"worker_id":"ea3fa41f-a91b-46d0-97a9-182617744507-140708755648512","trial_id":60,"system_attr":{"nsga2:generation":1}}
{"op_code":5,"worker_id":"ea3fa41f-a91b-46d0-97a9-182617744507-140708755648512","trial_id":60,"param_name":"JointSlopeAngle","param_value_internal":0.34374367426141245,"distribution":"{\"name\": \"FloatDistribution\", \"attributes\": {\"step\": null, \"low\": 0.17453292519943295, \"high\": 1.0471975511965976, \"log\": false}}"}
{"op_code":5,"worker_id":"ea3fa41f-a91b-46d0-97a9-182617744507-140708755648512","trial_id":60,"param_name":"OuterRadius","param_value_internal":17.115780873326123,"distribution":"{\"name\": \"FloatDistribution\", \"attributes\": {\"step\": null, \"low\": 8.75, \"high\": 17.75, \"log\": false}}"}
{"op_code":5,"worker_id":"ea3fa41f-a91b-46d0-97a9-182617744507-140708755648512","trial_id":60,"param_name":"JointHeight","param_value_internal":6.344992348087437,"distribution":"{\"name\": \"FloatDistribution\", \"attributes\": {\"step\": null, \"low\": 5.0, \"high\": 8.0, \"log\": false}}"}
{"op_code":5,"worker_id":"ea3fa41f-a91b-46d0-97a9-182617744507-140708755648512","trial_id":60,"param_name":"CavityCorkThickness","param_value_internal":2.8293749105170254,"distribution":"{\"name\": \"FloatDistribution\", \"attributes\": {\"step\": null, \"low\": 2.0, \"high\": 5.0, \"log\": false}}"}
{"op_code":5,"worker_id":"ea3fa41f-a91b-46d0-97a9-182617744507-140708755648512","trial_id":60,"param_name":"BellowHeight","param_value_internal":7.836512648118768,"distribution":"{\"name\": \"FloatDistribution\", \"attributes\": {\"step\": null, \"low\": 6.0, \"high\": 10.0, \"log\": false}}"}
{"op_code":5,"worker_id":"ea3fa41f-a91b-46d0-97a9-182617744507-140708755648512","trial_id":60,"param_name":"WallThickness","param_value_internal":2.1272897774960953,"distribution":"{\"name\": \"FloatDistribution\", \"attributes\": {\"step\": null, \"low\": 2.0, \"high\": 4.0, \"log\": false}}"}
{"op_code":5,"worker_id":"ea3fa41f-a91b-46d0-97a9-182617744507-140708755648512","trial_id":60,"param_name":"PlateauHeight","param_value_internal":2.0074743248455853,"distribution":"{\"name\": \"FloatDistribution\", \"attributes\": {\"step\": null, \"low\": 2.0, \"high\": 4.0, \"log\": false}}"}
{"op_code":6,"worker_id":"07f4433d-8105-495f-a34c-ca24fea40e31-140001723334656","trial_id":58,"state":1,"values":[828.0695450762905,0.3528613609528879],"datetime_complete":"2026-06-15T20:38:10.134515"}
{"op_code":4,"worker_id":"07f4433d-8105-495f-a34c-ca24fea40e31-140001723334656","study_id":0,"datetime_start":"2026-06-15T20:38:10.149727"}
{"op_code":9,"worker_id":"07f4433d-8105-495f-a34c-ca24fea40e31-140001723334656","trial_id":61,"system_attr":{"nsga2:generation":1}}
{"op_code":5,"worker_id":"07f4433d-8105-495f-a34c-ca24fea40e31-140001723334656","trial_id":61,"param_name":"JointSlopeAngle","param_value_internal":0.34374367426141245,"distribution":"{\"name\": \"FloatDistribution\", \"attributes\": {\"step\": null, \"low\": 0.17453292519943295, \"high\": 1.0471975511965976, \"log\": false}}"}
{"op_code":5,"worker_id":"07f4433d-8105-495f-a34c-ca24fea40e31-140001723334656","trial_id":61,"param_name":"OuterRadius","param_value_internal":17.005765415630957,"distribution":"{\"name\": \"FloatDistribution\", \"attributes\": {\"step\": null, \"low\": 8.75, \"high\": 17.75, \"log\": false}}"}
{"op_code":5,"worker_id":"07f4433d-8105-495f-a34c-ca24fea40e31-140001723334656","trial_id":61,"param_name":"JointHeight","param_value_internal":6.243015423264384,"distribution":"{\"name\": \"FloatDistribution\", \"attributes\": {\"step\": null, \"low\": 5.0, \"high\": 8.0, \"log\": false}}"}
{"op_code":5,"worker_id":"07f4433d-8105-495f-a34c-ca24fea40e31-140001723334656","trial_id":61,"param_name":"CavityCorkThickness","param_value_internal":3.6066301331200137,"distribution":"{\"name\": \"FloatDistribution\", \"attributes\": {\"step\": null, \"low\": 2.0, \"high\": 5.0, \"log\": false}}"}
{"op_code":5,"worker_id":"07f4433d-8105-495f-a34c-ca24fea40e31-140001723334656","trial_id":61,"param_name":"BellowHeight","param_value_internal":7.470610084768803,"distribution":"{\"name\": \"FloatDistribution\", \"attributes\": {\"step\": null, \"low\": 6.0, \"high\": 10.0, \"log\": false}}"}
{"op_code":5,"worker_id":"07f4433d-8105-495f-a34c-ca24fea40e31-140001723334656","trial_id":61,"param_name":"WallThickness","param_value_internal":2.438203684913686,"distribution":"{\"name\": \"FloatDistribution\", \"attributes\": {\"step\": null, \"low\": 2.0, \"high\": 4.0, \"log\": false}}"}
{"op_code":5,"worker_id":"07f4433d-8105-495f-a34c-ca24fea40e31-140001723334656","trial_id":61,"param_name":"PlateauHeight","param_value_internal":2.0547104582499465,"distribution":"{\"name\": \"FloatDistribution\", \"attributes\": {\"step\": null, \"low\": 2.0, \"high\": 4.0, \"log\": false}}"}
{"op_code":6,"worker_id":"ecfd478f-c300-4063-a362-86b643a9ac46-140116174675968","trial_id":59,"state":1,"values":[153.07490155433885,0.20694937957159543],"datetime_complete":"2026-06-15T20:38:17.829734"}
{"op_code":4,"worker_id":"ecfd478f-c300-4063-a362-86b643a9ac46-140116174675968","study_id":0,"datetime_start":"2026-06-15T20:38:17.847511"}
{"op_code":9,"worker_id":"ecfd478f-c300-4063-a362-86b643a9ac46-140116174675968","trial_id":62,"system_attr":{"nsga2:generation":1}}
{"op_code":5,"worker_id":"ecfd478f-c300-4063-a362-86b643a9ac46-140116174675968","trial_id":62,"param_name":"JointSlopeAngle","param_value_internal":0.38804013511803015,"distribution":"{\"name\": \"FloatDistribution\", \"attributes\": {\"step\": null, \"low\": 0.17453292519943295, \"high\": 1.0471975511965976, \"log\": false}}"}
{"op_code":5,"worker_id":"ecfd478f-c300-4063-a362-86b643a9ac46-140116174675968","trial_id":62,"param_name":"OuterRadius","param_value_internal":13.021695811079674,"distribution":"{\"name\": \"FloatDistribution\", \"attributes\": {\"step\": null, \"low\": 8.75, \"high\": 17.75, \"log\": false}}"}
{"op_code":5,"worker_id":"ecfd478f-c300-4063-a362-86b643a9ac46-140116174675968","trial_id":62,"param_name":"JointHeight","param_value_internal":5.43133360197518,"distribution":"{\"name\": \"FloatDistribution\", \"attributes\": {\"step\": null, \"low\": 5.0, \"high\": 8.0, \"log\": false}}"}
{"op_code":5,"worker_id":"ecfd478f-c300-4063-a362-86b643a9ac46-140116174675968","trial_id":62,"param_name":"CavityCorkThickness","param_value_internal":3.5276492347621415,"distribution":"{\"name\": \"FloatDistribution\", \"attributes\": {\"step\": null, \"low\": 2.0, \"high\": 5.0, \"log\": false}}"}
{"op_code":5,"worker_id":"ecfd478f-c300-4063-a362-86b643a9ac46-140116174675968","trial_id":62,"param_name":"BellowHeight","param_value_internal":7.9378353206040515,"distribution":"{\"name\": \"FloatDistribution\", \"attributes\": {\"step\": null, \"low\": 6.0, \"high\": 10.0, \"log\": false}}"}
{"op_code":5,"worker_id":"ecfd478f-c300-4063-a362-86b643a9ac46-140116174675968","trial_id":62,"param_name":"WallThickness","param_value_internal":3.0397725746911166,"distribution":"{\"name\": \"FloatDistribution\", \"attributes\": {\"step\": null, \"low\": 2.0, \"high\": 4.0, \"log\": false}}"}
{"op_code":5,"worker_id":"ecfd478f-c300-4063-a362-86b643a9ac46-140116174675968","trial_id":62,"param_name":"PlateauHeight","param_value_internal":3.1100940440357823,"distribution":"{\"name\": \"FloatDistribution\", \"attributes\": {\"step\": null, \"low\": 2.0, \"high\": 4.0, \"log\": false}}"}
{"op_code":6,"worker_id":"ea3fa41f-a91b-46d0-97a9-182617744507-140708755648512","trial_id":60,"state":1,"values":[1456.773566577951,0.3734938140210096],"datetime_complete":"2026-06-15T20:38:19.578234"}
{"op_code":4,"worker_id":"ea3fa41f-a91b-46d0-97a9-182617744507-140708755648512","study_id":0,"datetime_start":"2026-06-15T20:38:19.598309"}
{"op_code":9,"worker_id":"ea3fa41f-a91b-46d0-97a9-182617744507-140708755648512","trial_id":63,"system_attr":{"nsga2:generation":1}}
{"op_code":5,"worker_id":"ea3fa41f-a91b-46d0-97a9-182617744507-140708755648512","trial_id":63,"param_name":"JointSlopeAngle","param_value_internal":0.7011132302131908,"distribution":"{\"name\": \"FloatDistribution\", \"attributes\": {\"step\": null, \"low\": 0.17453292519943295, \"high\": 1.0471975511965976, \"log\": false}}"}
{"op_code":5,"worker_id":"ea3fa41f-a91b-46d0-97a9-182617744507-140708755648512","trial_id":63,"param_name":"OuterRadius","param_value_internal":16.789991867218234,"distribution":"{\"name\": \"FloatDistribution\", \"attributes\": {\"step\": null, \"low\": 8.75, \"high\": 17.75, \"log\": false}}"}
{"op_code":5,"worker_id":"ea3fa41f-a91b-46d0-97a9-182617744507-140708755648512","trial_id":63,"param_name":"JointHeight","param_value_internal":6.727473031830717,"distribution":"{\"name\": \"FloatDistribution\", \"attributes\": {\"step\": null, \"low\": 5.0, \"high\": 8.0, \"log\": false}}"}
{"op_code":5,"worker_id":"ea3fa41f-a91b-46d0-97a9-182617744507-140708755648512","trial_id":63,"param_name":"CavityCorkThickness","param_value_internal":2.2164844274688953,"distribution":"{\"name\": \"FloatDistribution\", \"attributes\": {\"step\": null, \"low\": 2.0, \"high\": 5.0, \"log\": false}}"}
{"op_code":5,"worker_id":"ea3fa41f-a91b-46d0-97a9-182617744507-140708755648512","trial_id":63,"param_name":"BellowHeight","param_value_internal":6.825830149102349,"distribution":"{\"name\": \"FloatDistribution\", \"attributes\": {\"step\": null, \"low\": 6.0, \"high\": 10.0, \"log\": false}}"}
{"op_code":5,"worker_id":"ea3fa41f-a91b-46d0-97a9-182617744507-140708755648512","trial_id":63,"param_name":"WallThickness","param_value_internal":3.2573012932053853,"distribution":"{\"name\": \"FloatDistribution\", \"attributes\": {\"step\": null, \"low\": 2.0, \"high\": 4.0, \"log\": false}}"}
{"op_code":5,"worker_id":"ea3fa41f-a91b-46d0-97a9-182617744507-140708755648512","trial_id":63,"param_name":"PlateauHeight","param_value_internal":3.768261178874062,"distribution":"{\"name\": \"FloatDistribution\", \"attributes\": {\"step\": null, \"low\": 2.0, \"high\": 4.0, \"log\": false}}"}
{"op_code":6,"worker_id":"07f4433d-8105-495f-a34c-ca24fea40e31-140001723334656","trial_id":61,"state":1,"values":[1170.301645343426,0.3863354870891688],"datetime_complete":"2026-06-15T20:38:23.365335"}
{"op_code":4,"worker_id":"07f4433d-8105-495f-a34c-ca24fea40e31-140001723334656","study_id":0,"datetime_start":"2026-06-15T20:38:23.376009"}
{"op_code":9,"worker_id":"07f4433d-8105-495f-a34c-ca24fea40e31-140001723334656","trial_id":64,"system_attr":{"nsga2:generation":1}}
{"op_code":5,"worker_id":"07f4433d-8105-495f-a34c-ca24fea40e31-140001723334656","trial_id":64,"param_name":"JointSlopeAngle","param_value_internal":1.0075172156361463,"distribution":"{\"name\": \"FloatDistribution\", \"attributes\": {\"step\": null, \"low\": 0.17453292519943295, \"high\": 1.0471975511965976, \"log\": false}}"}
{"op_code":5,"worker_id":"07f4433d-8105-495f-a34c-ca24fea40e31-140001723334656","trial_id":64,"param_name":"OuterRadius","param_value_internal":16.789991867218234,"distribution":"{\"name\": \"FloatDistribution\", \"attributes\": {\"step\": null, \"low\": 8.75, \"high\": 17.75, \"log\": false}}"}
{"op_code":5,"worker_id":"07f4433d-8105-495f-a34c-ca24fea40e31-140001723334656","trial_id":64,"param_name":"JointHeight","param_value_internal":6.352359112020677,"distribution":"{\"name\": \"FloatDistribution\", \"attributes\": {\"step\": null, \"low\": 5.0, \"high\": 8.0, \"log\": false}}"}
{"op_code":5,"worker_id":"07f4433d-8105-495f-a34c-ca24fea40e31-140001723334656","trial_id":64,"param_name":"CavityCorkThickness","param_value_internal":4.047704902188858,"distribution":"{\"name\": \"FloatDistribution\", \"attributes\": {\"step\": null, \"low\": 2.0, \"high\": 5.0, \"log\": false}}"}
{"op_code":5,"worker_id":"07f4433d-8105-495f-a34c-ca24fea40e31-140001723334656","trial_id":64,"param_name":"BellowHeight","param_value_internal":6.825830149102349,"distribution":"{\"name\": \"FloatDistribution\", \"attributes\": {\"step\": null, \"low\": 6.0, \"high\": 10.0, \"log\": false}}"}
{"op_code":5,"worker_id":"07f4433d-8105-495f-a34c-ca24fea40e31-140001723334656","trial_id":64,"param_name":"WallThickness","param_value_internal":3.3168442951561445,"distribution":"{\"name\": \"FloatDistribution\", \"attributes\": {\"step\": null, \"low\": 2.0, \"high\": 4.0, \"log\": false}}"}
{"op_code":5,"worker_id":"07f4433d-8105-495f-a34c-ca24fea40e31-140001723334656","trial_id":64,"param_name":"PlateauHeight","param_value_internal":3.6360810302045676,"distribution":"{\"name\": \"FloatDistribution\", \"attributes\": {\"step\": null, \"low\": 2.0, \"high\": 4.0, \"log\": false}}"}
{"op_code":6,"worker_id":"ea3fa41f-a91b-46d0-97a9-182617744507-140708755648512","trial_id":63,"state":1,"values":[1322.0332173081454,0.4167372718438986],"datetime_complete":"2026-06-15T20:38:32.535414"}
{"op_code":4,"worker_id":"ea3fa41f-a91b-46d0-97a9-182617744507-140708755648512","study_id":0,"datetime_start":"2026-06-15T20:38:32.547108"}
{"op_code":9,"worker_id":"ea3fa41f-a91b-46d0-97a9-182617744507-140708755648512","trial_id":65,"system_attr":{"nsga2:generation":1}}
{"op_code":6,"worker_id":"ecfd478f-c300-4063-a362-86b643a9ac46-140116174675968","trial_id":62,"state":1,"values":[511.7716763169445,0.3292775001098393],"datetime_complete":"2026-06-15T20:38:32.562231"}
{"op_code":5,"worker_id":"ea3fa41f-a91b-46d0-97a9-182617744507-140708755648512","trial_id":65,"param_name":"JointSlopeAngle","param_value_internal":0.5695467656915248,"distribution":"{\"name\": \"FloatDistribution\", \"attributes\": {\"step\": null, \"low\": 0.17453292519943295, \"high\": 1.0471975511965976, \"log\": false}}"}
{"op_code":4,"worker_id":"ecfd478f-c300-4063-a362-86b643a9ac46-140116174675968","study_id":0,"datetime_start":"2026-06-15T20:38:32.580378"}
{"op_code":5,"worker_id":"ea3fa41f-a91b-46d0-97a9-182617744507-140708755648512","trial_id":65,"param_name":"OuterRadius","param_value_internal":16.13109872193595,"distribution":"{\"name\": \"FloatDistribution\", \"attributes\": {\"step\": null, \"low\": 8.75, \"high\": 17.75, \"log\": false}}"}
{"op_code":5,"worker_id":"ea3fa41f-a91b-46d0-97a9-182617744507-140708755648512","trial_id":65,"param_name":"JointHeight","param_value_internal":5.164685900790161,"distribution":"{\"name\": \"FloatDistribution\", \"attributes\": {\"step\": null, \"low\": 5.0, \"high\": 8.0, \"log\": false}}"}
{"op_code":9,"worker_id":"ecfd478f-c300-4063-a362-86b643a9ac46-140116174675968","trial_id":66,"system_attr":{"nsga2:generation":1}}
{"op_code":5,"worker_id":"ecfd478f-c300-4063-a362-86b643a9ac46-140116174675968","trial_id":66,"param_name":"JointSlopeAngle","param_value_internal":0.9367054297789487,"distribution":"{\"name\": \"FloatDistribution\", \"attributes\": {\"step\": null, \"low\": 0.17453292519943295, \"high\": 1.0471975511965976, \"log\": false}}"}
{"op_code":5,"worker_id":"ecfd478f-c300-4063-a362-86b643a9ac46-140116174675968","trial_id":66,"param_name":"OuterRadius","param_value_internal":13.571106070446115,"distribution":"{\"name\": \"FloatDistribution\", \"attributes\": {\"step\": null, \"low\": 8.75, \"high\": 17.75, \"log\": false}}"}
{"op_code":5,"worker_id":"ecfd478f-c300-4063-a362-86b643a9ac46-140116174675968","trial_id":66,"param_name":"JointHeight","param_value_internal":7.460636707639404,"distribution":"{\"name\": \"FloatDistribution\", \"attributes\": {\"step\": null, \"low\": 5.0, \"high\": 8.0, \"log\": false}}"}
{"op_code":5,"worker_id":"ecfd478f-c300-4063-a362-86b643a9ac46-140116174675968","trial_id":66,"param_name":"CavityCorkThickness","param_value_internal":2.7765901524213583,"distribution":"{\"name\": \"FloatDistribution\", \"attributes\": {\"step\": null, \"low\": 2.0, \"high\": 5.0, \"log\": false}}"}
{"op_code":5,"worker_id":"ea3fa41f-a91b-46d0-97a9-182617744507-140708755648512","trial_id":65,"param_name":"CavityCorkThickness","param_value_internal":4.113962683024509,"distribution":"{\"name\": \"FloatDistribution\", \"attributes\": {\"step\": null, \"low\": 2.0, \"high\": 5.0, \"log\": false}}"}
{"op_code":5,"worker_id":"ecfd478f-c300-4063-a362-86b643a9ac46-140116174675968","trial_id":66,"param_name":"BellowHeight","param_value_internal":6.115373624836522,"distribution":"{\"name\": \"FloatDistribution\", \"attributes\": {\"step\": null, \"low\": 6.0, \"high\": 10.0, \"log\": false}}"}
{"op_code":5,"worker_id":"ecfd478f-c300-4063-a362-86b643a9ac46-140116174675968","trial_id":66,"param_name":"WallThickness","param_value_internal":2.742974654550793,"distribution":"{\"name\": \"FloatDistribution\", \"attributes\": {\"step\": null, \"low\": 2.0, \"high\": 4.0, \"log\": false}}"}
{"op_code":5,"worker_id":"ecfd478f-c300-4063-a362-86b643a9ac46-140116174675968","trial_id":66,"param_name":"PlateauHeight","param_value_internal":2.8770587888298733,"distribution":"{\"name\": \"FloatDistribution\", \"attributes\": {\"step\": null, \"low\": 2.0, \"high\": 4.0, \"log\": false}}"}
{"op_code":5,"worker_id":"ea3fa41f-a91b-46d0-97a9-182617744507-140708755648512","trial_id":65,"param_name":"BellowHeight","param_value_internal":8.609288336307314,"distribution":"{\"name\": \"FloatDistribution\", \"attributes\": {\"step\": null, \"low\": 6.0, \"high\": 10.0, \"log\": false}}"}
{"op_code":5,"worker_id":"ea3fa41f-a91b-46d0-97a9-182617744507-140708755648512","trial_id":65,"param_name":"WallThickness","param_value_internal":2.1721049608661396,"distribution":"{\"name\": \"FloatDistribution\", \"attributes\": {\"step\": null, \"low\": 2.0, \"high\": 4.0, \"log\": false}}"}
{"op_code":5,"worker_id":"ea3fa41f-a91b-46d0-97a9-182617744507-140708755648512","trial_id":65,"param_name":"PlateauHeight","param_value_internal":3.2660041560034396,"distribution":"{\"name\": \"FloatDistribution\", \"attributes\": {\"step\": null, \"low\": 2.0, \"high\": 4.0, \"log\": false}}"}
{"op_code":6,"worker_id":"07f4433d-8105-495f-a34c-ca24fea40e31-140001723334656","trial_id":64,"state":1,"values":[-Infinity,-Infinity],"datetime_complete":"2026-06-15T20:38:33.659474"}
{"op_code":4,"worker_id":"07f4433d-8105-495f-a34c-ca24fea40e31-140001723334656","study_id":0,"datetime_start":"2026-06-15T20:38:33.674805"}
{"op_code":9,"worker_id":"07f4433d-8105-495f-a34c-ca24fea40e31-140001723334656","trial_id":67,"system_attr":{"nsga2:generation":1}}
{"op_code":5,"worker_id":"07f4433d-8105-495f-a34c-ca24fea40e31-140001723334656","trial_id":67,"param_name":"JointSlopeAngle","param_value_internal":0.1993144766296469,"distribution":"{\"name\": \"FloatDistribution\", \"attributes\": {\"step\": null, \"low\": 0.17453292519943295, \"high\": 1.0471975511965976, \"log\": false}}"}
{"op_code":5,"worker_id":"07f4433d-8105-495f-a34c-ca24fea40e31-140001723334656","trial_id":67,"param_name":"OuterRadius","param_value_internal":15.552079448812187,"distribution":"{\"name\": \"FloatDistribution\", \"attributes\": {\"step\": null, \"low\": 8.75, \"high\": 17.75, \"log\": false}}"}
{"op_code":5,"worker_id":"07f4433d-8105-495f-a34c-ca24fea40e31-140001723334656","trial_id":67,"param_name":"JointHeight","param_value_internal":7.574183003015026,"distribution":"{\"name\": \"FloatDistribution\", \"attributes\": {\"step\": null, \"low\": 5.0, \"high\": 8.0, \"log\": false}}"}
{"op_code":5,"worker_id":"07f4433d-8105-495f-a34c-ca24fea40e31-140001723334656","trial_id":67,"param_name":"CavityCorkThickness","param_value_internal":2.2004154780939267,"distribution":"{\"name\": \"FloatDistribution\", \"attributes\": {\"step\": null, \"low\": 2.0, \"high\": 5.0, \"log\": false}}"}
{"op_code":5,"worker_id":"07f4433d-8105-495f-a34c-ca24fea40e31-140001723334656","trial_id":67,"param_name":"BellowHeight","param_value_internal":6.943020296137654,"distribution":"{\"name\": \"FloatDistribution\", \"attributes\": {\"step\": null, \"low\": 6.0, \"high\": 10.0, \"log\": false}}"}
{"op_code":5,"worker_id":"07f4433d-8105-495f-a34c-ca24fea40e31-140001723334656","trial_id":67,"param_name":"WallThickness","param_value_internal":2.00165388978446,"distribution":"{\"name\": \"FloatDistribution\", \"attributes\": {\"step\": null, \"low\": 2.0, \"high\": 4.0, \"log\": false}}"}
{"op_code":5,"worker_id":"07f4433d-8105-495f-a34c-ca24fea40e31-140001723334656","trial_id":67,"param_name":"PlateauHeight","param_value_internal":3.5159505279966643,"distribution":"{\"name\": \"FloatDistribution\", \"attributes\": {\"step\": null, \"low\": 2.0, \"high\": 4.0, \"log\": false}}"}
{"op_code":6,"worker_id":"ecfd478f-c300-4063-a362-86b643a9ac46-140116174675968","trial_id":66,"state":1,"values":[621.6076686133706,0.4499858527250544],"datetime_complete":"2026-06-15T20:38:46.288726"}
{"op_code":4,"worker_id":"ecfd478f-c300-4063-a362-86b643a9ac46-140116174675968","study_id":0,"datetime_start":"2026-06-15T20:38:46.302780"}
{"op_code":9,"worker_id":"ecfd478f-c300-4063-a362-86b643a9ac46-140116174675968","trial_id":68,"system_attr":{"nsga2:generation":1}}
{"op_code":5,"worker_id":"ecfd478f-c300-4063-a362-86b643a9ac46-140116174675968","trial_id":68,"param_name":"JointSlopeAngle","param_value_internal":0.8272457351358277,"distribution":"{\"name\": \"FloatDistribution\", \"attributes\": {\"step\": null, \"low\": 0.17453292519943295, \"high\": 1.0471975511965976, \"log\": false}}"}
{"op_code":5,"worker_id":"ecfd478f-c300-4063-a362-86b643a9ac46-140116174675968","trial_id":68,"param_name":"OuterRadius","param_value_internal":14.489373048556564,"distribution":"{\"name\": \"FloatDistribution\", \"attributes\": {\"step\": null, \"low\": 8.75, \"high\": 17.75, \"log\": false}}"}
{"op_code":5,"worker_id":"ecfd478f-c300-4063-a362-86b643a9ac46-140116174675968","trial_id":68,"param_name":"JointHeight","param_value_internal":6.243015423264384,"distribution":"{\"name\": \"FloatDistribution\", \"attributes\": {\"step\": null, \"low\": 5.0, \"high\": 8.0, \"log\": false}}"}
{"op_code":5,"worker_id":"ecfd478f-c300-4063-a362-86b643a9ac46-140116174675968","trial_id":68,"param_name":"CavityCorkThickness","param_value_internal":3.7037676631191796,"distribution":"{\"name\": \"FloatDistribution\", \"attributes\": {\"step\": null, \"low\": 2.0, \"high\": 5.0, \"log\": false}}"}
{"op_code":5,"worker_id":"ecfd478f-c300-4063-a362-86b643a9ac46-140116174675968","trial_id":68,"param_name":"BellowHeight","param_value_internal":6.264352647219921,"distribution":"{\"name\": \"FloatDistribution\", \"attributes\": {\"step\": null, \"low\": 6.0, \"high\": 10.0, \"log\": false}}"}
{"op_code":5,"worker_id":"ecfd478f-c300-4063-a362-86b643a9ac46-140116174675968","trial_id":68,"param_name":"WallThickness","param_value_internal":2.438203684913686,"distribution":"{\"name\": \"FloatDistribution\", \"attributes\": {\"step\": null, \"low\": 2.0, \"high\": 4.0, \"log\": false}}"}
{"op_code":5,"worker_id":"ecfd478f-c300-4063-a362-86b643a9ac46-140116174675968","trial_id":68,"param_name":"PlateauHeight","param_value_internal":3.882578288979306,"distribution":"{\"name\": \"FloatDistribution\", \"attributes\": {\"step\": null, \"low\": 2.0, \"high\": 4.0, \"log\": false}}"}
{"op_code":6,"worker_id":"ea3fa41f-a91b-46d0-97a9-182617744507-140708755648512","trial_id":65,"state":1,"values":[1225.1375349979955,0.42722326381793285],"datetime_complete":"2026-06-15T20:38:46.424359"}
{"op_code":4,"worker_id":"ea3fa41f-a91b-46d0-97a9-182617744507-140708755648512","study_id":0,"datetime_start":"2026-06-15T20:38:46.435975"}
{"op_code":9,"worker_id":"ea3fa41f-a91b-46d0-97a9-182617744507-140708755648512","trial_id":69,"system_attr":{"nsga2:generation":1}}
{"op_code":5,"worker_id":"ea3fa41f-a91b-46d0-97a9-182617744507-140708755648512","trial_id":69,"param_name":"JointSlopeAngle","param_value_internal":0.5695467656915248,"distribution":"{\"name\": \"FloatDistribution\", \"attributes\": {\"step\": null, \"low\": 0.17453292519943295, \"high\": 1.0471975511965976, \"log\": false}}"}
{"op_code":5,"worker_id":"ea3fa41f-a91b-46d0-97a9-182617744507-140708755648512","trial_id":69,"param_name":"OuterRadius","param_value_internal":14.489373048556564,"distribution":"{\"name\": \"FloatDistribution\", \"attributes\": {\"step\": null, \"low\": 8.75, \"high\": 17.75, \"log\": false}}"}
{"op_code":5,"worker_id":"ea3fa41f-a91b-46d0-97a9-182617744507-140708755648512","trial_id":69,"param_name":"JointHeight","param_value_internal":5.164685900790161,"distribution":"{\"name\": \"FloatDistribution\", \"attributes\": {\"step\": null, \"low\": 5.0, \"high\": 8.0, \"log\": false}}"}
{"op_code":5,"worker_id":"ea3fa41f-a91b-46d0-97a9-182617744507-140708755648512","trial_id":69,"param_name":"CavityCorkThickness","param_value_internal":3.7037676631191796,"distribution":"{\"name\": \"FloatDistribution\", \"attributes\": {\"step\": null, \"low\": 2.0, \"high\": 5.0, \"log\": false}}"}
{"op_code":5,"worker_id":"ea3fa41f-a91b-46d0-97a9-182617744507-140708755648512","trial_id":69,"param_name":"BellowHeight","param_value_internal":6.195109106762301,"distribution":"{\"name\": \"FloatDistribution\", \"attributes\": {\"step\": null, \"low\": 6.0, \"high\": 10.0, \"log\": false}}"}
{"op_code":5,"worker_id":"ea3fa41f-a91b-46d0-97a9-182617744507-140708755648512","trial_id":69,"param_name":"WallThickness","param_value_internal":2.2203697478074336,"distribution":"{\"name\": \"FloatDistribution\", \"attributes\": {\"step\": null, \"low\": 2.0, \"high\": 4.0, \"log\": false}}"}
{"op_code":5,"worker_id":"ea3fa41f-a91b-46d0-97a9-182617744507-140708755648512","trial_id":69,"param_name":"PlateauHeight","param_value_internal":3.2660041560034396,"distribution":"{\"name\": \"FloatDistribution\", \"attributes\": {\"step\": null, \"low\": 2.0, \"high\": 4.0, \"log\": false}}"}
{"op_code":6,"worker_id":"07f4433d-8105-495f-a34c-ca24fea40e31-140001723334656","trial_id":67,"state":1,"values":[1284.5114471925608,0.2956540460027003],"datetime_complete":"2026-06-15T20:38:47.469550"}
{"op_code":4,"worker_id":"07f4433d-8105-495f-a34c-ca24fea40e31-140001723334656","study_id":0,"datetime_start":"2026-06-15T20:38:47.481625"}
{"op_code":9,"worker_id":"07f4433d-8105-495f-a34c-ca24fea40e31-140001723334656","trial_id":70,"system_attr":{"nsga2:generation":1}}
{"op_code":5,"worker_id":"07f4433d-8105-495f-a34c-ca24fea40e31-140001723334656","trial_id":70,"param_name":"JointSlopeAngle","param_value_internal":0.19716667056818762,"distribution":"{\"name\": \"FloatDistribution\", \"attributes\": {\"step\": null, \"low\": 0.17453292519943295, \"high\": 1.0471975511965976, \"log\": false}}"}
{"op_code":5,"worker_id":"07f4433d-8105-495f-a34c-ca24fea40e31-140001723334656","trial_id":70,"param_name":"OuterRadius","param_value_internal":14.66041874567688,"distribution":"{\"name\": \"FloatDistribution\", \"attributes\": {\"step\": null, \"low\": 8.75, \"high\": 17.75, \"log\": false}}"}
{"op_code":5,"worker_id":"07f4433d-8105-495f-a34c-ca24fea40e31-140001723334656","trial_id":70,"param_name":"JointHeight","param_value_internal":6.693214364140582,"distribution":"{\"name\": \"FloatDistribution\", \"attributes\": {\"step\": null, \"low\": 5.0, \"high\": 8.0, \"log\": false}}"}
{"op_code":5,"worker_id":"07f4433d-8105-495f-a34c-ca24fea40e31-140001723334656","trial_id":70,"param_name":"CavityCorkThickness","param_value_internal":4.758512512165032,"distribution":"{\"name\": \"FloatDistribution\", \"attributes\": {\"step\": null, \"low\": 2.0, \"high\": 5.0, \"log\": false}}"}
{"op_code":5,"worker_id":"07f4433d-8105-495f-a34c-ca24fea40e31-140001723334656","trial_id":70,"param_name":"BellowHeight","param_value_internal":8.239378933417969,"distribution":"{\"name\": \"FloatDistribution\", \"attributes\": {\"step\": null, \"low\": 6.0, \"high\": 10.0, \"log\": false}}"}
{"op_code":5,"worker_id":"07f4433d-8105-495f-a34c-ca24fea40e31-140001723334656","trial_id":70,"param_name":"WallThickness","param_value_internal":3.2573012932053853,"distribution":"{\"name\": \"FloatDistribution\", \"attributes\": {\"step\": null, \"low\": 2.0, \"high\": 4.0, \"log\": false}}"}
{"op_code":5,"worker_id":"07f4433d-8105-495f-a34c-ca24fea40e31-140001723334656","trial_id":70,"param_name":"PlateauHeight","param_value_internal":3.5356173584672703,"distribution":"{\"name\": \"FloatDistribution\", \"attributes\": {\"step\": null, \"low\": 2.0, \"high\": 4.0, \"log\": false}}"}
{"op_code":6,"worker_id":"ea3fa41f-a91b-46d0-97a9-182617744507-140708755648512","trial_id":69,"state":1,"values":[778.7039650701525,0.45653813561055107],"datetime_complete":"2026-06-15T20:38:58.879260"}
{"op_code":4,"worker_id":"ea3fa41f-a91b-46d0-97a9-182617744507-140708755648512","study_id":0,"datetime_start":"2026-06-15T20:38:58.891139"}
{"op_code":9,"worker_id":"ea3fa41f-a91b-46d0-97a9-182617744507-140708755648512","trial_id":71,"system_attr":{"nsga2:generation":1}}
{"op_code":5,"worker_id":"ea3fa41f-a91b-46d0-97a9-182617744507-140708755648512","trial_id":71,"param_name":"JointSlopeAngle","param_value_internal":0.7101123787546164,"distribution":"{\"name\": \"FloatDistribution\", \"attributes\": {\"step\": null, \"low\": 0.17453292519943295, \"high\": 1.0471975511965976, \"log\": false}}"}
{"op_code":5,"worker_id":"ea3fa41f-a91b-46d0-97a9-182617744507-140708755648512","trial_id":71,"param_name":"OuterRadius","param_value_internal":14.489373048556564,"distribution":"{\"name\": \"FloatDistribution\", \"attributes\": {\"step\": null, \"low\": 8.75, \"high\": 17.75, \"log\": false}}"}
{"op_code":5,"worker_id":"ea3fa41f-a91b-46d0-97a9-182617744507-140708755648512","trial_id":71,"param_name":"JointHeight","param_value_internal":5.322153673362866,"distribution":"{\"name\": \"FloatDistribution\", \"attributes\": {\"step\": null, \"low\": 5.0, \"high\": 8.0, \"log\": false}}"}
{"op_code":5,"worker_id":"ea3fa41f-a91b-46d0-97a9-182617744507-140708755648512","trial_id":71,"param_name":"CavityCorkThickness","param_value_internal":4.1768162132779585,"distribution":"{\"name\": \"FloatDistribution\", \"attributes\": {\"step\": null, \"low\": 2.0, \"high\": 5.0, \"log\": false}}"}
{"op_code":5,"worker_id":"ea3fa41f-a91b-46d0-97a9-182617744507-140708755648512","trial_id":71,"param_name":"BellowHeight","param_value_internal":9.43702190391036,"distribution":"{\"name\": \"FloatDistribution\", \"attributes\": {\"step\": null, \"low\": 6.0, \"high\": 10.0, \"log\": false}}"}
{"op_code":5,"worker_id":"ea3fa41f-a91b-46d0-97a9-182617744507-140708755648512","trial_id":71,"param_name":"WallThickness","param_value_internal":3.8979894334956473,"distribution":"{\"name\": \"FloatDistribution\", \"attributes\": {\"step\": null, \"low\": 2.0, \"high\": 4.0, \"log\": false}}"}
{"op_code":5,"worker_id":"ea3fa41f-a91b-46d0-97a9-182617744507-140708755648512","trial_id":71,"param_name":"PlateauHeight","param_value_internal":3.882578288979306,"distribution":"{\"name\": \"FloatDistribution\", \"attributes\": {\"step\": null, \"low\": 2.0, \"high\": 4.0, \"log\": false}}"}
{"op_code":6,"worker_id":"ecfd478f-c300-4063-a362-86b643a9ac46-140116174675968","trial_id":68,"state":1,"values":[760.3499801509801,0.46588298172550535],"datetime_complete":"2026-06-15T20:38:59.430711"}
{"op_code":4,"worker_id":"ecfd478f-c300-4063-a362-86b643a9ac46-140116174675968","study_id":0,"datetime_start":"2026-06-15T20:38:59.445408"}
{"op_code":9,"worker_id":"ecfd478f-c300-4063-a362-86b643a9ac46-140116174675968","trial_id":72,"system_attr":{"nsga2:generation":1}}
{"op_code":5,"worker_id":"ecfd478f-c300-4063-a362-86b643a9ac46-140116174675968","trial_id":72,"param_name":"JointSlopeAngle","param_value_internal":0.5695467656915248,"distribution":"{\"name\": \"FloatDistribution\", \"attributes\": {\"step\": null, \"low\": 0.17453292519943295, \"high\": 1.0471975511965976, \"log\": false}}"}
{"op_code":5,"worker_id":"ecfd478f-c300-4063-a362-86b643a9ac46-140116174675968","trial_id":72,"param_name":"OuterRadius","param_value_internal":9.372932170134892,"distribution":"{\"name\": \"FloatDistribution\", \"attributes\": {\"step\": null, \"low\": 8.75, \"high\": 17.75, \"log\": false}}"}
{"op_code":5,"worker_id":"ecfd478f-c300-4063-a362-86b643a9ac46-140116174675968","trial_id":72,"param_name":"JointHeight","param_value_internal":5.164685900790161,"distribution":"{\"name\": \"FloatDistribution\", \"attributes\": {\"step\": null, \"low\": 5.0, \"high\": 8.0, \"log\": false}}"}
{"op_code":5,"worker_id":"ecfd478f-c300-4063-a362-86b643a9ac46-140116174675968","trial_id":72,"param_name":"CavityCorkThickness","param_value_internal":4.919331015519596,"distribution":"{\"name\": \"FloatDistribution\", \"attributes\": {\"step\": null, \"low\": 2.0, \"high\": 5.0, \"log\": false}}"}
{"op_code":5,"worker_id":"ecfd478f-c300-4063-a362-86b643a9ac46-140116174675968","trial_id":72,"param_name":"BellowHeight","param_value_internal":8.4908041929811,"distribution":"{\"name\": \"FloatDistribution\", \"attributes\": {\"step\": null, \"low\": 6.0, \"high\": 10.0, \"log\": false}}"}
{"op_code":5,"worker_id":"ecfd478f-c300-4063-a362-86b643a9ac46-140116174675968","trial_id":72,"param_name":"WallThickness","param_value_internal":2.2423540095762844,"distribution":"{\"name\": \"FloatDistribution\", \"attributes\": {\"step\": null, \"low\": 2.0, \"high\": 4.0, \"log\": false}}"}
{"op_code":5,"worker_id":"ecfd478f-c300-4063-a362-86b643a9ac46-140116174675968","trial_id":72,"param_name":"PlateauHeight","param_value_internal":3.2660041560034396,"distribution":"{\"name\": \"FloatDistribution\", \"attributes\": {\"step\": null, \"low\": 2.0, \"high\": 4.0, \"log\": false}}"}
{"op_code":6,"worker_id":"07f4433d-8105-495f-a34c-ca24fea40e31-140001723334656","trial_id":70,"state":1,"values":[556.3110990895132,0.2013511119839551],"datetime_complete":"2026-06-15T20:39:00.257538"}
{"op_code":4,"worker_id":"07f4433d-8105-495f-a34c-ca24fea40e31-140001723334656","study_id":0,"datetime_start":"2026-06-15T20:39:00.271227"}
{"op_code":9,"worker_id":"07f4433d-8105-495f-a34c-ca24fea40e31-140001723334656","trial_id":73,"system_attr":{"nsga2:generation":1}}
{"op_code":5,"worker_id":"07f4433d-8105-495f-a34c-ca24fea40e31-140001723334656","trial_id":73,"param_name":"JointSlopeAngle","param_value_internal":0.756930057379746,"distribution":"{\"name\": \"FloatDistribution\", \"attributes\": {\"step\": null, \"low\": 0.17453292519943295, \"high\": 1.0471975511965976, \"log\": false}}"}
{"op_code":5,"worker_id":"07f4433d-8105-495f-a34c-ca24fea40e31-140001723334656","trial_id":73,"param_name":"OuterRadius","param_value_internal":15.455807407962112,"distribution":"{\"name\": \"FloatDistribution\", \"attributes\": {\"step\": null, \"low\": 8.75, \"high\": 17.75, \"log\": false}}"}
{"op_code":5,"worker_id":"07f4433d-8105-495f-a34c-ca24fea40e31-140001723334656","trial_id":73,"param_name":"JointHeight","param_value_internal":7.957242184419182,"distribution":"{\"name\": \"FloatDistribution\", \"attributes\": {\"step\": null, \"low\": 5.0, \"high\": 8.0, \"log\": false}}"}
{"op_code":5,"worker_id":"07f4433d-8105-495f-a34c-ca24fea40e31-140001723334656","trial_id":73,"param_name":"CavityCorkThickness","param_value_internal":2.6258482807713683,"distribution":"{\"name\": \"FloatDistribution\", \"attributes\": {\"step\": null, \"low\": 2.0, \"high\": 5.0, \"log\": false}}"}
{"op_code":5,"worker_id":"07f4433d-8105-495f-a34c-ca24fea40e31-140001723334656","trial_id":73,"param_name":"BellowHeight","param_value_internal":9.540301588782413,"distribution":"{\"name\": \"FloatDistribution\", \"attributes\": {\"step\": null, \"low\": 6.0, \"high\": 10.0, \"log\": false}}"}
{"op_code":5,"worker_id":"07f4433d-8105-495f-a34c-ca24fea40e31-140001723334656","trial_id":73,"param_name":"WallThickness","param_value_internal":2.6543946394667683,"distribution":"{\"name\": \"FloatDistribution\", \"attributes\": {\"step\": null, \"low\": 2.0, \"high\": 4.0, \"log\": false}}"}
{"op_code":5,"worker_id":"07f4433d-8105-495f-a34c-ca24fea40e31-140001723334656","trial_id":73,"param_name":"PlateauHeight","param_value_internal":3.1728068283449504,"distribution":"{\"name\": \"FloatDistribution\", \"attributes\": {\"step\": null, \"low\": 2.0, \"high\": 4.0, \"log\": false}}"}
{"op_code":6,"worker_id":"ea3fa41f-a91b-46d0-97a9-182617744507-140708755648512","trial_id":71,"state":1,"values":[612.5778181548081,0.47468654521797354],"datetime_complete":"2026-06-15T20:39:11.302190"}
{"op_code":4,"worker_id":"ea3fa41f-a91b-46d0-97a9-182617744507-140708755648512","study_id":0,"datetime_start":"2026-06-15T20:39:11.314615"}
{"op_code":9,"worker_id":"ea3fa41f-a91b-46d0-97a9-182617744507-140708755648512","trial_id":74,"system_attr":{"nsga2:generation":1}}
{"op_code":5,"worker_id":"ea3fa41f-a91b-46d0-97a9-182617744507-140708755648512","trial_id":74,"param_name":"JointSlopeAngle","param_value_internal":0.9451745394612046,"distribution":"{\"name\": \"FloatDistribution\", \"attributes\": {\"step\": null, \"low\": 0.17453292519943295, \"high\": 1.0471975511965976, \"log\": false}}"}
{"op_code":5,"worker_id":"ea3fa41f-a91b-46d0-97a9-182617744507-140708755648512","trial_id":74,"param_name":"OuterRadius","param_value_internal":16.242809915042614,"distribution":"{\"name\": \"FloatDistribution\", \"attributes\": {\"step\": null, \"low\": 8.75, \"high\": 17.75, \"log\": false}}"}
{"op_code":5,"worker_id":"ea3fa41f-a91b-46d0-97a9-182617744507-140708755648512","trial_id":74,"param_name":"JointHeight","param_value_internal":5.522588836569238,"distribution":"{\"name\": \"FloatDistribution\", \"attributes\": {\"step\": null, \"low\": 5.0, \"high\": 8.0, \"log\": false}}"}
{"op_code":5,"worker_id":"ea3fa41f-a91b-46d0-97a9-182617744507-140708755648512","trial_id":74,"param_name":"CavityCorkThickness","param_value_internal":3.178777320592155,"distribution":"{\"name\": \"FloatDistribution\", \"attributes\": {\"step\": null, \"low\": 2.0, \"high\": 5.0, \"log\": false}}"}
{"op_code":5,"worker_id":"ea3fa41f-a91b-46d0-97a9-182617744507-140708755648512","trial_id":74,"param_name":"BellowHeight","param_value_internal":9.741185669127688,"distribution":"{\"name\": \"FloatDistribution\", \"attributes\": {\"step\": null, \"low\": 6.0, \"high\": 10.0, \"log\": false}}"}
{"op_code":5,"worker_id":"ea3fa41f-a91b-46d0-97a9-182617744507-140708755648512","trial_id":74,"param_name":"WallThickness","param_value_internal":3.4285335233759637,"distribution":"{\"name\": \"FloatDistribution\", \"attributes\": {\"step\": null, \"low\": 2.0, \"high\": 4.0, \"log\": false}}"}
{"op_code":5,"worker_id":"ea3fa41f-a91b-46d0-97a9-182617744507-140708755648512","trial_id":74,"param_name":"PlateauHeight","param_value_internal":3.430004425465083,"distribution":"{\"name\": \"FloatDistribution\", \"attributes\": {\"step\": null, \"low\": 2.0, \"high\": 4.0, \"log\": false}}"}
{"op_code":6,"worker_id":"ecfd478f-c300-4063-a362-86b643a9ac46-140116174675968","trial_id":72,"state":1,"values":[27.344773571456273,0.17213298908437186],"datetime_complete":"2026-06-15T20:39:11.830711"}
{"op_code":4,"worker_id":"ecfd478f-c300-4063-a362-86b643a9ac46-140116174675968","study_id":0,"datetime_start":"2026-06-15T20:39:11.845100"}
{"op_code":9,"worker_id":"ecfd478f-c300-4063-a362-86b643a9ac46-140116174675968","trial_id":75,"system_attr":{"nsga2:generation":1}}
{"op_code":5,"worker_id":"ecfd478f-c300-4063-a362-86b643a9ac46-140116174675968","trial_id":75,"param_name":"JointSlopeAngle","param_value_internal":0.19830587264359373,"distribution":"{\"name\": \"FloatDistribution\", \"attributes\": {\"step\": null, \"low\": 0.17453292519943295, \"high\": 1.0471975511965976, \"log\": false}}"}
{"op_code":5,"worker_id":"ecfd478f-c300-4063-a362-86b643a9ac46-140116174675968","trial_id":75,"param_name":"OuterRadius","param_value_internal":17.357525368877106,"distribution":"{\"name\": \"FloatDistribution\", \"attributes\": {\"step\": null, \"low\": 8.75, \"high\": 17.75, \"log\": false}}"}
{"op_code":5,"worker_id":"ecfd478f-c300-4063-a362-86b643a9ac46-140116174675968","trial_id":75,"param_name":"JointHeight","param_value_internal":7.460636707639404,"distribution":"{\"name\": \"FloatDistribution\", \"attributes\": {\"step\": null, \"low\": 5.0, \"high\": 8.0, \"log\": false}}"}
{"op_code":5,"worker_id":"ecfd478f-c300-4063-a362-86b643a9ac46-140116174675968","trial_id":75,"param_name":"CavityCorkThickness","param_value_internal":2.7765901524213583,"distribution":"{\"name\": \"FloatDistribution\", \"attributes\": {\"step\": null, \"low\": 2.0, \"high\": 5.0, \"log\": false}}"}
{"op_code":5,"worker_id":"ecfd478f-c300-4063-a362-86b643a9ac46-140116174675968","trial_id":75,"param_name":"BellowHeight","param_value_internal":6.115373624836522,"distribution":"{\"name\": \"FloatDistribution\", \"attributes\": {\"step\": null, \"low\": 6.0, \"high\": 10.0, \"log\": false}}"}
{"op_code":5,"worker_id":"ecfd478f-c300-4063-a362-86b643a9ac46-140116174675968","trial_id":75,"param_name":"WallThickness","param_value_internal":3.392781236915872,"distribution":"{\"name\": \"FloatDistribution\", \"attributes\": {\"step\": null, \"low\": 2.0, \"high\": 4.0, \"log\": false}}"}
{"op_code":5,"worker_id":"ecfd478f-c300-4063-a362-86b643a9ac46-140116174675968","trial_id":75,"param_name":"PlateauHeight","param_value_internal":2.8770587888298733,"distribution":"{\"name\": \"FloatDistribution\", \"attributes\": {\"step\": null, \"low\": 2.0, \"high\": 4.0, \"log\": false}}"}
{"op_code":6,"worker_id":"07f4433d-8105-495f-a34c-ca24fea40e31-140001723334656","trial_id":73,"state":1,"values":[1324.3187451577683,0.4048475533074825],"datetime_complete":"2026-06-15T20:39:13.853883"}
{"op_code":4,"worker_id":"07f4433d-8105-495f-a34c-ca24fea40e31-140001723334656","study_id":0,"datetime_start":"2026-06-15T20:39:13.866197"}
{"op_code":9,"worker_id":"07f4433d-8105-495f-a34c-ca24fea40e31-140001723334656","trial_id":76,"system_attr":{"nsga2:generation":1}}
{"op_code":5,"worker_id":"07f4433d-8105-495f-a34c-ca24fea40e31-140001723334656","trial_id":76,"param_name":"JointSlopeAngle","param_value_internal":0.550899996653424,"distribution":"{\"name\": \"FloatDistribution\", \"attributes\": {\"step\": null, \"low\": 0.17453292519943295, \"high\": 1.0471975511965976, \"log\": false}}"}
{"op_code":5,"worker_id":"07f4433d-8105-495f-a34c-ca24fea40e31-140001723334656","trial_id":76,"param_name":"OuterRadius","param_value_internal":12.559558115079302,"distribution":"{\"name\": \"FloatDistribution\", \"attributes\": {\"step\": null, \"low\": 8.75, \"high\": 17.75, \"log\": false}}"}
{"op_code":5,"worker_id":"07f4433d-8105-495f-a34c-ca24fea40e31-140001723334656","trial_id":76,"param_name":"JointHeight","param_value_internal":5.607183485895478,"distribution":"{\"name\": \"FloatDistribution\", \"attributes\": {\"step\": null, \"low\": 5.0, \"high\": 8.0, \"log\": false}}"}
{"op_code":5,"worker_id":"07f4433d-8105-495f-a34c-ca24fea40e31-140001723334656","trial_id":76,"param_name":"CavityCorkThickness","param_value_internal":3.951087531789701,"distribution":"{\"name\": \"FloatDistribution\", \"attributes\": {\"step\": null, \"low\": 2.0, \"high\": 5.0, \"log\": false}}"}
{"op_code":5,"worker_id":"07f4433d-8105-495f-a34c-ca24fea40e31-140001723334656","trial_id":76,"param_name":"BellowHeight","param_value_internal":9.051688909860314,"distribution":"{\"name\": \"FloatDistribution\", \"attributes\": {\"step\": null, \"low\": 6.0, \"high\": 10.0, \"log\": false}}"}
{"op_code":5,"worker_id":"07f4433d-8105-495f-a34c-ca24fea40e31-140001723334656","trial_id":76,"param_name":"WallThickness","param_value_internal":3.891099173221072,"distribution":"{\"name\": \"FloatDistribution\", \"attributes\": {\"step\": null, \"low\": 2.0, \"high\": 4.0, \"log\": false}}"}
{"op_code":5,"worker_id":"07f4433d-8105-495f-a34c-ca24fea40e31-140001723334656","trial_id":76,"param_name":"PlateauHeight","param_value_internal":2.6334003527725915,"distribution":"{\"name\": \"FloatDistribution\", \"attributes\": {\"step\": null, \"low\": 2.0, \"high\": 4.0, \"log\": false}}"}
{"op_code":6,"worker_id":"07f4433d-8105-495f-a34c-ca24fea40e31-140001723334656","trial_id":76,"state":1,"values":[310.78559989758355,0.33288849682119254],"datetime_complete":"2026-06-15T20:39:25.413598"}
{"op_code":4,"worker_id":"07f4433d-8105-495f-a34c-ca24fea40e31-140001723334656","study_id":0,"datetime_start":"2026-06-15T20:39:25.426349"}
{"op_code":9,"worker_id":"07f4433d-8105-495f-a34c-ca24fea40e31-140001723334656","trial_id":77,"system_attr":{"nsga2:generation":1}}
{"op_code":5,"worker_id":"07f4433d-8105-495f-a34c-ca24fea40e31-140001723334656","trial_id":77,"param_name":"JointSlopeAngle","param_value_internal":0.8040118756789952,"distribution":"{\"name\": \"FloatDistribution\", \"attributes\": {\"step\": null, \"low\": 0.17453292519943295, \"high\": 1.0471975511965976, \"log\": false}}"}
{"op_code":5,"worker_id":"07f4433d-8105-495f-a34c-ca24fea40e31-140001723334656","trial_id":77,"param_name":"OuterRadius","param_value_internal":16.01991644282559,"distribution":"{\"name\": \"FloatDistribution\", \"attributes\": {\"step\": null, \"low\": 8.75, \"high\": 17.75, \"log\": false}}"}
{"op_code":5,"worker_id":"07f4433d-8105-495f-a34c-ca24fea40e31-140001723334656","trial_id":77,"param_name":"JointHeight","param_value_internal":6.83042685249322,"distribution":"{\"name\": \"FloatDistribution\", \"attributes\": {\"step\": null, \"low\": 5.0, \"high\": 8.0, \"log\": false}}"}
{"op_code":5,"worker_id":"07f4433d-8105-495f-a34c-ca24fea40e31-140001723334656","trial_id":77,"param_name":"CavityCorkThickness","param_value_internal":2.3094655836982407,"distribution":"{\"name\": \"FloatDistribution\", \"attributes\": {\"step\": null, \"low\": 2.0, \"high\": 5.0, \"log\": false}}"}
{"op_code":5,"worker_id":"07f4433d-8105-495f-a34c-ca24fea40e31-140001723334656","trial_id":77,"param_name":"BellowHeight","param_value_internal":6.959443735930742,"distribution":"{\"name\": \"FloatDistribution\", \"attributes\": {\"step\": null, \"low\": 6.0, \"high\": 10.0, \"log\": false}}"}
{"op_code":5,"worker_id":"07f4433d-8105-495f-a34c-ca24fea40e31-140001723334656","trial_id":77,"param_name":"WallThickness","param_value_internal":3.8610872931365865,"distribution":"{\"name\": \"FloatDistribution\", \"attributes\": {\"step\": null, \"low\": 2.0, \"high\": 4.0, \"log\": false}}"}
{"op_code":5,"worker_id":"07f4433d-8105-495f-a34c-ca24fea40e31-140001723334656","trial_id":77,"param_name":"PlateauHeight","param_value_internal":2.1439004333582736,"distribution":"{\"name\": \"FloatDistribution\", \"attributes\": {\"step\": null, \"low\": 2.0, \"high\": 4.0, \"log\": false}}"}
{"op_code":6,"worker_id":"ecfd478f-c300-4063-a362-86b643a9ac46-140116174675968","trial_id":75,"state":1,"values":[1051.645093226568,0.3245238088417055],"datetime_complete":"2026-06-15T20:39:26.159884"}
{"op_code":4,"worker_id":"ecfd478f-c300-4063-a362-86b643a9ac46-140116174675968","study_id":0,"datetime_start":"2026-06-15T20:39:26.174309"}
{"op_code":9,"worker_id":"ecfd478f-c300-4063-a362-86b643a9ac46-140116174675968","trial_id":78,"system_attr":{"nsga2:generation":1}}
{"op_code":5,"worker_id":"ecfd478f-c300-4063-a362-86b643a9ac46-140116174675968","trial_id":78,"param_name":"JointSlopeAngle","param_value_internal":0.17795247348953847,"distribution":"{\"name\": \"FloatDistribution\", \"attributes\": {\"step\": null, \"low\": 0.17453292519943295, \"high\": 1.0471975511965976, \"log\": false}}"}
{"op_code":5,"worker_id":"ecfd478f-c300-4063-a362-86b643a9ac46-140116174675968","trial_id":78,"param_name":"OuterRadius","param_value_internal":9.372932170134892,"distribution":"{\"name\": \"FloatDistribution\", \"attributes\": {\"step\": null, \"low\": 8.75, \"high\": 17.75, \"log\": false}}"}
{"op_code":5,"worker_id":"ecfd478f-c300-4063-a362-86b643a9ac46-140116174675968","trial_id":78,"param_name":"JointHeight","param_value_internal":5.140677084244894,"distribution":"{\"name\": \"FloatDistribution\", \"attributes\": {\"step\": null, \"low\": 5.0, \"high\": 8.0, \"log\": false}}"}
{"op_code":5,"worker_id":"ecfd478f-c300-4063-a362-86b643a9ac46-140116174675968","trial_id":78,"param_name":"CavityCorkThickness","param_value_internal":3.2582564266209406,"distribution":"{\"name\": \"FloatDistribution\", \"attributes\": {\"step\": null, \"low\": 2.0, \"high\": 5.0, \"log\": false}}"}
{"op_code":5,"worker_id":"ecfd478f-c300-4063-a362-86b643a9ac46-140116174675968","trial_id":78,"param_name":"BellowHeight","param_value_internal":9.57625400210825,"distribution":"{\"name\": \"FloatDistribution\", \"attributes\": {\"step\": null, \"low\": 6.0, \"high\": 10.0, \"log\": false}}"}
{"op_code":5,"worker_id":"ecfd478f-c300-4063-a362-86b643a9ac46-140116174675968","trial_id":78,"param_name":"WallThickness","param_value_internal":3.3006207937263565,"distribution":"{\"name\": \"FloatDistribution\", \"attributes\": {\"step\": null, \"low\": 2.0, \"high\": 4.0, \"log\": false}}"}
{"op_code":5,"worker_id":"ecfd478f-c300-4063-a362-86b643a9ac46-140116174675968","trial_id":78,"param_name":"PlateauHeight","param_value_internal":2.9977959154531155,"distribution":"{\"name\": \"FloatDistribution\", \"attributes\": {\"step\": null, \"low\": 2.0, \"high\": 4.0, \"log\": false}}"}
{"op_code":6,"worker_id":"07f4433d-8105-495f-a34c-ca24fea40e31-140001723334656","trial_id":77,"state":1,"values":[871.0180173417793,0.45525177023956304],"datetime_complete":"2026-06-15T20:39:37.815720"}
{"op_code":4,"worker_id":"07f4433d-8105-495f-a34c-ca24fea40e31-140001723334656","study_id":0,"datetime_start":"2026-06-15T20:39:37.827922"}
{"op_code":9,"worker_id":"07f4433d-8105-495f-a34c-ca24fea40e31-140001723334656","trial_id":79,"system_attr":{"nsga2:generation":1}}
{"op_code":5,"worker_id":"07f4433d-8105-495f-a34c-ca24fea40e31-140001723334656","trial_id":79,"param_name":"JointSlopeAngle","param_value_internal":0.9181151838671837,"distribution":"{\"name\": \"FloatDistribution\", \"attributes\": {\"step\": null, \"low\": 0.17453292519943295, \"high\": 1.0471975511965976, \"log\": false}}"}
{"op_code":5,"worker_id":"07f4433d-8105-495f-a34c-ca24fea40e31-140001723334656","trial_id":79,"param_name":"OuterRadius","param_value_internal":16.354014784105203,"distribution":"{\"name\": \"FloatDistribution\", \"attributes\": {\"step\": null, \"low\": 8.75, \"high\": 17.75, \"log\": false}}"}
{"op_code":5,"worker_id":"07f4433d-8105-495f-a34c-ca24fea40e31-140001723334656","trial_id":79,"param_name":"JointHeight","param_value_internal":5.522588836569238,"distribution":"{\"name\": \"FloatDistribution\", \"attributes\": {\"step\": null, \"low\": 5.0, \"high\": 8.0, \"log\": false}}"}
{"op_code":5,"worker_id":"07f4433d-8105-495f-a34c-ca24fea40e31-140001723334656","trial_id":79,"param_name":"CavityCorkThickness","param_value_internal":3.178777320592155,"distribution":"{\"name\": \"FloatDistribution\", \"attributes\": {\"step\": null, \"low\": 2.0, \"high\": 5.0, \"log\": false}}"}
{"op_code":5,"worker_id":"07f4433d-8105-495f-a34c-ca24fea40e31-140001723334656","trial_id":79,"param_name":"BellowHeight","param_value_internal":9.741185669127688,"distribution":"{\"name\": \"FloatDistribution\", \"attributes\": {\"step\": null, \"low\": 6.0, \"high\": 10.0, \"log\": false}}"}
{"op_code":5,"worker_id":"07f4433d-8105-495f-a34c-ca24fea40e31-140001723334656","trial_id":79,"param_name":"WallThickness","param_value_internal":2.559391100752773,"distribution":"{\"name\": \"FloatDistribution\", \"attributes\": {\"step\": null, \"low\": 2.0, \"high\": 4.0, \"log\": false}}"}
{"op_code":5,"worker_id":"07f4433d-8105-495f-a34c-ca24fea40e31-140001723334656","trial_id":79,"param_name":"PlateauHeight","param_value_internal":2.1189870194908726,"distribution":"{\"name\": \"FloatDistribution\", \"attributes\": {\"step\": null, \"low\": 2.0, \"high\": 4.0, \"log\": false}}"}
{"op_code":6,"worker_id":"ecfd478f-c300-4063-a362-86b643a9ac46-140116174675968","trial_id":78,"state":1,"values":[143.95156343120559,0.032667122029136436],"datetime_complete":"2026-06-15T20:39:39.442040"}
{"op_code":4,"worker_id":"ecfd478f-c300-4063-a362-86b643a9ac46-140116174675968","study_id":0,"datetime_start":"2026-06-15T20:39:39.459388"}
{"op_code":9,"worker_id":"ecfd478f-c300-4063-a362-86b643a9ac46-140116174675968","trial_id":80,"system_attr":{"nsga2:generation":1}}
{"op_code":5,"worker_id":"ecfd478f-c300-4063-a362-86b643a9ac46-140116174675968","trial_id":80,"param_name":"JointSlopeAngle","param_value_internal":0.6707696787001254,"distribution":"{\"name\": \"FloatDistribution\", \"attributes\": {\"step\": null, \"low\": 0.17453292519943295, \"high\": 1.0471975511965976, \"log\": false}}"}
{"op_code":5,"worker_id":"ecfd478f-c300-4063-a362-86b643a9ac46-140116174675968","trial_id":80,"param_name":"OuterRadius","param_value_internal":16.155458780487685,"distribution":"{\"name\": \"FloatDistribution\", \"attributes\": {\"step\": null, \"low\": 8.75, \"high\": 17.75, \"log\": false}}"}
{"op_code":5,"worker_id":"ecfd478f-c300-4063-a362-86b643a9ac46-140116174675968","trial_id":80,"param_name":"JointHeight","param_value_internal":6.536310677297392,"distribution":"{\"name\": \"FloatDistribution\", \"attributes\": {\"step\": null, \"low\": 5.0, \"high\": 8.0, \"log\": false}}"}
{"op_code":5,"worker_id":"ecfd478f-c300-4063-a362-86b643a9ac46-140116174675968","trial_id":80,"param_name":"CavityCorkThickness","param_value_internal":4.060123844963072,"distribution":"{\"name\": \"FloatDistribution\", \"attributes\": {\"step\": null, \"low\": 2.0, \"high\": 5.0, \"log\": false}}"}
{"op_code":5,"worker_id":"ecfd478f-c300-4063-a362-86b643a9ac46-140116174675968","trial_id":80,"param_name":"BellowHeight","param_value_internal":9.051688909860314,"distribution":"{\"name\": \"FloatDistribution\", \"attributes\": {\"step\": null, \"low\": 6.0, \"high\": 10.0, \"log\": false}}"}
{"op_code":5,"worker_id":"ecfd478f-c300-4063-a362-86b643a9ac46-140116174675968","trial_id":80,"param_name":"WallThickness","param_value_internal":3.891099173221072,"distribution":"{\"name\": \"FloatDistribution\", \"attributes\": {\"step\": null, \"low\": 2.0, \"high\": 4.0, \"log\": false}}"}
{"op_code":5,"worker_id":"ecfd478f-c300-4063-a362-86b643a9ac46-140116174675968","trial_id":80,"param_name":"PlateauHeight","param_value_internal":2.6334003527725915,"distribution":"{\"name\": \"FloatDistribution\", \"attributes\": {\"step\": null, \"low\": 2.0, \"high\": 4.0, \"log\": false}}"}
{"op_code":6,"worker_id":"07f4433d-8105-495f-a34c-ca24fea40e31-140001723334656","trial_id":79,"state":1,"values":[1320.8850105134677,0.4274109651421087],"datetime_complete":"2026-06-15T20:39:50.716207"}
{"op_code":4,"worker_id":"07f4433d-8105-495f-a34c-ca24fea40e31-140001723334656","study_id":0,"datetime_start":"2026-06-15T20:39:50.727695"}
{"op_code":9,"worker_id":"07f4433d-8105-495f-a34c-ca24fea40e31-140001723334656","trial_id":81,"system_attr":{"nsga2:generation":1}}
{"op_code":5,"worker_id":"07f4433d-8105-495f-a34c-ca24fea40e31-140001723334656","trial_id":81,"param_name":"JointSlopeAngle","param_value_internal":0.7011132302131908,"distribution":"{\"name\": \"FloatDistribution\", \"attributes\": {\"step\": null, \"low\": 0.17453292519943295, \"high\": 1.0471975511965976, \"log\": false}}"}
{"op_code":5,"worker_id":"07f4433d-8105-495f-a34c-ca24fea40e31-140001723334656","trial_id":81,"param_name":"OuterRadius","param_value_internal":16.789991867218234,"distribution":"{\"name\": \"FloatDistribution\", \"attributes\": {\"step\": null, \"low\": 8.75, \"high\": 17.75, \"log\": false}}"}
{"op_code":5,"worker_id":"07f4433d-8105-495f-a34c-ca24fea40e31-140001723334656","trial_id":81,"param_name":"JointHeight","param_value_internal":6.352359112020677,"distribution":"{\"name\": \"FloatDistribution\", \"attributes\": {\"step\": null, \"low\": 5.0, \"high\": 8.0, \"log\": false}}"}
{"op_code":5,"worker_id":"07f4433d-8105-495f-a34c-ca24fea40e31-140001723334656","trial_id":81,"param_name":"CavityCorkThickness","param_value_internal":3.5755855930391114,"distribution":"{\"name\": \"FloatDistribution\", \"attributes\": {\"step\": null, \"low\": 2.0, \"high\": 5.0, \"log\": false}}"}
{"op_code":5,"worker_id":"07f4433d-8105-495f-a34c-ca24fea40e31-140001723334656","trial_id":81,"param_name":"BellowHeight","param_value_internal":8.69847206031512,"distribution":"{\"name\": \"FloatDistribution\", \"attributes\": {\"step\": null, \"low\": 6.0, \"high\": 10.0, \"log\": false}}"}
{"op_code":5,"worker_id":"07f4433d-8105-495f-a34c-ca24fea40e31-140001723334656","trial_id":81,"param_name":"WallThickness","param_value_internal":2.3242245184732684,"distribution":"{\"name\": \"FloatDistribution\", \"attributes\": {\"step\": null, \"low\": 2.0, \"high\": 4.0, \"log\": false}}"}
{"op_code":5,"worker_id":"07f4433d-8105-495f-a34c-ca24fea40e31-140001723334656","trial_id":81,"param_name":"PlateauHeight","param_value_internal":2.138634336533139,"distribution":"{\"name\": \"FloatDistribution\", \"attributes\": {\"step\": null, \"low\": 2.0, \"high\": 4.0, \"log\": false}}"}
{"op_code":6,"worker_id":"ecfd478f-c300-4063-a362-86b643a9ac46-140116174675968","trial_id":80,"state":1,"values":[795.5883526399431,0.43197784790354404],"datetime_complete":"2026-06-15T20:39:54.448637"}
{"op_code":4,"worker_id":"ecfd478f-c300-4063-a362-86b643a9ac46-140116174675968","study_id":0,"datetime_start":"2026-06-15T20:39:54.466062"}
{"op_code":9,"worker_id":"ecfd478f-c300-4063-a362-86b643a9ac46-140116174675968","trial_id":82,"system_attr":{"nsga2:generation":1}}
{"op_code":5,"worker_id":"ecfd478f-c300-4063-a362-86b643a9ac46-140116174675968","trial_id":82,"param_name":"JointSlopeAngle","param_value_internal":0.8600145371674874,"distribution":"{\"name\": \"FloatDistribution\", \"attributes\": {\"step\": null, \"low\": 0.17453292519943295, \"high\": 1.0471975511965976, \"log\": false}}"}
{"op_code":5,"worker_id":"ecfd478f-c300-4063-a362-86b643a9ac46-140116174675968","trial_id":82,"param_name":"OuterRadius","param_value_internal":16.917475923555145,"distribution":"{\"name\": \"FloatDistribution\", \"attributes\": {\"step\": null, \"low\": 8.75, \"high\": 17.75, \"log\": false}}"}
{"op_code":5,"worker_id":"ecfd478f-c300-4063-a362-86b643a9ac46-140116174675968","trial_id":82,"param_name":"JointHeight","param_value_internal":7.60467227896262,"distribution":"{\"name\": \"FloatDistribution\", \"attributes\": {\"step\": null, \"low\": 5.0, \"high\": 8.0, \"log\": false}}"}
{"op_code":5,"worker_id":"ecfd478f-c300-4063-a362-86b643a9ac46-140116174675968","trial_id":82,"param_name":"CavityCorkThickness","param_value_internal":2.391996781218338,"distribution":"{\"name\": \"FloatDistribution\", \"attributes\": {\"step\": null, \"low\": 2.0, \"high\": 5.0, \"log\": false}}"}
{"op_code":5,"worker_id":"ecfd478f-c300-4063-a362-86b643a9ac46-140116174675968","trial_id":82,"param_name":"BellowHeight","param_value_internal":6.694575818421905,"distribution":"{\"name\": \"FloatDistribution\", \"attributes\": {\"step\": null, \"low\": 6.0, \"high\": 10.0, \"log\": false}}"}
{"op_code":5,"worker_id":"ecfd478f-c300-4063-a362-86b643a9ac46-140116174675968","trial_id":82,"param_name":"WallThickness","param_value_internal":2.559391100752773,"distribution":"{\"name\": \"FloatDistribution\", \"attributes\": {\"step\": null, \"low\": 2.0, \"high\": 4.0, \"log\": false}}"}
{"op_code":5,"worker_id":"ecfd478f-c300-4063-a362-86b643a9ac46-140116174675968","trial_id":82,"param_name":"PlateauHeight","param_value_internal":2.1189870194908726,"distribution":"{\"name\": \"FloatDistribution\", \"attributes\": {\"step\": null, \"low\": 2.0, \"high\": 4.0, \"log\": false}}"}
{"op_code":6,"worker_id":"07f4433d-8105-495f-a34c-ca24fea40e31-140001723334656","trial_id":81,"state":1,"values":[1321.6955877184942,0.4101600053851027],"datetime_complete":"2026-06-15T20:40:03.786511"}
{"op_code":4,"worker_id":"07f4433d-8105-495f-a34c-ca24fea40e31-140001723334656","study_id":0,"datetime_start":"2026-06-15T20:40:03.799152"}
{"op_code":9,"worker_id":"07f4433d-8105-495f-a34c-ca24fea40e31-140001723334656","trial_id":83,"system_attr":{"nsga2:generation":1}}
{"op_code":5,"worker_id":"07f4433d-8105-495f-a34c-ca24fea40e31-140001723334656","trial_id":83,"param_name":"JointSlopeAngle","param_value_internal":0.7447825655413925,"distribution":"{\"name\": \"FloatDistribution\", \"attributes\": {\"step\": null, \"low\": 0.17453292519943295, \"high\": 1.0471975511965976, \"log\": false}}"}
{"op_code":5,"worker_id":"07f4433d-8105-495f-a34c-ca24fea40e31-140001723334656","trial_id":83,"param_name":"OuterRadius","param_value_internal":15.919381857059122,"distribution":"{\"name\": \"FloatDistribution\", \"attributes\": {\"step\": null, \"low\": 8.75, \"high\": 17.75, \"log\": false}}"}
{"op_code":5,"worker_id":"07f4433d-8105-495f-a34c-ca24fea40e31-140001723334656","trial_id":83,"param_name":"JointHeight","param_value_internal":7.5149255616794015,"distribution":"{\"name\": \"FloatDistribution\", \"attributes\": {\"step\": null, \"low\": 5.0, \"high\": 8.0, \"log\": false}}"}
{"op_code":5,"worker_id":"07f4433d-8105-495f-a34c-ca24fea40e31-140001723334656","trial_id":83,"param_name":"CavityCorkThickness","param_value_internal":2.405525650255897,"distribution":"{\"name\": \"FloatDistribution\", \"attributes\": {\"step\": null, \"low\": 2.0, \"high\": 5.0, \"log\": false}}"}
{"op_code":5,"worker_id":"07f4433d-8105-495f-a34c-ca24fea40e31-140001723334656","trial_id":83,"param_name":"BellowHeight","param_value_internal":9.873046074677653,"distribution":"{\"name\": \"FloatDistribution\", \"attributes\": {\"step\": null, \"low\": 6.0, \"high\": 10.0, \"log\": false}}"}
{"op_code":5,"worker_id":"07f4433d-8105-495f-a34c-ca24fea40e31-140001723334656","trial_id":83,"param_name":"WallThickness","param_value_internal":2.224254426673263,"distribution":"{\"name\": \"FloatDistribution\", \"attributes\": {\"step\": null, \"low\": 2.0, \"high\": 4.0, \"log\": false}}"}
{"op_code":5,"worker_id":"07f4433d-8105-495f-a34c-ca24fea40e31-140001723334656","trial_id":83,"param_name":"PlateauHeight","param_value_internal":3.670232198420761,"distribution":"{\"name\": \"FloatDistribution\", \"attributes\": {\"step\": null, \"low\": 2.0, \"high\": 4.0, \"log\": false}}"}
{"op_code":6,"worker_id":"ecfd478f-c300-4063-a362-86b643a9ac46-140116174675968","trial_id":82,"state":1,"values":[1253.811330592117,0.39926871286795274],"datetime_complete":"2026-06-15T20:40:10.451037"}
{"op_code":4,"worker_id":"ecfd478f-c300-4063-a362-86b643a9ac46-140116174675968","study_id":0,"datetime_start":"2026-06-15T20:40:10.468890"}
{"op_code":9,"worker_id":"ecfd478f-c300-4063-a362-86b643a9ac46-140116174675968","trial_id":84,"system_attr":{"nsga2:generation":1}}
{"op_code":5,"worker_id":"ecfd478f-c300-4063-a362-86b643a9ac46-140116174675968","trial_id":84,"param_name":"JointSlopeAngle","param_value_internal":0.9122494925114252,"distribution":"{\"name\": \"FloatDistribution\", \"attributes\": {\"step\": null, \"low\": 0.17453292519943295, \"high\": 1.0471975511965976, \"log\": false}}"}
{"op_code":5,"worker_id":"ecfd478f-c300-4063-a362-86b643a9ac46-140116174675968","trial_id":84,"param_name":"OuterRadius","param_value_internal":9.372932170134892,"distribution":"{\"name\": \"FloatDistribution\", \"attributes\": {\"step\": null, \"low\": 8.75, \"high\": 17.75, \"log\": false}}"}
{"op_code":5,"worker_id":"ecfd478f-c300-4063-a362-86b643a9ac46-140116174675968","trial_id":84,"param_name":"JointHeight","param_value_internal":5.429002837667215,"distribution":"{\"name\": \"FloatDistribution\", \"attributes\": {\"step\": null, \"low\": 5.0, \"high\": 8.0, \"log\": false}}"}
{"op_code":5,"worker_id":"ecfd478f-c300-4063-a362-86b643a9ac46-140116174675968","trial_id":84,"param_name":"CavityCorkThickness","param_value_internal":4.919331015519596,"distribution":"{\"name\": \"FloatDistribution\", \"attributes\": {\"step\": null, \"low\": 2.0, \"high\": 5.0, \"log\": false}}"}
{"op_code":5,"worker_id":"ecfd478f-c300-4063-a362-86b643a9ac46-140116174675968","trial_id":84,"param_name":"BellowHeight","param_value_internal":8.4908041929811,"distribution":"{\"name\": \"FloatDistribution\", \"attributes\": {\"step\": null, \"low\": 6.0, \"high\": 10.0, \"log\": false}}"}
{"op_code":5,"worker_id":"ecfd478f-c300-4063-a362-86b643a9ac46-140116174675968","trial_id":84,"param_name":"WallThickness","param_value_internal":2.2423540095762844,"distribution":"{\"name\": \"FloatDistribution\", \"attributes\": {\"step\": null, \"low\": 2.0, \"high\": 4.0, \"log\": false}}"}
{"op_code":5,"worker_id":"ecfd478f-c300-4063-a362-86b643a9ac46-140116174675968","trial_id":84,"param_name":"PlateauHeight","param_value_internal":2.9977959154531155,"distribution":"{\"name\": \"FloatDistribution\", \"attributes\": {\"step\": null, \"low\": 2.0, \"high\": 4.0, \"log\": false}}"}
{"op_code":6,"worker_id":"07f4433d-8105-495f-a34c-ca24fea40e31-140001723334656","trial_id":83,"state":1,"values":[1706.9247380421696,0.4266941565496351],"datetime_complete":"2026-06-15T20:40:15.378669"}
{"op_code":4,"worker_id":"07f4433d-8105-495f-a34c-ca24fea40e31-140001723334656","study_id":0,"datetime_start":"2026-06-15T20:40:15.392864"}
{"op_code":9,"worker_id":"07f4433d-8105-495f-a34c-ca24fea40e31-140001723334656","trial_id":85,"system_attr":{"nsga2:generation":1}}
{"op_code":5,"worker_id":"07f4433d-8105-495f-a34c-ca24fea40e31-140001723334656","trial_id":85,"param_name":"JointSlopeAngle","param_value_internal":0.9564762255587863,"distribution":"{\"name\": \"FloatDistribution\", \"attributes\": {\"step\": null, \"low\": 0.17453292519943295, \"high\": 1.0471975511965976, \"log\": false}}"}
{"op_code":5,"worker_id":"07f4433d-8105-495f-a34c-ca24fea40e31-140001723334656","trial_id":85,"param_name":"OuterRadius","param_value_internal":15.57406193770872,"distribution":"{\"name\": \"FloatDistribution\", \"attributes\": {\"step\": null, \"low\": 8.75, \"high\": 17.75, \"log\": false}}"}
{"op_code":5,"worker_id":"07f4433d-8105-495f-a34c-ca24fea40e31-140001723334656","trial_id":85,"param_name":"JointHeight","param_value_internal":7.654443782412088,"distribution":"{\"name\": \"FloatDistribution\", \"attributes\": {\"step\": null, \"low\": 5.0, \"high\": 8.0, \"log\": false}}"}
{"op_code":5,"worker_id":"07f4433d-8105-495f-a34c-ca24fea40e31-140001723334656","trial_id":85,"param_name":"CavityCorkThickness","param_value_internal":4.336022402509629,"distribution":"{\"name\": \"FloatDistribution\", \"attributes\": {\"step\": null, \"low\": 2.0, \"high\": 5.0, \"log\": false}}"}
{"op_code":5,"worker_id":"07f4433d-8105-495f-a34c-ca24fea40e31-140001723334656","trial_id":85,"param_name":"BellowHeight","param_value_internal":8.329643064751066,"distribution":"{\"name\": \"FloatDistribution\", \"attributes\": {\"step\": null, \"low\": 6.0, \"high\": 10.0, \"log\": false}}"}
{"op_code":5,"worker_id":"07f4433d-8105-495f-a34c-ca24fea40e31-140001723334656","trial_id":85,"param_name":"WallThickness","param_value_internal":2.00165388978446,"distribution":"{\"name\": \"FloatDistribution\", \"attributes\": {\"step\": null, \"low\": 2.0, \"high\": 4.0, \"log\": false}}"}
{"op_code":5,"worker_id":"07f4433d-8105-495f-a34c-ca24fea40e31-140001723334656","trial_id":85,"param_name":"PlateauHeight","param_value_internal":3.5159505279966643,"distribution":"{\"name\": \"FloatDistribution\", \"attributes\": {\"step\": null, \"low\": 2.0, \"high\": 4.0, \"log\": false}}"}
{"op_code":6,"worker_id":"ecfd478f-c300-4063-a362-86b643a9ac46-140116174675968","trial_id":84,"state":1,"values":[26.23380459671591,0.3423796444576808],"datetime_complete":"2026-06-15T20:40:23.980686"}
{"op_code":4,"worker_id":"ecfd478f-c300-4063-a362-86b643a9ac46-140116174675968","study_id":0,"datetime_start":"2026-06-15T20:40:23.996633"}
{"op_code":9,"worker_id":"ecfd478f-c300-4063-a362-86b643a9ac46-140116174675968","trial_id":86,"system_attr":{"nsga2:generation":1}}
{"op_code":5,"worker_id":"ecfd478f-c300-4063-a362-86b643a9ac46-140116174675968","trial_id":86,"param_name":"JointSlopeAngle","param_value_internal":0.8529923524068651,"distribution":"{\"name\": \"FloatDistribution\", \"attributes\": {\"step\": null, \"low\": 0.17453292519943295, \"high\": 1.0471975511965976, \"log\": false}}"}
{"op_code":5,"worker_id":"ecfd478f-c300-4063-a362-86b643a9ac46-140116174675968","trial_id":86,"param_name":"OuterRadius","param_value_internal":15.806250532591527,"distribution":"{\"name\": \"FloatDistribution\", \"attributes\": {\"step\": null, \"low\": 8.75, \"high\": 17.75, \"log\": false}}"}
{"op_code":5,"worker_id":"ecfd478f-c300-4063-a362-86b643a9ac46-140116174675968","trial_id":86,"param_name":"JointHeight","param_value_internal":6.352359112020677,"distribution":"{\"name\": \"FloatDistribution\", \"attributes\": {\"step\": null, \"low\": 5.0, \"high\": 8.0, \"log\": false}}"}
{"op_code":5,"worker_id":"ecfd478f-c300-4063-a362-86b643a9ac46-140116174675968","trial_id":86,"param_name":"CavityCorkThickness","param_value_internal":2.2164844274688953,"distribution":"{\"name\": \"FloatDistribution\", \"attributes\": {\"step\": null, \"low\": 2.0, \"high\": 5.0, \"log\": false}}"}
{"op_code":5,"worker_id":"ecfd478f-c300-4063-a362-86b643a9ac46-140116174675968","trial_id":86,"param_name":"BellowHeight","param_value_internal":8.744279419622284,"distribution":"{\"name\": \"FloatDistribution\", \"attributes\": {\"step\": null, \"low\": 6.0, \"high\": 10.0, \"log\": false}}"}
{"op_code":5,"worker_id":"ecfd478f-c300-4063-a362-86b643a9ac46-140116174675968","trial_id":86,"param_name":"WallThickness","param_value_internal":3.2573012932053853,"distribution":"{\"name\": \"FloatDistribution\", \"attributes\": {\"step\": null, \"low\": 2.0, \"high\": 4.0, \"log\": false}}"}
{"op_code":5,"worker_id":"ecfd478f-c300-4063-a362-86b643a9ac46-140116174675968","trial_id":86,"param_name":"PlateauHeight","param_value_internal":3.3975645466712336,"distribution":"{\"name\": \"FloatDistribution\", \"attributes\": {\"step\": null, \"low\": 2.0, \"high\": 4.0, \"log\": false}}"}
{"op_code":6,"worker_id":"07f4433d-8105-495f-a34c-ca24fea40e31-140001723334656","trial_id":85,"state":1,"values":[1072.8813426551003,0.45033370879569445],"datetime_complete":"2026-06-15T20:40:28.158858"}
{"op_code":4,"worker_id":"07f4433d-8105-495f-a34c-ca24fea40e31-140001723334656","study_id":0,"datetime_start":"2026-06-15T20:40:28.170272"}
{"op_code":9,"worker_id":"07f4433d-8105-495f-a34c-ca24fea40e31-140001723334656","trial_id":87,"system_attr":{"nsga2:generation":1}}
{"op_code":5,"worker_id":"07f4433d-8105-495f-a34c-ca24fea40e31-140001723334656","trial_id":87,"param_name":"JointSlopeAngle","param_value_internal":0.2285920375927765,"distribution":"{\"name\": \"FloatDistribution\", \"attributes\": {\"step\": null, \"low\": 0.17453292519943295, \"high\": 1.0471975511965976, \"log\": false}}"}
{"op_code":5,"worker_id":"07f4433d-8105-495f-a34c-ca24fea40e31-140001723334656","trial_id":87,"param_name":"OuterRadius","param_value_internal":16.032810961490206,"distribution":"{\"name\": \"FloatDistribution\", \"attributes\": {\"step\": null, \"low\": 8.75, \"high\": 17.75, \"log\": false}}"}
{"op_code":5,"worker_id":"07f4433d-8105-495f-a34c-ca24fea40e31-140001723334656","trial_id":87,"param_name":"JointHeight","param_value_internal":5.217622700820494,"distribution":"{\"name\": \"FloatDistribution\", \"attributes\": {\"step\": null, \"low\": 5.0, \"high\": 8.0, \"log\": false}}"}
{"op_code":5,"worker_id":"07f4433d-8105-495f-a34c-ca24fea40e31-140001723334656","trial_id":87,"param_name":"CavityCorkThickness","param_value_internal":2.2004154780939267,"distribution":"{\"name\": \"FloatDistribution\", \"attributes\": {\"step\": null, \"low\": 2.0, \"high\": 5.0, \"log\": false}}"}
{"op_code":5,"worker_id":"07f4433d-8105-495f-a34c-ca24fea40e31-140001723334656","trial_id":87,"param_name":"BellowHeight","param_value_internal":8.329643064751066,"distribution":"{\"name\": \"FloatDistribution\", \"attributes\": {\"step\": null, \"low\": 6.0, \"high\": 10.0, \"log\": false}}"}
{"op_code":5,"worker_id":"07f4433d-8105-495f-a34c-ca24fea40e31-140001723334656","trial_id":87,"param_name":"WallThickness","param_value_internal":2.00165388978446,"distribution":"{\"name\": \"FloatDistribution\", \"attributes\": {\"step\": null, \"low\": 2.0, \"high\": 4.0, \"log\": false}}"}
{"op_code":5,"worker_id":"07f4433d-8105-495f-a34c-ca24fea40e31-140001723334656","trial_id":87,"param_name":"PlateauHeight","param_value_internal":3.5159505279966643,"distribution":"{\"name\": \"FloatDistribution\", \"attributes\": {\"step\": null, \"low\": 2.0, \"high\": 4.0, \"log\": false}}"}
{"op_code":6,"worker_id":"ecfd478f-c300-4063-a362-86b643a9ac46-140116174675968","trial_id":86,"state":1,"values":[1264.3638089661533,0.44089176011768105],"datetime_complete":"2026-06-15T20:40:39.695376"}
{"op_code":4,"worker_id":"ecfd478f-c300-4063-a362-86b643a9ac46-140116174675968","study_id":0,"datetime_start":"2026-06-15T20:40:39.711164"}
{"op_code":9,"worker_id":"ecfd478f-c300-4063-a362-86b643a9ac46-140116174675968","trial_id":88,"system_attr":{"nsga2:generation":1}}
{"op_code":5,"worker_id":"ecfd478f-c300-4063-a362-86b643a9ac46-140116174675968","trial_id":88,"param_name":"JointSlopeAngle","param_value_internal":0.25888648532501357,"distribution":"{\"name\": \"FloatDistribution\", \"attributes\": {\"step\": null, \"low\": 0.17453292519943295, \"high\": 1.0471975511965976, \"log\": false}}"}
{"op_code":5,"worker_id":"ecfd478f-c300-4063-a362-86b643a9ac46-140116174675968","trial_id":88,"param_name":"OuterRadius","param_value_internal":14.551598989930017,"distribution":"{\"name\": \"FloatDistribution\", \"attributes\": {\"step\": null, \"low\": 8.75, \"high\": 17.75, \"log\": false}}"}
{"op_code":5,"worker_id":"ecfd478f-c300-4063-a362-86b643a9ac46-140116174675968","trial_id":88,"param_name":"JointHeight","param_value_internal":5.455613164328176,"distribution":"{\"name\": \"FloatDistribution\", \"attributes\": {\"step\": null, \"low\": 5.0, \"high\": 8.0, \"log\": false}}"}
{"op_code":5,"worker_id":"ecfd478f-c300-4063-a362-86b643a9ac46-140116174675968","trial_id":88,"param_name":"CavityCorkThickness","param_value_internal":2.927129419390274,"distribution":"{\"name\": \"FloatDistribution\", \"attributes\": {\"step\": null, \"low\": 2.0, \"high\": 5.0, \"log\": false}}"}
{"op_code":5,"worker_id":"ecfd478f-c300-4063-a362-86b643a9ac46-140116174675968","trial_id":88,"param_name":"BellowHeight","param_value_internal":6.710335356463079,"distribution":"{\"name\": \"FloatDistribution\", \"attributes\": {\"step\": null, \"low\": 6.0, \"high\": 10.0, \"log\": false}}"}
{"op_code":5,"worker_id":"ecfd478f-c300-4063-a362-86b643a9ac46-140116174675968","trial_id":88,"param_name":"WallThickness","param_value_internal":3.251465431992682,"distribution":"{\"name\": \"FloatDistribution\", \"attributes\": {\"step\": null, \"low\": 2.0, \"high\": 4.0, \"log\": false}}"}
{"op_code":5,"worker_id":"ecfd478f-c300-4063-a362-86b643a9ac46-140116174675968","trial_id":88,"param_name":"PlateauHeight","param_value_internal":2.226624379012227,"distribution":"{\"name\": \"FloatDistribution\", \"attributes\": {\"step\": null, \"low\": 2.0, \"high\": 4.0, \"log\": false}}"}
{"op_code":6,"worker_id":"07f4433d-8105-495f-a34c-ca24fea40e31-140001723334656","trial_id":87,"state":1,"values":[1578.3790794518159,0.31160034944071885],"datetime_complete":"2026-06-15T20:40:40.877698"}
{"op_code":4,"worker_id":"07f4433d-8105-495f-a34c-ca24fea40e31-140001723334656","study_id":0,"datetime_start":"2026-06-15T20:40:40.888751"}
{"op_code":9,"worker_id":"07f4433d-8105-495f-a34c-ca24fea40e31-140001723334656","trial_id":89,"system_attr":{"nsga2:generation":1}}
{"op_code":5,"worker_id":"07f4433d-8105-495f-a34c-ca24fea40e31-140001723334656","trial_id":89,"param_name":"JointSlopeAngle","param_value_internal":0.5189734376951645,"distribution":"{\"name\": \"FloatDistribution\", \"attributes\": {\"step\": null, \"low\": 0.17453292519943295, \"high\": 1.0471975511965976, \"log\": false}}"}
{"op_code":5,"worker_id":"07f4433d-8105-495f-a34c-ca24fea40e31-140001723334656","trial_id":89,"param_name":"OuterRadius","param_value_internal":12.081566359572626,"distribution":"{\"name\": \"FloatDistribution\", \"attributes\": {\"step\": null, \"low\": 8.75, \"high\": 17.75, \"log\": false}}"}
{"op_code":5,"worker_id":"07f4433d-8105-495f-a34c-ca24fea40e31-140001723334656","trial_id":89,"param_name":"JointHeight","param_value_internal":5.582782194062293,"distribution":"{\"name\": \"FloatDistribution\", \"attributes\": {\"step\": null, \"low\": 5.0, \"high\": 8.0, \"log\": false}}"}
{"op_code":5,"worker_id":"07f4433d-8105-495f-a34c-ca24fea40e31-140001723334656","trial_id":89,"param_name":"CavityCorkThickness","param_value_internal":2.92546718506397,"distribution":"{\"name\": \"FloatDistribution\", \"attributes\": {\"step\": null, \"low\": 2.0, \"high\": 5.0, \"log\": false}}"}
{"op_code":5,"worker_id":"07f4433d-8105-495f-a34c-ca24fea40e31-140001723334656","trial_id":89,"param_name":"BellowHeight","param_value_internal":8.744279419622284,"distribution":"{\"name\": \"FloatDistribution\", \"attributes\": {\"step\": null, \"low\": 6.0, \"high\": 10.0, \"log\": false}}"}
{"op_code":5,"worker_id":"07f4433d-8105-495f-a34c-ca24fea40e31-140001723334656","trial_id":89,"param_name":"WallThickness","param_value_internal":3.8610872931365865,"distribution":"{\"name\": \"FloatDistribution\", \"attributes\": {\"step\": null, \"low\": 2.0, \"high\": 4.0, \"log\": false}}"}
{"op_code":5,"worker_id":"07f4433d-8105-495f-a34c-ca24fea40e31-140001723334656","trial_id":89,"param_name":"PlateauHeight","param_value_internal":3.3975645466712336,"distribution":"{\"name\": \"FloatDistribution\", \"attributes\": {\"step\": null, \"low\": 2.0, \"high\": 4.0, \"log\": false}}"}
{"op_code":6,"worker_id":"07f4433d-8105-495f-a34c-ca24fea40e31-140001723334656","trial_id":89,"state":1,"values":[391.8605302372629,0.29689397135815093],"datetime_complete":"2026-06-15T20:40:52.698741"}
{"op_code":4,"worker_id":"07f4433d-8105-495f-a34c-ca24fea40e31-140001723334656","study_id":0,"datetime_start":"2026-06-15T20:40:52.709900"}
{"op_code":9,"worker_id":"07f4433d-8105-495f-a34c-ca24fea40e31-140001723334656","trial_id":90,"system_attr":{"nsga2:generation":1}}
{"op_code":5,"worker_id":"07f4433d-8105-495f-a34c-ca24fea40e31-140001723334656","trial_id":90,"param_name":"JointSlopeAngle","param_value_internal":0.9367054297789487,"distribution":"{\"name\": \"FloatDistribution\", \"attributes\": {\"step\": null, \"low\": 0.17453292519943295, \"high\": 1.0471975511965976, \"log\": false}}"}
{"op_code":5,"worker_id":"07f4433d-8105-495f-a34c-ca24fea40e31-140001723334656","trial_id":90,"param_name":"OuterRadius","param_value_internal":13.922202041259219,"distribution":"{\"name\": \"FloatDistribution\", \"attributes\": {\"step\": null, \"low\": 8.75, \"high\": 17.75, \"log\": false}}"}
{"op_code":5,"worker_id":"07f4433d-8105-495f-a34c-ca24fea40e31-140001723334656","trial_id":90,"param_name":"JointHeight","param_value_internal":6.653137446809373,"distribution":"{\"name\": \"FloatDistribution\", \"attributes\": {\"step\": null, \"low\": 5.0, \"high\": 8.0, \"log\": false}}"}
{"op_code":5,"worker_id":"07f4433d-8105-495f-a34c-ca24fea40e31-140001723334656","trial_id":90,"param_name":"CavityCorkThickness","param_value_internal":3.6066301331200137,"distribution":"{\"name\": \"FloatDistribution\", \"attributes\": {\"step\": null, \"low\": 2.0, \"high\": 5.0, \"log\": false}}"}
{"op_code":5,"worker_id":"07f4433d-8105-495f-a34c-ca24fea40e31-140001723334656","trial_id":90,"param_name":"BellowHeight","param_value_internal":8.054195910242441,"distribution":"{\"name\": \"FloatDistribution\", \"attributes\": {\"step\": null, \"low\": 6.0, \"high\": 10.0, \"log\": false}}"}
{"op_code":5,"worker_id":"07f4433d-8105-495f-a34c-ca24fea40e31-140001723334656","trial_id":90,"param_name":"WallThickness","param_value_internal":2.9410810790041007,"distribution":"{\"name\": \"FloatDistribution\", \"attributes\": {\"step\": null, \"low\": 2.0, \"high\": 4.0, \"log\": false}}"}
{"op_code":5,"worker_id":"07f4433d-8105-495f-a34c-ca24fea40e31-140001723334656","trial_id":90,"param_name":"PlateauHeight","param_value_internal":2.3745053260966618,"distribution":"{\"name\": \"FloatDistribution\", \"attributes\": {\"step\": null, \"low\": 2.0, \"high\": 4.0, \"log\": false}}"}
{"op_code":6,"worker_id":"ecfd478f-c300-4063-a362-86b643a9ac46-140116174675968","trial_id":88,"state":1,"values":[648.191685718147,0.3351809554019639],"datetime_complete":"2026-06-15T20:40:54.540347"}
{"op_code":4,"worker_id":"ecfd478f-c300-4063-a362-86b643a9ac46-140116174675968","study_id":0,"datetime_start":"2026-06-15T20:40:54.555701"}
{"op_code":9,"worker_id":"ecfd478f-c300-4063-a362-86b643a9ac46-140116174675968","trial_id":91,"system_attr":{"nsga2:generation":1}}
{"op_code":5,"worker_id":"ecfd478f-c300-4063-a362-86b643a9ac46-140116174675968","trial_id":91,"param_name":"JointSlopeAngle","param_value_internal":0.25888648532501357,"distribution":"{\"name\": \"FloatDistribution\", \"attributes\": {\"step\": null, \"low\": 0.17453292519943295, \"high\": 1.0471975511965976, \"log\": false}}"}
{"op_code":5,"worker_id":"ecfd478f-c300-4063-a362-86b643a9ac46-140116174675968","trial_id":91,"param_name":"OuterRadius","param_value_internal":13.579514194716687,"distribution":"{\"name\": \"FloatDistribution\", \"attributes\": {\"step\": null, \"low\": 8.75, \"high\": 17.75, \"log\": false}}"}
{"op_code":5,"worker_id":"ecfd478f-c300-4063-a362-86b643a9ac46-140116174675968","trial_id":91,"param_name":"JointHeight","param_value_internal":7.641289648328072,"distribution":"{\"name\": \"FloatDistribution\", \"attributes\": {\"step\": null, \"low\": 5.0, \"high\": 8.0, \"log\": false}}"}
{"op_code":5,"worker_id":"ecfd478f-c300-4063-a362-86b643a9ac46-140116174675968","trial_id":91,"param_name":"CavityCorkThickness","param_value_internal":4.392668595248776,"distribution":"{\"name\": \"FloatDistribution\", \"attributes\": {\"step\": null, \"low\": 2.0, \"high\": 5.0, \"log\": false}}"}
{"op_code":5,"worker_id":"ecfd478f-c300-4063-a362-86b643a9ac46-140116174675968","trial_id":91,"param_name":"BellowHeight","param_value_internal":6.42998853246022,"distribution":"{\"name\": \"FloatDistribution\", \"attributes\": {\"step\": null, \"low\": 6.0, \"high\": 10.0, \"log\": false}}"}
{"op_code":5,"worker_id":"ecfd478f-c300-4063-a362-86b643a9ac46-140116174675968","trial_id":91,"param_name":"WallThickness","param_value_internal":2.63745133898839,"distribution":"{\"name\": \"FloatDistribution\", \"attributes\": {\"step\": null, \"low\": 2.0, \"high\": 4.0, \"log\": false}}"}
{"op_code":5,"worker_id":"ecfd478f-c300-4063-a362-86b643a9ac46-140116174675968","trial_id":91,"param_name":"PlateauHeight","param_value_internal":2.0074743248455853,"distribution":"{\"name\": \"FloatDistribution\", \"attributes\": {\"step\": null, \"low\": 2.0, \"high\": 4.0, \"log\": false}}"}
{"op_code":6,"worker_id":"07f4433d-8105-495f-a34c-ca24fea40e31-140001723334656","trial_id":90,"state":1,"values":[630.3039890850958,0.5003346108498667],"datetime_complete":"2026-06-15T20:41:03.725881"}
{"op_code":4,"worker_id":"07f4433d-8105-495f-a34c-ca24fea40e31-140001723334656","study_id":0,"datetime_start":"2026-06-15T20:41:03.738294"}
{"op_code":9,"worker_id":"07f4433d-8105-495f-a34c-ca24fea40e31-140001723334656","trial_id":92,"system_attr":{"nsga2:generation":1}}
{"op_code":5,"worker_id":"07f4433d-8105-495f-a34c-ca24fea40e31-140001723334656","trial_id":92,"param_name":"JointSlopeAngle","param_value_internal":0.8272457351358277,"distribution":"{\"name\": \"FloatDistribution\", \"attributes\": {\"step\": null, \"low\": 0.17453292519943295, \"high\": 1.0471975511965976, \"log\": false}}"}
{"op_code":5,"worker_id":"07f4433d-8105-495f-a34c-ca24fea40e31-140001723334656","trial_id":92,"param_name":"OuterRadius","param_value_internal":14.489373048556564,"distribution":"{\"name\": \"FloatDistribution\", \"attributes\": {\"step\": null, \"low\": 8.75, \"high\": 17.75, \"log\": false}}"}
{"op_code":5,"worker_id":"07f4433d-8105-495f-a34c-ca24fea40e31-140001723334656","trial_id":92,"param_name":"JointHeight","param_value_internal":7.347124145470186,"distribution":"{\"name\": \"FloatDistribution\", \"attributes\": {\"step\": null, \"low\": 5.0, \"high\": 8.0, \"log\": false}}"}
{"op_code":5,"worker_id":"07f4433d-8105-495f-a34c-ca24fea40e31-140001723334656","trial_id":92,"param_name":"CavityCorkThickness","param_value_internal":3.7037676631191796,"distribution":"{\"name\": \"FloatDistribution\", \"attributes\": {\"step\": null, \"low\": 2.0, \"high\": 5.0, \"log\": false}}"}
{"op_code":5,"worker_id":"07f4433d-8105-495f-a34c-ca24fea40e31-140001723334656","trial_id":92,"param_name":"BellowHeight","param_value_internal":9.354210471811252,"distribution":"{\"name\": \"FloatDistribution\", \"attributes\": {\"step\": null, \"low\": 6.0, \"high\": 10.0, \"log\": false}}"}
{"op_code":5,"worker_id":"07f4433d-8105-495f-a34c-ca24fea40e31-140001723334656","trial_id":92,"param_name":"WallThickness","param_value_internal":2.333382187309086,"distribution":"{\"name\": \"FloatDistribution\", \"attributes\": {\"step\": null, \"low\": 2.0, \"high\": 4.0, \"log\": false}}"}
{"op_code":5,"worker_id":"07f4433d-8105-495f-a34c-ca24fea40e31-140001723334656","trial_id":92,"param_name":"PlateauHeight","param_value_internal":2.447814897960071,"distribution":"{\"name\": \"FloatDistribution\", \"attributes\": {\"step\": null, \"low\": 2.0, \"high\": 4.0, \"log\": false}}"}
{"op_code":6,"worker_id":"ecfd478f-c300-4063-a362-86b643a9ac46-140116174675968","trial_id":91,"state":1,"values":[402.05237987397965,0.23637648351793872],"datetime_complete":"2026-06-15T20:41:09.203370"}
{"op_code":4,"worker_id":"ecfd478f-c300-4063-a362-86b643a9ac46-140116174675968","study_id":0,"datetime_start":"2026-06-15T20:41:09.217680"}
{"op_code":9,"worker_id":"ecfd478f-c300-4063-a362-86b643a9ac46-140116174675968","trial_id":93,"system_attr":{"nsga2:generation":1}}
{"op_code":5,"worker_id":"ecfd478f-c300-4063-a362-86b643a9ac46-140116174675968","trial_id":93,"param_name":"JointSlopeAngle","param_value_internal":0.2985885745524147,"distribution":"{\"name\": \"FloatDistribution\", \"attributes\": {\"step\": null, \"low\": 0.17453292519943295, \"high\": 1.0471975511965976, \"log\": false}}"}
{"op_code":5,"worker_id":"ecfd478f-c300-4063-a362-86b643a9ac46-140116174675968","trial_id":93,"param_name":"OuterRadius","param_value_internal":16.977844352752932,"distribution":"{\"name\": \"FloatDistribution\", \"attributes\": {\"step\": null, \"low\": 8.75, \"high\": 17.75, \"log\": false}}"}
{"op_code":5,"worker_id":"ecfd478f-c300-4063-a362-86b643a9ac46-140116174675968","trial_id":93,"param_name":"JointHeight","param_value_internal":7.813566182682949,"distribution":"{\"name\": \"FloatDistribution\", \"attributes\": {\"step\": null, \"low\": 5.0, \"high\": 8.0, \"log\": false}}"}
{"op_code":5,"worker_id":"ecfd478f-c300-4063-a362-86b643a9ac46-140116174675968","trial_id":93,"param_name":"CavityCorkThickness","param_value_internal":4.1768162132779585,"distribution":"{\"name\": \"FloatDistribution\", \"attributes\": {\"step\": null, \"low\": 2.0, \"high\": 5.0, \"log\": false}}"}
{"op_code":5,"worker_id":"ecfd478f-c300-4063-a362-86b643a9ac46-140116174675968","trial_id":93,"param_name":"BellowHeight","param_value_internal":9.239376819020496,"distribution":"{\"name\": \"FloatDistribution\", \"attributes\": {\"step\": null, \"low\": 6.0, \"high\": 10.0, \"log\": false}}"}
{"op_code":5,"worker_id":"ecfd478f-c300-4063-a362-86b643a9ac46-140116174675968","trial_id":93,"param_name":"WallThickness","param_value_internal":2.0317673570817805,"distribution":"{\"name\": \"FloatDistribution\", \"attributes\": {\"step\": null, \"low\": 2.0, \"high\": 4.0, \"log\": false}}"}
{"op_code":5,"worker_id":"ecfd478f-c300-4063-a362-86b643a9ac46-140116174675968","trial_id":93,"param_name":"PlateauHeight","param_value_internal":2.909876511783005,"distribution":"{\"name\": \"FloatDistribution\", \"attributes\": {\"step\": null, \"low\": 2.0, \"high\": 4.0, \"log\": false}}"}
{"op_code":6,"worker_id":"07f4433d-8105-495f-a34c-ca24fea40e31-140001723334656","trial_id":92,"state":1,"values":[916.8404316270718,0.4526279822137344],"datetime_complete":"2026-06-15T20:41:15.931061"}
{"op_code":4,"worker_id":"07f4433d-8105-495f-a34c-ca24fea40e31-140001723334656","study_id":0,"datetime_start":"2026-06-15T20:41:15.941670"}
{"op_code":9,"worker_id":"07f4433d-8105-495f-a34c-ca24fea40e31-140001723334656","trial_id":94,"system_attr":{"nsga2:generation":1}}
{"op_code":5,"worker_id":"07f4433d-8105-495f-a34c-ca24fea40e31-140001723334656","trial_id":94,"param_name":"JointSlopeAngle","param_value_internal":0.7194503434327293,"distribution":"{\"name\": \"FloatDistribution\", \"attributes\": {\"step\": null, \"low\": 0.17453292519943295, \"high\": 1.0471975511965976, \"log\": false}}"}
{"op_code":5,"worker_id":"07f4433d-8105-495f-a34c-ca24fea40e31-140001723334656","trial_id":94,"param_name":"OuterRadius","param_value_internal":15.57406193770872,"distribution":"{\"name\": \"FloatDistribution\", \"attributes\": {\"step\": null, \"low\": 8.75, \"high\": 17.75, \"log\": false}}"}
{"op_code":5,"worker_id":"07f4433d-8105-495f-a34c-ca24fea40e31-140001723334656","trial_id":94,"param_name":"JointHeight","param_value_internal":7.957242184419182,"distribution":"{\"name\": \"FloatDistribution\", \"attributes\": {\"step\": null, \"low\": 5.0, \"high\": 8.0, \"log\": false}}"}
{"op_code":5,"worker_id":"07f4433d-8105-495f-a34c-ca24fea40e31-140001723334656","trial_id":94,"param_name":"CavityCorkThickness","param_value_internal":2.6258482807713683,"distribution":"{\"name\": \"FloatDistribution\", \"attributes\": {\"step\": null, \"low\": 2.0, \"high\": 5.0, \"log\": false}}"}
{"op_code":5,"worker_id":"07f4433d-8105-495f-a34c-ca24fea40e31-140001723334656","trial_id":94,"param_name":"BellowHeight","param_value_internal":9.952348785249953,"distribution":"{\"name\": \"FloatDistribution\", \"attributes\": {\"step\": null, \"low\": 6.0, \"high\": 10.0, \"log\": false}}"}
{"op_code":5,"worker_id":"07f4433d-8105-495f-a34c-ca24fea40e31-140001723334656","trial_id":94,"param_name":"WallThickness","param_value_internal":3.6156524072568392,"distribution":"{\"name\": \"FloatDistribution\", \"attributes\": {\"step\": null, \"low\": 2.0, \"high\": 4.0, \"log\": false}}"}
{"op_code":5,"worker_id":"07f4433d-8105-495f-a34c-ca24fea40e31-140001723334656","trial_id":94,"param_name":"PlateauHeight","param_value_internal":2.2426461325152127,"distribution":"{\"name\": \"FloatDistribution\", \"attributes\": {\"step\": null, \"low\": 2.0, \"high\": 4.0, \"log\": false}}"}
{"op_code":6,"worker_id":"ecfd478f-c300-4063-a362-86b643a9ac46-140116174675968","trial_id":93,"state":1,"values":[1403.916941888652,0.35383785773735793],"datetime_complete":"2026-06-15T20:41:23.606079"}
{"op_code":4,"worker_id":"ecfd478f-c300-4063-a362-86b643a9ac46-140116174675968","study_id":0,"datetime_start":"2026-06-15T20:41:23.618226"}
{"op_code":9,"worker_id":"ecfd478f-c300-4063-a362-86b643a9ac46-140116174675968","trial_id":95,"system_attr":{"nsga2:generation":1}}
{"op_code":5,"worker_id":"ecfd478f-c300-4063-a362-86b643a9ac46-140116174675968","trial_id":95,"param_name":"JointSlopeAngle","param_value_internal":0.3474375309800934,"distribution":"{\"name\": \"FloatDistribution\", \"attributes\": {\"step\": null, \"low\": 0.17453292519943295, \"high\": 1.0471975511965976, \"log\": false}}"}
{"op_code":5,"worker_id":"ecfd478f-c300-4063-a362-86b643a9ac46-140116174675968","trial_id":95,"param_name":"OuterRadius","param_value_internal":11.569288986690955,"distribution":"{\"name\": \"FloatDistribution\", \"attributes\": {\"step\": null, \"low\": 8.75, \"high\": 17.75, \"log\": false}}"}
{"op_code":5,"worker_id":"ecfd478f-c300-4063-a362-86b643a9ac46-140116174675968","trial_id":95,"param_name":"JointHeight","param_value_internal":5.791863537051495,"distribution":"{\"name\": \"FloatDistribution\", \"attributes\": {\"step\": null, \"low\": 5.0, \"high\": 8.0, \"log\": false}}"}
{"op_code":5,"worker_id":"ecfd478f-c300-4063-a362-86b643a9ac46-140116174675968","trial_id":95,"param_name":"CavityCorkThickness","param_value_internal":4.019696020953558,"distribution":"{\"name\": \"FloatDistribution\", \"attributes\": {\"step\": null, \"low\": 2.0, \"high\": 5.0, \"log\": false}}"}
{"op_code":5,"worker_id":"ecfd478f-c300-4063-a362-86b643a9ac46-140116174675968","trial_id":95,"param_name":"BellowHeight","param_value_internal":6.825830149102349,"distribution":"{\"name\": \"FloatDistribution\", \"attributes\": {\"step\": null, \"low\": 6.0, \"high\": 10.0, \"log\": false}}"}
{"op_code":5,"worker_id":"ecfd478f-c300-4063-a362-86b643a9ac46-140116174675968","trial_id":95,"param_name":"WallThickness","param_value_internal":3.2573012932053853,"distribution":"{\"name\": \"FloatDistribution\", \"attributes\": {\"step\": null, \"low\": 2.0, \"high\": 4.0, \"log\": false}}"}
{"op_code":5,"worker_id":"ecfd478f-c300-4063-a362-86b643a9ac46-140116174675968","trial_id":95,"param_name":"PlateauHeight","param_value_internal":3.6360810302045676,"distribution":"{\"name\": \"FloatDistribution\", \"attributes\": {\"step\": null, \"low\": 2.0, \"high\": 4.0, \"log\": false}}"}
{"op_code":6,"worker_id":"07f4433d-8105-495f-a34c-ca24fea40e31-140001723334656","trial_id":94,"state":1,"values":[1028.5422672376467,0.4113903425125178],"datetime_complete":"2026-06-15T20:41:28.268787"}
{"op_code":4,"worker_id":"07f4433d-8105-495f-a34c-ca24fea40e31-140001723334656","study_id":0,"datetime_start":"2026-06-15T20:41:28.279577"}
{"op_code":9,"worker_id":"07f4433d-8105-495f-a34c-ca24fea40e31-140001723334656","trial_id":96,"system_attr":{"nsga2:generation":1}}
{"op_code":5,"worker_id":"07f4433d-8105-495f-a34c-ca24fea40e31-140001723334656","trial_id":96,"param_name":"JointSlopeAngle","param_value_internal":0.6778488102241723,"distribution":"{\"name\": \"FloatDistribution\", \"attributes\": {\"step\": null, \"low\": 0.17453292519943295, \"high\": 1.0471975511965976, \"log\": false}}"}
{"op_code":5,"worker_id":"07f4433d-8105-495f-a34c-ca24fea40e31-140001723334656","trial_id":96,"param_name":"OuterRadius","param_value_internal":17.095721952674808,"distribution":"{\"name\": \"FloatDistribution\", \"attributes\": {\"step\": null, \"low\": 8.75, \"high\": 17.75, \"log\": false}}"}
{"op_code":5,"worker_id":"07f4433d-8105-495f-a34c-ca24fea40e31-140001723334656","trial_id":96,"param_name":"JointHeight","param_value_internal":6.352359112020677,"distribution":"{\"name\": \"FloatDistribution\", \"attributes\": {\"step\": null, \"low\": 5.0, \"high\": 8.0, \"log\": false}}"}
{"op_code":5,"worker_id":"07f4433d-8105-495f-a34c-ca24fea40e31-140001723334656","trial_id":96,"param_name":"CavityCorkThickness","param_value_internal":3.3002072414452073,"distribution":"{\"name\": \"FloatDistribution\", \"attributes\": {\"step\": null, \"low\": 2.0, \"high\": 5.0, \"log\": false}}"}
{"op_code":5,"worker_id":"07f4433d-8105-495f-a34c-ca24fea40e31-140001723334656","trial_id":96,"param_name":"BellowHeight","param_value_internal":6.825830149102349,"distribution":"{\"name\": \"FloatDistribution\", \"attributes\": {\"step\": null, \"low\": 6.0, \"high\": 10.0, \"log\": false}}"}
{"op_code":5,"worker_id":"07f4433d-8105-495f-a34c-ca24fea40e31-140001723334656","trial_id":96,"param_name":"WallThickness","param_value_internal":3.2573012932053853,"distribution":"{\"name\": \"FloatDistribution\", \"attributes\": {\"step\": null, \"low\": 2.0, \"high\": 4.0, \"log\": false}}"}
{"op_code":5,"worker_id":"07f4433d-8105-495f-a34c-ca24fea40e31-140001723334656","trial_id":96,"param_name":"PlateauHeight","param_value_internal":3.768261178874062,"distribution":"{\"name\": \"FloatDistribution\", \"attributes\": {\"step\": null, \"low\": 2.0, \"high\": 4.0, \"log\": false}}"}
{"op_code":6,"worker_id":"ecfd478f-c300-4063-a362-86b643a9ac46-140116174675968","trial_id":95,"state":1,"values":[232.3306792261409,0.17900506503032337],"datetime_complete":"2026-06-15T20:41:36.187111"}
{"op_code":4,"worker_id":"ecfd478f-c300-4063-a362-86b643a9ac46-140116174675968","study_id":0,"datetime_start":"2026-06-15T20:41:36.200353"}
{"op_code":9,"worker_id":"ecfd478f-c300-4063-a362-86b643a9ac46-140116174675968","trial_id":97,"system_attr":{"nsga2:generation":1}}
{"op_code":5,"worker_id":"ecfd478f-c300-4063-a362-86b643a9ac46-140116174675968","trial_id":97,"param_name":"JointSlopeAngle","param_value_internal":0.5659463315757379,"distribution":"{\"name\": \"FloatDistribution\", \"attributes\": {\"step\": null, \"low\": 0.17453292519943295, \"high\": 1.0471975511965976, \"log\": false}}"}
{"op_code":5,"worker_id":"ecfd478f-c300-4063-a362-86b643a9ac46-140116174675968","trial_id":97,"param_name":"OuterRadius","param_value_internal":12.7132895456265,"distribution":"{\"name\": \"FloatDistribution\", \"attributes\": {\"step\": null, \"low\": 8.75, \"high\": 17.75, \"log\": false}}"}
{"op_code":5,"worker_id":"ecfd478f-c300-4063-a362-86b643a9ac46-140116174675968","trial_id":97,"param_name":"JointHeight","param_value_internal":5.607183485895478,"distribution":"{\"name\": \"FloatDistribution\", \"attributes\": {\"step\": null, \"low\": 5.0, \"high\": 8.0, \"log\": false}}"}
{"op_code":5,"worker_id":"ecfd478f-c300-4063-a362-86b643a9ac46-140116174675968","trial_id":97,"param_name":"CavityCorkThickness","param_value_internal":4.060123844963072,"distribution":"{\"name\": \"FloatDistribution\", \"attributes\": {\"step\": null, \"low\": 2.0, \"high\": 5.0, \"log\": false}}"}
{"op_code":5,"worker_id":"ecfd478f-c300-4063-a362-86b643a9ac46-140116174675968","trial_id":97,"param_name":"BellowHeight","param_value_internal":9.051688909860314,"distribution":"{\"name\": \"FloatDistribution\", \"attributes\": {\"step\": null, \"low\": 6.0, \"high\": 10.0, \"log\": false}}"}
{"op_code":5,"worker_id":"ecfd478f-c300-4063-a362-86b643a9ac46-140116174675968","trial_id":97,"param_name":"WallThickness","param_value_internal":2.559391100752773,"distribution":"{\"name\": \"FloatDistribution\", \"attributes\": {\"step\": null, \"low\": 2.0, \"high\": 4.0, \"log\": false}}"}
{"op_code":5,"worker_id":"ecfd478f-c300-4063-a362-86b643a9ac46-140116174675968","trial_id":97,"param_name":"PlateauHeight","param_value_internal":3.2144337488248818,"distribution":"{\"name\": \"FloatDistribution\", \"attributes\": {\"step\": null, \"low\": 2.0, \"high\": 4.0, \"log\": false}}"}
{"op_code":6,"worker_id":"07f4433d-8105-495f-a34c-ca24fea40e31-140001723334656","trial_id":96,"state":1,"values":[1200.3791250638706,0.40574440066290346],"datetime_complete":"2026-06-15T20:41:41.330004"}
{"op_code":4,"worker_id":"07f4433d-8105-495f-a34c-ca24fea40e31-140001723334656","study_id":0,"datetime_start":"2026-06-15T20:41:41.341759"}
{"op_code":9,"worker_id":"07f4433d-8105-495f-a34c-ca24fea40e31-140001723334656","trial_id":98,"system_attr":{"nsga2:generation":1}}
{"op_code":5,"worker_id":"07f4433d-8105-495f-a34c-ca24fea40e31-140001723334656","trial_id":98,"param_name":"JointSlopeAngle","param_value_internal":0.7194503434327293,"distribution":"{\"name\": \"FloatDistribution\", \"attributes\": {\"step\": null, \"low\": 0.17453292519943295, \"high\": 1.0471975511965976, \"log\": false}}"}
{"op_code":5,"worker_id":"07f4433d-8105-495f-a34c-ca24fea40e31-140001723334656","trial_id":98,"param_name":"OuterRadius","param_value_internal":12.761861031809834,"distribution":"{\"name\": \"FloatDistribution\", \"attributes\": {\"step\": null, \"low\": 8.75, \"high\": 17.75, \"log\": false}}"}
{"op_code":5,"worker_id":"07f4433d-8105-495f-a34c-ca24fea40e31-140001723334656","trial_id":98,"param_name":"JointHeight","param_value_internal":7.574183003015026,"distribution":"{\"name\": \"FloatDistribution\", \"attributes\": {\"step\": null, \"low\": 5.0, \"high\": 8.0, \"log\": false}}"}
{"op_code":5,"worker_id":"07f4433d-8105-495f-a34c-ca24fea40e31-140001723334656","trial_id":98,"param_name":"CavityCorkThickness","param_value_internal":3.556271104297546,"distribution":"{\"name\": \"FloatDistribution\", \"attributes\": {\"step\": null, \"low\": 2.0, \"high\": 5.0, \"log\": false}}"}
{"op_code":5,"worker_id":"07f4433d-8105-495f-a34c-ca24fea40e31-140001723334656","trial_id":98,"param_name":"BellowHeight","param_value_internal":9.480952810752886,"distribution":"{\"name\": \"FloatDistribution\", \"attributes\": {\"step\": null, \"low\": 6.0, \"high\": 10.0, \"log\": false}}"}
{"op_code":5,"worker_id":"07f4433d-8105-495f-a34c-ca24fea40e31-140001723334656","trial_id":98,"param_name":"WallThickness","param_value_internal":2.6543946394667683,"distribution":"{\"name\": \"FloatDistribution\", \"attributes\": {\"step\": null, \"low\": 2.0, \"high\": 4.0, \"log\": false}}"}
{"op_code":5,"worker_id":"07f4433d-8105-495f-a34c-ca24fea40e31-140001723334656","trial_id":98,"param_name":"PlateauHeight","param_value_internal":3.1728068283449504,"distribution":"{\"name\": \"FloatDistribution\", \"attributes\": {\"step\": null, \"low\": 2.0, \"high\": 4.0, \"log\": false}}"}
{"op_code":6,"worker_id":"ecfd478f-c300-4063-a362-86b643a9ac46-140116174675968","trial_id":97,"state":1,"values":[522.6000664349853,0.326624841104377],"datetime_complete":"2026-06-15T20:41:49.094932"}
{"op_code":4,"worker_id":"ecfd478f-c300-4063-a362-86b643a9ac46-140116174675968","study_id":0,"datetime_start":"2026-06-15T20:41:49.111061"}
{"op_code":9,"worker_id":"ecfd478f-c300-4063-a362-86b643a9ac46-140116174675968","trial_id":99,"system_attr":{"nsga2:generation":1}}
{"op_code":5,"worker_id":"ecfd478f-c300-4063-a362-86b643a9ac46-140116174675968","trial_id":99,"param_name":"JointSlopeAngle","param_value_internal":0.19830587264359373,"distribution":"{\"name\": \"FloatDistribution\", \"attributes\": {\"step\": null, \"low\": 0.17453292519943295, \"high\": 1.0471975511965976, \"log\": false}}"}
{"op_code":5,"worker_id":"ecfd478f-c300-4063-a362-86b643a9ac46-140116174675968","trial_id":99,"param_name":"OuterRadius","param_value_internal":17.357525368877106,"distribution":"{\"name\": \"FloatDistribution\", \"attributes\": {\"step\": null, \"low\": 8.75, \"high\": 17.75, \"log\": false}}"}
{"op_code":5,"worker_id":"ecfd478f-c300-4063-a362-86b643a9ac46-140116174675968","trial_id":99,"param_name":"JointHeight","param_value_internal":7.460636707639404,"distribution":"{\"name\": \"FloatDistribution\", \"attributes\": {\"step\": null, \"low\": 5.0, \"high\": 8.0, \"log\": false}}"}
{"op_code":5,"worker_id":"ecfd478f-c300-4063-a362-86b643a9ac46-140116174675968","trial_id":99,"param_name":"CavityCorkThickness","param_value_internal":3.0187349843431193,"distribution":"{\"name\": \"FloatDistribution\", \"attributes\": {\"step\": null, \"low\": 2.0, \"high\": 5.0, \"log\": false}}"}
{"op_code":5,"worker_id":"ecfd478f-c300-4063-a362-86b643a9ac46-140116174675968","trial_id":99,"param_name":"BellowHeight","param_value_internal":6.402379381843668,"distribution":"{\"name\": \"FloatDistribution\", \"attributes\": {\"step\": null, \"low\": 6.0, \"high\": 10.0, \"log\": false}}"}
{"op_code":5,"worker_id":"ecfd478f-c300-4063-a362-86b643a9ac46-140116174675968","trial_id":99,"param_name":"WallThickness","param_value_internal":3.501287850610721,"distribution":"{\"name\": \"FloatDistribution\", \"attributes\": {\"step\": null, \"low\": 2.0, \"high\": 4.0, \"log\": false}}"}
{"op_code":5,"worker_id":"ecfd478f-c300-4063-a362-86b643a9ac46-140116174675968","trial_id":99,"param_name":"PlateauHeight","param_value_internal":3.0443489793701497,"distribution":"{\"name\": \"FloatDistribution\", \"attributes\": {\"step\": null, \"low\": 2.0, \"high\": 4.0, \"log\": false}}"}
{"op_code":6,"worker_id":"07f4433d-8105-495f-a34c-ca24fea40e31-140001723334656","trial_id":98,"state":1,"values":[602.3695407367488,0.2919208054464602],"datetime_complete":"2026-06-15T20:41:53.908157"}
{"op_code":4,"worker_id":"07f4433d-8105-495f-a34c-ca24fea40e31-140001723334656","study_id":0,"datetime_start":"2026-06-15T20:41:53.920453"}
{"op_code":9,"worker_id":"07f4433d-8105-495f-a34c-ca24fea40e31-140001723334656","trial_id":100,"system_attr":{"nsga2:generation":1}}
{"op_code":5,"worker_id":"07f4433d-8105-495f-a34c-ca24fea40e31-140001723334656","trial_id":100,"param_name":"JointSlopeAngle","param_value_internal":0.8600145371674874,"distribution":"{\"name\": \"FloatDistribution\", \"attributes\": {\"step\": null, \"low\": 0.17453292519943295, \"high\": 1.0471975511965976, \"log\": false}}"}
{"op_code":5,"worker_id":"07f4433d-8105-495f-a34c-ca24fea40e31-140001723334656","trial_id":100,"param_name":"OuterRadius","param_value_internal":16.977844352752932,"distribution":"{\"name\": \"FloatDistribution\", \"attributes\": {\"step\": null, \"low\": 8.75, \"high\": 17.75, \"log\": false}}"}
{"op_code":5,"worker_id":"07f4433d-8105-495f-a34c-ca24fea40e31-140001723334656","trial_id":100,"param_name":"JointHeight","param_value_internal":5.716382835363509,"distribution":"{\"name\": \"FloatDistribution\", \"attributes\": {\"step\": null, \"low\": 5.0, \"high\": 8.0, \"log\": false}}"}
{"op_code":5,"worker_id":"07f4433d-8105-495f-a34c-ca24fea40e31-140001723334656","trial_id":100,"param_name":"CavityCorkThickness","param_value_internal":4.1768162132779585,"distribution":"{\"name\": \"FloatDistribution\", \"attributes\": {\"step\": null, \"low\": 2.0, \"high\": 5.0, \"log\": false}}"}
{"op_code":5,"worker_id":"07f4433d-8105-495f-a34c-ca24fea40e31-140001723334656","trial_id":100,"param_name":"BellowHeight","param_value_internal":9.239376819020496,"distribution":"{\"name\": \"FloatDistribution\", \"attributes\": {\"step\": null, \"low\": 6.0, \"high\": 10.0, \"log\": false}}"}
{"op_code":5,"worker_id":"07f4433d-8105-495f-a34c-ca24fea40e31-140001723334656","trial_id":100,"param_name":"WallThickness","param_value_internal":3.8979894334956473,"distribution":"{\"name\": \"FloatDistribution\", \"attributes\": {\"step\": null, \"low\": 2.0, \"high\": 4.0, \"log\": false}}"}
{"op_code":5,"worker_id":"07f4433d-8105-495f-a34c-ca24fea40e31-140001723334656","trial_id":100,"param_name":"PlateauHeight","param_value_internal":2.909876511783005,"distribution":"{\"name\": \"FloatDistribution\", \"attributes\": {\"step\": null, \"low\": 2.0, \"high\": 4.0, \"log\": false}}"}
{"op_code":6,"worker_id":"ecfd478f-c300-4063-a362-86b643a9ac46-140116174675968","trial_id":99,"state":1,"values":[1040.5823212513878,0.33334740373483995],"datetime_complete":"2026-06-15T20:42:03.642432"}
{"op_code":4,"worker_id":"ecfd478f-c300-4063-a362-86b643a9ac46-140116174675968","study_id":0,"datetime_start":"2026-06-15T20:42:03.658085"}
{"op_code":9,"worker_id":"ecfd478f-c300-4063-a362-86b643a9ac46-140116174675968","trial_id":101,"system_attr":{"nsga2:generation":1}}
{"op_code":5,"worker_id":"ecfd478f-c300-4063-a362-86b643a9ac46-140116174675968","trial_id":101,"param_name":"JointSlopeAngle","param_value_internal":0.7101123787546164,"distribution":"{\"name\": \"FloatDistribution\", \"attributes\": {\"step\": null, \"low\": 0.17453292519943295, \"high\": 1.0471975511965976, \"log\": false}}"}
{"op_code":5,"worker_id":"ecfd478f-c300-4063-a362-86b643a9ac46-140116174675968","trial_id":101,"param_name":"OuterRadius","param_value_internal":16.354014784105203,"distribution":"{\"name\": \"FloatDistribution\", \"attributes\": {\"step\": null, \"low\": 8.75, \"high\": 17.75, \"log\": false}}"}
{"op_code":5,"worker_id":"ecfd478f-c300-4063-a362-86b643a9ac46-140116174675968","trial_id":101,"param_name":"JointHeight","param_value_internal":5.522588836569238,"distribution":"{\"name\": \"FloatDistribution\", \"attributes\": {\"step\": null, \"low\": 5.0, \"high\": 8.0, \"log\": false}}"}
{"op_code":5,"worker_id":"ecfd478f-c300-4063-a362-86b643a9ac46-140116174675968","trial_id":101,"param_name":"CavityCorkThickness","param_value_internal":4.974373772155542,"distribution":"{\"name\": \"FloatDistribution\", \"attributes\": {\"step\": null, \"low\": 2.0, \"high\": 5.0, \"log\": false}}"}
{"op_code":5,"worker_id":"ecfd478f-c300-4063-a362-86b643a9ac46-140116174675968","trial_id":101,"param_name":"BellowHeight","param_value_internal":9.741185669127688,"distribution":"{\"name\": \"FloatDistribution\", \"attributes\": {\"step\": null, \"low\": 6.0, \"high\": 10.0, \"log\": false}}"}
{"op_code":5,"worker_id":"ecfd478f-c300-4063-a362-86b643a9ac46-140116174675968","trial_id":101,"param_name":"WallThickness","param_value_internal":3.8434226455345355,"distribution":"{\"name\": \"FloatDistribution\", \"attributes\": {\"step\": null, \"low\": 2.0, \"high\": 4.0, \"log\": false}}"}
{"op_code":5,"worker_id":"ecfd478f-c300-4063-a362-86b643a9ac46-140116174675968","trial_id":101,"param_name":"PlateauHeight","param_value_internal":2.909876511783005,"distribution":"{\"name\": \"FloatDistribution\", \"attributes\": {\"step\": null, \"low\": 2.0, \"high\": 4.0, \"log\": false}}"}
{"op_code":6,"worker_id":"07f4433d-8105-495f-a34c-ca24fea40e31-140001723334656","trial_id":100,"state":1,"values":[959.3686823006806,0.42077994234784144],"datetime_complete":"2026-06-15T20:42:05.355139"}
{"op_code":4,"worker_id":"07f4433d-8105-495f-a34c-ca24fea40e31-140001723334656","study_id":0,"datetime_start":"2026-06-15T20:42:05.366713"}
{"op_code":9,"worker_id":"07f4433d-8105-495f-a34c-ca24fea40e31-140001723334656","trial_id":102,"system_attr":{"nsga2:generation":1}}
{"op_code":5,"worker_id":"07f4433d-8105-495f-a34c-ca24fea40e31-140001723334656","trial_id":102,"param_name":"JointSlopeAngle","param_value_internal":0.2003273748352383,"distribution":"{\"name\": \"FloatDistribution\", \"attributes\": {\"step\": null, \"low\": 0.17453292519943295, \"high\": 1.0471975511965976, \"log\": false}}"}
{"op_code":5,"worker_id":"07f4433d-8105-495f-a34c-ca24fea40e31-140001723334656","trial_id":102,"param_name":"OuterRadius","param_value_internal":12.081566359572626,"distribution":"{\"name\": \"FloatDistribution\", \"attributes\": {\"step\": null, \"low\": 8.75, \"high\": 17.75, \"log\": false}}"}
{"op_code":5,"worker_id":"07f4433d-8105-495f-a34c-ca24fea40e31-140001723334656","trial_id":102,"param_name":"JointHeight","param_value_internal":5.582782194062293,"distribution":"{\"name\": \"FloatDistribution\", \"attributes\": {\"step\": null, \"low\": 5.0, \"high\": 8.0, \"log\": false}}"}
{"op_code":5,"worker_id":"07f4433d-8105-495f-a34c-ca24fea40e31-140001723334656","trial_id":102,"param_name":"CavityCorkThickness","param_value_internal":4.113962683024509,"distribution":"{\"name\": \"FloatDistribution\", \"attributes\": {\"step\": null, \"low\": 2.0, \"high\": 5.0, \"log\": false}}"}
{"op_code":5,"worker_id":"07f4433d-8105-495f-a34c-ca24fea40e31-140001723334656","trial_id":102,"param_name":"BellowHeight","param_value_internal":7.136249993587439,"distribution":"{\"name\": \"FloatDistribution\", \"attributes\": {\"step\": null, \"low\": 6.0, \"high\": 10.0, \"log\": false}}"}
{"op_code":5,"worker_id":"07f4433d-8105-495f-a34c-ca24fea40e31-140001723334656","trial_id":102,"param_name":"WallThickness","param_value_internal":3.8610872931365865,"distribution":"{\"name\": \"FloatDistribution\", \"attributes\": {\"step\": null, \"low\": 2.0, \"high\": 4.0, \"log\": false}}"}
{"op_code":5,"worker_id":"07f4433d-8105-495f-a34c-ca24fea40e31-140001723334656","trial_id":102,"param_name":"PlateauHeight","param_value_internal":3.3216225581757515,"distribution":"{\"name\": \"FloatDistribution\", \"attributes\": {\"step\": null, \"low\": 2.0, \"high\": 4.0, \"log\": false}}"}
{"op_code":6,"worker_id":"ecfd478f-c300-4063-a362-86b643a9ac46-140116174675968","trial_id":101,"state":1,"values":[734.6204074937775,0.4394831305723827],"datetime_complete":"2026-06-15T20:42:17.028146"}
{"op_code":4,"worker_id":"ecfd478f-c300-4063-a362-86b643a9ac46-140116174675968","study_id":0,"datetime_start":"2026-06-15T20:42:17.046003"}
{"op_code":9,"worker_id":"ecfd478f-c300-4063-a362-86b643a9ac46-140116174675968","trial_id":103,"system_attr":{"nsga2:generation":1}}
{"op_code":5,"worker_id":"ecfd478f-c300-4063-a362-86b643a9ac46-140116174675968","trial_id":103,"param_name":"JointSlopeAngle","param_value_internal":0.1865475943115108,"distribution":"{\"name\": \"FloatDistribution\", \"attributes\": {\"step\": null, \"low\": 0.17453292519943295, \"high\": 1.0471975511965976, \"log\": false}}"}
{"op_code":5,"worker_id":"ecfd478f-c300-4063-a362-86b643a9ac46-140116174675968","trial_id":103,"param_name":"OuterRadius","param_value_internal":9.226938612320936,"distribution":"{\"name\": \"FloatDistribution\", \"attributes\": {\"step\": null, \"low\": 8.75, \"high\": 17.75, \"log\": false}}"}
{"op_code":5,"worker_id":"ecfd478f-c300-4063-a362-86b643a9ac46-140116174675968","trial_id":103,"param_name":"JointHeight","param_value_internal":5.164685900790161,"distribution":"{\"name\": \"FloatDistribution\", \"attributes\": {\"step\": null, \"low\": 5.0, \"high\": 8.0, \"log\": false}}"}
{"op_code":5,"worker_id":"ecfd478f-c300-4063-a362-86b643a9ac46-140116174675968","trial_id":103,"param_name":"CavityCorkThickness","param_value_internal":3.8770773506977325,"distribution":"{\"name\": \"FloatDistribution\", \"attributes\": {\"step\": null, \"low\": 2.0, \"high\": 5.0, \"log\": false}}"}
{"op_code":5,"worker_id":"ecfd478f-c300-4063-a362-86b643a9ac46-140116174675968","trial_id":103,"param_name":"BellowHeight","param_value_internal":6.195109106762301,"distribution":"{\"name\": \"FloatDistribution\", \"attributes\": {\"step\": null, \"low\": 6.0, \"high\": 10.0, \"log\": false}}"}
{"op_code":5,"worker_id":"ecfd478f-c300-4063-a362-86b643a9ac46-140116174675968","trial_id":103,"param_name":"WallThickness","param_value_internal":3.5018189519425102,"distribution":"{\"name\": \"FloatDistribution\", \"attributes\": {\"step\": null, \"low\": 2.0, \"high\": 4.0, \"log\": false}}"}
{"op_code":5,"worker_id":"ecfd478f-c300-4063-a362-86b643a9ac46-140116174675968","trial_id":103,"param_name":"PlateauHeight","param_value_internal":3.2660041560034396,"distribution":"{\"name\": \"FloatDistribution\", \"attributes\": {\"step\": null, \"low\": 2.0, \"high\": 4.0, \"log\": false}}"}
{"op_code":6,"worker_id":"07f4433d-8105-495f-a34c-ca24fea40e31-140001723334656","trial_id":102,"state":1,"values":[217.4499302432935,0.08878322523250241],"datetime_complete":"2026-06-15T20:42:17.536234"}
{"op_code":4,"worker_id":"07f4433d-8105-495f-a34c-ca24fea40e31-140001723334656","study_id":0,"datetime_start":"2026-06-15T20:42:17.551710"}
{"op_code":9,"worker_id":"07f4433d-8105-495f-a34c-ca24fea40e31-140001723334656","trial_id":104,"system_attr":{"nsga2:generation":1}}
{"op_code":5,"worker_id":"07f4433d-8105-495f-a34c-ca24fea40e31-140001723334656","trial_id":104,"param_name":"JointSlopeAngle","param_value_internal":0.7101123787546164,"distribution":"{\"name\": \"FloatDistribution\", \"attributes\": {\"step\": null, \"low\": 0.17453292519943295, \"high\": 1.0471975511965976, \"log\": false}}"}
{"op_code":5,"worker_id":"07f4433d-8105-495f-a34c-ca24fea40e31-140001723334656","trial_id":104,"param_name":"OuterRadius","param_value_internal":15.552079448812187,"distribution":"{\"name\": \"FloatDistribution\", \"attributes\": {\"step\": null, \"low\": 8.75, \"high\": 17.75, \"log\": false}}"}
{"op_code":5,"worker_id":"07f4433d-8105-495f-a34c-ca24fea40e31-140001723334656","trial_id":104,"param_name":"JointHeight","param_value_internal":5.716382835363509,"distribution":"{\"name\": \"FloatDistribution\", \"attributes\": {\"step\": null, \"low\": 5.0, \"high\": 8.0, \"log\": false}}"}
{"op_code":5,"worker_id":"07f4433d-8105-495f-a34c-ca24fea40e31-140001723334656","trial_id":104,"param_name":"CavityCorkThickness","param_value_internal":4.1768162132779585,"distribution":"{\"name\": \"FloatDistribution\", \"attributes\": {\"step\": null, \"low\": 2.0, \"high\": 5.0, \"log\": false}}"}
{"op_code":5,"worker_id":"07f4433d-8105-495f-a34c-ca24fea40e31-140001723334656","trial_id":104,"param_name":"BellowHeight","param_value_internal":6.943020296137654,"distribution":"{\"name\": \"FloatDistribution\", \"attributes\": {\"step\": null, \"low\": 6.0, \"high\": 10.0, \"log\": false}}"}
{"op_code":5,"worker_id":"07f4433d-8105-495f-a34c-ca24fea40e31-140001723334656","trial_id":104,"param_name":"WallThickness","param_value_internal":3.8925918792591685,"distribution":"{\"name\": \"FloatDistribution\", \"attributes\": {\"step\": null, \"low\": 2.0, \"high\": 4.0, \"log\": false}}"}
{"op_code":5,"worker_id":"07f4433d-8105-495f-a34c-ca24fea40e31-140001723334656","trial_id":104,"param_name":"PlateauHeight","param_value_internal":2.100333843912346,"distribution":"{\"name\": \"FloatDistribution\", \"attributes\": {\"step\": null, \"low\": 2.0, \"high\": 4.0, \"log\": false}}"}
{"op_code":6,"worker_id":"ecfd478f-c300-4063-a362-86b643a9ac46-140116174675968","trial_id":103,"state":1,"values":[43.2697473136154,0.04211087474414359],"datetime_complete":"2026-06-15T20:42:29.330551"}
{"op_code":4,"worker_id":"ecfd478f-c300-4063-a362-86b643a9ac46-140116174675968","study_id":0,"datetime_start":"2026-06-15T20:42:29.347240"}
{"op_code":9,"worker_id":"ecfd478f-c300-4063-a362-86b643a9ac46-140116174675968","trial_id":105,"system_attr":{"nsga2:generation":1}}
{"op_code":5,"worker_id":"ecfd478f-c300-4063-a362-86b643a9ac46-140116174675968","trial_id":105,"param_name":"JointSlopeAngle","param_value_internal":0.7370587589332382,"distribution":"{\"name\": \"FloatDistribution\", \"attributes\": {\"step\": null, \"low\": 0.17453292519943295, \"high\": 1.0471975511965976, \"log\": false}}"}
{"op_code":5,"worker_id":"ecfd478f-c300-4063-a362-86b643a9ac46-140116174675968","trial_id":105,"param_name":"OuterRadius","param_value_internal":13.571106070446115,"distribution":"{\"name\": \"FloatDistribution\", \"attributes\": {\"step\": null, \"low\": 8.75, \"high\": 17.75, \"log\": false}}"}
{"op_code":5,"worker_id":"ecfd478f-c300-4063-a362-86b643a9ac46-140116174675968","trial_id":105,"param_name":"JointHeight","param_value_internal":7.930988410600515,"distribution":"{\"name\": \"FloatDistribution\", \"attributes\": {\"step\": null, \"low\": 5.0, \"high\": 8.0, \"log\": false}}"}
{"op_code":5,"worker_id":"ecfd478f-c300-4063-a362-86b643a9ac46-140116174675968","trial_id":105,"param_name":"CavityCorkThickness","param_value_internal":2.7976921464876527,"distribution":"{\"name\": \"FloatDistribution\", \"attributes\": {\"step\": null, \"low\": 2.0, \"high\": 5.0, \"log\": false}}"}
{"op_code":5,"worker_id":"ecfd478f-c300-4063-a362-86b643a9ac46-140116174675968","trial_id":105,"param_name":"BellowHeight","param_value_internal":9.48598529809512,"distribution":"{\"name\": \"FloatDistribution\", \"attributes\": {\"step\": null, \"low\": 6.0, \"high\": 10.0, \"log\": false}}"}
{"op_code":5,"worker_id":"ecfd478f-c300-4063-a362-86b643a9ac46-140116174675968","trial_id":105,"param_name":"WallThickness","param_value_internal":3.5871151528558363,"distribution":"{\"name\": \"FloatDistribution\", \"attributes\": {\"step\": null, \"low\": 2.0, \"high\": 4.0, \"log\": false}}"}
{"op_code":5,"worker_id":"ecfd478f-c300-4063-a362-86b643a9ac46-140116174675968","trial_id":105,"param_name":"PlateauHeight","param_value_internal":3.283302519270147,"distribution":"{\"name\": \"FloatDistribution\", \"attributes\": {\"step\": null, \"low\": 2.0, \"high\": 4.0, \"log\": false}}"}
{"op_code":6,"worker_id":"07f4433d-8105-495f-a34c-ca24fea40e31-140001723334656","trial_id":104,"state":1,"values":[540.589202684185,0.45704406258363034],"datetime_complete":"2026-06-15T20:42:30.296549"}
{"op_code":4,"worker_id":"07f4433d-8105-495f-a34c-ca24fea40e31-140001723334656","study_id":0,"datetime_start":"2026-06-15T20:42:30.309967"}
{"op_code":9,"worker_id":"07f4433d-8105-495f-a34c-ca24fea40e31-140001723334656","trial_id":106,"system_attr":{"nsga2:generation":2}}
{"op_code":5,"worker_id":"07f4433d-8105-495f-a34c-ca24fea40e31-140001723334656","trial_id":106,"param_name":"JointSlopeAngle","param_value_internal":0.9367054297789487,"distribution":"{\"name\": \"FloatDistribution\", \"attributes\": {\"step\": null, \"low\": 0.17453292519943295, \"high\": 1.0471975511965976, \"log\": false}}"}
{"op_code":5,"worker_id":"07f4433d-8105-495f-a34c-ca24fea40e31-140001723334656","trial_id":106,"param_name":"OuterRadius","param_value_internal":13.922202041259219,"distribution":"{\"name\": \"FloatDistribution\", \"attributes\": {\"step\": null, \"low\": 8.75, \"high\": 17.75, \"log\": false}}"}
{"op_code":5,"worker_id":"07f4433d-8105-495f-a34c-ca24fea40e31-140001723334656","trial_id":106,"param_name":"JointHeight","param_value_internal":6.653137446809373,"distribution":"{\"name\": \"FloatDistribution\", \"attributes\": {\"step\": null, \"low\": 5.0, \"high\": 8.0, \"log\": false}}"}
{"op_code":5,"worker_id":"07f4433d-8105-495f-a34c-ca24fea40e31-140001723334656","trial_id":106,"param_name":"CavityCorkThickness","param_value_internal":3.7037676631191796,"distribution":"{\"name\": \"FloatDistribution\", \"attributes\": {\"step\": null, \"low\": 2.0, \"high\": 5.0, \"log\": false}}"}
{"op_code":5,"worker_id":"07f4433d-8105-495f-a34c-ca24fea40e31-140001723334656","trial_id":106,"param_name":"BellowHeight","param_value_internal":8.054195910242441,"distribution":"{\"name\": \"FloatDistribution\", \"attributes\": {\"step\": null, \"low\": 6.0, \"high\": 10.0, \"log\": false}}"}
{"op_code":5,"worker_id":"07f4433d-8105-495f-a34c-ca24fea40e31-140001723334656","trial_id":106,"param_name":"WallThickness","param_value_internal":2.9410810790041007,"distribution":"{\"name\": \"FloatDistribution\", \"attributes\": {\"step\": null, \"low\": 2.0, \"high\": 4.0, \"log\": false}}"}
{"op_code":5,"worker_id":"07f4433d-8105-495f-a34c-ca24fea40e31-140001723334656","trial_id":106,"param_name":"PlateauHeight","param_value_internal":2.3745053260966618,"distribution":"{\"name\": \"FloatDistribution\", \"attributes\": {\"step\": null, \"low\": 2.0, \"high\": 4.0, \"log\": false}}"}
{"op_code":6,"worker_id":"07f4433d-8105-495f-a34c-ca24fea40e31-140001723334656","trial_id":106,"state":1,"values":[616.5087551546985,0.49830718943432123],"datetime_complete":"2026-06-15T20:42:42.348344"}
{"op_code":4,"worker_id":"07f4433d-8105-495f-a34c-ca24fea40e31-140001723334656","study_id":0,"datetime_start":"2026-06-15T20:42:42.361197"}
{"op_code":9,"worker_id":"07f4433d-8105-495f-a34c-ca24fea40e31-140001723334656","trial_id":107,"system_attr":{"nsga2:generation":2}}
{"op_code":5,"worker_id":"07f4433d-8105-495f-a34c-ca24fea40e31-140001723334656","trial_id":107,"param_name":"JointSlopeAngle","param_value_internal":0.9367054297789487,"distribution":"{\"name\": \"FloatDistribution\", \"attributes\": {\"step\": null, \"low\": 0.17453292519943295, \"high\": 1.0471975511965976, \"log\": false}}"}
{"op_code":5,"worker_id":"07f4433d-8105-495f-a34c-ca24fea40e31-140001723334656","trial_id":107,"param_name":"OuterRadius","param_value_internal":17.075028363337864,"distribution":"{\"name\": \"FloatDistribution\", \"attributes\": {\"step\": null, \"low\": 8.75, \"high\": 17.75, \"log\": false}}"}
{"op_code":5,"worker_id":"07f4433d-8105-495f-a34c-ca24fea40e31-140001723334656","trial_id":107,"param_name":"JointHeight","param_value_internal":5.522588836569238,"distribution":"{\"name\": \"FloatDistribution\", \"attributes\": {\"step\": null, \"low\": 5.0, \"high\": 8.0, \"log\": false}}"}
{"op_code":5,"worker_id":"07f4433d-8105-495f-a34c-ca24fea40e31-140001723334656","trial_id":107,"param_name":"CavityCorkThickness","param_value_internal":3.148132565801768,"distribution":"{\"name\": \"FloatDistribution\", \"attributes\": {\"step\": null, \"low\": 2.0, \"high\": 5.0, \"log\": false}}"}
{"op_code":5,"worker_id":"07f4433d-8105-495f-a34c-ca24fea40e31-140001723334656","trial_id":107,"param_name":"BellowHeight","param_value_internal":9.741185669127688,"distribution":"{\"name\": \"FloatDistribution\", \"attributes\": {\"step\": null, \"low\": 6.0, \"high\": 10.0, \"log\": false}}"}
{"op_code":5,"worker_id":"07f4433d-8105-495f-a34c-ca24fea40e31-140001723334656","trial_id":107,"param_name":"WallThickness","param_value_internal":3.279574333350596,"distribution":"{\"name\": \"FloatDistribution\", \"attributes\": {\"step\": null, \"low\": 2.0, \"high\": 4.0, \"log\": false}}"}
{"op_code":5,"worker_id":"07f4433d-8105-495f-a34c-ca24fea40e31-140001723334656","trial_id":107,"param_name":"PlateauHeight","param_value_internal":2.087315418408496,"distribution":"{\"name\": \"FloatDistribution\", \"attributes\": {\"step\": null, \"low\": 2.0, \"high\": 4.0, \"log\": false}}"}
{"op_code":6,"worker_id":"ecfd478f-c300-4063-a362-86b643a9ac46-140116174675968","trial_id":105,"state":1,"values":[684.933528864632,0.3033859597462891],"datetime_complete":"2026-06-15T20:42:42.600190"}
{"op_code":4,"worker_id":"ecfd478f-c300-4063-a362-86b643a9ac46-140116174675968","study_id":0,"datetime_start":"2026-06-15T20:42:42.616298"}
{"op_code":9,"worker_id":"ecfd478f-c300-4063-a362-86b643a9ac46-140116174675968","trial_id":108,"system_attr":{"nsga2:generation":2}}
{"op_code":5,"worker_id":"ecfd478f-c300-4063-a362-86b643a9ac46-140116174675968","trial_id":108,"param_name":"JointSlopeAngle","param_value_internal":0.2285920375927765,"distribution":"{\"name\": \"FloatDistribution\", \"attributes\": {\"step\": null, \"low\": 0.17453292519943295, \"high\": 1.0471975511965976, \"log\": false}}"}
{"op_code":5,"worker_id":"ecfd478f-c300-4063-a362-86b643a9ac46-140116174675968","trial_id":108,"param_name":"OuterRadius","param_value_internal":16.852939635071515,"distribution":"{\"name\": \"FloatDistribution\", \"attributes\": {\"step\": null, \"low\": 8.75, \"high\": 17.75, \"log\": false}}"}
{"op_code":5,"worker_id":"ecfd478f-c300-4063-a362-86b643a9ac46-140116174675968","trial_id":108,"param_name":"JointHeight","param_value_internal":5.968840842436931,"distribution":"{\"name\": \"FloatDistribution\", \"attributes\": {\"step\": null, \"low\": 5.0, \"high\": 8.0, \"log\": false}}"}
{"op_code":5,"worker_id":"ecfd478f-c300-4063-a362-86b643a9ac46-140116174675968","trial_id":108,"param_name":"CavityCorkThickness","param_value_internal":3.7037676631191796,"distribution":"{\"name\": \"FloatDistribution\", \"attributes\": {\"step\": null, \"low\": 2.0, \"high\": 5.0, \"log\": false}}"}
{"op_code":5,"worker_id":"ecfd478f-c300-4063-a362-86b643a9ac46-140116174675968","trial_id":108,"param_name":"BellowHeight","param_value_internal":8.329643064751066,"distribution":"{\"name\": \"FloatDistribution\", \"attributes\": {\"step\": null, \"low\": 6.0, \"high\": 10.0, \"log\": false}}"}
{"op_code":5,"worker_id":"ecfd478f-c300-4063-a362-86b643a9ac46-140116174675968","trial_id":108,"param_name":"WallThickness","param_value_internal":3.381276599669288,"distribution":"{\"name\": \"FloatDistribution\", \"attributes\": {\"step\": null, \"low\": 2.0, \"high\": 4.0, \"log\": false}}"}
{"op_code":5,"worker_id":"ecfd478f-c300-4063-a362-86b643a9ac46-140116174675968","trial_id":108,"param_name":"PlateauHeight","param_value_internal":3.7614355354541766,"distribution":"{\"name\": \"FloatDistribution\", \"attributes\": {\"step\": null, \"low\": 2.0, \"high\": 4.0, \"log\": false}}"}
{"op_code":6,"worker_id":"07f4433d-8105-495f-a34c-ca24fea40e31-140001723334656","trial_id":107,"state":1,"values":[1255.302362855095,0.4051532121304562],"datetime_complete":"2026-06-15T20:42:55.418197"}
{"op_code":4,"worker_id":"07f4433d-8105-495f-a34c-ca24fea40e31-140001723334656","study_id":0,"datetime_start":"2026-06-15T20:42:55.429956"}
{"op_code":9,"worker_id":"07f4433d-8105-495f-a34c-ca24fea40e31-140001723334656","trial_id":109,"system_attr":{"nsga2:generation":2}}
{"op_code":5,"worker_id":"07f4433d-8105-495f-a34c-ca24fea40e31-140001723334656","trial_id":109,"param_name":"JointSlopeAngle","param_value_internal":0.34374367426141245,"distribution":"{\"name\": \"FloatDistribution\", \"attributes\": {\"step\": null, \"low\": 0.17453292519943295, \"high\": 1.0471975511965976, \"log\": false}}"}
{"op_code":5,"worker_id":"07f4433d-8105-495f-a34c-ca24fea40e31-140001723334656","trial_id":109,"param_name":"OuterRadius","param_value_internal":15.57406193770872,"distribution":"{\"name\": \"FloatDistribution\", \"attributes\": {\"step\": null, \"low\": 8.75, \"high\": 17.75, \"log\": false}}"}
{"op_code":5,"worker_id":"07f4433d-8105-495f-a34c-ca24fea40e31-140001723334656","trial_id":109,"param_name":"JointHeight","param_value_internal":6.344992348087437,"distribution":"{\"name\": \"FloatDistribution\", \"attributes\": {\"step\": null, \"low\": 5.0, \"high\": 8.0, \"log\": false}}"}
{"op_code":5,"worker_id":"07f4433d-8105-495f-a34c-ca24fea40e31-140001723334656","trial_id":109,"param_name":"CavityCorkThickness","param_value_internal":2.8293749105170254,"distribution":"{\"name\": \"FloatDistribution\", \"attributes\": {\"step\": null, \"low\": 2.0, \"high\": 5.0, \"log\": false}}"}
{"op_code":5,"worker_id":"07f4433d-8105-495f-a34c-ca24fea40e31-140001723334656","trial_id":109,"param_name":"BellowHeight","param_value_internal":8.80914397586639,"distribution":"{\"name\": \"FloatDistribution\", \"attributes\": {\"step\": null, \"low\": 6.0, \"high\": 10.0, \"log\": false}}"}
{"op_code":5,"worker_id":"07f4433d-8105-495f-a34c-ca24fea40e31-140001723334656","trial_id":109,"param_name":"WallThickness","param_value_internal":3.2876714590180782,"distribution":"{\"name\": \"FloatDistribution\", \"attributes\": {\"step\": null, \"low\": 2.0, \"high\": 4.0, \"log\": false}}"}
{"op_code":5,"worker_id":"07f4433d-8105-495f-a34c-ca24fea40e31-140001723334656","trial_id":109,"param_name":"PlateauHeight","param_value_internal":2.0074743248455853,"distribution":"{\"name\": \"FloatDistribution\", \"attributes\": {\"step\": null, \"low\": 2.0, \"high\": 4.0, \"log\": false}}"}
{"op_code":6,"worker_id":"ecfd478f-c300-4063-a362-86b643a9ac46-140116174675968","trial_id":108,"state":1,"values":[1122.69500083499,0.35006653003348687],"datetime_complete":"2026-06-15T20:42:58.240636"}
{"op_code":4,"worker_id":"ecfd478f-c300-4063-a362-86b643a9ac46-140116174675968","study_id":0,"datetime_start":"2026-06-15T20:42:58.254621"}
{"op_code":9,"worker_id":"ecfd478f-c300-4063-a362-86b643a9ac46-140116174675968","trial_id":110,"system_attr":{"nsga2:generation":2}}
{"op_code":5,"worker_id":"ecfd478f-c300-4063-a362-86b643a9ac46-140116174675968","trial_id":110,"param_name":"JointSlopeAngle","param_value_internal":0.7011132302131908,"distribution":"{\"name\": \"FloatDistribution\", \"attributes\": {\"step\": null, \"low\": 0.17453292519943295, \"high\": 1.0471975511965976, \"log\": false}}"}
{"op_code":5,"worker_id":"ecfd478f-c300-4063-a362-86b643a9ac46-140116174675968","trial_id":110,"param_name":"OuterRadius","param_value_internal":14.489373048556564,"distribution":"{\"name\": \"FloatDistribution\", \"attributes\": {\"step\": null, \"low\": 8.75, \"high\": 17.75, \"log\": false}}"}
{"op_code":5,"worker_id":"ecfd478f-c300-4063-a362-86b643a9ac46-140116174675968","trial_id":110,"param_name":"JointHeight","param_value_internal":6.352359112020677,"distribution":"{\"name\": \"FloatDistribution\", \"attributes\": {\"step\": null, \"low\": 5.0, \"high\": 8.0, \"log\": false}}"}
{"op_code":5,"worker_id":"ecfd478f-c300-4063-a362-86b643a9ac46-140116174675968","trial_id":110,"param_name":"CavityCorkThickness","param_value_internal":3.3002072414452073,"distribution":"{\"name\": \"FloatDistribution\", \"attributes\": {\"step\": null, \"low\": 2.0, \"high\": 5.0, \"log\": false}}"}
{"op_code":5,"worker_id":"ecfd478f-c300-4063-a362-86b643a9ac46-140116174675968","trial_id":110,"param_name":"BellowHeight","param_value_internal":6.195109106762301,"distribution":"{\"name\": \"FloatDistribution\", \"attributes\": {\"step\": null, \"low\": 6.0, \"high\": 10.0, \"log\": false}}"}
{"op_code":5,"worker_id":"ecfd478f-c300-4063-a362-86b643a9ac46-140116174675968","trial_id":110,"param_name":"WallThickness","param_value_internal":2.2203697478074336,"distribution":"{\"name\": \"FloatDistribution\", \"attributes\": {\"step\": null, \"low\": 2.0, \"high\": 4.0, \"log\": false}}"}
{"op_code":5,"worker_id":"ecfd478f-c300-4063-a362-86b643a9ac46-140116174675968","trial_id":110,"param_name":"PlateauHeight","param_value_internal":3.2660041560034396,"distribution":"{\"name\": \"FloatDistribution\", \"attributes\": {\"step\": null, \"low\": 2.0, \"high\": 4.0, \"log\": false}}"}
{"op_code":6,"worker_id":"07f4433d-8105-495f-a34c-ca24fea40e31-140001723334656","trial_id":109,"state":1,"values":[951.3167249069437,0.36768947948798797],"datetime_complete":"2026-06-15T20:43:08.122818"}
{"op_code":4,"worker_id":"07f4433d-8105-495f-a34c-ca24fea40e31-140001723334656","study_id":0,"datetime_start":"2026-06-15T20:43:08.138190"}
{"op_code":9,"worker_id":"07f4433d-8105-495f-a34c-ca24fea40e31-140001723334656","trial_id":111,"system_attr":{"nsga2:generation":2}}
{"op_code":5,"worker_id":"07f4433d-8105-495f-a34c-ca24fea40e31-140001723334656","trial_id":111,"param_name":"JointSlopeAngle","param_value_internal":0.8600145371674874,"distribution":"{\"name\": \"FloatDistribution\", \"attributes\": {\"step\": null, \"low\": 0.17453292519943295, \"high\": 1.0471975511965976, \"log\": false}}"}
{"op_code":5,"worker_id":"07f4433d-8105-495f-a34c-ca24fea40e31-140001723334656","trial_id":111,"param_name":"OuterRadius","param_value_internal":12.081566359572626,"distribution":"{\"name\": \"FloatDistribution\", \"attributes\": {\"step\": null, \"low\": 8.75, \"high\": 17.75, \"log\": false}}"}
{"op_code":5,"worker_id":"07f4433d-8105-495f-a34c-ca24fea40e31-140001723334656","trial_id":111,"param_name":"JointHeight","param_value_internal":7.3081583959315495,"distribution":"{\"name\": \"FloatDistribution\", \"attributes\": {\"step\": null, \"low\": 5.0, \"high\": 8.0, \"log\": false}}"}
{"op_code":5,"worker_id":"07f4433d-8105-495f-a34c-ca24fea40e31-140001723334656","trial_id":111,"param_name":"CavityCorkThickness","param_value_internal":2.391996781218338,"distribution":"{\"name\": \"FloatDistribution\", \"attributes\": {\"step\": null, \"low\": 2.0, \"high\": 5.0, \"log\": false}}"}
{"op_code":5,"worker_id":"07f4433d-8105-495f-a34c-ca24fea40e31-140001723334656","trial_id":111,"param_name":"BellowHeight","param_value_internal":8.586195668151872,"distribution":"{\"name\": \"FloatDistribution\", \"attributes\": {\"step\": null, \"low\": 6.0, \"high\": 10.0, \"log\": false}}"}
{"op_code":5,"worker_id":"07f4433d-8105-495f-a34c-ca24fea40e31-140001723334656","trial_id":111,"param_name":"WallThickness","param_value_internal":3.26659254035467,"distribution":"{\"name\": \"FloatDistribution\", \"attributes\": {\"step\": null, \"low\": 2.0, \"high\": 4.0, \"log\": false}}"}
{"op_code":5,"worker_id":"07f4433d-8105-495f-a34c-ca24fea40e31-140001723334656","trial_id":111,"param_name":"PlateauHeight","param_value_internal":3.7230458295785858,"distribution":"{\"name\": \"FloatDistribution\", \"attributes\": {\"step\": null, \"low\": 2.0, \"high\": 4.0, \"log\": false}}"}
{"op_code":6,"worker_id":"ecfd478f-c300-4063-a362-86b643a9ac46-140116174675968","trial_id":110,"state":1,"values":[823.9289353982438,0.43992621562368983],"datetime_complete":"2026-06-15T20:43:11.505879"}
{"op_code":4,"worker_id":"ecfd478f-c300-4063-a362-86b643a9ac46-140116174675968","study_id":0,"datetime_start":"2026-06-15T20:43:11.520252"}
{"op_code":9,"worker_id":"ecfd478f-c300-4063-a362-86b643a9ac46-140116174675968","trial_id":112,"system_attr":{"nsga2:generation":2}}
{"op_code":5,"worker_id":"ecfd478f-c300-4063-a362-86b643a9ac46-140116174675968","trial_id":112,"param_name":"JointSlopeAngle","param_value_internal":0.9564762255587863,"distribution":"{\"name\": \"FloatDistribution\", \"attributes\": {\"step\": null, \"low\": 0.17453292519943295, \"high\": 1.0471975511965976, \"log\": false}}"}
{"op_code":5,"worker_id":"ecfd478f-c300-4063-a362-86b643a9ac46-140116174675968","trial_id":112,"param_name":"OuterRadius","param_value_internal":15.57406193770872,"distribution":"{\"name\": \"FloatDistribution\", \"attributes\": {\"step\": null, \"low\": 8.75, \"high\": 17.75, \"log\": false}}"}
{"op_code":5,"worker_id":"ecfd478f-c300-4063-a362-86b643a9ac46-140116174675968","trial_id":112,"param_name":"JointHeight","param_value_internal":7.654443782412088,"distribution":"{\"name\": \"FloatDistribution\", \"attributes\": {\"step\": null, \"low\": 5.0, \"high\": 8.0, \"log\": false}}"}
{"op_code":5,"worker_id":"ecfd478f-c300-4063-a362-86b643a9ac46-140116174675968","trial_id":112,"param_name":"CavityCorkThickness","param_value_internal":2.405525650255897,"distribution":"{\"name\": \"FloatDistribution\", \"attributes\": {\"step\": null, \"low\": 2.0, \"high\": 5.0, \"log\": false}}"}
{"op_code":5,"worker_id":"ecfd478f-c300-4063-a362-86b643a9ac46-140116174675968","trial_id":112,"param_name":"BellowHeight","param_value_internal":9.357706194021251,"distribution":"{\"name\": \"FloatDistribution\", \"attributes\": {\"step\": null, \"low\": 6.0, \"high\": 10.0, \"log\": false}}"}
{"op_code":5,"worker_id":"ecfd478f-c300-4063-a362-86b643a9ac46-140116174675968","trial_id":112,"param_name":"WallThickness","param_value_internal":2.224254426673263,"distribution":"{\"name\": \"FloatDistribution\", \"attributes\": {\"step\": null, \"low\": 2.0, \"high\": 4.0, \"log\": false}}"}
{"op_code":5,"worker_id":"ecfd478f-c300-4063-a362-86b643a9ac46-140116174675968","trial_id":112,"param_name":"PlateauHeight","param_value_internal":3.5159505279966643,"distribution":"{\"name\": \"FloatDistribution\", \"attributes\": {\"step\": null, \"low\": 2.0, \"high\": 4.0, \"log\": false}}"}
{"op_code":6,"worker_id":"07f4433d-8105-495f-a34c-ca24fea40e31-140001723334656","trial_id":111,"state":1,"values":[542.0451417989538,0.43460208455318217],"datetime_complete":"2026-06-15T20:43:20.942172"}
{"op_code":4,"worker_id":"07f4433d-8105-495f-a34c-ca24fea40e31-140001723334656","study_id":0,"datetime_start":"2026-06-15T20:43:20.954300"}
{"op_code":9,"worker_id":"07f4433d-8105-495f-a34c-ca24fea40e31-140001723334656","trial_id":113,"system_attr":{"nsga2:generation":2}}
{"op_code":5,"worker_id":"07f4433d-8105-495f-a34c-ca24fea40e31-140001723334656","trial_id":113,"param_name":"JointSlopeAngle","param_value_internal":0.6778488102241723,"distribution":"{\"name\": \"FloatDistribution\", \"attributes\": {\"step\": null, \"low\": 0.17453292519943295, \"high\": 1.0471975511965976, \"log\": false}}"}
{"op_code":5,"worker_id":"07f4433d-8105-495f-a34c-ca24fea40e31-140001723334656","trial_id":113,"param_name":"OuterRadius","param_value_internal":17.095721952674808,"distribution":"{\"name\": \"FloatDistribution\", \"attributes\": {\"step\": null, \"low\": 8.75, \"high\": 17.75, \"log\": false}}"}
{"op_code":5,"worker_id":"07f4433d-8105-495f-a34c-ca24fea40e31-140001723334656","trial_id":113,"param_name":"JointHeight","param_value_internal":5.089157700731112,"distribution":"{\"name\": \"FloatDistribution\", \"attributes\": {\"step\": null, \"low\": 5.0, \"high\": 8.0, \"log\": false}}"}
{"op_code":5,"worker_id":"07f4433d-8105-495f-a34c-ca24fea40e31-140001723334656","trial_id":113,"param_name":"CavityCorkThickness","param_value_internal":3.533361528457408,"distribution":"{\"name\": \"FloatDistribution\", \"attributes\": {\"step\": null, \"low\": 2.0, \"high\": 5.0, \"log\": false}}"}
{"op_code":5,"worker_id":"07f4433d-8105-495f-a34c-ca24fea40e31-140001723334656","trial_id":113,"param_name":"BellowHeight","param_value_internal":9.150885218003964,"distribution":"{\"name\": \"FloatDistribution\", \"attributes\": {\"step\": null, \"low\": 6.0, \"high\": 10.0, \"log\": false}}"}
{"op_code":5,"worker_id":"07f4433d-8105-495f-a34c-ca24fea40e31-140001723334656","trial_id":113,"param_name":"WallThickness","param_value_internal":2.025568659740677,"distribution":"{\"name\": \"FloatDistribution\", \"attributes\": {\"step\": null, \"low\": 2.0, \"high\": 4.0, \"log\": false}}"}
{"op_code":5,"worker_id":"07f4433d-8105-495f-a34c-ca24fea40e31-140001723334656","trial_id":113,"param_name":"PlateauHeight","param_value_internal":3.882578288979306,"distribution":"{\"name\": \"FloatDistribution\", \"attributes\": {\"step\": null, \"low\": 2.0, \"high\": 4.0, \"log\": false}}"}
{"op_code":6,"worker_id":"ecfd478f-c300-4063-a362-86b643a9ac46-140116174675968","trial_id":112,"state":1,"values":[1530.7063764960276,0.4281312255821354],"datetime_complete":"2026-06-15T20:43:26.043927"}
{"op_code":4,"worker_id":"ecfd478f-c300-4063-a362-86b643a9ac46-140116174675968","study_id":0,"datetime_start":"2026-06-15T20:43:26.061608"}
{"op_code":9,"worker_id":"ecfd478f-c300-4063-a362-86b643a9ac46-140116174675968","trial_id":114,"system_attr":{"nsga2:generation":2}}
{"op_code":5,"worker_id":"ecfd478f-c300-4063-a362-86b643a9ac46-140116174675968","trial_id":114,"param_name":"JointSlopeAngle","param_value_internal":0.8272457351358277,"distribution":"{\"name\": \"FloatDistribution\", \"attributes\": {\"step\": null, \"low\": 0.17453292519943295, \"high\": 1.0471975511965976, \"log\": false}}"}
{"op_code":5,"worker_id":"ecfd478f-c300-4063-a362-86b643a9ac46-140116174675968","trial_id":114,"param_name":"OuterRadius","param_value_internal":13.571106070446115,"distribution":"{\"name\": \"FloatDistribution\", \"attributes\": {\"step\": null, \"low\": 8.75, \"high\": 17.75, \"log\": false}}"}
{"op_code":5,"worker_id":"ecfd478f-c300-4063-a362-86b643a9ac46-140116174675968","trial_id":114,"param_name":"JointHeight","param_value_internal":7.460636707639404,"distribution":"{\"name\": \"FloatDistribution\", \"attributes\": {\"step\": null, \"low\": 5.0, \"high\": 8.0, \"log\": false}}"}
{"op_code":5,"worker_id":"ecfd478f-c300-4063-a362-86b643a9ac46-140116174675968","trial_id":114,"param_name":"CavityCorkThickness","param_value_internal":2.7765901524213583,"distribution":"{\"name\": \"FloatDistribution\", \"attributes\": {\"step\": null, \"low\": 2.0, \"high\": 5.0, \"log\": false}}"}
{"op_code":5,"worker_id":"ecfd478f-c300-4063-a362-86b643a9ac46-140116174675968","trial_id":114,"param_name":"BellowHeight","param_value_internal":6.115373624836522,"distribution":"{\"name\": \"FloatDistribution\", \"attributes\": {\"step\": null, \"low\": 6.0, \"high\": 10.0, \"log\": false}}"}
{"op_code":5,"worker_id":"ecfd478f-c300-4063-a362-86b643a9ac46-140116174675968","trial_id":114,"param_name":"WallThickness","param_value_internal":2.6455123950266186,"distribution":"{\"name\": \"FloatDistribution\", \"attributes\": {\"step\": null, \"low\": 2.0, \"high\": 4.0, \"log\": false}}"}
{"op_code":5,"worker_id":"ecfd478f-c300-4063-a362-86b643a9ac46-140116174675968","trial_id":114,"param_name":"PlateauHeight","param_value_internal":3.882578288979306,"distribution":"{\"name\": \"FloatDistribution\", \"attributes\": {\"step\": null, \"low\": 2.0, \"high\": 4.0, \"log\": false}}"}
{"op_code":6,"worker_id":"07f4433d-8105-495f-a34c-ca24fea40e31-140001723334656","trial_id":113,"state":1,"values":[1735.040872411809,0.40630227716391387],"datetime_complete":"2026-06-15T20:43:34.358853"}
{"op_code":4,"worker_id":"07f4433d-8105-495f-a34c-ca24fea40e31-140001723334656","study_id":0,"datetime_start":"2026-06-15T20:43:34.370874"}
{"op_code":9,"worker_id":"07f4433d-8105-495f-a34c-ca24fea40e31-140001723334656","trial_id":115,"system_attr":{"nsga2:generation":2}}
{"op_code":5,"worker_id":"07f4433d-8105-495f-a34c-ca24fea40e31-140001723334656","trial_id":115,"param_name":"JointSlopeAngle","param_value_internal":0.8019512529557726,"distribution":"{\"name\": \"FloatDistribution\", \"attributes\": {\"step\": null, \"low\": 0.17453292519943295, \"high\": 1.0471975511965976, \"log\": false}}"}
{"op_code":5,"worker_id":"07f4433d-8105-495f-a34c-ca24fea40e31-140001723334656","trial_id":115,"param_name":"OuterRadius","param_value_internal":13.922202041259219,"distribution":"{\"name\": \"FloatDistribution\", \"attributes\": {\"step\": null, \"low\": 8.75, \"high\": 17.75, \"log\": false}}"}
{"op_code":5,"worker_id":"07f4433d-8105-495f-a34c-ca24fea40e31-140001723334656","trial_id":115,"param_name":"JointHeight","param_value_internal":5.322153673362866,"distribution":"{\"name\": \"FloatDistribution\", \"attributes\": {\"step\": null, \"low\": 5.0, \"high\": 8.0, \"log\": false}}"}
{"op_code":5,"worker_id":"07f4433d-8105-495f-a34c-ca24fea40e31-140001723334656","trial_id":115,"param_name":"CavityCorkThickness","param_value_internal":4.483975196317596,"distribution":"{\"name\": \"FloatDistribution\", \"attributes\": {\"step\": null, \"low\": 2.0, \"high\": 5.0, \"log\": false}}"}
{"op_code":5,"worker_id":"07f4433d-8105-495f-a34c-ca24fea40e31-140001723334656","trial_id":115,"param_name":"BellowHeight","param_value_internal":8.054195910242441,"distribution":"{\"name\": \"FloatDistribution\", \"attributes\": {\"step\": null, \"low\": 6.0, \"high\": 10.0, \"log\": false}}"}
{"op_code":5,"worker_id":"07f4433d-8105-495f-a34c-ca24fea40e31-140001723334656","trial_id":115,"param_name":"WallThickness","param_value_internal":2.9410810790041007,"distribution":"{\"name\": \"FloatDistribution\", \"attributes\": {\"step\": null, \"low\": 2.0, \"high\": 4.0, \"log\": false}}"}
{"op_code":5,"worker_id":"07f4433d-8105-495f-a34c-ca24fea40e31-140001723334656","trial_id":115,"param_name":"PlateauHeight","param_value_internal":2.3745053260966618,"distribution":"{\"name\": \"FloatDistribution\", \"attributes\": {\"step\": null, \"low\": 2.0, \"high\": 4.0, \"log\": false}}"}
{"op_code":6,"worker_id":"07f4433d-8105-495f-a34c-ca24fea40e31-140001723334656","trial_id":115,"state":1,"values":[503.0231299171084,0.5034658176748972],"datetime_complete":"2026-06-15T20:43:46.348790"}
{"op_code":4,"worker_id":"07f4433d-8105-495f-a34c-ca24fea40e31-140001723334656","study_id":0,"datetime_start":"2026-06-15T20:43:46.360547"}
{"op_code":9,"worker_id":"07f4433d-8105-495f-a34c-ca24fea40e31-140001723334656","trial_id":116,"system_attr":{"nsga2:generation":2}}
{"op_code":5,"worker_id":"07f4433d-8105-495f-a34c-ca24fea40e31-140001723334656","trial_id":116,"param_name":"JointSlopeAngle","param_value_internal":0.9367054297789487,"distribution":"{\"name\": \"FloatDistribution\", \"attributes\": {\"step\": null, \"low\": 0.17453292519943295, \"high\": 1.0471975511965976, \"log\": false}}"}
{"op_code":5,"worker_id":"07f4433d-8105-495f-a34c-ca24fea40e31-140001723334656","trial_id":116,"param_name":"OuterRadius","param_value_internal":13.571106070446115,"distribution":"{\"name\": \"FloatDistribution\", \"attributes\": {\"step\": null, \"low\": 8.75, \"high\": 17.75, \"log\": false}}"}
{"op_code":5,"worker_id":"07f4433d-8105-495f-a34c-ca24fea40e31-140001723334656","trial_id":116,"param_name":"JointHeight","param_value_internal":7.282363315616505,"distribution":"{\"name\": \"FloatDistribution\", \"attributes\": {\"step\": null, \"low\": 5.0, \"high\": 8.0, \"log\": false}}"}
{"op_code":5,"worker_id":"07f4433d-8105-495f-a34c-ca24fea40e31-140001723334656","trial_id":116,"param_name":"CavityCorkThickness","param_value_internal":2.155125053831635,"distribution":"{\"name\": \"FloatDistribution\", \"attributes\": {\"step\": null, \"low\": 2.0, \"high\": 5.0, \"log\": false}}"}
{"op_code":5,"worker_id":"07f4433d-8105-495f-a34c-ca24fea40e31-140001723334656","trial_id":116,"param_name":"BellowHeight","param_value_internal":6.115373624836522,"distribution":"{\"name\": \"FloatDistribution\", \"attributes\": {\"step\": null, \"low\": 6.0, \"high\": 10.0, \"log\": false}}"}
{"op_code":5,"worker_id":"07f4433d-8105-495f-a34c-ca24fea40e31-140001723334656","trial_id":116,"param_name":"WallThickness","param_value_internal":2.742974654550793,"distribution":"{\"name\": \"FloatDistribution\", \"attributes\": {\"step\": null, \"low\": 2.0, \"high\": 4.0, \"log\": false}}"}
{"op_code":5,"worker_id":"07f4433d-8105-495f-a34c-ca24fea40e31-140001723334656","trial_id":116,"param_name":"PlateauHeight","param_value_internal":2.250203937971742,"distribution":"{\"name\": \"FloatDistribution\", \"attributes\": {\"step\": null, \"low\": 2.0, \"high\": 4.0, \"log\": false}}"}
{"op_code":6,"worker_id":"ecfd478f-c300-4063-a362-86b643a9ac46-140116174675968","trial_id":114,"state":1,"values":[671.8086525604009,0.34757235705786504],"datetime_complete":"2026-06-15T20:43:46.633845"}
{"op_code":4,"worker_id":"ecfd478f-c300-4063-a362-86b643a9ac46-140116174675968","study_id":0,"datetime_start":"2026-06-15T20:43:46.648283"}
{"op_code":9,"worker_id":"ecfd478f-c300-4063-a362-86b643a9ac46-140116174675968","trial_id":117,"system_attr":{"nsga2:generation":2}}
{"op_code":5,"worker_id":"ecfd478f-c300-4063-a362-86b643a9ac46-140116174675968","trial_id":117,"param_name":"JointSlopeAngle","param_value_internal":0.7101123787546164,"distribution":"{\"name\": \"FloatDistribution\", \"attributes\": {\"step\": null, \"low\": 0.17453292519943295, \"high\": 1.0471975511965976, \"log\": false}}"}
{"op_code":5,"worker_id":"ecfd478f-c300-4063-a362-86b643a9ac46-140116174675968","trial_id":117,"param_name":"OuterRadius","param_value_internal":15.552079448812187,"distribution":"{\"name\": \"FloatDistribution\", \"attributes\": {\"step\": null, \"low\": 8.75, \"high\": 17.75, \"log\": false}}"}
{"op_code":5,"worker_id":"ecfd478f-c300-4063-a362-86b643a9ac46-140116174675968","trial_id":117,"param_name":"JointHeight","param_value_internal":5.716382835363509,"distribution":"{\"name\": \"FloatDistribution\", \"attributes\": {\"step\": null, \"low\": 5.0, \"high\": 8.0, \"log\": false}}"}
{"op_code":5,"worker_id":"ecfd478f-c300-4063-a362-86b643a9ac46-140116174675968","trial_id":117,"param_name":"CavityCorkThickness","param_value_internal":4.1768162132779585,"distribution":"{\"name\": \"FloatDistribution\", \"attributes\": {\"step\": null, \"low\": 2.0, \"high\": 5.0, \"log\": false}}"}
{"op_code":5,"worker_id":"ecfd478f-c300-4063-a362-86b643a9ac46-140116174675968","trial_id":117,"param_name":"BellowHeight","param_value_internal":7.836512648118768,"distribution":"{\"name\": \"FloatDistribution\", \"attributes\": {\"step\": null, \"low\": 6.0, \"high\": 10.0, \"log\": false}}"}
{"op_code":5,"worker_id":"ecfd478f-c300-4063-a362-86b643a9ac46-140116174675968","trial_id":117,"param_name":"WallThickness","param_value_internal":2.1272897774960953,"distribution":"{\"name\": \"FloatDistribution\", \"attributes\": {\"step\": null, \"low\": 2.0, \"high\": 4.0, \"log\": false}}"}
{"op_code":5,"worker_id":"ecfd478f-c300-4063-a362-86b643a9ac46-140116174675968","trial_id":117,"param_name":"PlateauHeight","param_value_internal":2.0074743248455853,"distribution":"{\"name\": \"FloatDistribution\", \"attributes\": {\"step\": null, \"low\": 2.0, \"high\": 4.0, \"log\": false}}"}
{"op_code":6,"worker_id":"07f4433d-8105-495f-a34c-ca24fea40e31-140001723334656","trial_id":116,"state":1,"values":[661.520372676599,0.48121643256425406],"datetime_complete":"2026-06-15T20:43:58.716767"}
{"op_code":4,"worker_id":"07f4433d-8105-495f-a34c-ca24fea40e31-140001723334656","study_id":0,"datetime_start":"2026-06-15T20:43:58.733633"}
{"op_code":9,"worker_id":"07f4433d-8105-495f-a34c-ca24fea40e31-140001723334656","trial_id":118,"system_attr":{"nsga2:generation":2}}
{"op_code":5,"worker_id":"07f4433d-8105-495f-a34c-ca24fea40e31-140001723334656","trial_id":118,"param_name":"JointSlopeAngle","param_value_internal":0.8040118756789952,"distribution":"{\"name\": \"FloatDistribution\", \"attributes\": {\"step\": null, \"low\": 0.17453292519943295, \"high\": 1.0471975511965976, \"log\": false}}"}
{"op_code":5,"worker_id":"07f4433d-8105-495f-a34c-ca24fea40e31-140001723334656","trial_id":118,"param_name":"OuterRadius","param_value_internal":16.01991644282559,"distribution":"{\"name\": \"FloatDistribution\", \"attributes\": {\"step\": null, \"low\": 8.75, \"high\": 17.75, \"log\": false}}"}
{"op_code":5,"worker_id":"07f4433d-8105-495f-a34c-ca24fea40e31-140001723334656","trial_id":118,"param_name":"JointHeight","param_value_internal":7.5149255616794015,"distribution":"{\"name\": \"FloatDistribution\", \"attributes\": {\"step\": null, \"low\": 5.0, \"high\": 8.0, \"log\": false}}"}
{"op_code":5,"worker_id":"07f4433d-8105-495f-a34c-ca24fea40e31-140001723334656","trial_id":118,"param_name":"CavityCorkThickness","param_value_internal":2.3094655836982407,"distribution":"{\"name\": \"FloatDistribution\", \"attributes\": {\"step\": null, \"low\": 2.0, \"high\": 5.0, \"log\": false}}"}
{"op_code":5,"worker_id":"07f4433d-8105-495f-a34c-ca24fea40e31-140001723334656","trial_id":118,"param_name":"BellowHeight","param_value_internal":9.873046074677653,"distribution":"{\"name\": \"FloatDistribution\", \"attributes\": {\"step\": null, \"low\": 6.0, \"high\": 10.0, \"log\": false}}"}
{"op_code":5,"worker_id":"07f4433d-8105-495f-a34c-ca24fea40e31-140001723334656","trial_id":118,"param_name":"WallThickness","param_value_internal":2.224254426673263,"distribution":"{\"name\": \"FloatDistribution\", \"attributes\": {\"step\": null, \"low\": 2.0, \"high\": 4.0, \"log\": false}}"}
{"op_code":5,"worker_id":"07f4433d-8105-495f-a34c-ca24fea40e31-140001723334656","trial_id":118,"param_name":"PlateauHeight","param_value_internal":2.1439004333582736,"distribution":"{\"name\": \"FloatDistribution\", \"attributes\": {\"step\": null, \"low\": 2.0, \"high\": 4.0, \"log\": false}}"}
{"op_code":6,"worker_id":"ecfd478f-c300-4063-a362-86b643a9ac46-140116174675968","trial_id":117,"state":1,"values":[918.6626083771465,0.4506552684584148],"datetime_complete":"2026-06-15T20:44:01.734224"}
{"op_code":4,"worker_id":"ecfd478f-c300-4063-a362-86b643a9ac46-140116174675968","study_id":0,"datetime_start":"2026-06-15T20:44:01.749972"}
{"op_code":9,"worker_id":"ecfd478f-c300-4063-a362-86b643a9ac46-140116174675968","trial_id":119,"system_attr":{"nsga2:generation":2}}
{"op_code":5,"worker_id":"ecfd478f-c300-4063-a362-86b643a9ac46-140116174675968","trial_id":119,"param_name":"JointSlopeAngle","param_value_internal":0.8272457351358277,"distribution":"{\"name\": \"FloatDistribution\", \"attributes\": {\"step\": null, \"low\": 0.17453292519943295, \"high\": 1.0471975511965976, \"log\": false}}"}
{"op_code":5,"worker_id":"ecfd478f-c300-4063-a362-86b643a9ac46-140116174675968","trial_id":119,"param_name":"OuterRadius","param_value_internal":14.489373048556564,"distribution":"{\"name\": \"FloatDistribution\", \"attributes\": {\"step\": null, \"low\": 8.75, \"high\": 17.75, \"log\": false}}"}
{"op_code":5,"worker_id":"ecfd478f-c300-4063-a362-86b643a9ac46-140116174675968","trial_id":119,"param_name":"JointHeight","param_value_internal":5.322153673362866,"distribution":"{\"name\": \"FloatDistribution\", \"attributes\": {\"step\": null, \"low\": 5.0, \"high\": 8.0, \"log\": false}}"}
{"op_code":5,"worker_id":"ecfd478f-c300-4063-a362-86b643a9ac46-140116174675968","trial_id":119,"param_name":"CavityCorkThickness","param_value_internal":3.7037676631191796,"distribution":"{\"name\": \"FloatDistribution\", \"attributes\": {\"step\": null, \"low\": 2.0, \"high\": 5.0, \"log\": false}}"}
{"op_code":5,"worker_id":"ecfd478f-c300-4063-a362-86b643a9ac46-140116174675968","trial_id":119,"param_name":"BellowHeight","param_value_internal":8.174637270415696,"distribution":"{\"name\": \"FloatDistribution\", \"attributes\": {\"step\": null, \"low\": 6.0, \"high\": 10.0, \"log\": false}}"}
{"op_code":5,"worker_id":"ecfd478f-c300-4063-a362-86b643a9ac46-140116174675968","trial_id":119,"param_name":"WallThickness","param_value_internal":2.2203697478074336,"distribution":"{\"name\": \"FloatDistribution\", \"attributes\": {\"step\": null, \"low\": 2.0, \"high\": 4.0, \"log\": false}}"}
{"op_code":5,"worker_id":"ecfd478f-c300-4063-a362-86b643a9ac46-140116174675968","trial_id":119,"param_name":"PlateauHeight","param_value_internal":3.882578288979306,"distribution":"{\"name\": \"FloatDistribution\", \"attributes\": {\"step\": null, \"low\": 2.0, \"high\": 4.0, \"log\": false}}"}
{"op_code":6,"worker_id":"07f4433d-8105-495f-a34c-ca24fea40e31-140001723334656","trial_id":118,"state":1,"values":[1581.3694350249482,0.39859243960047686],"datetime_complete":"2026-06-15T20:44:12.067919"}
{"op_code":4,"worker_id":"07f4433d-8105-495f-a34c-ca24fea40e31-140001723334656","study_id":0,"datetime_start":"2026-06-15T20:44:12.079030"}
{"op_code":9,"worker_id":"07f4433d-8105-495f-a34c-ca24fea40e31-140001723334656","trial_id":120,"system_attr":{"nsga2:generation":2}}
{"op_code":5,"worker_id":"07f4433d-8105-495f-a34c-ca24fea40e31-140001723334656","trial_id":120,"param_name":"JointSlopeAngle","param_value_internal":0.756930057379746,"distribution":"{\"name\": \"FloatDistribution\", \"attributes\": {\"step\": null, \"low\": 0.17453292519943295, \"high\": 1.0471975511965976, \"log\": false}}"}
{"op_code":5,"worker_id":"07f4433d-8105-495f-a34c-ca24fea40e31-140001723334656","trial_id":120,"param_name":"OuterRadius","param_value_internal":16.032810961490206,"distribution":"{\"name\": \"FloatDistribution\", \"attributes\": {\"step\": null, \"low\": 8.75, \"high\": 17.75, \"log\": false}}"}
{"op_code":5,"worker_id":"07f4433d-8105-495f-a34c-ca24fea40e31-140001723334656","trial_id":120,"param_name":"JointHeight","param_value_internal":7.957242184419182,"distribution":"{\"name\": \"FloatDistribution\", \"attributes\": {\"step\": null, \"low\": 5.0, \"high\": 8.0, \"log\": false}}"}
{"op_code":5,"worker_id":"07f4433d-8105-495f-a34c-ca24fea40e31-140001723334656","trial_id":120,"param_name":"CavityCorkThickness","param_value_internal":2.2004154780939267,"distribution":"{\"name\": \"FloatDistribution\", \"attributes\": {\"step\": null, \"low\": 2.0, \"high\": 5.0, \"log\": false}}"}
{"op_code":5,"worker_id":"07f4433d-8105-495f-a34c-ca24fea40e31-140001723334656","trial_id":120,"param_name":"BellowHeight","param_value_internal":9.540301588782413,"distribution":"{\"name\": \"FloatDistribution\", \"attributes\": {\"step\": null, \"low\": 6.0, \"high\": 10.0, \"log\": false}}"}
{"op_code":5,"worker_id":"07f4433d-8105-495f-a34c-ca24fea40e31-140001723334656","trial_id":120,"param_name":"WallThickness","param_value_internal":2.00165388978446,"distribution":"{\"name\": \"FloatDistribution\", \"attributes\": {\"step\": null, \"low\": 2.0, \"high\": 4.0, \"log\": false}}"}
{"op_code":5,"worker_id":"07f4433d-8105-495f-a34c-ca24fea40e31-140001723334656","trial_id":120,"param_name":"PlateauHeight","param_value_internal":3.5159505279966643,"distribution":"{\"name\": \"FloatDistribution\", \"attributes\": {\"step\": null, \"low\": 2.0, \"high\": 4.0, \"log\": false}}"}
{"op_code":6,"worker_id":"ecfd478f-c300-4063-a362-86b643a9ac46-140116174675968","trial_id":119,"state":1,"values":[938.2872897538814,0.4630075871736543],"datetime_complete":"2026-06-15T20:44:13.796607"}
{"op_code":4,"worker_id":"ecfd478f-c300-4063-a362-86b643a9ac46-140116174675968","study_id":0,"datetime_start":"2026-06-15T20:44:13.812650"}
{"op_code":9,"worker_id":"ecfd478f-c300-4063-a362-86b643a9ac46-140116174675968","trial_id":121,"system_attr":{"nsga2:generation":2}}
{"op_code":5,"worker_id":"ecfd478f-c300-4063-a362-86b643a9ac46-140116174675968","trial_id":121,"param_name":"JointSlopeAngle","param_value_internal":0.9451745394612046,"distribution":"{\"name\": \"FloatDistribution\", \"attributes\": {\"step\": null, \"low\": 0.17453292519943295, \"high\": 1.0471975511965976, \"log\": false}}"}
{"op_code":5,"worker_id":"ecfd478f-c300-4063-a362-86b643a9ac46-140116174675968","trial_id":121,"param_name":"OuterRadius","param_value_internal":16.242809915042614,"distribution":"{\"name\": \"FloatDistribution\", \"attributes\": {\"step\": null, \"low\": 8.75, \"high\": 17.75, \"log\": false}}"}
{"op_code":5,"worker_id":"ecfd478f-c300-4063-a362-86b643a9ac46-140116174675968","trial_id":121,"param_name":"JointHeight","param_value_internal":5.791863537051495,"distribution":"{\"name\": \"FloatDistribution\", \"attributes\": {\"step\": null, \"low\": 5.0, \"high\": 8.0, \"log\": false}}"}
{"op_code":5,"worker_id":"ecfd478f-c300-4063-a362-86b643a9ac46-140116174675968","trial_id":121,"param_name":"CavityCorkThickness","param_value_internal":2.4928614804706557,"distribution":"{\"name\": \"FloatDistribution\", \"attributes\": {\"step\": null, \"low\": 2.0, \"high\": 5.0, \"log\": false}}"}
{"op_code":5,"worker_id":"ecfd478f-c300-4063-a362-86b643a9ac46-140116174675968","trial_id":121,"param_name":"BellowHeight","param_value_internal":7.505812578085166,"distribution":"{\"name\": \"FloatDistribution\", \"attributes\": {\"step\": null, \"low\": 6.0, \"high\": 10.0, \"log\": false}}"}
{"op_code":5,"worker_id":"ecfd478f-c300-4063-a362-86b643a9ac46-140116174675968","trial_id":121,"param_name":"WallThickness","param_value_internal":3.2573012932053853,"distribution":"{\"name\": \"FloatDistribution\", \"attributes\": {\"step\": null, \"low\": 2.0, \"high\": 4.0, \"log\": false}}"}
{"op_code":5,"worker_id":"ecfd478f-c300-4063-a362-86b643a9ac46-140116174675968","trial_id":121,"param_name":"PlateauHeight","param_value_internal":3.8457959079296584,"distribution":"{\"name\": \"FloatDistribution\", \"attributes\": {\"step\": null, \"low\": 2.0, \"high\": 4.0, \"log\": false}}"}
{"op_code":6,"worker_id":"07f4433d-8105-495f-a34c-ca24fea40e31-140001723334656","trial_id":120,"state":1,"values":[1791.853951975018,0.40721624185638483],"datetime_complete":"2026-06-15T20:44:25.694271"}
{"op_code":4,"worker_id":"07f4433d-8105-495f-a34c-ca24fea40e31-140001723334656","study_id":0,"datetime_start":"2026-06-15T20:44:25.705534"}
{"op_code":9,"worker_id":"07f4433d-8105-495f-a34c-ca24fea40e31-140001723334656","trial_id":122,"system_attr":{"nsga2:generation":2}}
{"op_code":5,"worker_id":"07f4433d-8105-495f-a34c-ca24fea40e31-140001723334656","trial_id":122,"param_name":"JointSlopeAngle","param_value_internal":0.8285673771938452,"distribution":"{\"name\": \"FloatDistribution\", \"attributes\": {\"step\": null, \"low\": 0.17453292519943295, \"high\": 1.0471975511965976, \"log\": false}}"}
{"op_code":5,"worker_id":"07f4433d-8105-495f-a34c-ca24fea40e31-140001723334656","trial_id":122,"param_name":"OuterRadius","param_value_internal":17.005765415630957,"distribution":"{\"name\": \"FloatDistribution\", \"attributes\": {\"step\": null, \"low\": 8.75, \"high\": 17.75, \"log\": false}}"}
{"op_code":5,"worker_id":"07f4433d-8105-495f-a34c-ca24fea40e31-140001723334656","trial_id":122,"param_name":"JointHeight","param_value_internal":6.933774807398507,"distribution":"{\"name\": \"FloatDistribution\", \"attributes\": {\"step\": null, \"low\": 5.0, \"high\": 8.0, \"log\": false}}"}
{"op_code":5,"worker_id":"07f4433d-8105-495f-a34c-ca24fea40e31-140001723334656","trial_id":122,"param_name":"CavityCorkThickness","param_value_internal":4.638858068220836,"distribution":"{\"name\": \"FloatDistribution\", \"attributes\": {\"step\": null, \"low\": 2.0, \"high\": 5.0, \"log\": false}}"}
{"op_code":5,"worker_id":"07f4433d-8105-495f-a34c-ca24fea40e31-140001723334656","trial_id":122,"param_name":"BellowHeight","param_value_internal":6.264352647219921,"distribution":"{\"name\": \"FloatDistribution\", \"attributes\": {\"step\": null, \"low\": 6.0, \"high\": 10.0, \"log\": false}}"}
{"op_code":5,"worker_id":"07f4433d-8105-495f-a34c-ca24fea40e31-140001723334656","trial_id":122,"param_name":"WallThickness","param_value_internal":2.438203684913686,"distribution":"{\"name\": \"FloatDistribution\", \"attributes\": {\"step\": null, \"low\": 2.0, \"high\": 4.0, \"log\": false}}"}
{"op_code":5,"worker_id":"07f4433d-8105-495f-a34c-ca24fea40e31-140001723334656","trial_id":122,"param_name":"PlateauHeight","param_value_internal":2.0547104582499465,"distribution":"{\"name\": \"FloatDistribution\", \"attributes\": {\"step\": null, \"low\": 2.0, \"high\": 4.0, \"log\": false}}"}
{"op_code":6,"worker_id":"ecfd478f-c300-4063-a362-86b643a9ac46-140116174675968","trial_id":121,"state":1,"values":[1226.470038296793,0.421179957943145],"datetime_complete":"2026-06-15T20:44:27.942168"}
{"op_code":4,"worker_id":"ecfd478f-c300-4063-a362-86b643a9ac46-140116174675968","study_id":0,"datetime_start":"2026-06-15T20:44:27.954783"}
{"op_code":9,"worker_id":"ecfd478f-c300-4063-a362-86b643a9ac46-140116174675968","trial_id":123,"system_attr":{"nsga2:generation":2}}
{"op_code":5,"worker_id":"ecfd478f-c300-4063-a362-86b643a9ac46-140116174675968","trial_id":123,"param_name":"JointSlopeAngle","param_value_internal":0.9367054297789487,"distribution":"{\"name\": \"FloatDistribution\", \"attributes\": {\"step\": null, \"low\": 0.17453292519943295, \"high\": 1.0471975511965976, \"log\": false}}"}
{"op_code":5,"worker_id":"ecfd478f-c300-4063-a362-86b643a9ac46-140116174675968","trial_id":123,"param_name":"OuterRadius","param_value_internal":13.922202041259219,"distribution":"{\"name\": \"FloatDistribution\", \"attributes\": {\"step\": null, \"low\": 8.75, \"high\": 17.75, \"log\": false}}"}
{"op_code":5,"worker_id":"ecfd478f-c300-4063-a362-86b643a9ac46-140116174675968","trial_id":123,"param_name":"JointHeight","param_value_internal":5.032455760659344,"distribution":"{\"name\": \"FloatDistribution\", \"attributes\": {\"step\": null, \"low\": 5.0, \"high\": 8.0, \"log\": false}}"}
{"op_code":5,"worker_id":"ecfd478f-c300-4063-a362-86b643a9ac46-140116174675968","trial_id":123,"param_name":"CavityCorkThickness","param_value_internal":3.6066301331200137,"distribution":"{\"name\": \"FloatDistribution\", \"attributes\": {\"step\": null, \"low\": 2.0, \"high\": 5.0, \"log\": false}}"}
{"op_code":5,"worker_id":"ecfd478f-c300-4063-a362-86b643a9ac46-140116174675968","trial_id":123,"param_name":"BellowHeight","param_value_internal":8.054195910242441,"distribution":"{\"name\": \"FloatDistribution\", \"attributes\": {\"step\": null, \"low\": 6.0, \"high\": 10.0, \"log\": false}}"}
{"op_code":5,"worker_id":"ecfd478f-c300-4063-a362-86b643a9ac46-140116174675968","trial_id":123,"param_name":"WallThickness","param_value_internal":2.9410810790041007,"distribution":"{\"name\": \"FloatDistribution\", \"attributes\": {\"step\": null, \"low\": 2.0, \"high\": 4.0, \"log\": false}}"}
{"op_code":5,"worker_id":"ecfd478f-c300-4063-a362-86b643a9ac46-140116174675968","trial_id":123,"param_name":"PlateauHeight","param_value_internal":3.428450296575652,"distribution":"{\"name\": \"FloatDistribution\", \"attributes\": {\"step\": null, \"low\": 2.0, \"high\": 4.0, \"log\": false}}"}
{"op_code":6,"worker_id":"07f4433d-8105-495f-a34c-ca24fea40e31-140001723334656","trial_id":122,"state":1,"values":[875.3394343462757,0.4192794882649037],"datetime_complete":"2026-06-15T20:44:37.724019"}
{"op_code":4,"worker_id":"07f4433d-8105-495f-a34c-ca24fea40e31-140001723334656","study_id":0,"datetime_start":"2026-06-15T20:44:37.735045"}
{"op_code":9,"worker_id":"07f4433d-8105-495f-a34c-ca24fea40e31-140001723334656","trial_id":124,"system_attr":{"nsga2:generation":2}}
{"op_code":5,"worker_id":"07f4433d-8105-495f-a34c-ca24fea40e31-140001723334656","trial_id":124,"param_name":"JointSlopeAngle","param_value_internal":0.7447825655413925,"distribution":"{\"name\": \"FloatDistribution\", \"attributes\": {\"step\": null, \"low\": 0.17453292519943295, \"high\": 1.0471975511965976, \"log\": false}}"}
{"op_code":5,"worker_id":"07f4433d-8105-495f-a34c-ca24fea40e31-140001723334656","trial_id":124,"param_name":"OuterRadius","param_value_internal":15.919381857059122,"distribution":"{\"name\": \"FloatDistribution\", \"attributes\": {\"step\": null, \"low\": 8.75, \"high\": 17.75, \"log\": false}}"}
{"op_code":5,"worker_id":"07f4433d-8105-495f-a34c-ca24fea40e31-140001723334656","trial_id":124,"param_name":"JointHeight","param_value_internal":6.83042685249322,"distribution":"{\"name\": \"FloatDistribution\", \"attributes\": {\"step\": null, \"low\": 5.0, \"high\": 8.0, \"log\": false}}"}
{"op_code":5,"worker_id":"07f4433d-8105-495f-a34c-ca24fea40e31-140001723334656","trial_id":124,"param_name":"CavityCorkThickness","param_value_internal":2.291798728337495,"distribution":"{\"name\": \"FloatDistribution\", \"attributes\": {\"step\": null, \"low\": 2.0, \"high\": 5.0, \"log\": false}}"}
{"op_code":5,"worker_id":"07f4433d-8105-495f-a34c-ca24fea40e31-140001723334656","trial_id":124,"param_name":"BellowHeight","param_value_internal":6.959443735930742,"distribution":"{\"name\": \"FloatDistribution\", \"attributes\": {\"step\": null, \"low\": 6.0, \"high\": 10.0, \"log\": false}}"}
{"op_code":5,"worker_id":"07f4433d-8105-495f-a34c-ca24fea40e31-140001723334656","trial_id":124,"param_name":"WallThickness","param_value_internal":3.708433918090081,"distribution":"{\"name\": \"FloatDistribution\", \"attributes\": {\"step\": null, \"low\": 2.0, \"high\": 4.0, \"log\": false}}"}
{"op_code":5,"worker_id":"07f4433d-8105-495f-a34c-ca24fea40e31-140001723334656","trial_id":124,"param_name":"PlateauHeight","param_value_internal":2.1439004333582736,"distribution":"{\"name\": \"FloatDistribution\", \"attributes\": {\"step\": null, \"low\": 2.0, \"high\": 4.0, \"log\": false}}"}
{"op_code":6,"worker_id":"ecfd478f-c300-4063-a362-86b643a9ac46-140116174675968","trial_id":123,"state":1,"values":[-Infinity,-Infinity],"datetime_complete":"2026-06-15T20:44:38.350768"}
{"op_code":4,"worker_id":"ecfd478f-c300-4063-a362-86b643a9ac46-140116174675968","study_id":0,"datetime_start":"2026-06-15T20:44:38.364536"}
{"op_code":9,"worker_id":"ecfd478f-c300-4063-a362-86b643a9ac46-140116174675968","trial_id":125,"system_attr":{"nsga2:generation":2}}
{"op_code":5,"worker_id":"ecfd478f-c300-4063-a362-86b643a9ac46-140116174675968","trial_id":125,"param_name":"JointSlopeAngle","param_value_internal":0.8272457351358277,"distribution":"{\"name\": \"FloatDistribution\", \"attributes\": {\"step\": null, \"low\": 0.17453292519943295, \"high\": 1.0471975511965976, \"log\": false}}"}
{"op_code":5,"worker_id":"ecfd478f-c300-4063-a362-86b643a9ac46-140116174675968","trial_id":125,"param_name":"OuterRadius","param_value_internal":14.489373048556564,"distribution":"{\"name\": \"FloatDistribution\", \"attributes\": {\"step\": null, \"low\": 8.75, \"high\": 17.75, \"log\": false}}"}
{"op_code":5,"worker_id":"ecfd478f-c300-4063-a362-86b643a9ac46-140116174675968","trial_id":125,"param_name":"JointHeight","param_value_internal":7.347124145470186,"distribution":"{\"name\": \"FloatDistribution\", \"attributes\": {\"step\": null, \"low\": 5.0, \"high\": 8.0, \"log\": false}}"}
{"op_code":5,"worker_id":"ecfd478f-c300-4063-a362-86b643a9ac46-140116174675968","trial_id":125,"param_name":"CavityCorkThickness","param_value_internal":4.368778536712719,"distribution":"{\"name\": \"FloatDistribution\", \"attributes\": {\"step\": null, \"low\": 2.0, \"high\": 5.0, \"log\": false}}"}
{"op_code":5,"worker_id":"ecfd478f-c300-4063-a362-86b643a9ac46-140116174675968","trial_id":125,"param_name":"BellowHeight","param_value_internal":8.329643064751066,"distribution":"{\"name\": \"FloatDistribution\", \"attributes\": {\"step\": null, \"low\": 6.0, \"high\": 10.0, \"log\": false}}"}
{"op_code":5,"worker_id":"ecfd478f-c300-4063-a362-86b643a9ac46-140116174675968","trial_id":125,"param_name":"WallThickness","param_value_internal":2.333382187309086,"distribution":"{\"name\": \"FloatDistribution\", \"attributes\": {\"step\": null, \"low\": 2.0, \"high\": 4.0, \"log\": false}}"}
{"op_code":5,"worker_id":"ecfd478f-c300-4063-a362-86b643a9ac46-140116174675968","trial_id":125,"param_name":"PlateauHeight","param_value_internal":2.277670677544058,"distribution":"{\"name\": \"FloatDistribution\", \"attributes\": {\"step\": null, \"low\": 2.0, \"high\": 4.0, \"log\": false}}"}
{"op_code":6,"worker_id":"07f4433d-8105-495f-a34c-ca24fea40e31-140001723334656","trial_id":124,"state":1,"values":[897.1468486718443,0.4210490476148066],"datetime_complete":"2026-06-15T20:44:50.156096"}
{"op_code":4,"worker_id":"07f4433d-8105-495f-a34c-ca24fea40e31-140001723334656","study_id":0,"datetime_start":"2026-06-15T20:44:50.167153"}
{"op_code":9,"worker_id":"07f4433d-8105-495f-a34c-ca24fea40e31-140001723334656","trial_id":126,"system_attr":{"nsga2:generation":2}}
{"op_code":5,"worker_id":"07f4433d-8105-495f-a34c-ca24fea40e31-140001723334656","trial_id":126,"param_name":"JointSlopeAngle","param_value_internal":0.596379799980517,"distribution":"{\"name\": \"FloatDistribution\", \"attributes\": {\"step\": null, \"low\": 0.17453292519943295, \"high\": 1.0471975511965976, \"log\": false}}"}
{"op_code":5,"worker_id":"07f4433d-8105-495f-a34c-ca24fea40e31-140001723334656","trial_id":126,"param_name":"OuterRadius","param_value_internal":13.571106070446115,"distribution":"{\"name\": \"FloatDistribution\", \"attributes\": {\"step\": null, \"low\": 8.75, \"high\": 17.75, \"log\": false}}"}
{"op_code":5,"worker_id":"07f4433d-8105-495f-a34c-ca24fea40e31-140001723334656","trial_id":126,"param_name":"JointHeight","param_value_internal":7.460636707639404,"distribution":"{\"name\": \"FloatDistribution\", \"attributes\": {\"step\": null, \"low\": 5.0, \"high\": 8.0, \"log\": false}}"}
{"op_code":5,"worker_id":"07f4433d-8105-495f-a34c-ca24fea40e31-140001723334656","trial_id":126,"param_name":"CavityCorkThickness","param_value_internal":2.7765901524213583,"distribution":"{\"name\": \"FloatDistribution\", \"attributes\": {\"step\": null, \"low\": 2.0, \"high\": 5.0, \"log\": false}}"}
{"op_code":5,"worker_id":"07f4433d-8105-495f-a34c-ca24fea40e31-140001723334656","trial_id":126,"param_name":"BellowHeight","param_value_internal":9.45601849954006,"distribution":"{\"name\": \"FloatDistribution\", \"attributes\": {\"step\": null, \"low\": 6.0, \"high\": 10.0, \"log\": false}}"}
{"op_code":5,"worker_id":"07f4433d-8105-495f-a34c-ca24fea40e31-140001723334656","trial_id":126,"param_name":"WallThickness","param_value_internal":2.742974654550793,"distribution":"{\"name\": \"FloatDistribution\", \"attributes\": {\"step\": null, \"low\": 2.0, \"high\": 4.0, \"log\": false}}"}
{"op_code":5,"worker_id":"07f4433d-8105-495f-a34c-ca24fea40e31-140001723334656","trial_id":126,"param_name":"PlateauHeight","param_value_internal":2.8770587888298733,"distribution":"{\"name\": \"FloatDistribution\", \"attributes\": {\"step\": null, \"low\": 2.0, \"high\": 4.0, \"log\": false}}"}
{"op_code":6,"worker_id":"ecfd478f-c300-4063-a362-86b643a9ac46-140116174675968","trial_id":125,"state":1,"values":[721.4122177586476,0.4521949459803053],"datetime_complete":"2026-06-15T20:44:51.113048"}
{"op_code":4,"worker_id":"ecfd478f-c300-4063-a362-86b643a9ac46-140116174675968","study_id":0,"datetime_start":"2026-06-15T20:44:51.128359"}
{"op_code":9,"worker_id":"ecfd478f-c300-4063-a362-86b643a9ac46-140116174675968","trial_id":127,"system_attr":{"nsga2:generation":2}}
{"op_code":5,"worker_id":"ecfd478f-c300-4063-a362-86b643a9ac46-140116174675968","trial_id":127,"param_name":"JointSlopeAngle","param_value_internal":0.7101123787546164,"distribution":"{\"name\": \"FloatDistribution\", \"attributes\": {\"step\": null, \"low\": 0.17453292519943295, \"high\": 1.0471975511965976, \"log\": false}}"}
{"op_code":5,"worker_id":"ecfd478f-c300-4063-a362-86b643a9ac46-140116174675968","trial_id":127,"param_name":"OuterRadius","param_value_internal":16.13109872193595,"distribution":"{\"name\": \"FloatDistribution\", \"attributes\": {\"step\": null, \"low\": 8.75, \"high\": 17.75, \"log\": false}}"}
{"op_code":5,"worker_id":"ecfd478f-c300-4063-a362-86b643a9ac46-140116174675968","trial_id":127,"param_name":"JointHeight","param_value_internal":5.322153673362866,"distribution":"{\"name\": \"FloatDistribution\", \"attributes\": {\"step\": null, \"low\": 5.0, \"high\": 8.0, \"log\": false}}"}
{"op_code":5,"worker_id":"ecfd478f-c300-4063-a362-86b643a9ac46-140116174675968","trial_id":127,"param_name":"CavityCorkThickness","param_value_internal":4.1768162132779585,"distribution":"{\"name\": \"FloatDistribution\", \"attributes\": {\"step\": null, \"low\": 2.0, \"high\": 5.0, \"log\": false}}"}
{"op_code":5,"worker_id":"ecfd478f-c300-4063-a362-86b643a9ac46-140116174675968","trial_id":127,"param_name":"BellowHeight","param_value_internal":9.43702190391036,"distribution":"{\"name\": \"FloatDistribution\", \"attributes\": {\"step\": null, \"low\": 6.0, \"high\": 10.0, \"log\": false}}"}
{"op_code":5,"worker_id":"ecfd478f-c300-4063-a362-86b643a9ac46-140116174675968","trial_id":127,"param_name":"WallThickness","param_value_internal":3.8979894334956473,"distribution":"{\"name\": \"FloatDistribution\", \"attributes\": {\"step\": null, \"low\": 2.0, \"high\": 4.0, \"log\": false}}"}
{"op_code":5,"worker_id":"ecfd478f-c300-4063-a362-86b643a9ac46-140116174675968","trial_id":127,"param_name":"PlateauHeight","param_value_internal":3.882578288979306,"distribution":"{\"name\": \"FloatDistribution\", \"attributes\": {\"step\": null, \"low\": 2.0, \"high\": 4.0, \"log\": false}}"}
{"op_code":6,"worker_id":"07f4433d-8105-495f-a34c-ca24fea40e31-140001723334656","trial_id":126,"state":1,"values":[835.2495460122491,0.2939471916055548],"datetime_complete":"2026-06-15T20:45:02.193530"}
{"op_code":4,"worker_id":"07f4433d-8105-495f-a34c-ca24fea40e31-140001723334656","study_id":0,"datetime_start":"2026-06-15T20:45:02.206158"}
{"op_code":9,"worker_id":"07f4433d-8105-495f-a34c-ca24fea40e31-140001723334656","trial_id":128,"system_attr":{"nsga2:generation":2}}
{"op_code":5,"worker_id":"07f4433d-8105-495f-a34c-ca24fea40e31-140001723334656","trial_id":128,"param_name":"JointSlopeAngle","param_value_internal":0.7101123787546164,"distribution":"{\"name\": \"FloatDistribution\", \"attributes\": {\"step\": null, \"low\": 0.17453292519943295, \"high\": 1.0471975511965976, \"log\": false}}"}
{"op_code":5,"worker_id":"07f4433d-8105-495f-a34c-ca24fea40e31-140001723334656","trial_id":128,"param_name":"OuterRadius","param_value_internal":17.095721952674808,"distribution":"{\"name\": \"FloatDistribution\", \"attributes\": {\"step\": null, \"low\": 8.75, \"high\": 17.75, \"log\": false}}"}
{"op_code":5,"worker_id":"07f4433d-8105-495f-a34c-ca24fea40e31-140001723334656","trial_id":128,"param_name":"JointHeight","param_value_internal":5.522588836569238,"distribution":"{\"name\": \"FloatDistribution\", \"attributes\": {\"step\": null, \"low\": 5.0, \"high\": 8.0, \"log\": false}}"}
{"op_code":5,"worker_id":"07f4433d-8105-495f-a34c-ca24fea40e31-140001723334656","trial_id":128,"param_name":"CavityCorkThickness","param_value_internal":4.974373772155542,"distribution":"{\"name\": \"FloatDistribution\", \"attributes\": {\"step\": null, \"low\": 2.0, \"high\": 5.0, \"log\": false}}"}
{"op_code":5,"worker_id":"07f4433d-8105-495f-a34c-ca24fea40e31-140001723334656","trial_id":128,"param_name":"BellowHeight","param_value_internal":9.741185669127688,"distribution":"{\"name\": \"FloatDistribution\", \"attributes\": {\"step\": null, \"low\": 6.0, \"high\": 10.0, \"log\": false}}"}
{"op_code":5,"worker_id":"07f4433d-8105-495f-a34c-ca24fea40e31-140001723334656","trial_id":128,"param_name":"WallThickness","param_value_internal":3.574612186638822,"distribution":"{\"name\": \"FloatDistribution\", \"attributes\": {\"step\": null, \"low\": 2.0, \"high\": 4.0, \"log\": false}}"}
{"op_code":5,"worker_id":"07f4433d-8105-495f-a34c-ca24fea40e31-140001723334656","trial_id":128,"param_name":"PlateauHeight","param_value_internal":3.8991331278884838,"distribution":"{\"name\": \"FloatDistribution\", \"attributes\": {\"step\": null, \"low\": 2.0, \"high\": 4.0, \"log\": false}}"}
{"op_code":6,"worker_id":"ecfd478f-c300-4063-a362-86b643a9ac46-140116174675968","trial_id":127,"state":1,"values":[895.9800084379907,0.44119562782030275],"datetime_complete":"2026-06-15T20:45:04.565315"}
{"op_code":4,"worker_id":"ecfd478f-c300-4063-a362-86b643a9ac46-140116174675968","study_id":0,"datetime_start":"2026-06-15T20:45:04.580776"}
{"op_code":9,"worker_id":"ecfd478f-c300-4063-a362-86b643a9ac46-140116174675968","trial_id":129,"system_attr":{"nsga2:generation":2}}
{"op_code":5,"worker_id":"ecfd478f-c300-4063-a362-86b643a9ac46-140116174675968","trial_id":129,"param_name":"JointSlopeAngle","param_value_internal":0.9367054297789487,"distribution":"{\"name\": \"FloatDistribution\", \"attributes\": {\"step\": null, \"low\": 0.17453292519943295, \"high\": 1.0471975511965976, \"log\": false}}"}
{"op_code":5,"worker_id":"ecfd478f-c300-4063-a362-86b643a9ac46-140116174675968","trial_id":129,"param_name":"OuterRadius","param_value_internal":13.571106070446115,"distribution":"{\"name\": \"FloatDistribution\", \"attributes\": {\"step\": null, \"low\": 8.75, \"high\": 17.75, \"log\": false}}"}
{"op_code":5,"worker_id":"ecfd478f-c300-4063-a362-86b643a9ac46-140116174675968","trial_id":129,"param_name":"JointHeight","param_value_internal":6.653137446809373,"distribution":"{\"name\": \"FloatDistribution\", \"attributes\": {\"step\": null, \"low\": 5.0, \"high\": 8.0, \"log\": false}}"}
{"op_code":5,"worker_id":"ecfd478f-c300-4063-a362-86b643a9ac46-140116174675968","trial_id":129,"param_name":"CavityCorkThickness","param_value_internal":2.7765901524213583,"distribution":"{\"name\": \"FloatDistribution\", \"attributes\": {\"step\": null, \"low\": 2.0, \"high\": 5.0, \"log\": false}}"}
{"op_code":5,"worker_id":"ecfd478f-c300-4063-a362-86b643a9ac46-140116174675968","trial_id":129,"param_name":"BellowHeight","param_value_internal":6.7030093646908515,"distribution":"{\"name\": \"FloatDistribution\", \"attributes\": {\"step\": null, \"low\": 6.0, \"high\": 10.0, \"log\": false}}"}
{"op_code":5,"worker_id":"ecfd478f-c300-4063-a362-86b643a9ac46-140116174675968","trial_id":129,"param_name":"WallThickness","param_value_internal":2.6764815858461417,"distribution":"{\"name\": \"FloatDistribution\", \"attributes\": {\"step\": null, \"low\": 2.0, \"high\": 4.0, \"log\": false}}"}
{"op_code":5,"worker_id":"ecfd478f-c300-4063-a362-86b643a9ac46-140116174675968","trial_id":129,"param_name":"PlateauHeight","param_value_internal":3.1284792304680415,"distribution":"{\"name\": \"FloatDistribution\", \"attributes\": {\"step\": null, \"low\": 2.0, \"high\": 4.0, \"log\": false}}"}
{"op_code":6,"worker_id":"07f4433d-8105-495f-a34c-ca24fea40e31-140001723334656","trial_id":128,"state":1,"values":[1047.611768796352,0.42925173846014675],"datetime_complete":"2026-06-15T20:45:15.136664"}
{"op_code":4,"worker_id":"07f4433d-8105-495f-a34c-ca24fea40e31-140001723334656","study_id":0,"datetime_start":"2026-06-15T20:45:15.149962"}
{"op_code":9,"worker_id":"07f4433d-8105-495f-a34c-ca24fea40e31-140001723334656","trial_id":130,"system_attr":{"nsga2:generation":2}}
{"op_code":5,"worker_id":"07f4433d-8105-495f-a34c-ca24fea40e31-140001723334656","trial_id":130,"param_name":"JointSlopeAngle","param_value_internal":0.7101123787546164,"distribution":"{\"name\": \"FloatDistribution\", \"attributes\": {\"step\": null, \"low\": 0.17453292519943295, \"high\": 1.0471975511965976, \"log\": false}}"}
{"op_code":5,"worker_id":"07f4433d-8105-495f-a34c-ca24fea40e31-140001723334656","trial_id":130,"param_name":"OuterRadius","param_value_internal":16.789991867218234,"distribution":"{\"name\": \"FloatDistribution\", \"attributes\": {\"step\": null, \"low\": 8.75, \"high\": 17.75, \"log\": false}}"}
{"op_code":5,"worker_id":"07f4433d-8105-495f-a34c-ca24fea40e31-140001723334656","trial_id":130,"param_name":"JointHeight","param_value_internal":6.352359112020677,"distribution":"{\"name\": \"FloatDistribution\", \"attributes\": {\"step\": null, \"low\": 5.0, \"high\": 8.0, \"log\": false}}"}
{"op_code":5,"worker_id":"07f4433d-8105-495f-a34c-ca24fea40e31-140001723334656","trial_id":130,"param_name":"CavityCorkThickness","param_value_internal":3.5755855930391114,"distribution":"{\"name\": \"FloatDistribution\", \"attributes\": {\"step\": null, \"low\": 2.0, \"high\": 5.0, \"log\": false}}"}
{"op_code":5,"worker_id":"07f4433d-8105-495f-a34c-ca24fea40e31-140001723334656","trial_id":130,"param_name":"BellowHeight","param_value_internal":7.70220290084462,"distribution":"{\"name\": \"FloatDistribution\", \"attributes\": {\"step\": null, \"low\": 6.0, \"high\": 10.0, \"log\": false}}"}
{"op_code":5,"worker_id":"07f4433d-8105-495f-a34c-ca24fea40e31-140001723334656","trial_id":130,"param_name":"WallThickness","param_value_internal":3.8979894334956473,"distribution":"{\"name\": \"FloatDistribution\", \"attributes\": {\"step\": null, \"low\": 2.0, \"high\": 4.0, \"log\": false}}"}
{"op_code":5,"worker_id":"07f4433d-8105-495f-a34c-ca24fea40e31-140001723334656","trial_id":130,"param_name":"PlateauHeight","param_value_internal":2.138634336533139,"distribution":"{\"name\": \"FloatDistribution\", \"attributes\": {\"step\": null, \"low\": 2.0, \"high\": 4.0, \"log\": false}}"}
{"op_code":6,"worker_id":"ecfd478f-c300-4063-a362-86b643a9ac46-140116174675968","trial_id":129,"state":1,"values":[691.1799817955034,0.499497045301322],"datetime_complete":"2026-06-15T20:45:19.799047"}
{"op_code":4,"worker_id":"ecfd478f-c300-4063-a362-86b643a9ac46-140116174675968","study_id":0,"datetime_start":"2026-06-15T20:45:19.812699"}
{"op_code":9,"worker_id":"ecfd478f-c300-4063-a362-86b643a9ac46-140116174675968","trial_id":131,"system_attr":{"nsga2:generation":2}}
{"op_code":5,"worker_id":"ecfd478f-c300-4063-a362-86b643a9ac46-140116174675968","trial_id":131,"param_name":"JointSlopeAngle","param_value_internal":0.9367054297789487,"distribution":"{\"name\": \"FloatDistribution\", \"attributes\": {\"step\": null, \"low\": 0.17453292519943295, \"high\": 1.0471975511965976, \"log\": false}}"}
{"op_code":5,"worker_id":"ecfd478f-c300-4063-a362-86b643a9ac46-140116174675968","trial_id":131,"param_name":"OuterRadius","param_value_internal":15.552079448812187,"distribution":"{\"name\": \"FloatDistribution\", \"attributes\": {\"step\": null, \"low\": 8.75, \"high\": 17.75, \"log\": false}}"}
{"op_code":5,"worker_id":"ecfd478f-c300-4063-a362-86b643a9ac46-140116174675968","trial_id":131,"param_name":"JointHeight","param_value_internal":6.653137446809373,"distribution":"{\"name\": \"FloatDistribution\", \"attributes\": {\"step\": null, \"low\": 5.0, \"high\": 8.0, \"log\": false}}"}
{"op_code":5,"worker_id":"ecfd478f-c300-4063-a362-86b643a9ac46-140116174675968","trial_id":131,"param_name":"CavityCorkThickness","param_value_internal":2.7765901524213583,"distribution":"{\"name\": \"FloatDistribution\", \"attributes\": {\"step\": null, \"low\": 2.0, \"high\": 5.0, \"log\": false}}"}
{"op_code":5,"worker_id":"ecfd478f-c300-4063-a362-86b643a9ac46-140116174675968","trial_id":131,"param_name":"BellowHeight","param_value_internal":6.949703976006795,"distribution":"{\"name\": \"FloatDistribution\", \"attributes\": {\"step\": null, \"low\": 6.0, \"high\": 10.0, \"log\": false}}"}
{"op_code":5,"worker_id":"ecfd478f-c300-4063-a362-86b643a9ac46-140116174675968","trial_id":131,"param_name":"WallThickness","param_value_internal":3.8925918792591685,"distribution":"{\"name\": \"FloatDistribution\", \"attributes\": {\"step\": null, \"low\": 2.0, \"high\": 4.0, \"log\": false}}"}
{"op_code":5,"worker_id":"ecfd478f-c300-4063-a362-86b643a9ac46-140116174675968","trial_id":131,"param_name":"PlateauHeight","param_value_internal":2.3745053260966618,"distribution":"{\"name\": \"FloatDistribution\", \"attributes\": {\"step\": null, \"low\": 2.0, \"high\": 4.0, \"log\": false}}"}
{"op_code":6,"worker_id":"07f4433d-8105-495f-a34c-ca24fea40e31-140001723334656","trial_id":130,"state":1,"values":[849.8578014275198,0.42183943177880484],"datetime_complete":"2026-06-15T20:45:27.807324"}
{"op_code":4,"worker_id":"07f4433d-8105-495f-a34c-ca24fea40e31-140001723334656","study_id":0,"datetime_start":"2026-06-15T20:45:27.819372"}
{"op_code":9,"worker_id":"07f4433d-8105-495f-a34c-ca24fea40e31-140001723334656","trial_id":132,"system_attr":{"nsga2:generation":2}}
{"op_code":5,"worker_id":"07f4433d-8105-495f-a34c-ca24fea40e31-140001723334656","trial_id":132,"param_name":"JointSlopeAngle","param_value_internal":0.38804013511803015,"distribution":"{\"name\": \"FloatDistribution\", \"attributes\": {\"step\": null, \"low\": 0.17453292519943295, \"high\": 1.0471975511965976, \"log\": false}}"}
{"op_code":5,"worker_id":"07f4433d-8105-495f-a34c-ca24fea40e31-140001723334656","trial_id":132,"param_name":"OuterRadius","param_value_internal":16.99898112112217,"distribution":"{\"name\": \"FloatDistribution\", \"attributes\": {\"step\": null, \"low\": 8.75, \"high\": 17.75, \"log\": false}}"}
{"op_code":5,"worker_id":"07f4433d-8105-495f-a34c-ca24fea40e31-140001723334656","trial_id":132,"param_name":"JointHeight","param_value_internal":6.365639109377806,"distribution":"{\"name\": \"FloatDistribution\", \"attributes\": {\"step\": null, \"low\": 5.0, \"high\": 8.0, \"log\": false}}"}
{"op_code":5,"worker_id":"07f4433d-8105-495f-a34c-ca24fea40e31-140001723334656","trial_id":132,"param_name":"CavityCorkThickness","param_value_internal":2.391996781218338,"distribution":"{\"name\": \"FloatDistribution\", \"attributes\": {\"step\": null, \"low\": 2.0, \"high\": 5.0, \"log\": false}}"}
{"op_code":5,"worker_id":"07f4433d-8105-495f-a34c-ca24fea40e31-140001723334656","trial_id":132,"param_name":"BellowHeight","param_value_internal":9.745414131678086,"distribution":"{\"name\": \"FloatDistribution\", \"attributes\": {\"step\": null, \"low\": 6.0, \"high\": 10.0, \"log\": false}}"}
{"op_code":5,"worker_id":"07f4433d-8105-495f-a34c-ca24fea40e31-140001723334656","trial_id":132,"param_name":"WallThickness","param_value_internal":2.954339442331082,"distribution":"{\"name\": \"FloatDistribution\", \"attributes\": {\"step\": null, \"low\": 2.0, \"high\": 4.0, \"log\": false}}"}
{"op_code":5,"worker_id":"07f4433d-8105-495f-a34c-ca24fea40e31-140001723334656","trial_id":132,"param_name":"PlateauHeight","param_value_internal":2.221463617176237,"distribution":"{\"name\": \"FloatDistribution\", \"attributes\": {\"step\": null, \"low\": 2.0, \"high\": 4.0, \"log\": false}}"}
{"op_code":6,"worker_id":"ecfd478f-c300-4063-a362-86b643a9ac46-140116174675968","trial_id":131,"state":1,"values":[752.5074612981668,0.4560700214457948],"datetime_complete":"2026-06-15T20:45:36.173587"}
{"op_code":4,"worker_id":"ecfd478f-c300-4063-a362-86b643a9ac46-140116174675968","study_id":0,"datetime_start":"2026-06-15T20:45:36.197847"}
{"op_code":9,"worker_id":"ecfd478f-c300-4063-a362-86b643a9ac46-140116174675968","trial_id":133,"system_attr":{"nsga2:generation":2}}
{"op_code":5,"worker_id":"ecfd478f-c300-4063-a362-86b643a9ac46-140116174675968","trial_id":133,"param_name":"JointSlopeAngle","param_value_internal":0.5695467656915248,"distribution":"{\"name\": \"FloatDistribution\", \"attributes\": {\"step\": null, \"low\": 0.17453292519943295, \"high\": 1.0471975511965976, \"log\": false}}"}
{"op_code":5,"worker_id":"ecfd478f-c300-4063-a362-86b643a9ac46-140116174675968","trial_id":133,"param_name":"OuterRadius","param_value_internal":14.489373048556564,"distribution":"{\"name\": \"FloatDistribution\", \"attributes\": {\"step\": null, \"low\": 8.75, \"high\": 17.75, \"log\": false}}"}
{"op_code":5,"worker_id":"ecfd478f-c300-4063-a362-86b643a9ac46-140116174675968","trial_id":133,"param_name":"JointHeight","param_value_internal":5.322153673362866,"distribution":"{\"name\": \"FloatDistribution\", \"attributes\": {\"step\": null, \"low\": 5.0, \"high\": 8.0, \"log\": false}}"}
{"op_code":5,"worker_id":"ecfd478f-c300-4063-a362-86b643a9ac46-140116174675968","trial_id":133,"param_name":"CavityCorkThickness","param_value_internal":2.003379507868391,"distribution":"{\"name\": \"FloatDistribution\", \"attributes\": {\"step\": null, \"low\": 2.0, \"high\": 5.0, \"log\": false}}"}
{"op_code":5,"worker_id":"ecfd478f-c300-4063-a362-86b643a9ac46-140116174675968","trial_id":133,"param_name":"BellowHeight","param_value_internal":6.195109106762301,"distribution":"{\"name\": \"FloatDistribution\", \"attributes\": {\"step\": null, \"low\": 6.0, \"high\": 10.0, \"log\": false}}"}
{"op_code":5,"worker_id":"ecfd478f-c300-4063-a362-86b643a9ac46-140116174675968","trial_id":133,"param_name":"WallThickness","param_value_internal":2.030237007390795,"distribution":"{\"name\": \"FloatDistribution\", \"attributes\": {\"step\": null, \"low\": 2.0, \"high\": 4.0, \"log\": false}}"}
{"op_code":5,"worker_id":"ecfd478f-c300-4063-a362-86b643a9ac46-140116174675968","trial_id":133,"param_name":"PlateauHeight","param_value_internal":3.882578288979306,"distribution":"{\"name\": \"FloatDistribution\", \"attributes\": {\"step\": null, \"low\": 2.0, \"high\": 4.0, \"log\": false}}"}
{"op_code":6,"worker_id":"07f4433d-8105-495f-a34c-ca24fea40e31-140001723334656","trial_id":132,"state":1,"values":[1506.3257548573974,0.3433043317783335],"datetime_complete":"2026-06-15T20:45:41.195884"}
{"op_code":4,"worker_id":"07f4433d-8105-495f-a34c-ca24fea40e31-140001723334656","study_id":0,"datetime_start":"2026-06-15T20:45:41.208286"}
{"op_code":9,"worker_id":"07f4433d-8105-495f-a34c-ca24fea40e31-140001723334656","trial_id":134,"system_attr":{"nsga2:generation":2}}
{"op_code":5,"worker_id":"07f4433d-8105-495f-a34c-ca24fea40e31-140001723334656","trial_id":134,"param_name":"JointSlopeAngle","param_value_internal":0.7011132302131908,"distribution":"{\"name\": \"FloatDistribution\", \"attributes\": {\"step\": null, \"low\": 0.17453292519943295, \"high\": 1.0471975511965976, \"log\": false}}"}
{"op_code":5,"worker_id":"07f4433d-8105-495f-a34c-ca24fea40e31-140001723334656","trial_id":134,"param_name":"OuterRadius","param_value_internal":16.789991867218234,"distribution":"{\"name\": \"FloatDistribution\", \"attributes\": {\"step\": null, \"low\": 8.75, \"high\": 17.75, \"log\": false}}"}
{"op_code":5,"worker_id":"07f4433d-8105-495f-a34c-ca24fea40e31-140001723334656","trial_id":134,"param_name":"JointHeight","param_value_internal":6.727473031830717,"distribution":"{\"name\": \"FloatDistribution\", \"attributes\": {\"step\": null, \"low\": 5.0, \"high\": 8.0, \"log\": false}}"}
{"op_code":5,"worker_id":"07f4433d-8105-495f-a34c-ca24fea40e31-140001723334656","trial_id":134,"param_name":"CavityCorkThickness","param_value_internal":2.2164844274688953,"distribution":"{\"name\": \"FloatDistribution\", \"attributes\": {\"step\": null, \"low\": 2.0, \"high\": 5.0, \"log\": false}}"}
{"op_code":5,"worker_id":"07f4433d-8105-495f-a34c-ca24fea40e31-140001723334656","trial_id":134,"param_name":"BellowHeight","param_value_internal":6.825830149102349,"distribution":"{\"name\": \"FloatDistribution\", \"attributes\": {\"step\": null, \"low\": 6.0, \"high\": 10.0, \"log\": false}}"}
{"op_code":5,"worker_id":"07f4433d-8105-495f-a34c-ca24fea40e31-140001723334656","trial_id":134,"param_name":"WallThickness","param_value_internal":2.1721049608661396,"distribution":"{\"name\": \"FloatDistribution\", \"attributes\": {\"step\": null, \"low\": 2.0, \"high\": 4.0, \"log\": false}}"}
{"op_code":5,"worker_id":"07f4433d-8105-495f-a34c-ca24fea40e31-140001723334656","trial_id":134,"param_name":"PlateauHeight","param_value_internal":3.2660041560034396,"distribution":"{\"name\": \"FloatDistribution\", \"attributes\": {\"step\": null, \"low\": 2.0, \"high\": 4.0, \"log\": false}}"}
{"op_code":6,"worker_id":"ecfd478f-c300-4063-a362-86b643a9ac46-140116174675968","trial_id":133,"state":1,"values":[1106.2886015204,0.4497244630238564],"datetime_complete":"2026-06-15T20:45:51.226715"}
{"op_code":4,"worker_id":"ecfd478f-c300-4063-a362-86b643a9ac46-140116174675968","study_id":0,"datetime_start":"2026-06-15T20:45:51.240055"}
{"op_code":9,"worker_id":"ecfd478f-c300-4063-a362-86b643a9ac46-140116174675968","trial_id":135,"system_attr":{"nsga2:generation":2}}
{"op_code":5,"worker_id":"ecfd478f-c300-4063-a362-86b643a9ac46-140116174675968","trial_id":135,"param_name":"JointSlopeAngle","param_value_internal":0.8272457351358277,"distribution":"{\"name\": \"FloatDistribution\", \"attributes\": {\"step\": null, \"low\": 0.17453292519943295, \"high\": 1.0471975511965976, \"log\": false}}"}
{"op_code":5,"worker_id":"ecfd478f-c300-4063-a362-86b643a9ac46-140116174675968","trial_id":135,"param_name":"OuterRadius","param_value_internal":15.57406193770872,"distribution":"{\"name\": \"FloatDistribution\", \"attributes\": {\"step\": null, \"low\": 8.75, \"high\": 17.75, \"log\": false}}"}
{"op_code":5,"worker_id":"ecfd478f-c300-4063-a362-86b643a9ac46-140116174675968","trial_id":135,"param_name":"JointHeight","param_value_internal":5.322153673362866,"distribution":"{\"name\": \"FloatDistribution\", \"attributes\": {\"step\": null, \"low\": 5.0, \"high\": 8.0, \"log\": false}}"}
{"op_code":5,"worker_id":"ecfd478f-c300-4063-a362-86b643a9ac46-140116174675968","trial_id":135,"param_name":"CavityCorkThickness","param_value_internal":2.6258482807713683,"distribution":"{\"name\": \"FloatDistribution\", \"attributes\": {\"step\": null, \"low\": 2.0, \"high\": 5.0, \"log\": false}}"}
{"op_code":5,"worker_id":"ecfd478f-c300-4063-a362-86b643a9ac46-140116174675968","trial_id":135,"param_name":"BellowHeight","param_value_internal":9.952348785249953,"distribution":"{\"name\": \"FloatDistribution\", \"attributes\": {\"step\": null, \"low\": 6.0, \"high\": 10.0, \"log\": false}}"}
{"op_code":5,"worker_id":"ecfd478f-c300-4063-a362-86b643a9ac46-140116174675968","trial_id":135,"param_name":"WallThickness","param_value_internal":3.6156524072568392,"distribution":"{\"name\": \"FloatDistribution\", \"attributes\": {\"step\": null, \"low\": 2.0, \"high\": 4.0, \"log\": false}}"}
{"op_code":5,"worker_id":"ecfd478f-c300-4063-a362-86b643a9ac46-140116174675968","trial_id":135,"param_name":"PlateauHeight","param_value_internal":3.882578288979306,"distribution":"{\"name\": \"FloatDistribution\", \"attributes\": {\"step\": null, \"low\": 2.0, \"high\": 4.0, \"log\": false}}"}
{"op_code":6,"worker_id":"07f4433d-8105-495f-a34c-ca24fea40e31-140001723334656","trial_id":134,"state":1,"values":[1538.4619264530563,0.4086354683243905],"datetime_complete":"2026-06-15T20:45:54.526915"}
{"op_code":4,"worker_id":"07f4433d-8105-495f-a34c-ca24fea40e31-140001723334656","study_id":0,"datetime_start":"2026-06-15T20:45:54.539725"}
{"op_code":9,"worker_id":"07f4433d-8105-495f-a34c-ca24fea40e31-140001723334656","trial_id":136,"system_attr":{"nsga2:generation":2}}
{"op_code":5,"worker_id":"07f4433d-8105-495f-a34c-ca24fea40e31-140001723334656","trial_id":136,"param_name":"JointSlopeAngle","param_value_internal":0.9367054297789487,"distribution":"{\"name\": \"FloatDistribution\", \"attributes\": {\"step\": null, \"low\": 0.17453292519943295, \"high\": 1.0471975511965976, \"log\": false}}"}
{"op_code":5,"worker_id":"07f4433d-8105-495f-a34c-ca24fea40e31-140001723334656","trial_id":136,"param_name":"OuterRadius","param_value_internal":16.977844352752932,"distribution":"{\"name\": \"FloatDistribution\", \"attributes\": {\"step\": null, \"low\": 8.75, \"high\": 17.75, \"log\": false}}"}
{"op_code":5,"worker_id":"07f4433d-8105-495f-a34c-ca24fea40e31-140001723334656","trial_id":136,"param_name":"JointHeight","param_value_internal":5.716382835363509,"distribution":"{\"name\": \"FloatDistribution\", \"attributes\": {\"step\": null, \"low\": 5.0, \"high\": 8.0, \"log\": false}}"}
{"op_code":5,"worker_id":"07f4433d-8105-495f-a34c-ca24fea40e31-140001723334656","trial_id":136,"param_name":"CavityCorkThickness","param_value_internal":2.7765901524213583,"distribution":"{\"name\": \"FloatDistribution\", \"attributes\": {\"step\": null, \"low\": 2.0, \"high\": 5.0, \"log\": false}}"}
{"op_code":5,"worker_id":"07f4433d-8105-495f-a34c-ca24fea40e31-140001723334656","trial_id":136,"param_name":"BellowHeight","param_value_internal":9.239376819020496,"distribution":"{\"name\": \"FloatDistribution\", \"attributes\": {\"step\": null, \"low\": 6.0, \"high\": 10.0, \"log\": false}}"}
{"op_code":5,"worker_id":"07f4433d-8105-495f-a34c-ca24fea40e31-140001723334656","trial_id":136,"param_name":"WallThickness","param_value_internal":3.8979894334956473,"distribution":"{\"name\": \"FloatDistribution\", \"attributes\": {\"step\": null, \"low\": 2.0, \"high\": 4.0, \"log\": false}}"}
{"op_code":5,"worker_id":"07f4433d-8105-495f-a34c-ca24fea40e31-140001723334656","trial_id":136,"param_name":"PlateauHeight","param_value_internal":2.3745053260966618,"distribution":"{\"name\": \"FloatDistribution\", \"attributes\": {\"step\": null, \"low\": 2.0, \"high\": 4.0, \"log\": false}}"}
{"op_code":6,"worker_id":"ecfd478f-c300-4063-a362-86b643a9ac46-140116174675968","trial_id":135,"state":1,"values":[1166.5602497347354,0.43084692849461415],"datetime_complete":"2026-06-15T20:46:06.030615"}
{"op_code":4,"worker_id":"ecfd478f-c300-4063-a362-86b643a9ac46-140116174675968","study_id":0,"datetime_start":"2026-06-15T20:46:06.057297"}
{"op_code":9,"worker_id":"ecfd478f-c300-4063-a362-86b643a9ac46-140116174675968","trial_id":137,"system_attr":{"nsga2:generation":2}}
{"op_code":5,"worker_id":"ecfd478f-c300-4063-a362-86b643a9ac46-140116174675968","trial_id":137,"param_name":"JointSlopeAngle","param_value_internal":0.3533446747145437,"distribution":"{\"name\": \"FloatDistribution\", \"attributes\": {\"step\": null, \"low\": 0.17453292519943295, \"high\": 1.0471975511965976, \"log\": false}}"}
{"op_code":5,"worker_id":"ecfd478f-c300-4063-a362-86b643a9ac46-140116174675968","trial_id":137,"param_name":"OuterRadius","param_value_internal":16.789991867218234,"distribution":"{\"name\": \"FloatDistribution\", \"attributes\": {\"step\": null, \"low\": 8.75, \"high\": 17.75, \"log\": false}}"}
{"op_code":5,"worker_id":"ecfd478f-c300-4063-a362-86b643a9ac46-140116174675968","trial_id":137,"param_name":"JointHeight","param_value_internal":6.352359112020677,"distribution":"{\"name\": \"FloatDistribution\", \"attributes\": {\"step\": null, \"low\": 5.0, \"high\": 8.0, \"log\": false}}"}
{"op_code":5,"worker_id":"ecfd478f-c300-4063-a362-86b643a9ac46-140116174675968","trial_id":137,"param_name":"CavityCorkThickness","param_value_internal":3.178777320592155,"distribution":"{\"name\": \"FloatDistribution\", \"attributes\": {\"step\": null, \"low\": 2.0, \"high\": 5.0, \"log\": false}}"}
{"op_code":5,"worker_id":"ecfd478f-c300-4063-a362-86b643a9ac46-140116174675968","trial_id":137,"param_name":"BellowHeight","param_value_internal":6.825830149102349,"distribution":"{\"name\": \"FloatDistribution\", \"attributes\": {\"step\": null, \"low\": 6.0, \"high\": 10.0, \"log\": false}}"}
{"op_code":5,"worker_id":"ecfd478f-c300-4063-a362-86b643a9ac46-140116174675968","trial_id":137,"param_name":"WallThickness","param_value_internal":3.2573012932053853,"distribution":"{\"name\": \"FloatDistribution\", \"attributes\": {\"step\": null, \"low\": 2.0, \"high\": 4.0, \"log\": false}}"}
{"op_code":5,"worker_id":"ecfd478f-c300-4063-a362-86b643a9ac46-140116174675968","trial_id":137,"param_name":"PlateauHeight","param_value_internal":3.430004425465083,"distribution":"{\"name\": \"FloatDistribution\", \"attributes\": {\"step\": null, \"low\": 2.0, \"high\": 4.0, \"log\": false}}"}
{"op_code":6,"worker_id":"07f4433d-8105-495f-a34c-ca24fea40e31-140001723334656","trial_id":136,"state":1,"values":[1139.8736239511804,0.4146529933967152],"datetime_complete":"2026-06-15T20:46:06.921150"}
{"op_code":4,"worker_id":"07f4433d-8105-495f-a34c-ca24fea40e31-140001723334656","study_id":0,"datetime_start":"2026-06-15T20:46:06.934713"}
{"op_code":9,"worker_id":"07f4433d-8105-495f-a34c-ca24fea40e31-140001723334656","trial_id":138,"system_attr":{"nsga2:generation":2}}
{"op_code":5,"worker_id":"07f4433d-8105-495f-a34c-ca24fea40e31-140001723334656","trial_id":138,"param_name":"JointSlopeAngle","param_value_internal":0.7011132302131908,"distribution":"{\"name\": \"FloatDistribution\", \"attributes\": {\"step\": null, \"low\": 0.17453292519943295, \"high\": 1.0471975511965976, \"log\": false}}"}
{"op_code":5,"worker_id":"07f4433d-8105-495f-a34c-ca24fea40e31-140001723334656","trial_id":138,"param_name":"OuterRadius","param_value_internal":16.789991867218234,"distribution":"{\"name\": \"FloatDistribution\", \"attributes\": {\"step\": null, \"low\": 8.75, \"high\": 17.75, \"log\": false}}"}
{"op_code":5,"worker_id":"07f4433d-8105-495f-a34c-ca24fea40e31-140001723334656","trial_id":138,"param_name":"JointHeight","param_value_internal":6.352359112020677,"distribution":"{\"name\": \"FloatDistribution\", \"attributes\": {\"step\": null, \"low\": 5.0, \"high\": 8.0, \"log\": false}}"}
{"op_code":5,"worker_id":"07f4433d-8105-495f-a34c-ca24fea40e31-140001723334656","trial_id":138,"param_name":"CavityCorkThickness","param_value_internal":4.8394327898386,"distribution":"{\"name\": \"FloatDistribution\", \"attributes\": {\"step\": null, \"low\": 2.0, \"high\": 5.0, \"log\": false}}"}
{"op_code":5,"worker_id":"07f4433d-8105-495f-a34c-ca24fea40e31-140001723334656","trial_id":138,"param_name":"BellowHeight","param_value_internal":7.433489173279064,"distribution":"{\"name\": \"FloatDistribution\", \"attributes\": {\"step\": null, \"low\": 6.0, \"high\": 10.0, \"log\": false}}"}
{"op_code":5,"worker_id":"07f4433d-8105-495f-a34c-ca24fea40e31-140001723334656","trial_id":138,"param_name":"WallThickness","param_value_internal":2.3242245184732684,"distribution":"{\"name\": \"FloatDistribution\", \"attributes\": {\"step\": null, \"low\": 2.0, \"high\": 4.0, \"log\": false}}"}
{"op_code":5,"worker_id":"07f4433d-8105-495f-a34c-ca24fea40e31-140001723334656","trial_id":138,"param_name":"PlateauHeight","param_value_internal":2.138634336533139,"distribution":"{\"name\": \"FloatDistribution\", \"attributes\": {\"step\": null, \"low\": 2.0, \"high\": 4.0, \"log\": false}}"}
{"op_code":6,"worker_id":"07f4433d-8105-495f-a34c-ca24fea40e31-140001723334656","trial_id":138,"state":1,"values":[967.3474866908944,0.4286204138484425],"datetime_complete":"2026-06-15T20:46:19.249858"}
{"op_code":4,"worker_id":"07f4433d-8105-495f-a34c-ca24fea40e31-140001723334656","study_id":0,"datetime_start":"2026-06-15T20:46:19.261873"}
{"op_code":9,"worker_id":"07f4433d-8105-495f-a34c-ca24fea40e31-140001723334656","trial_id":139,"system_attr":{"nsga2:generation":2}}
{"op_code":5,"worker_id":"07f4433d-8105-495f-a34c-ca24fea40e31-140001723334656","trial_id":139,"param_name":"JointSlopeAngle","param_value_internal":0.7011132302131908,"distribution":"{\"name\": \"FloatDistribution\", \"attributes\": {\"step\": null, \"low\": 0.17453292519943295, \"high\": 1.0471975511965976, \"log\": false}}"}
{"op_code":5,"worker_id":"07f4433d-8105-495f-a34c-ca24fea40e31-140001723334656","trial_id":139,"param_name":"OuterRadius","param_value_internal":16.789991867218234,"distribution":"{\"name\": \"FloatDistribution\", \"attributes\": {\"step\": null, \"low\": 8.75, \"high\": 17.75, \"log\": false}}"}
{"op_code":5,"worker_id":"07f4433d-8105-495f-a34c-ca24fea40e31-140001723334656","trial_id":139,"param_name":"JointHeight","param_value_internal":5.164685900790161,"distribution":"{\"name\": \"FloatDistribution\", \"attributes\": {\"step\": null, \"low\": 5.0, \"high\": 8.0, \"log\": false}}"}
{"op_code":5,"worker_id":"07f4433d-8105-495f-a34c-ca24fea40e31-140001723334656","trial_id":139,"param_name":"CavityCorkThickness","param_value_internal":3.9380848405105264,"distribution":"{\"name\": \"FloatDistribution\", \"attributes\": {\"step\": null, \"low\": 2.0, \"high\": 5.0, \"log\": false}}"}
{"op_code":5,"worker_id":"07f4433d-8105-495f-a34c-ca24fea40e31-140001723334656","trial_id":139,"param_name":"BellowHeight","param_value_internal":6.195109106762301,"distribution":"{\"name\": \"FloatDistribution\", \"attributes\": {\"step\": null, \"low\": 6.0, \"high\": 10.0, \"log\": false}}"}
{"op_code":5,"worker_id":"07f4433d-8105-495f-a34c-ca24fea40e31-140001723334656","trial_id":139,"param_name":"WallThickness","param_value_internal":2.3242245184732684,"distribution":"{\"name\": \"FloatDistribution\", \"attributes\": {\"step\": null, \"low\": 2.0, \"high\": 4.0, \"log\": false}}"}
{"op_code":5,"worker_id":"07f4433d-8105-495f-a34c-ca24fea40e31-140001723334656","trial_id":139,"param_name":"PlateauHeight","param_value_internal":3.5719426667103678,"distribution":"{\"name\": \"FloatDistribution\", \"attributes\": {\"step\": null, \"low\": 2.0, \"high\": 4.0, \"log\": false}}"}
{"op_code":6,"worker_id":"ecfd478f-c300-4063-a362-86b643a9ac46-140116174675968","trial_id":137,"state":1,"values":[1082.1866091087973,0.31749529908386337],"datetime_complete":"2026-06-15T20:46:20.940477"}
{"op_code":4,"worker_id":"ecfd478f-c300-4063-a362-86b643a9ac46-140116174675968","study_id":0,"datetime_start":"2026-06-15T20:46:20.954394"}
{"op_code":9,"worker_id":"ecfd478f-c300-4063-a362-86b643a9ac46-140116174675968","trial_id":140,"system_attr":{"nsga2:generation":2}}
{"op_code":5,"worker_id":"ecfd478f-c300-4063-a362-86b643a9ac46-140116174675968","trial_id":140,"param_name":"JointSlopeAngle","param_value_internal":0.9809150160749356,"distribution":"{\"name\": \"FloatDistribution\", \"attributes\": {\"step\": null, \"low\": 0.17453292519943295, \"high\": 1.0471975511965976, \"log\": false}}"}
{"op_code":5,"worker_id":"ecfd478f-c300-4063-a362-86b643a9ac46-140116174675968","trial_id":140,"param_name":"OuterRadius","param_value_internal":14.551598989930017,"distribution":"{\"name\": \"FloatDistribution\", \"attributes\": {\"step\": null, \"low\": 8.75, \"high\": 17.75, \"log\": false}}"}
{"op_code":5,"worker_id":"ecfd478f-c300-4063-a362-86b643a9ac46-140116174675968","trial_id":140,"param_name":"JointHeight","param_value_internal":7.398337478937847,"distribution":"{\"name\": \"FloatDistribution\", \"attributes\": {\"step\": null, \"low\": 5.0, \"high\": 8.0, \"log\": false}}"}
{"op_code":5,"worker_id":"ecfd478f-c300-4063-a362-86b643a9ac46-140116174675968","trial_id":140,"param_name":"CavityCorkThickness","param_value_internal":4.971837906691913,"distribution":"{\"name\": \"FloatDistribution\", \"attributes\": {\"step\": null, \"low\": 2.0, \"high\": 5.0, \"log\": false}}"}
{"op_code":5,"worker_id":"ecfd478f-c300-4063-a362-86b643a9ac46-140116174675968","trial_id":140,"param_name":"BellowHeight","param_value_internal":7.433489173279064,"distribution":"{\"name\": \"FloatDistribution\", \"attributes\": {\"step\": null, \"low\": 6.0, \"high\": 10.0, \"log\": false}}"}
{"op_code":5,"worker_id":"ecfd478f-c300-4063-a362-86b643a9ac46-140116174675968","trial_id":140,"param_name":"WallThickness","param_value_internal":3.251465431992682,"distribution":"{\"name\": \"FloatDistribution\", \"attributes\": {\"step\": null, \"low\": 2.0, \"high\": 4.0, \"log\": false}}"}
{"op_code":5,"worker_id":"ecfd478f-c300-4063-a362-86b643a9ac46-140116174675968","trial_id":140,"param_name":"PlateauHeight","param_value_internal":2.3070853933568345,"distribution":"{\"name\": \"FloatDistribution\", \"attributes\": {\"step\": null, \"low\": 2.0, \"high\": 4.0, \"log\": false}}"}
{"op_code":6,"worker_id":"07f4433d-8105-495f-a34c-ca24fea40e31-140001723334656","trial_id":139,"state":1,"values":[1128.2103815120092,0.425001776642801],"datetime_complete":"2026-06-15T20:46:32.349789"}
{"op_code":4,"worker_id":"07f4433d-8105-495f-a34c-ca24fea40e31-140001723334656","study_id":0,"datetime_start":"2026-06-15T20:46:32.361637"}
{"op_code":9,"worker_id":"07f4433d-8105-495f-a34c-ca24fea40e31-140001723334656","trial_id":141,"system_attr":{"nsga2:generation":2}}
{"op_code":5,"worker_id":"07f4433d-8105-495f-a34c-ca24fea40e31-140001723334656","trial_id":141,"param_name":"JointSlopeAngle","param_value_internal":0.7101123787546164,"distribution":"{\"name\": \"FloatDistribution\", \"attributes\": {\"step\": null, \"low\": 0.17453292519943295, \"high\": 1.0471975511965976, \"log\": false}}"}
{"op_code":5,"worker_id":"07f4433d-8105-495f-a34c-ca24fea40e31-140001723334656","trial_id":141,"param_name":"OuterRadius","param_value_internal":16.242809915042614,"distribution":"{\"name\": \"FloatDistribution\", \"attributes\": {\"step\": null, \"low\": 8.75, \"high\": 17.75, \"log\": false}}"}
{"op_code":5,"worker_id":"07f4433d-8105-495f-a34c-ca24fea40e31-140001723334656","trial_id":141,"param_name":"JointHeight","param_value_internal":5.791863537051495,"distribution":"{\"name\": \"FloatDistribution\", \"attributes\": {\"step\": null, \"low\": 5.0, \"high\": 8.0, \"log\": false}}"}
{"op_code":5,"worker_id":"07f4433d-8105-495f-a34c-ca24fea40e31-140001723334656","trial_id":141,"param_name":"CavityCorkThickness","param_value_internal":4.974373772155542,"distribution":"{\"name\": \"FloatDistribution\", \"attributes\": {\"step\": null, \"low\": 2.0, \"high\": 5.0, \"log\": false}}"}
{"op_code":5,"worker_id":"07f4433d-8105-495f-a34c-ca24fea40e31-140001723334656","trial_id":141,"param_name":"BellowHeight","param_value_internal":9.741185669127688,"distribution":"{\"name\": \"FloatDistribution\", \"attributes\": {\"step\": null, \"low\": 6.0, \"high\": 10.0, \"log\": false}}"}
{"op_code":5,"worker_id":"07f4433d-8105-495f-a34c-ca24fea40e31-140001723334656","trial_id":141,"param_name":"WallThickness","param_value_internal":3.3168442951561445,"distribution":"{\"name\": \"FloatDistribution\", \"attributes\": {\"step\": null, \"low\": 2.0, \"high\": 4.0, \"log\": false}}"}
{"op_code":5,"worker_id":"07f4433d-8105-495f-a34c-ca24fea40e31-140001723334656","trial_id":141,"param_name":"PlateauHeight","param_value_internal":2.909876511783005,"distribution":"{\"name\": \"FloatDistribution\", \"attributes\": {\"step\": null, \"low\": 2.0, \"high\": 4.0, \"log\": false}}"}
{"op_code":6,"worker_id":"ecfd478f-c300-4063-a362-86b643a9ac46-140116174675968","trial_id":140,"state":1,"values":[440.74163003330483,0.47198140425502294],"datetime_complete":"2026-06-15T20:46:34.830044"}
{"op_code":4,"worker_id":"ecfd478f-c300-4063-a362-86b643a9ac46-140116174675968","study_id":0,"datetime_start":"2026-06-15T20:46:34.843987"}
{"op_code":9,"worker_id":"ecfd478f-c300-4063-a362-86b643a9ac46-140116174675968","trial_id":142,"system_attr":{"nsga2:generation":2}}
{"op_code":5,"worker_id":"ecfd478f-c300-4063-a362-86b643a9ac46-140116174675968","trial_id":142,"param_name":"JointSlopeAngle","param_value_internal":0.7336846802622161,"distribution":"{\"name\": \"FloatDistribution\", \"attributes\": {\"step\": null, \"low\": 0.17453292519943295, \"high\": 1.0471975511965976, \"log\": false}}"}
{"op_code":5,"worker_id":"ecfd478f-c300-4063-a362-86b643a9ac46-140116174675968","trial_id":142,"param_name":"OuterRadius","param_value_internal":15.806250532591527,"distribution":"{\"name\": \"FloatDistribution\", \"attributes\": {\"step\": null, \"low\": 8.75, \"high\": 17.75, \"log\": false}}"}
{"op_code":5,"worker_id":"ecfd478f-c300-4063-a362-86b643a9ac46-140116174675968","trial_id":142,"param_name":"JointHeight","param_value_internal":6.352359112020677,"distribution":"{\"name\": \"FloatDistribution\", \"attributes\": {\"step\": null, \"low\": 5.0, \"high\": 8.0, \"log\": false}}"}
{"op_code":5,"worker_id":"ecfd478f-c300-4063-a362-86b643a9ac46-140116174675968","trial_id":142,"param_name":"CavityCorkThickness","param_value_internal":2.2164844274688953,"distribution":"{\"name\": \"FloatDistribution\", \"attributes\": {\"step\": null, \"low\": 2.0, \"high\": 5.0, \"log\": false}}"}
{"op_code":5,"worker_id":"ecfd478f-c300-4063-a362-86b643a9ac46-140116174675968","trial_id":142,"param_name":"BellowHeight","param_value_internal":8.744279419622284,"distribution":"{\"name\": \"FloatDistribution\", \"attributes\": {\"step\": null, \"low\": 6.0, \"high\": 10.0, \"log\": false}}"}
{"op_code":5,"worker_id":"ecfd478f-c300-4063-a362-86b643a9ac46-140116174675968","trial_id":142,"param_name":"WallThickness","param_value_internal":2.33033252758781,"distribution":"{\"name\": \"FloatDistribution\", \"attributes\": {\"step\": null, \"low\": 2.0, \"high\": 4.0, \"log\": false}}"}
{"op_code":5,"worker_id":"ecfd478f-c300-4063-a362-86b643a9ac46-140116174675968","trial_id":142,"param_name":"PlateauHeight","param_value_internal":3.768261178874062,"distribution":"{\"name\": \"FloatDistribution\", \"attributes\": {\"step\": null, \"low\": 2.0, \"high\": 4.0, \"log\": false}}"}
{"op_code":6,"worker_id":"07f4433d-8105-495f-a34c-ca24fea40e31-140001723334656","trial_id":141,"state":1,"values":[836.9350123175568,0.4364166732904764],"datetime_complete":"2026-06-15T20:46:45.093126"}
{"op_code":4,"worker_id":"07f4433d-8105-495f-a34c-ca24fea40e31-140001723334656","study_id":0,"datetime_start":"2026-06-15T20:46:45.104798"}
{"op_code":9,"worker_id":"07f4433d-8105-495f-a34c-ca24fea40e31-140001723334656","trial_id":143,"system_attr":{"nsga2:generation":2}}
{"op_code":5,"worker_id":"07f4433d-8105-495f-a34c-ca24fea40e31-140001723334656","trial_id":143,"param_name":"JointSlopeAngle","param_value_internal":0.8040118756789952,"distribution":"{\"name\": \"FloatDistribution\", \"attributes\": {\"step\": null, \"low\": 0.17453292519943295, \"high\": 1.0471975511965976, \"log\": false}}"}
{"op_code":5,"worker_id":"07f4433d-8105-495f-a34c-ca24fea40e31-140001723334656","trial_id":143,"param_name":"OuterRadius","param_value_internal":12.081566359572626,"distribution":"{\"name\": \"FloatDistribution\", \"attributes\": {\"step\": null, \"low\": 8.75, \"high\": 17.75, \"log\": false}}"}
{"op_code":5,"worker_id":"07f4433d-8105-495f-a34c-ca24fea40e31-140001723334656","trial_id":143,"param_name":"JointHeight","param_value_internal":5.582782194062293,"distribution":"{\"name\": \"FloatDistribution\", \"attributes\": {\"step\": null, \"low\": 5.0, \"high\": 8.0, \"log\": false}}"}
{"op_code":5,"worker_id":"07f4433d-8105-495f-a34c-ca24fea40e31-140001723334656","trial_id":143,"param_name":"CavityCorkThickness","param_value_internal":3.7037676631191796,"distribution":"{\"name\": \"FloatDistribution\", \"attributes\": {\"step\": null, \"low\": 2.0, \"high\": 5.0, \"log\": false}}"}
{"op_code":5,"worker_id":"07f4433d-8105-495f-a34c-ca24fea40e31-140001723334656","trial_id":143,"param_name":"BellowHeight","param_value_internal":8.586195668151872,"distribution":"{\"name\": \"FloatDistribution\", \"attributes\": {\"step\": null, \"low\": 6.0, \"high\": 10.0, \"log\": false}}"}
{"op_code":5,"worker_id":"07f4433d-8105-495f-a34c-ca24fea40e31-140001723334656","trial_id":143,"param_name":"WallThickness","param_value_internal":3.8610872931365865,"distribution":"{\"name\": \"FloatDistribution\", \"attributes\": {\"step\": null, \"low\": 2.0, \"high\": 4.0, \"log\": false}}"}
{"op_code":5,"worker_id":"07f4433d-8105-495f-a34c-ca24fea40e31-140001723334656","trial_id":143,"param_name":"PlateauHeight","param_value_internal":2.1648703418378297,"distribution":"{\"name\": \"FloatDistribution\", \"attributes\": {\"step\": null, \"low\": 2.0, \"high\": 4.0, \"log\": false}}"}
{"op_code":6,"worker_id":"ecfd478f-c300-4063-a362-86b643a9ac46-140116174675968","trial_id":142,"state":1,"values":[1557.648675570586,0.4345431751504098],"datetime_complete":"2026-06-15T20:46:50.199685"}
{"op_code":4,"worker_id":"ecfd478f-c300-4063-a362-86b643a9ac46-140116174675968","study_id":0,"datetime_start":"2026-06-15T20:46:50.217061"}
{"op_code":9,"worker_id":"ecfd478f-c300-4063-a362-86b643a9ac46-140116174675968","trial_id":144,"system_attr":{"nsga2:generation":2}}
{"op_code":5,"worker_id":"ecfd478f-c300-4063-a362-86b643a9ac46-140116174675968","trial_id":144,"param_name":"JointSlopeAngle","param_value_internal":0.4222130398916025,"distribution":"{\"name\": \"FloatDistribution\", \"attributes\": {\"step\": null, \"low\": 0.17453292519943295, \"high\": 1.0471975511965976, \"log\": false}}"}
{"op_code":5,"worker_id":"ecfd478f-c300-4063-a362-86b643a9ac46-140116174675968","trial_id":144,"param_name":"OuterRadius","param_value_internal":16.878909044836096,"distribution":"{\"name\": \"FloatDistribution\", \"attributes\": {\"step\": null, \"low\": 8.75, \"high\": 17.75, \"log\": false}}"}
{"op_code":5,"worker_id":"ecfd478f-c300-4063-a362-86b643a9ac46-140116174675968","trial_id":144,"param_name":"JointHeight","param_value_internal":6.243015423264384,"distribution":"{\"name\": \"FloatDistribution\", \"attributes\": {\"step\": null, \"low\": 5.0, \"high\": 8.0, \"log\": false}}"}
{"op_code":5,"worker_id":"ecfd478f-c300-4063-a362-86b643a9ac46-140116174675968","trial_id":144,"param_name":"CavityCorkThickness","param_value_internal":4.638858068220836,"distribution":"{\"name\": \"FloatDistribution\", \"attributes\": {\"step\": null, \"low\": 2.0, \"high\": 5.0, \"log\": false}}"}
{"op_code":5,"worker_id":"ecfd478f-c300-4063-a362-86b643a9ac46-140116174675968","trial_id":144,"param_name":"BellowHeight","param_value_internal":7.008130536015116,"distribution":"{\"name\": \"FloatDistribution\", \"attributes\": {\"step\": null, \"low\": 6.0, \"high\": 10.0, \"log\": false}}"}
{"op_code":5,"worker_id":"ecfd478f-c300-4063-a362-86b643a9ac46-140116174675968","trial_id":144,"param_name":"WallThickness","param_value_internal":3.411630937983916,"distribution":"{\"name\": \"FloatDistribution\", \"attributes\": {\"step\": null, \"low\": 2.0, \"high\": 4.0, \"log\": false}}"}
{"op_code":5,"worker_id":"ecfd478f-c300-4063-a362-86b643a9ac46-140116174675968","trial_id":144,"param_name":"PlateauHeight","param_value_internal":2.0547104582499465,"distribution":"{\"name\": \"FloatDistribution\", \"attributes\": {\"step\": null, \"low\": 2.0, \"high\": 4.0, \"log\": false}}"}
{"op_code":6,"worker_id":"07f4433d-8105-495f-a34c-ca24fea40e31-140001723334656","trial_id":143,"state":1,"values":[266.7526708793516,0.45952185004383217],"datetime_complete":"2026-06-15T20:46:55.951231"}
{"op_code":4,"worker_id":"07f4433d-8105-495f-a34c-ca24fea40e31-140001723334656","study_id":0,"datetime_start":"2026-06-15T20:46:55.962241"}
{"op_code":9,"worker_id":"07f4433d-8105-495f-a34c-ca24fea40e31-140001723334656","trial_id":145,"system_attr":{"nsga2:generation":2}}
{"op_code":5,"worker_id":"07f4433d-8105-495f-a34c-ca24fea40e31-140001723334656","trial_id":145,"param_name":"JointSlopeAngle","param_value_internal":0.8272457351358277,"distribution":"{\"name\": \"FloatDistribution\", \"attributes\": {\"step\": null, \"low\": 0.17453292519943295, \"high\": 1.0471975511965976, \"log\": false}}"}
{"op_code":5,"worker_id":"07f4433d-8105-495f-a34c-ca24fea40e31-140001723334656","trial_id":145,"param_name":"OuterRadius","param_value_internal":15.455807407962112,"distribution":"{\"name\": \"FloatDistribution\", \"attributes\": {\"step\": null, \"low\": 8.75, \"high\": 17.75, \"log\": false}}"}
{"op_code":5,"worker_id":"07f4433d-8105-495f-a34c-ca24fea40e31-140001723334656","trial_id":145,"param_name":"JointHeight","param_value_internal":7.957242184419182,"distribution":"{\"name\": \"FloatDistribution\", \"attributes\": {\"step\": null, \"low\": 5.0, \"high\": 8.0, \"log\": false}}"}
{"op_code":5,"worker_id":"07f4433d-8105-495f-a34c-ca24fea40e31-140001723334656","trial_id":145,"param_name":"CavityCorkThickness","param_value_internal":3.7037676631191796,"distribution":"{\"name\": \"FloatDistribution\", \"attributes\": {\"step\": null, \"low\": 2.0, \"high\": 5.0, \"log\": false}}"}
{"op_code":5,"worker_id":"07f4433d-8105-495f-a34c-ca24fea40e31-140001723334656","trial_id":145,"param_name":"BellowHeight","param_value_internal":9.540301588782413,"distribution":"{\"name\": \"FloatDistribution\", \"attributes\": {\"step\": null, \"low\": 6.0, \"high\": 10.0, \"log\": false}}"}
{"op_code":5,"worker_id":"07f4433d-8105-495f-a34c-ca24fea40e31-140001723334656","trial_id":145,"param_name":"WallThickness","param_value_internal":2.6543946394667683,"distribution":"{\"name\": \"FloatDistribution\", \"attributes\": {\"step\": null, \"low\": 2.0, \"high\": 4.0, \"log\": false}}"}
{"op_code":5,"worker_id":"07f4433d-8105-495f-a34c-ca24fea40e31-140001723334656","trial_id":145,"param_name":"PlateauHeight","param_value_internal":3.1728068283449504,"distribution":"{\"name\": \"FloatDistribution\", \"attributes\": {\"step\": null, \"low\": 2.0, \"high\": 4.0, \"log\": false}}"}
{"op_code":6,"worker_id":"ecfd478f-c300-4063-a362-86b643a9ac46-140116174675968","trial_id":144,"state":1,"values":[740.764868308417,0.4086049245980953],"datetime_complete":"2026-06-15T20:47:04.769295"}
{"op_code":4,"worker_id":"ecfd478f-c300-4063-a362-86b643a9ac46-140116174675968","study_id":0,"datetime_start":"2026-06-15T20:47:04.782314"}
{"op_code":9,"worker_id":"ecfd478f-c300-4063-a362-86b643a9ac46-140116174675968","trial_id":146,"system_attr":{"nsga2:generation":2}}
{"op_code":5,"worker_id":"ecfd478f-c300-4063-a362-86b643a9ac46-140116174675968","trial_id":146,"param_name":"JointSlopeAngle","param_value_internal":0.8272457351358277,"distribution":"{\"name\": \"FloatDistribution\", \"attributes\": {\"step\": null, \"low\": 0.17453292519943295, \"high\": 1.0471975511965976, \"log\": false}}"}
{"op_code":5,"worker_id":"ecfd478f-c300-4063-a362-86b643a9ac46-140116174675968","trial_id":146,"param_name":"OuterRadius","param_value_internal":14.489373048556564,"distribution":"{\"name\": \"FloatDistribution\", \"attributes\": {\"step\": null, \"low\": 8.75, \"high\": 17.75, \"log\": false}}"}
{"op_code":5,"worker_id":"ecfd478f-c300-4063-a362-86b643a9ac46-140116174675968","trial_id":146,"param_name":"JointHeight","param_value_internal":5.322153673362866,"distribution":"{\"name\": \"FloatDistribution\", \"attributes\": {\"step\": null, \"low\": 5.0, \"high\": 8.0, \"log\": false}}"}
{"op_code":5,"worker_id":"ecfd478f-c300-4063-a362-86b643a9ac46-140116174675968","trial_id":146,"param_name":"CavityCorkThickness","param_value_internal":3.7037676631191796,"distribution":"{\"name\": \"FloatDistribution\", \"attributes\": {\"step\": null, \"low\": 2.0, \"high\": 5.0, \"log\": false}}"}
{"op_code":5,"worker_id":"ecfd478f-c300-4063-a362-86b643a9ac46-140116174675968","trial_id":146,"param_name":"BellowHeight","param_value_internal":9.873046074677653,"distribution":"{\"name\": \"FloatDistribution\", \"attributes\": {\"step\": null, \"low\": 6.0, \"high\": 10.0, \"log\": false}}"}
{"op_code":5,"worker_id":"ecfd478f-c300-4063-a362-86b643a9ac46-140116174675968","trial_id":146,"param_name":"WallThickness","param_value_internal":2.2203697478074336,"distribution":"{\"name\": \"FloatDistribution\", \"attributes\": {\"step\": null, \"low\": 2.0, \"high\": 4.0, \"log\": false}}"}
{"op_code":5,"worker_id":"ecfd478f-c300-4063-a362-86b643a9ac46-140116174675968","trial_id":146,"param_name":"PlateauHeight","param_value_internal":3.882578288979306,"distribution":"{\"name\": \"FloatDistribution\", \"attributes\": {\"step\": null, \"low\": 2.0, \"high\": 4.0, \"log\": false}}"}
{"op_code":6,"worker_id":"07f4433d-8105-495f-a34c-ca24fea40e31-140001723334656","trial_id":145,"state":1,"values":[1099.9772929054334,0.4212229748522202],"datetime_complete":"2026-06-15T20:47:08.062600"}
{"op_code":4,"worker_id":"07f4433d-8105-495f-a34c-ca24fea40e31-140001723334656","study_id":0,"datetime_start":"2026-06-15T20:47:08.075824"}
{"op_code":9,"worker_id":"07f4433d-8105-495f-a34c-ca24fea40e31-140001723334656","trial_id":147,"system_attr":{"nsga2:generation":2}}
{"op_code":5,"worker_id":"07f4433d-8105-495f-a34c-ca24fea40e31-140001723334656","trial_id":147,"param_name":"JointSlopeAngle","param_value_internal":0.9564762255587863,"distribution":"{\"name\": \"FloatDistribution\", \"attributes\": {\"step\": null, \"low\": 0.17453292519943295, \"high\": 1.0471975511965976, \"log\": false}}"}
{"op_code":5,"worker_id":"07f4433d-8105-495f-a34c-ca24fea40e31-140001723334656","trial_id":147,"param_name":"OuterRadius","param_value_internal":15.088662758762611,"distribution":"{\"name\": \"FloatDistribution\", \"attributes\": {\"step\": null, \"low\": 8.75, \"high\": 17.75, \"log\": false}}"}
{"op_code":5,"worker_id":"07f4433d-8105-495f-a34c-ca24fea40e31-140001723334656","trial_id":147,"param_name":"JointHeight","param_value_internal":7.460636707639404,"distribution":"{\"name\": \"FloatDistribution\", \"attributes\": {\"step\": null, \"low\": 5.0, \"high\": 8.0, \"log\": false}}"}
{"op_code":5,"worker_id":"07f4433d-8105-495f-a34c-ca24fea40e31-140001723334656","trial_id":147,"param_name":"CavityCorkThickness","param_value_internal":4.336022402509629,"distribution":"{\"name\": \"FloatDistribution\", \"attributes\": {\"step\": null, \"low\": 2.0, \"high\": 5.0, \"log\": false}}"}
{"op_code":5,"worker_id":"07f4433d-8105-495f-a34c-ca24fea40e31-140001723334656","trial_id":147,"param_name":"BellowHeight","param_value_internal":8.329643064751066,"distribution":"{\"name\": \"FloatDistribution\", \"attributes\": {\"step\": null, \"low\": 6.0, \"high\": 10.0, \"log\": false}}"}
{"op_code":5,"worker_id":"07f4433d-8105-495f-a34c-ca24fea40e31-140001723334656","trial_id":147,"param_name":"WallThickness","param_value_internal":2.742974654550793,"distribution":"{\"name\": \"FloatDistribution\", \"attributes\": {\"step\": null, \"low\": 2.0, \"high\": 4.0, \"log\": false}}"}
{"op_code":5,"worker_id":"07f4433d-8105-495f-a34c-ca24fea40e31-140001723334656","trial_id":147,"param_name":"PlateauHeight","param_value_internal":3.5159505279966643,"distribution":"{\"name\": \"FloatDistribution\", \"attributes\": {\"step\": null, \"low\": 2.0, \"high\": 4.0, \"log\": false}}"}
{"op_code":6,"worker_id":"ecfd478f-c300-4063-a362-86b643a9ac46-140116174675968","trial_id":146,"state":1,"values":[1063.1221419618546,0.47183904117986414],"datetime_complete":"2026-06-15T20:47:19.354383"}
{"op_code":4,"worker_id":"ecfd478f-c300-4063-a362-86b643a9ac46-140116174675968","study_id":0,"datetime_start":"2026-06-15T20:47:19.372442"}
{"op_code":9,"worker_id":"ecfd478f-c300-4063-a362-86b643a9ac46-140116174675968","trial_id":148,"system_attr":{"nsga2:generation":2}}
{"op_code":5,"worker_id":"ecfd478f-c300-4063-a362-86b643a9ac46-140116174675968","trial_id":148,"param_name":"JointSlopeAngle","param_value_internal":0.37369601550691606,"distribution":"{\"name\": \"FloatDistribution\", \"attributes\": {\"step\": null, \"low\": 0.17453292519943295, \"high\": 1.0471975511965976, \"log\": false}}"}
{"op_code":5,"worker_id":"ecfd478f-c300-4063-a362-86b643a9ac46-140116174675968","trial_id":148,"param_name":"OuterRadius","param_value_internal":14.551598989930017,"distribution":"{\"name\": \"FloatDistribution\", \"attributes\": {\"step\": null, \"low\": 8.75, \"high\": 17.75, \"log\": false}}"}
{"op_code":5,"worker_id":"ecfd478f-c300-4063-a362-86b643a9ac46-140116174675968","trial_id":148,"param_name":"JointHeight","param_value_internal":5.7152487231125715,"distribution":"{\"name\": \"FloatDistribution\", \"attributes\": {\"step\": null, \"low\": 5.0, \"high\": 8.0, \"log\": false}}"}
{"op_code":5,"worker_id":"ecfd478f-c300-4063-a362-86b643a9ac46-140116174675968","trial_id":148,"param_name":"CavityCorkThickness","param_value_internal":3.5349951913402524,"distribution":"{\"name\": \"FloatDistribution\", \"attributes\": {\"step\": null, \"low\": 2.0, \"high\": 5.0, \"log\": false}}"}
{"op_code":5,"worker_id":"ecfd478f-c300-4063-a362-86b643a9ac46-140116174675968","trial_id":148,"param_name":"BellowHeight","param_value_internal":6.710335356463079,"distribution":"{\"name\": \"FloatDistribution\", \"attributes\": {\"step\": null, \"low\": 6.0, \"high\": 10.0, \"log\": false}}"}
{"op_code":5,"worker_id":"ecfd478f-c300-4063-a362-86b643a9ac46-140116174675968","trial_id":148,"param_name":"WallThickness","param_value_internal":3.251465431992682,"distribution":"{\"name\": \"FloatDistribution\", \"attributes\": {\"step\": null, \"low\": 2.0, \"high\": 4.0, \"log\": false}}"}
{"op_code":5,"worker_id":"ecfd478f-c300-4063-a362-86b643a9ac46-140116174675968","trial_id":148,"param_name":"PlateauHeight","param_value_internal":2.3070853933568345,"distribution":"{\"name\": \"FloatDistribution\", \"attributes\": {\"step\": null, \"low\": 2.0, \"high\": 4.0, \"log\": false}}"}
{"op_code":6,"worker_id":"07f4433d-8105-495f-a34c-ca24fea40e31-140001723334656","trial_id":147,"state":1,"values":[820.5963023000705,0.459897927734302],"datetime_complete":"2026-06-15T20:47:20.578184"}
{"op_code":4,"worker_id":"07f4433d-8105-495f-a34c-ca24fea40e31-140001723334656","study_id":0,"datetime_start":"2026-06-15T20:47:20.590008"}
{"op_code":9,"worker_id":"07f4433d-8105-495f-a34c-ca24fea40e31-140001723334656","trial_id":149,"system_attr":{"nsga2:generation":2}}
{"op_code":5,"worker_id":"07f4433d-8105-495f-a34c-ca24fea40e31-140001723334656","trial_id":149,"param_name":"JointSlopeAngle","param_value_internal":0.7447825655413925,"distribution":"{\"name\": \"FloatDistribution\", \"attributes\": {\"step\": null, \"low\": 0.17453292519943295, \"high\": 1.0471975511965976, \"log\": false}}"}
{"op_code":5,"worker_id":"07f4433d-8105-495f-a34c-ca24fea40e31-140001723334656","trial_id":149,"param_name":"OuterRadius","param_value_internal":15.919381857059122,"distribution":"{\"name\": \"FloatDistribution\", \"attributes\": {\"step\": null, \"low\": 8.75, \"high\": 17.75, \"log\": false}}"}
{"op_code":5,"worker_id":"07f4433d-8105-495f-a34c-ca24fea40e31-140001723334656","trial_id":149,"param_name":"JointHeight","param_value_internal":5.607183485895478,"distribution":"{\"name\": \"FloatDistribution\", \"attributes\": {\"step\": null, \"low\": 5.0, \"high\": 8.0, \"log\": false}}"}
{"op_code":5,"worker_id":"07f4433d-8105-495f-a34c-ca24fea40e31-140001723334656","trial_id":149,"param_name":"CavityCorkThickness","param_value_internal":2.405525650255897,"distribution":"{\"name\": \"FloatDistribution\", \"attributes\": {\"step\": null, \"low\": 2.0, \"high\": 5.0, \"log\": false}}"}
{"op_code":5,"worker_id":"07f4433d-8105-495f-a34c-ca24fea40e31-140001723334656","trial_id":149,"param_name":"BellowHeight","param_value_internal":7.605444615651337,"distribution":"{\"name\": \"FloatDistribution\", \"attributes\": {\"step\": null, \"low\": 6.0, \"high\": 10.0, \"log\": false}}"}
{"op_code":5,"worker_id":"07f4433d-8105-495f-a34c-ca24fea40e31-140001723334656","trial_id":149,"param_name":"WallThickness","param_value_internal":2.224254426673263,"distribution":"{\"name\": \"FloatDistribution\", \"attributes\": {\"step\": null, \"low\": 2.0, \"high\": 4.0, \"log\": false}}"}
{"op_code":5,"worker_id":"07f4433d-8105-495f-a34c-ca24fea40e31-140001723334656","trial_id":149,"param_name":"PlateauHeight","param_value_internal":3.670232198420761,"distribution":"{\"name\": \"FloatDistribution\", \"attributes\": {\"step\": null, \"low\": 2.0, \"high\": 4.0, \"log\": false}}"}
{"op_code":6,"worker_id":"ecfd478f-c300-4063-a362-86b643a9ac46-140116174675968","trial_id":148,"state":1,"values":[585.4832957819667,0.401681306807327],"datetime_complete":"2026-06-15T20:47:32.949939"}
{"op_code":4,"worker_id":"ecfd478f-c300-4063-a362-86b643a9ac46-140116174675968","study_id":0,"datetime_start":"2026-06-15T20:47:32.967393"}
{"op_code":9,"worker_id":"ecfd478f-c300-4063-a362-86b643a9ac46-140116174675968","trial_id":150,"system_attr":{"nsga2:generation":2}}
{"op_code":5,"worker_id":"ecfd478f-c300-4063-a362-86b643a9ac46-140116174675968","trial_id":150,"param_name":"JointSlopeAngle","param_value_internal":0.9181151838671837,"distribution":"{\"name\": \"FloatDistribution\", \"attributes\": {\"step\": null, \"low\": 0.17453292519943295, \"high\": 1.0471975511965976, \"log\": false}}"}
{"op_code":5,"worker_id":"ecfd478f-c300-4063-a362-86b643a9ac46-140116174675968","trial_id":150,"param_name":"OuterRadius","param_value_internal":16.354014784105203,"distribution":"{\"name\": \"FloatDistribution\", \"attributes\": {\"step\": null, \"low\": 8.75, \"high\": 17.75, \"log\": false}}"}
{"op_code":5,"worker_id":"ecfd478f-c300-4063-a362-86b643a9ac46-140116174675968","trial_id":150,"param_name":"JointHeight","param_value_internal":6.8972869594113835,"distribution":"{\"name\": \"FloatDistribution\", \"attributes\": {\"step\": null, \"low\": 5.0, \"high\": 8.0, \"log\": false}}"}
{"op_code":5,"worker_id":"ecfd478f-c300-4063-a362-86b643a9ac46-140116174675968","trial_id":150,"param_name":"CavityCorkThickness","param_value_internal":4.974373772155542,"distribution":"{\"name\": \"FloatDistribution\", \"attributes\": {\"step\": null, \"low\": 2.0, \"high\": 5.0, \"log\": false}}"}
{"op_code":5,"worker_id":"ecfd478f-c300-4063-a362-86b643a9ac46-140116174675968","trial_id":150,"param_name":"BellowHeight","param_value_internal":9.310402638777553,"distribution":"{\"name\": \"FloatDistribution\", \"attributes\": {\"step\": null, \"low\": 6.0, \"high\": 10.0, \"log\": false}}"}
{"op_code":5,"worker_id":"ecfd478f-c300-4063-a362-86b643a9ac46-140116174675968","trial_id":150,"param_name":"WallThickness","param_value_internal":3.8434226455345355,"distribution":"{\"name\": \"FloatDistribution\", \"attributes\": {\"step\": null, \"low\": 2.0, \"high\": 4.0, \"log\": false}}"}
{"op_code":5,"worker_id":"ecfd478f-c300-4063-a362-86b643a9ac46-140116174675968","trial_id":150,"param_name":"PlateauHeight","param_value_internal":2.909876511783005,"distribution":"{\"name\": \"FloatDistribution\", \"attributes\": {\"step\": null, \"low\": 2.0, \"high\": 4.0, \"log\": false}}"}
{"op_code":6,"worker_id":"07f4433d-8105-495f-a34c-ca24fea40e31-140001723334656","trial_id":149,"state":1,"values":[1425.3343908349218,0.4265614297612081],"datetime_complete":"2026-06-15T20:47:34.118584"}
{"op_code":4,"worker_id":"07f4433d-8105-495f-a34c-ca24fea40e31-140001723334656","study_id":0,"datetime_start":"2026-06-15T20:47:34.131192"}
{"op_code":9,"worker_id":"07f4433d-8105-495f-a34c-ca24fea40e31-140001723334656","trial_id":151,"system_attr":{"nsga2:generation":2}}
{"op_code":5,"worker_id":"07f4433d-8105-495f-a34c-ca24fea40e31-140001723334656","trial_id":151,"param_name":"JointSlopeAngle","param_value_internal":0.7101123787546164,"distribution":"{\"name\": \"FloatDistribution\", \"attributes\": {\"step\": null, \"low\": 0.17453292519943295, \"high\": 1.0471975511965976, \"log\": false}}"}
{"op_code":5,"worker_id":"07f4433d-8105-495f-a34c-ca24fea40e31-140001723334656","trial_id":151,"param_name":"OuterRadius","param_value_internal":16.789991867218234,"distribution":"{\"name\": \"FloatDistribution\", \"attributes\": {\"step\": null, \"low\": 8.75, \"high\": 17.75, \"log\": false}}"}
{"op_code":5,"worker_id":"07f4433d-8105-495f-a34c-ca24fea40e31-140001723334656","trial_id":151,"param_name":"JointHeight","param_value_internal":5.716382835363509,"distribution":"{\"name\": \"FloatDistribution\", \"attributes\": {\"step\": null, \"low\": 5.0, \"high\": 8.0, \"log\": false}}"}
{"op_code":5,"worker_id":"07f4433d-8105-495f-a34c-ca24fea40e31-140001723334656","trial_id":151,"param_name":"CavityCorkThickness","param_value_internal":2.2164844274688953,"distribution":"{\"name\": \"FloatDistribution\", \"attributes\": {\"step\": null, \"low\": 2.0, \"high\": 5.0, \"log\": false}}"}
{"op_code":5,"worker_id":"07f4433d-8105-495f-a34c-ca24fea40e31-140001723334656","trial_id":151,"param_name":"BellowHeight","param_value_internal":6.825830149102349,"distribution":"{\"name\": \"FloatDistribution\", \"attributes\": {\"step\": null, \"low\": 6.0, \"high\": 10.0, \"log\": false}}"}
{"op_code":5,"worker_id":"07f4433d-8105-495f-a34c-ca24fea40e31-140001723334656","trial_id":151,"param_name":"WallThickness","param_value_internal":3.2573012932053853,"distribution":"{\"name\": \"FloatDistribution\", \"attributes\": {\"step\": null, \"low\": 2.0, \"high\": 4.0, \"log\": false}}"}
{"op_code":5,"worker_id":"07f4433d-8105-495f-a34c-ca24fea40e31-140001723334656","trial_id":151,"param_name":"PlateauHeight","param_value_internal":3.768261178874062,"distribution":"{\"name\": \"FloatDistribution\", \"attributes\": {\"step\": null, \"low\": 2.0, \"high\": 4.0, \"log\": false}}"}
{"op_code":6,"worker_id":"07f4433d-8105-495f-a34c-ca24fea40e31-140001723334656","trial_id":151,"state":1,"values":[1325.508993880243,0.40891181379261754],"datetime_complete":"2026-06-15T20:47:46.530251"}
{"op_code":4,"worker_id":"07f4433d-8105-495f-a34c-ca24fea40e31-140001723334656","study_id":0,"datetime_start":"2026-06-15T20:47:46.543352"}
{"op_code":9,"worker_id":"07f4433d-8105-495f-a34c-ca24fea40e31-140001723334656","trial_id":152,"system_attr":{"nsga2:generation":2}}
{"op_code":5,"worker_id":"07f4433d-8105-495f-a34c-ca24fea40e31-140001723334656","trial_id":152,"param_name":"JointSlopeAngle","param_value_internal":0.8040118756789952,"distribution":"{\"name\": \"FloatDistribution\", \"attributes\": {\"step\": null, \"low\": 0.17453292519943295, \"high\": 1.0471975511965976, \"log\": false}}"}
{"op_code":5,"worker_id":"07f4433d-8105-495f-a34c-ca24fea40e31-140001723334656","trial_id":152,"param_name":"OuterRadius","param_value_internal":14.489373048556564,"distribution":"{\"name\": \"FloatDistribution\", \"attributes\": {\"step\": null, \"low\": 8.75, \"high\": 17.75, \"log\": false}}"}
{"op_code":5,"worker_id":"07f4433d-8105-495f-a34c-ca24fea40e31-140001723334656","trial_id":152,"param_name":"JointHeight","param_value_internal":5.322153673362866,"distribution":"{\"name\": \"FloatDistribution\", \"attributes\": {\"step\": null, \"low\": 5.0, \"high\": 8.0, \"log\": false}}"}
{"op_code":5,"worker_id":"07f4433d-8105-495f-a34c-ca24fea40e31-140001723334656","trial_id":152,"param_name":"CavityCorkThickness","param_value_internal":4.1768162132779585,"distribution":"{\"name\": \"FloatDistribution\", \"attributes\": {\"step\": null, \"low\": 2.0, \"high\": 5.0, \"log\": false}}"}
{"op_code":5,"worker_id":"07f4433d-8105-495f-a34c-ca24fea40e31-140001723334656","trial_id":152,"param_name":"BellowHeight","param_value_internal":9.43702190391036,"distribution":"{\"name\": \"FloatDistribution\", \"attributes\": {\"step\": null, \"low\": 6.0, \"high\": 10.0, \"log\": false}}"}
{"op_code":5,"worker_id":"07f4433d-8105-495f-a34c-ca24fea40e31-140001723334656","trial_id":152,"param_name":"WallThickness","param_value_internal":3.8979894334956473,"distribution":"{\"name\": \"FloatDistribution\", \"attributes\": {\"step\": null, \"low\": 2.0, \"high\": 4.0, \"log\": false}}"}
{"op_code":5,"worker_id":"07f4433d-8105-495f-a34c-ca24fea40e31-140001723334656","trial_id":152,"param_name":"PlateauHeight","param_value_internal":2.1439004333582736,"distribution":"{\"name\": \"FloatDistribution\", \"attributes\": {\"step\": null, \"low\": 2.0, \"high\": 4.0, \"log\": false}}"}
{"op_code":6,"worker_id":"ecfd478f-c300-4063-a362-86b643a9ac46-140116174675968","trial_id":150,"state":1,"values":[705.246787125233,0.4176258008719724],"datetime_complete":"2026-06-15T20:47:47.221459"}
{"op_code":4,"worker_id":"ecfd478f-c300-4063-a362-86b643a9ac46-140116174675968","study_id":0,"datetime_start":"2026-06-15T20:47:47.242272"}
{"op_code":9,"worker_id":"ecfd478f-c300-4063-a362-86b643a9ac46-140116174675968","trial_id":153,"system_attr":{"nsga2:generation":2}}
{"op_code":5,"worker_id":"ecfd478f-c300-4063-a362-86b643a9ac46-140116174675968","trial_id":153,"param_name":"JointSlopeAngle","param_value_internal":0.9181151838671837,"distribution":"{\"name\": \"FloatDistribution\", \"attributes\": {\"step\": null, \"low\": 0.17453292519943295, \"high\": 1.0471975511965976, \"log\": false}}"}
{"op_code":5,"worker_id":"ecfd478f-c300-4063-a362-86b643a9ac46-140116174675968","trial_id":153,"param_name":"OuterRadius","param_value_internal":16.354014784105203,"distribution":"{\"name\": \"FloatDistribution\", \"attributes\": {\"step\": null, \"low\": 8.75, \"high\": 17.75, \"log\": false}}"}
{"op_code":5,"worker_id":"ecfd478f-c300-4063-a362-86b643a9ac46-140116174675968","trial_id":153,"param_name":"JointHeight","param_value_internal":5.791863537051495,"distribution":"{\"name\": \"FloatDistribution\", \"attributes\": {\"step\": null, \"low\": 5.0, \"high\": 8.0, \"log\": false}}"}
{"op_code":5,"worker_id":"ecfd478f-c300-4063-a362-86b643a9ac46-140116174675968","trial_id":153,"param_name":"CavityCorkThickness","param_value_internal":4.019696020953558,"distribution":"{\"name\": \"FloatDistribution\", \"attributes\": {\"step\": null, \"low\": 2.0, \"high\": 5.0, \"log\": false}}"}
{"op_code":5,"worker_id":"ecfd478f-c300-4063-a362-86b643a9ac46-140116174675968","trial_id":153,"param_name":"BellowHeight","param_value_internal":7.505812578085166,"distribution":"{\"name\": \"FloatDistribution\", \"attributes\": {\"step\": null, \"low\": 6.0, \"high\": 10.0, \"log\": false}}"}
{"op_code":5,"worker_id":"ecfd478f-c300-4063-a362-86b643a9ac46-140116174675968","trial_id":153,"param_name":"WallThickness","param_value_internal":3.3168442951561445,"distribution":"{\"name\": \"FloatDistribution\", \"attributes\": {\"step\": null, \"low\": 2.0, \"high\": 4.0, \"log\": false}}"}
{"op_code":5,"worker_id":"ecfd478f-c300-4063-a362-86b643a9ac46-140116174675968","trial_id":153,"param_name":"PlateauHeight","param_value_internal":3.6360810302045676,"distribution":"{\"name\": \"FloatDistribution\", \"attributes\": {\"step\": null, \"low\": 2.0, \"high\": 4.0, \"log\": false}}"}
{"op_code":6,"worker_id":"07f4433d-8105-495f-a34c-ca24fea40e31-140001723334656","trial_id":152,"state":1,"values":[509.7062462026328,0.4725882372120657],"datetime_complete":"2026-06-15T20:47:58.069913"}
{"op_code":4,"worker_id":"07f4433d-8105-495f-a34c-ca24fea40e31-140001723334656","study_id":0,"datetime_start":"2026-06-15T20:47:58.080589"}
{"op_code":9,"worker_id":"07f4433d-8105-495f-a34c-ca24fea40e31-140001723334656","trial_id":154,"system_attr":{"nsga2:generation":2}}
{"op_code":5,"worker_id":"07f4433d-8105-495f-a34c-ca24fea40e31-140001723334656","trial_id":154,"param_name":"JointSlopeAngle","param_value_internal":0.38804013511803015,"distribution":"{\"name\": \"FloatDistribution\", \"attributes\": {\"step\": null, \"low\": 0.17453292519943295, \"high\": 1.0471975511965976, \"log\": false}}"}
{"op_code":5,"worker_id":"07f4433d-8105-495f-a34c-ca24fea40e31-140001723334656","trial_id":154,"param_name":"OuterRadius","param_value_internal":17.075028363337864,"distribution":"{\"name\": \"FloatDistribution\", \"attributes\": {\"step\": null, \"low\": 8.75, \"high\": 17.75, \"log\": false}}"}
{"op_code":5,"worker_id":"07f4433d-8105-495f-a34c-ca24fea40e31-140001723334656","trial_id":154,"param_name":"JointHeight","param_value_internal":5.43133360197518,"distribution":"{\"name\": \"FloatDistribution\", \"attributes\": {\"step\": null, \"low\": 5.0, \"high\": 8.0, \"log\": false}}"}
{"op_code":5,"worker_id":"07f4433d-8105-495f-a34c-ca24fea40e31-140001723334656","trial_id":154,"param_name":"CavityCorkThickness","param_value_internal":3.5276492347621415,"distribution":"{\"name\": \"FloatDistribution\", \"attributes\": {\"step\": null, \"low\": 2.0, \"high\": 5.0, \"log\": false}}"}
{"op_code":5,"worker_id":"07f4433d-8105-495f-a34c-ca24fea40e31-140001723334656","trial_id":154,"param_name":"BellowHeight","param_value_internal":9.745414131678086,"distribution":"{\"name\": \"FloatDistribution\", \"attributes\": {\"step\": null, \"low\": 6.0, \"high\": 10.0, \"log\": false}}"}
{"op_code":5,"worker_id":"07f4433d-8105-495f-a34c-ca24fea40e31-140001723334656","trial_id":154,"param_name":"WallThickness","param_value_internal":3.5595739488137785,"distribution":"{\"name\": \"FloatDistribution\", \"attributes\": {\"step\": null, \"low\": 2.0, \"high\": 4.0, \"log\": false}}"}
{"op_code":5,"worker_id":"07f4433d-8105-495f-a34c-ca24fea40e31-140001723334656","trial_id":154,"param_name":"PlateauHeight","param_value_internal":2.221463617176237,"distribution":"{\"name\": \"FloatDistribution\", \"attributes\": {\"step\": null, \"low\": 2.0, \"high\": 4.0, \"log\": false}}"}
{"op_code":6,"worker_id":"ecfd478f-c300-4063-a362-86b643a9ac46-140116174675968","trial_id":153,"state":1,"values":[938.7331554548654,0.42495618239906685],"datetime_complete":"2026-06-15T20:48:02.950720"}
{"op_code":4,"worker_id":"ecfd478f-c300-4063-a362-86b643a9ac46-140116174675968","study_id":0,"datetime_start":"2026-06-15T20:48:02.968450"}
{"op_code":9,"worker_id":"ecfd478f-c300-4063-a362-86b643a9ac46-140116174675968","trial_id":155,"system_attr":{"nsga2:generation":2}}
{"op_code":5,"worker_id":"ecfd478f-c300-4063-a362-86b643a9ac46-140116174675968","trial_id":155,"param_name":"JointSlopeAngle","param_value_internal":0.9367054297789487,"distribution":"{\"name\": \"FloatDistribution\", \"attributes\": {\"step\": null, \"low\": 0.17453292519943295, \"high\": 1.0471975511965976, \"log\": false}}"}
{"op_code":5,"worker_id":"ecfd478f-c300-4063-a362-86b643a9ac46-140116174675968","trial_id":155,"param_name":"OuterRadius","param_value_internal":16.936526265619513,"distribution":"{\"name\": \"FloatDistribution\", \"attributes\": {\"step\": null, \"low\": 8.75, \"high\": 17.75, \"log\": false}}"}
{"op_code":5,"worker_id":"ecfd478f-c300-4063-a362-86b643a9ac46-140116174675968","trial_id":155,"param_name":"JointHeight","param_value_internal":6.653137446809373,"distribution":"{\"name\": \"FloatDistribution\", \"attributes\": {\"step\": null, \"low\": 5.0, \"high\": 8.0, \"log\": false}}"}
{"op_code":5,"worker_id":"ecfd478f-c300-4063-a362-86b643a9ac46-140116174675968","trial_id":155,"param_name":"CavityCorkThickness","param_value_internal":2.7765901524213583,"distribution":"{\"name\": \"FloatDistribution\", \"attributes\": {\"step\": null, \"low\": 2.0, \"high\": 5.0, \"log\": false}}"}
{"op_code":5,"worker_id":"ecfd478f-c300-4063-a362-86b643a9ac46-140116174675968","trial_id":155,"param_name":"BellowHeight","param_value_internal":6.115373624836522,"distribution":"{\"name\": \"FloatDistribution\", \"attributes\": {\"step\": null, \"low\": 6.0, \"high\": 10.0, \"log\": false}}"}
{"op_code":5,"worker_id":"ecfd478f-c300-4063-a362-86b643a9ac46-140116174675968","trial_id":155,"param_name":"WallThickness","param_value_internal":3.9385141219548507,"distribution":"{\"name\": \"FloatDistribution\", \"attributes\": {\"step\": null, \"low\": 2.0, \"high\": 4.0, \"log\": false}}"}
{"op_code":5,"worker_id":"ecfd478f-c300-4063-a362-86b643a9ac46-140116174675968","trial_id":155,"param_name":"PlateauHeight","param_value_internal":2.437559303268917,"distribution":"{\"name\": \"FloatDistribution\", \"attributes\": {\"step\": null, \"low\": 2.0, \"high\": 4.0, \"log\": false}}"}
{"op_code":6,"worker_id":"07f4433d-8105-495f-a34c-ca24fea40e31-140001723334656","trial_id":154,"state":1,"values":[1150.4432237588287,0.38890424052715705],"datetime_complete":"2026-06-15T20:48:10.268078"}
{"op_code":4,"worker_id":"07f4433d-8105-495f-a34c-ca24fea40e31-140001723334656","study_id":0,"datetime_start":"2026-06-15T20:48:10.280138"}
{"op_code":9,"worker_id":"07f4433d-8105-495f-a34c-ca24fea40e31-140001723334656","trial_id":156,"system_attr":{"nsga2:generation":2}}
{"op_code":5,"worker_id":"07f4433d-8105-495f-a34c-ca24fea40e31-140001723334656","trial_id":156,"param_name":"JointSlopeAngle","param_value_internal":0.2514982583938756,"distribution":"{\"name\": \"FloatDistribution\", \"attributes\": {\"step\": null, \"low\": 0.17453292519943295, \"high\": 1.0471975511965976, \"log\": false}}"}
{"op_code":5,"worker_id":"07f4433d-8105-495f-a34c-ca24fea40e31-140001723334656","trial_id":156,"param_name":"OuterRadius","param_value_internal":16.354014784105203,"distribution":"{\"name\": \"FloatDistribution\", \"attributes\": {\"step\": null, \"low\": 8.75, \"high\": 17.75, \"log\": false}}"}
{"op_code":5,"worker_id":"07f4433d-8105-495f-a34c-ca24fea40e31-140001723334656","trial_id":156,"param_name":"JointHeight","param_value_internal":7.60467227896262,"distribution":"{\"name\": \"FloatDistribution\", \"attributes\": {\"step\": null, \"low\": 5.0, \"high\": 8.0, \"log\": false}}"}
{"op_code":5,"worker_id":"07f4433d-8105-495f-a34c-ca24fea40e31-140001723334656","trial_id":156,"param_name":"CavityCorkThickness","param_value_internal":3.178777320592155,"distribution":"{\"name\": \"FloatDistribution\", \"attributes\": {\"step\": null, \"low\": 2.0, \"high\": 5.0, \"log\": false}}"}
{"op_code":5,"worker_id":"07f4433d-8105-495f-a34c-ca24fea40e31-140001723334656","trial_id":156,"param_name":"BellowHeight","param_value_internal":6.694575818421905,"distribution":"{\"name\": \"FloatDistribution\", \"attributes\": {\"step\": null, \"low\": 6.0, \"high\": 10.0, \"log\": false}}"}
{"op_code":5,"worker_id":"07f4433d-8105-495f-a34c-ca24fea40e31-140001723334656","trial_id":156,"param_name":"WallThickness","param_value_internal":2.861057814424722,"distribution":"{\"name\": \"FloatDistribution\", \"attributes\": {\"step\": null, \"low\": 2.0, \"high\": 4.0, \"log\": false}}"}
{"op_code":5,"worker_id":"07f4433d-8105-495f-a34c-ca24fea40e31-140001723334656","trial_id":156,"param_name":"PlateauHeight","param_value_internal":2.1189870194908726,"distribution":"{\"name\": \"FloatDistribution\", \"attributes\": {\"step\": null, \"low\": 2.0, \"high\": 4.0, \"log\": false}}"}
{"op_code":6,"worker_id":"ecfd478f-c300-4063-a362-86b643a9ac46-140116174675968","trial_id":155,"state":1,"values":[882.0561923429393,0.4112400973952466],"datetime_complete":"2026-06-15T20:48:18.131379"}
{"op_code":4,"worker_id":"ecfd478f-c300-4063-a362-86b643a9ac46-140116174675968","study_id":0,"datetime_start":"2026-06-15T20:48:18.149255"}
{"op_code":9,"worker_id":"ecfd478f-c300-4063-a362-86b643a9ac46-140116174675968","trial_id":157,"system_attr":{"nsga2:generation":3}}
{"op_code":5,"worker_id":"ecfd478f-c300-4063-a362-86b643a9ac46-140116174675968","trial_id":157,"param_name":"JointSlopeAngle","param_value_internal":0.9367054297789487,"distribution":"{\"name\": \"FloatDistribution\", \"attributes\": {\"step\": null, \"low\": 0.17453292519943295, \"high\": 1.0471975511965976, \"log\": false}}"}
{"op_code":5,"worker_id":"ecfd478f-c300-4063-a362-86b643a9ac46-140116174675968","trial_id":157,"param_name":"OuterRadius","param_value_internal":10.964515174884408,"distribution":"{\"name\": \"FloatDistribution\", \"attributes\": {\"step\": null, \"low\": 8.75, \"high\": 17.75, \"log\": false}}"}
{"op_code":5,"worker_id":"ecfd478f-c300-4063-a362-86b643a9ac46-140116174675968","trial_id":157,"param_name":"JointHeight","param_value_internal":5.164685900790161,"distribution":"{\"name\": \"FloatDistribution\", \"attributes\": {\"step\": null, \"low\": 5.0, \"high\": 8.0, \"log\": false}}"}
{"op_code":5,"worker_id":"ecfd478f-c300-4063-a362-86b643a9ac46-140116174675968","trial_id":157,"param_name":"CavityCorkThickness","param_value_internal":3.617645934593755,"distribution":"{\"name\": \"FloatDistribution\", \"attributes\": {\"step\": null, \"low\": 2.0, \"high\": 5.0, \"log\": false}}"}
{"op_code":5,"worker_id":"ecfd478f-c300-4063-a362-86b643a9ac46-140116174675968","trial_id":157,"param_name":"BellowHeight","param_value_internal":6.195109106762301,"distribution":"{\"name\": \"FloatDistribution\", \"attributes\": {\"step\": null, \"low\": 6.0, \"high\": 10.0, \"log\": false}}"}
{"op_code":5,"worker_id":"ecfd478f-c300-4063-a362-86b643a9ac46-140116174675968","trial_id":157,"param_name":"WallThickness","param_value_internal":2.2203697478074336,"distribution":"{\"name\": \"FloatDistribution\", \"attributes\": {\"step\": null, \"low\": 2.0, \"high\": 4.0, \"log\": false}}"}
{"op_code":5,"worker_id":"ecfd478f-c300-4063-a362-86b643a9ac46-140116174675968","trial_id":157,"param_name":"PlateauHeight","param_value_internal":3.8229235541754507,"distribution":"{\"name\": \"FloatDistribution\", \"attributes\": {\"step\": null, \"low\": 2.0, \"high\": 4.0, \"log\": false}}"}
{"op_code":6,"worker_id":"07f4433d-8105-495f-a34c-ca24fea40e31-140001723334656","trial_id":156,"state":1,"values":[919.9930923874997,0.3563656259366375],"datetime_complete":"2026-06-15T20:48:22.648631"}
{"op_code":4,"worker_id":"07f4433d-8105-495f-a34c-ca24fea40e31-140001723334656","study_id":0,"datetime_start":"2026-06-15T20:48:22.660415"}
{"op_code":3,"worker_id":"07f4433d-8105-495f-a34c-ca24fea40e31-140001723334656","study_id":0,"system_attr":{"nsga2:population:7b3446a3ba74d01e1f18e6791132426f54a1c6783aec2082c96c918f7e9a0b34":[2,[120,129,133,142,146,83,85,86,90,25,53,106,112,113,115,116,119,134,68,5,8,38,117,118,135,147,149,79,71,77,92,7,127,128,132,152,60,65,69,87,13,104,48,140,33,93,131,54,138,139]]}}
{"op_code":9,"worker_id":"07f4433d-8105-495f-a34c-ca24fea40e31-140001723334656","trial_id":158,"system_attr":{"nsga2:generation":3}}
{"op_code":5,"worker_id":"07f4433d-8105-495f-a34c-ca24fea40e31-140001723334656","trial_id":158,"param_name":"JointSlopeAngle","param_value_internal":0.34374367426141245,"distribution":"{\"name\": \"FloatDistribution\", \"attributes\": {\"step\": null, \"low\": 0.17453292519943295, \"high\": 1.0471975511965976, \"log\": false}}"}
{"op_code":5,"worker_id":"07f4433d-8105-495f-a34c-ca24fea40e31-140001723334656","trial_id":158,"param_name":"OuterRadius","param_value_internal":17.115780873326123,"distribution":"{\"name\": \"FloatDistribution\", \"attributes\": {\"step\": null, \"low\": 8.75, \"high\": 17.75, \"log\": false}}"}
{"op_code":5,"worker_id":"07f4433d-8105-495f-a34c-ca24fea40e31-140001723334656","trial_id":158,"param_name":"JointHeight","param_value_internal":5.522588836569238,"distribution":"{\"name\": \"FloatDistribution\", \"attributes\": {\"step\": null, \"low\": 5.0, \"high\": 8.0, \"log\": false}}"}
{"op_code":5,"worker_id":"07f4433d-8105-495f-a34c-ca24fea40e31-140001723334656","trial_id":158,"param_name":"CavityCorkThickness","param_value_internal":3.178777320592155,"distribution":"{\"name\": \"FloatDistribution\", \"attributes\": {\"step\": null, \"low\": 2.0, \"high\": 5.0, \"log\": false}}"}
{"op_code":5,"worker_id":"07f4433d-8105-495f-a34c-ca24fea40e31-140001723334656","trial_id":158,"param_name":"BellowHeight","param_value_internal":8.230236759530246,"distribution":"{\"name\": \"FloatDistribution\", \"attributes\": {\"step\": null, \"low\": 6.0, \"high\": 10.0, \"log\": false}}"}
{"op_code":5,"worker_id":"07f4433d-8105-495f-a34c-ca24fea40e31-140001723334656","trial_id":158,"param_name":"WallThickness","param_value_internal":3.4285335233759637,"distribution":"{\"name\": \"FloatDistribution\", \"attributes\": {\"step\": null, \"low\": 2.0, \"high\": 4.0, \"log\": false}}"}
{"op_code":5,"worker_id":"07f4433d-8105-495f-a34c-ca24fea40e31-140001723334656","trial_id":158,"param_name":"PlateauHeight","param_value_internal":3.430004425465083,"distribution":"{\"name\": \"FloatDistribution\", \"attributes\": {\"step\": null, \"low\": 2.0, \"high\": 4.0, \"log\": false}}"}
{"op_code":6,"worker_id":"07f4433d-8105-495f-a34c-ca24fea40e31-140001723334656","trial_id":158,"state":1,"values":[1253.292758432775,0.38423022792256517],"datetime_complete":"2026-06-15T20:48:35.271079"}
{"op_code":4,"worker_id":"07f4433d-8105-495f-a34c-ca24fea40e31-140001723334656","study_id":0,"datetime_start":"2026-06-15T20:48:35.283621"}
{"op_code":9,"worker_id":"07f4433d-8105-495f-a34c-ca24fea40e31-140001723334656","trial_id":159,"system_attr":{"nsga2:generation":3}}
{"op_code":5,"worker_id":"07f4433d-8105-495f-a34c-ca24fea40e31-140001723334656","trial_id":159,"param_name":"JointSlopeAngle","param_value_internal":0.7101123787546164,"distribution":"{\"name\": \"FloatDistribution\", \"attributes\": {\"step\": null, \"low\": 0.17453292519943295, \"high\": 1.0471975511965976, \"log\": false}}"}
{"op_code":5,"worker_id":"07f4433d-8105-495f-a34c-ca24fea40e31-140001723334656","trial_id":159,"param_name":"OuterRadius","param_value_internal":14.489373048556564,"distribution":"{\"name\": \"FloatDistribution\", \"attributes\": {\"step\": null, \"low\": 8.75, \"high\": 17.75, \"log\": false}}"}
{"op_code":5,"worker_id":"07f4433d-8105-495f-a34c-ca24fea40e31-140001723334656","trial_id":159,"param_name":"JointHeight","param_value_internal":5.217622700820494,"distribution":"{\"name\": \"FloatDistribution\", \"attributes\": {\"step\": null, \"low\": 5.0, \"high\": 8.0, \"log\": false}}"}
{"op_code":5,"worker_id":"07f4433d-8105-495f-a34c-ca24fea40e31-140001723334656","trial_id":159,"param_name":"CavityCorkThickness","param_value_internal":4.1768162132779585,"distribution":"{\"name\": \"FloatDistribution\", \"attributes\": {\"step\": null, \"low\": 2.0, \"high\": 5.0, \"log\": false}}"}
{"op_code":5,"worker_id":"07f4433d-8105-495f-a34c-ca24fea40e31-140001723334656","trial_id":159,"param_name":"BellowHeight","param_value_internal":7.485597588536443,"distribution":"{\"name\": \"FloatDistribution\", \"attributes\": {\"step\": null, \"low\": 6.0, \"high\": 10.0, \"log\": false}}"}
{"op_code":5,"worker_id":"07f4433d-8105-495f-a34c-ca24fea40e31-140001723334656","trial_id":159,"param_name":"WallThickness","param_value_internal":3.8979894334956473,"distribution":"{\"name\": \"FloatDistribution\", \"attributes\": {\"step\": null, \"low\": 2.0, \"high\": 4.0, \"log\": false}}"}
{"op_code":5,"worker_id":"07f4433d-8105-495f-a34c-ca24fea40e31-140001723334656","trial_id":159,"param_name":"PlateauHeight","param_value_internal":3.882578288979306,"distribution":"{\"name\": \"FloatDistribution\", \"attributes\": {\"step\": null, \"low\": 2.0, \"high\": 4.0, \"log\": false}}"}
{"op_code":6,"worker_id":"07f4433d-8105-495f-a34c-ca24fea40e31-140001723334656","trial_id":159,"state":1,"values":[535.0098813020121,0.4763777991407746],"datetime_complete":"2026-06-15T20:48:46.093962"}
{"op_code":4,"worker_id":"07f4433d-8105-495f-a34c-ca24fea40e31-140001723334656","study_id":0,"datetime_start":"2026-06-15T20:48:47.326074"}
{"op_code":9,"worker_id":"07f4433d-8105-495f-a34c-ca24fea40e31-140001723334656","trial_id":160,"system_attr":{"nsga2:generation":3}}
{"op_code":5,"worker_id":"07f4433d-8105-495f-a34c-ca24fea40e31-140001723334656","trial_id":160,"param_name":"JointSlopeAngle","param_value_internal":0.9367054297789487,"distribution":"{\"name\": \"FloatDistribution\", \"attributes\": {\"step\": null, \"low\": 0.17453292519943295, \"high\": 1.0471975511965976, \"log\": false}}"}
{"op_code":5,"worker_id":"07f4433d-8105-495f-a34c-ca24fea40e31-140001723334656","trial_id":160,"param_name":"OuterRadius","param_value_internal":17.31420630303697,"distribution":"{\"name\": \"FloatDistribution\", \"attributes\": {\"step\": null, \"low\": 8.75, \"high\": 17.75, \"log\": false}}"}
{"op_code":5,"worker_id":"07f4433d-8105-495f-a34c-ca24fea40e31-140001723334656","trial_id":160,"param_name":"JointHeight","param_value_internal":5.322153673362866,"distribution":"{\"name\": \"FloatDistribution\", \"attributes\": {\"step\": null, \"low\": 5.0, \"high\": 8.0, \"log\": false}}"}
{"op_code":5,"worker_id":"07f4433d-8105-495f-a34c-ca24fea40e31-140001723334656","trial_id":160,"param_name":"CavityCorkThickness","param_value_internal":2.7765901524213583,"distribution":"{\"name\": \"FloatDistribution\", \"attributes\": {\"step\": null, \"low\": 2.0, \"high\": 5.0, \"log\": false}}"}
{"op_code":5,"worker_id":"07f4433d-8105-495f-a34c-ca24fea40e31-140001723334656","trial_id":160,"param_name":"BellowHeight","param_value_internal":6.195109106762301,"distribution":"{\"name\": \"FloatDistribution\", \"attributes\": {\"step\": null, \"low\": 6.0, \"high\": 10.0, \"log\": false}}"}
{"op_code":5,"worker_id":"07f4433d-8105-495f-a34c-ca24fea40e31-140001723334656","trial_id":160,"param_name":"WallThickness","param_value_internal":2.030237007390795,"distribution":"{\"name\": \"FloatDistribution\", \"attributes\": {\"step\": null, \"low\": 2.0, \"high\": 4.0, \"log\": false}}"}
{"op_code":5,"worker_id":"07f4433d-8105-495f-a34c-ca24fea40e31-140001723334656","trial_id":160,"param_name":"PlateauHeight","param_value_internal":3.5609544050036854,"distribution":"{\"name\": \"FloatDistribution\", \"attributes\": {\"step\": null, \"low\": 2.0, \"high\": 4.0, \"log\": false}}"}
{"op_code":6,"worker_id":"07f4433d-8105-495f-a34c-ca24fea40e31-140001723334656","trial_id":160,"state":1,"values":[1449.7528155995344,0.3776307858843668],"datetime_complete":"2026-06-15T20:49:00.594279"}
{"op_code":4,"worker_id":"07f4433d-8105-495f-a34c-ca24fea40e31-140001723334656","study_id":0,"datetime_start":"2026-06-15T20:49:00.605497"}
{"op_code":9,"worker_id":"07f4433d-8105-495f-a34c-ca24fea40e31-140001723334656","trial_id":161,"system_attr":{"nsga2:generation":3}}
{"op_code":5,"worker_id":"07f4433d-8105-495f-a34c-ca24fea40e31-140001723334656","trial_id":161,"param_name":"JointSlopeAngle","param_value_internal":0.38804013511803015,"distribution":"{\"name\": \"FloatDistribution\", \"attributes\": {\"step\": null, \"low\": 0.17453292519943295, \"high\": 1.0471975511965976, \"log\": false}}"}
{"op_code":5,"worker_id":"07f4433d-8105-495f-a34c-ca24fea40e31-140001723334656","trial_id":161,"param_name":"OuterRadius","param_value_internal":14.489373048556564,"distribution":"{\"name\": \"FloatDistribution\", \"attributes\": {\"step\": null, \"low\": 8.75, \"high\": 17.75, \"log\": false}}"}
{"op_code":5,"worker_id":"07f4433d-8105-495f-a34c-ca24fea40e31-140001723334656","trial_id":161,"param_name":"JointHeight","param_value_internal":6.243015423264384,"distribution":"{\"name\": \"FloatDistribution\", \"attributes\": {\"step\": null, \"low\": 5.0, \"high\": 8.0, \"log\": false}}"}
{"op_code":5,"worker_id":"07f4433d-8105-495f-a34c-ca24fea40e31-140001723334656","trial_id":161,"param_name":"CavityCorkThickness","param_value_internal":2.391996781218338,"distribution":"{\"name\": \"FloatDistribution\", \"attributes\": {\"step\": null, \"low\": 2.0, \"high\": 5.0, \"log\": false}}"}
{"op_code":5,"worker_id":"07f4433d-8105-495f-a34c-ca24fea40e31-140001723334656","trial_id":161,"param_name":"BellowHeight","param_value_internal":6.264352647219921,"distribution":"{\"name\": \"FloatDistribution\", \"attributes\": {\"step\": null, \"low\": 6.0, \"high\": 10.0, \"log\": false}}"}
{"op_code":5,"worker_id":"07f4433d-8105-495f-a34c-ca24fea40e31-140001723334656","trial_id":161,"param_name":"WallThickness","param_value_internal":2.954339442331082,"distribution":"{\"name\": \"FloatDistribution\", \"attributes\": {\"step\": null, \"low\": 2.0, \"high\": 4.0, \"log\": false}}"}
{"op_code":5,"worker_id":"07f4433d-8105-495f-a34c-ca24fea40e31-140001723334656","trial_id":161,"param_name":"PlateauHeight","param_value_internal":2.221463617176237,"distribution":"{\"name\": \"FloatDistribution\", \"attributes\": {\"step\": null, \"low\": 2.0, \"high\": 4.0, \"log\": false}}"}
{"op_code":6,"worker_id":"07f4433d-8105-495f-a34c-ca24fea40e31-140001723334656","trial_id":161,"state":1,"values":[716.5232118909552,0.3671800522226067],"datetime_complete":"2026-06-15T20:49:12.545914"}
{"op_code":4,"worker_id":"07f4433d-8105-495f-a34c-ca24fea40e31-140001723334656","study_id":0,"datetime_start":"2026-06-15T20:49:12.558266"}
{"op_code":9,"worker_id":"07f4433d-8105-495f-a34c-ca24fea40e31-140001723334656","trial_id":162,"system_attr":{"nsga2:generation":3}}
{"op_code":5,"worker_id":"07f4433d-8105-495f-a34c-ca24fea40e31-140001723334656","trial_id":162,"param_name":"JointSlopeAngle","param_value_internal":0.8272457351358277,"distribution":"{\"name\": \"FloatDistribution\", \"attributes\": {\"step\": null, \"low\": 0.17453292519943295, \"high\": 1.0471975511965976, \"log\": false}}"}
{"op_code":5,"worker_id":"07f4433d-8105-495f-a34c-ca24fea40e31-140001723334656","trial_id":162,"param_name":"OuterRadius","param_value_internal":14.489373048556564,"distribution":"{\"name\": \"FloatDistribution\", \"attributes\": {\"step\": null, \"low\": 8.75, \"high\": 17.75, \"log\": false}}"}
{"op_code":5,"worker_id":"07f4433d-8105-495f-a34c-ca24fea40e31-140001723334656","trial_id":162,"param_name":"JointHeight","param_value_internal":5.322153673362866,"distribution":"{\"name\": \"FloatDistribution\", \"attributes\": {\"step\": null, \"low\": 5.0, \"high\": 8.0, \"log\": false}}"}
{"op_code":5,"worker_id":"07f4433d-8105-495f-a34c-ca24fea40e31-140001723334656","trial_id":162,"param_name":"CavityCorkThickness","param_value_internal":3.6339447918645558,"distribution":"{\"name\": \"FloatDistribution\", \"attributes\": {\"step\": null, \"low\": 2.0, \"high\": 5.0, \"log\": false}}"}
{"op_code":5,"worker_id":"07f4433d-8105-495f-a34c-ca24fea40e31-140001723334656","trial_id":162,"param_name":"BellowHeight","param_value_internal":6.195109106762301,"distribution":"{\"name\": \"FloatDistribution\", \"attributes\": {\"step\": null, \"low\": 6.0, \"high\": 10.0, \"log\": false}}"}
{"op_code":5,"worker_id":"07f4433d-8105-495f-a34c-ca24fea40e31-140001723334656","trial_id":162,"param_name":"WallThickness","param_value_internal":2.2203697478074336,"distribution":"{\"name\": \"FloatDistribution\", \"attributes\": {\"step\": null, \"low\": 2.0, \"high\": 4.0, \"log\": false}}"}
{"op_code":5,"worker_id":"07f4433d-8105-495f-a34c-ca24fea40e31-140001723334656","trial_id":162,"param_name":"PlateauHeight","param_value_internal":3.882578288979306,"distribution":"{\"name\": \"FloatDistribution\", \"attributes\": {\"step\": null, \"low\": 2.0, \"high\": 4.0, \"log\": false}}"}
{"op_code":6,"worker_id":"07f4433d-8105-495f-a34c-ca24fea40e31-140001723334656","trial_id":162,"state":1,"values":[802.5804426826267,0.4622406347705465],"datetime_complete":"2026-06-15T20:49:23.771830"}
{"op_code":4,"worker_id":"07f4433d-8105-495f-a34c-ca24fea40e31-140001723334656","study_id":0,"datetime_start":"2026-06-15T20:49:23.783604"}
{"op_code":9,"worker_id":"07f4433d-8105-495f-a34c-ca24fea40e31-140001723334656","trial_id":163,"system_attr":{"nsga2:generation":3}}
{"op_code":5,"worker_id":"07f4433d-8105-495f-a34c-ca24fea40e31-140001723334656","trial_id":163,"param_name":"JointSlopeAngle","param_value_internal":0.46917242170827345,"distribution":"{\"name\": \"FloatDistribution\", \"attributes\": {\"step\": null, \"low\": 0.17453292519943295, \"high\": 1.0471975511965976, \"log\": false}}"}
{"op_code":5,"worker_id":"07f4433d-8105-495f-a34c-ca24fea40e31-140001723334656","trial_id":163,"param_name":"OuterRadius","param_value_internal":16.354014784105203,"distribution":"{\"name\": \"FloatDistribution\", \"attributes\": {\"step\": null, \"low\": 8.75, \"high\": 17.75, \"log\": false}}"}
{"op_code":5,"worker_id":"07f4433d-8105-495f-a34c-ca24fea40e31-140001723334656","trial_id":163,"param_name":"JointHeight","param_value_internal":5.522588836569238,"distribution":"{\"name\": \"FloatDistribution\", \"attributes\": {\"step\": null, \"low\": 5.0, \"high\": 8.0, \"log\": false}}"}
{"op_code":5,"worker_id":"07f4433d-8105-495f-a34c-ca24fea40e31-140001723334656","trial_id":163,"param_name":"CavityCorkThickness","param_value_internal":3.178777320592155,"distribution":"{\"name\": \"FloatDistribution\", \"attributes\": {\"step\": null, \"low\": 2.0, \"high\": 5.0, \"log\": false}}"}
{"op_code":5,"worker_id":"07f4433d-8105-495f-a34c-ca24fea40e31-140001723334656","trial_id":163,"param_name":"BellowHeight","param_value_internal":9.741185669127688,"distribution":"{\"name\": \"FloatDistribution\", \"attributes\": {\"step\": null, \"low\": 6.0, \"high\": 10.0, \"log\": false}}"}
{"op_code":5,"worker_id":"07f4433d-8105-495f-a34c-ca24fea40e31-140001723334656","trial_id":163,"param_name":"WallThickness","param_value_internal":2.3778997000416604,"distribution":"{\"name\": \"FloatDistribution\", \"attributes\": {\"step\": null, \"low\": 2.0, \"high\": 4.0, \"log\": false}}"}
{"op_code":5,"worker_id":"07f4433d-8105-495f-a34c-ca24fea40e31-140001723334656","trial_id":163,"param_name":"PlateauHeight","param_value_internal":2.556957816610664,"distribution":"{\"name\": \"FloatDistribution\", \"attributes\": {\"step\": null, \"low\": 2.0, \"high\": 4.0, \"log\": false}}"}
{"op_code":6,"worker_id":"07f4433d-8105-495f-a34c-ca24fea40e31-140001723334656","trial_id":163,"state":1,"values":[1444.6609664484206,0.41071481161036133],"datetime_complete":"2026-06-15T20:49:36.148915"}
{"op_code":4,"worker_id":"07f4433d-8105-495f-a34c-ca24fea40e31-140001723334656","study_id":0,"datetime_start":"2026-06-15T20:49:36.159511"}
{"op_code":9,"worker_id":"07f4433d-8105-495f-a34c-ca24fea40e31-140001723334656","trial_id":164,"system_attr":{"nsga2:generation":3}}
{"op_code":5,"worker_id":"07f4433d-8105-495f-a34c-ca24fea40e31-140001723334656","trial_id":164,"param_name":"JointSlopeAngle","param_value_internal":0.47950346816021827,"distribution":"{\"name\": \"FloatDistribution\", \"attributes\": {\"step\": null, \"low\": 0.17453292519943295, \"high\": 1.0471975511965976, \"log\": false}}"}
{"op_code":5,"worker_id":"07f4433d-8105-495f-a34c-ca24fea40e31-140001723334656","trial_id":164,"param_name":"OuterRadius","param_value_internal":15.919381857059122,"distribution":"{\"name\": \"FloatDistribution\", \"attributes\": {\"step\": null, \"low\": 8.75, \"high\": 17.75, \"log\": false}}"}
{"op_code":5,"worker_id":"07f4433d-8105-495f-a34c-ca24fea40e31-140001723334656","trial_id":164,"param_name":"JointHeight","param_value_internal":7.5149255616794015,"distribution":"{\"name\": \"FloatDistribution\", \"attributes\": {\"step\": null, \"low\": 5.0, \"high\": 8.0, \"log\": false}}"}
{"op_code":5,"worker_id":"07f4433d-8105-495f-a34c-ca24fea40e31-140001723334656","trial_id":164,"param_name":"CavityCorkThickness","param_value_internal":2.405525650255897,"distribution":"{\"name\": \"FloatDistribution\", \"attributes\": {\"step\": null, \"low\": 2.0, \"high\": 5.0, \"log\": false}}"}
{"op_code":5,"worker_id":"07f4433d-8105-495f-a34c-ca24fea40e31-140001723334656","trial_id":164,"param_name":"BellowHeight","param_value_internal":9.873046074677653,"distribution":"{\"name\": \"FloatDistribution\", \"attributes\": {\"step\": null, \"low\": 6.0, \"high\": 10.0, \"log\": false}}"}
{"op_code":5,"worker_id":"07f4433d-8105-495f-a34c-ca24fea40e31-140001723334656","trial_id":164,"param_name":"WallThickness","param_value_internal":2.224254426673263,"distribution":"{\"name\": \"FloatDistribution\", \"attributes\": {\"step\": null, \"low\": 2.0, \"high\": 4.0, \"log\": false}}"}
{"op_code":5,"worker_id":"07f4433d-8105-495f-a34c-ca24fea40e31-140001723334656","trial_id":164,"param_name":"PlateauHeight","param_value_internal":3.670232198420761,"distribution":"{\"name\": \"FloatDistribution\", \"attributes\": {\"step\": null, \"low\": 2.0, \"high\": 4.0, \"log\": false}}"}
{"op_code":6,"worker_id":"07f4433d-8105-495f-a34c-ca24fea40e31-140001723334656","trial_id":164,"state":1,"values":[1684.7067007244837,0.3585766005750751],"datetime_complete":"2026-06-15T20:49:47.861129"}
{"op_code":4,"worker_id":"07f4433d-8105-495f-a34c-ca24fea40e31-140001723334656","study_id":0,"datetime_start":"2026-06-15T20:49:47.870955"}
{"op_code":9,"worker_id":"07f4433d-8105-495f-a34c-ca24fea40e31-140001723334656","trial_id":165,"system_attr":{"nsga2:generation":3}}
{"op_code":5,"worker_id":"07f4433d-8105-495f-a34c-ca24fea40e31-140001723334656","trial_id":165,"param_name":"JointSlopeAngle","param_value_internal":0.7011132302131908,"distribution":"{\"name\": \"FloatDistribution\", \"attributes\": {\"step\": null, \"low\": 0.17453292519943295, \"high\": 1.0471975511965976, \"log\": false}}"}
{"op_code":5,"worker_id":"07f4433d-8105-495f-a34c-ca24fea40e31-140001723334656","trial_id":165,"param_name":"OuterRadius","param_value_internal":16.01991644282559,"distribution":"{\"name\": \"FloatDistribution\", \"attributes\": {\"step\": null, \"low\": 8.75, \"high\": 17.75, \"log\": false}}"}
{"op_code":5,"worker_id":"07f4433d-8105-495f-a34c-ca24fea40e31-140001723334656","trial_id":165,"param_name":"JointHeight","param_value_internal":5.164685900790161,"distribution":"{\"name\": \"FloatDistribution\", \"attributes\": {\"step\": null, \"low\": 5.0, \"high\": 8.0, \"log\": false}}"}
{"op_code":5,"worker_id":"07f4433d-8105-495f-a34c-ca24fea40e31-140001723334656","trial_id":165,"param_name":"CavityCorkThickness","param_value_internal":3.9380848405105264,"distribution":"{\"name\": \"FloatDistribution\", \"attributes\": {\"step\": null, \"low\": 2.0, \"high\": 5.0, \"log\": false}}"}
{"op_code":5,"worker_id":"07f4433d-8105-495f-a34c-ca24fea40e31-140001723334656","trial_id":165,"param_name":"BellowHeight","param_value_internal":6.195109106762301,"distribution":"{\"name\": \"FloatDistribution\", \"attributes\": {\"step\": null, \"low\": 6.0, \"high\": 10.0, \"log\": false}}"}
{"op_code":5,"worker_id":"07f4433d-8105-495f-a34c-ca24fea40e31-140001723334656","trial_id":165,"param_name":"WallThickness","param_value_internal":2.224254426673263,"distribution":"{\"name\": \"FloatDistribution\", \"attributes\": {\"step\": null, \"low\": 2.0, \"high\": 4.0, \"log\": false}}"}
{"op_code":5,"worker_id":"07f4433d-8105-495f-a34c-ca24fea40e31-140001723334656","trial_id":165,"param_name":"PlateauHeight","param_value_internal":2.1439004333582736,"distribution":"{\"name\": \"FloatDistribution\", \"attributes\": {\"step\": null, \"low\": 2.0, \"high\": 4.0, \"log\": false}}"}
{"op_code":6,"worker_id":"07f4433d-8105-495f-a34c-ca24fea40e31-140001723334656","trial_id":165,"state":1,"values":[886.213730751773,0.4271780851643938],"datetime_complete":"2026-06-15T20:49:59.113473"}
{"op_code":4,"worker_id":"07f4433d-8105-495f-a34c-ca24fea40e31-140001723334656","study_id":0,"datetime_start":"2026-06-15T20:49:59.124318"}
{"op_code":9,"worker_id":"07f4433d-8105-495f-a34c-ca24fea40e31-140001723334656","trial_id":166,"system_attr":{"nsga2:generation":3}}
{"op_code":5,"worker_id":"07f4433d-8105-495f-a34c-ca24fea40e31-140001723334656","trial_id":166,"param_name":"JointSlopeAngle","param_value_internal":0.7011132302131908,"distribution":"{\"name\": \"FloatDistribution\", \"attributes\": {\"step\": null, \"low\": 0.17453292519943295, \"high\": 1.0471975511965976, \"log\": false}}"}
{"op_code":5,"worker_id":"07f4433d-8105-495f-a34c-ca24fea40e31-140001723334656","trial_id":166,"param_name":"OuterRadius","param_value_internal":16.354014784105203,"distribution":"{\"name\": \"FloatDistribution\", \"attributes\": {\"step\": null, \"low\": 8.75, \"high\": 17.75, \"log\": false}}"}
{"op_code":5,"worker_id":"07f4433d-8105-495f-a34c-ca24fea40e31-140001723334656","trial_id":166,"param_name":"JointHeight","param_value_internal":5.522588836569238,"distribution":"{\"name\": \"FloatDistribution\", \"attributes\": {\"step\": null, \"low\": 5.0, \"high\": 8.0, \"log\": false}}"}
{"op_code":5,"worker_id":"07f4433d-8105-495f-a34c-ca24fea40e31-140001723334656","trial_id":166,"param_name":"CavityCorkThickness","param_value_internal":3.178777320592155,"distribution":"{\"name\": \"FloatDistribution\", \"attributes\": {\"step\": null, \"low\": 2.0, \"high\": 5.0, \"log\": false}}"}
{"op_code":5,"worker_id":"07f4433d-8105-495f-a34c-ca24fea40e31-140001723334656","trial_id":166,"param_name":"BellowHeight","param_value_internal":9.741185669127688,"distribution":"{\"name\": \"FloatDistribution\", \"attributes\": {\"step\": null, \"low\": 6.0, \"high\": 10.0, \"log\": false}}"}
{"op_code":5,"worker_id":"07f4433d-8105-495f-a34c-ca24fea40e31-140001723334656","trial_id":166,"param_name":"WallThickness","param_value_internal":2.3242245184732684,"distribution":"{\"name\": \"FloatDistribution\", \"attributes\": {\"step\": null, \"low\": 2.0, \"high\": 4.0, \"log\": false}}"}
{"op_code":5,"worker_id":"07f4433d-8105-495f-a34c-ca24fea40e31-140001723334656","trial_id":166,"param_name":"PlateauHeight","param_value_internal":2.138634336533139,"distribution":"{\"name\": \"FloatDistribution\", \"attributes\": {\"step\": null, \"low\": 2.0, \"high\": 4.0, \"log\": false}}"}
{"op_code":6,"worker_id":"07f4433d-8105-495f-a34c-ca24fea40e31-140001723334656","trial_id":166,"state":1,"values":[1420.4472162831248,0.4232121637932874],"datetime_complete":"2026-06-15T20:50:11.190665"}
{"op_code":4,"worker_id":"07f4433d-8105-495f-a34c-ca24fea40e31-140001723334656","study_id":0,"datetime_start":"2026-06-15T20:50:11.200925"}
{"op_code":9,"worker_id":"07f4433d-8105-495f-a34c-ca24fea40e31-140001723334656","trial_id":167,"system_attr":{"nsga2:generation":3}}
{"op_code":5,"worker_id":"07f4433d-8105-495f-a34c-ca24fea40e31-140001723334656","trial_id":167,"param_name":"JointSlopeAngle","param_value_internal":1.0461841385024202,"distribution":"{\"name\": \"FloatDistribution\", \"attributes\": {\"step\": null, \"low\": 0.17453292519943295, \"high\": 1.0471975511965976, \"log\": false}}"}
{"op_code":5,"worker_id":"07f4433d-8105-495f-a34c-ca24fea40e31-140001723334656","trial_id":167,"param_name":"OuterRadius","param_value_internal":16.977844352752932,"distribution":"{\"name\": \"FloatDistribution\", \"attributes\": {\"step\": null, \"low\": 8.75, \"high\": 17.75, \"log\": false}}"}
{"op_code":5,"worker_id":"07f4433d-8105-495f-a34c-ca24fea40e31-140001723334656","trial_id":167,"param_name":"JointHeight","param_value_internal":7.813566182682949,"distribution":"{\"name\": \"FloatDistribution\", \"attributes\": {\"step\": null, \"low\": 5.0, \"high\": 8.0, \"log\": false}}"}
{"op_code":5,"worker_id":"07f4433d-8105-495f-a34c-ca24fea40e31-140001723334656","trial_id":167,"param_name":"CavityCorkThickness","param_value_internal":4.1768162132779585,"distribution":"{\"name\": \"FloatDistribution\", \"attributes\": {\"step\": null, \"low\": 2.0, \"high\": 5.0, \"log\": false}}"}
{"op_code":5,"worker_id":"07f4433d-8105-495f-a34c-ca24fea40e31-140001723334656","trial_id":167,"param_name":"BellowHeight","param_value_internal":7.903390679516377,"distribution":"{\"name\": \"FloatDistribution\", \"attributes\": {\"step\": null, \"low\": 6.0, \"high\": 10.0, \"log\": false}}"}
{"op_code":5,"worker_id":"07f4433d-8105-495f-a34c-ca24fea40e31-140001723334656","trial_id":167,"param_name":"WallThickness","param_value_internal":2.0317673570817805,"distribution":"{\"name\": \"FloatDistribution\", \"attributes\": {\"step\": null, \"low\": 2.0, \"high\": 4.0, \"log\": false}}"}
{"op_code":5,"worker_id":"07f4433d-8105-495f-a34c-ca24fea40e31-140001723334656","trial_id":167,"param_name":"PlateauHeight","param_value_internal":2.909876511783005,"distribution":"{\"name\": \"FloatDistribution\", \"attributes\": {\"step\": null, \"low\": 2.0, \"high\": 4.0, \"log\": false}}"}
{"op_code":0,"worker_id":"a69528c1-accc-4a39-92ba-9c440c19beb9-139860006273024","study_name":"SensorFinger_21_optuna_evolutionary","directions":[2,2]}
{"op_code":0,"worker_id":"a0f83084-7715-4269-8002-ea370d8b8276-139744917196800","study_name":"SensorFinger_21_optuna_evolutionary","directions":[2,2]}
{"op_code":0,"worker_id":"a69528c1-accc-4a39-92ba-9c440c19beb9-139860006273024","study_name":"SensorFinger_21_optuna_evolutionary","directions":[2,2]}
{"op_code":0,"worker_id":"32f1eeeb-90c0-49f9-a98c-0d2e64947313-140565598060544","study_name":"SensorFinger_21_optuna_evolutionary","directions":[2,2]}
{"op_code":0,"worker_id":"bf9fd7a3-033f-446d-9a1f-5b1996939af3-140073594007552","study_name":"SensorFinger_21_optuna_evolutionary","directions":[2,2]}
{"op_code":0,"worker_id":"32f1eeeb-90c0-49f9-a98c-0d2e64947313-140565598060544","study_name":"SensorFinger_21_optuna_evolutionary","directions":[2,2]}
{"op_code":0,"worker_id":"a0f83084-7715-4269-8002-ea370d8b8276-139744917196800","study_name":"SensorFinger_21_optuna_evolutionary","directions":[2,2]}
{"op_code":0,"worker_id":"bf9fd7a3-033f-446d-9a1f-5b1996939af3-140073594007552","study_name":"SensorFinger_21_optuna_evolutionary","directions":[2,2]}
{"op_code":4,"worker_id":"32f1eeeb-90c0-49f9-a98c-0d2e64947313-140565598060544","study_id":0,"datetime_start":"2026-06-16T05:05:17.472290"}
{"op_code":4,"worker_id":"a0f83084-7715-4269-8002-ea370d8b8276-139744917196800","study_id":0,"datetime_start":"2026-06-16T05:05:17.477460"}
{"op_code":4,"worker_id":"bf9fd7a3-033f-446d-9a1f-5b1996939af3-140073594007552","study_id":0,"datetime_start":"2026-06-16T05:05:17.484287"}
{"op_code":4,"worker_id":"a69528c1-accc-4a39-92ba-9c440c19beb9-139860006273024","study_id":0,"datetime_start":"2026-06-16T05:05:17.456246"}
{"op_code":0,"worker_id":"7bfacbca-6835-4678-b82a-feb16f2bcda8-139714752176128","study_name":"SensorFinger_21_optuna_evolutionary","directions":[2,2]}
{"op_code":0,"worker_id":"7bfacbca-6835-4678-b82a-feb16f2bcda8-139714752176128","study_name":"SensorFinger_21_optuna_evolutionary","directions":[2,2]}
{"op_code":9,"worker_id":"32f1eeeb-90c0-49f9-a98c-0d2e64947313-140565598060544","trial_id":168,"system_attr":{"nsga2:generation":3}}
{"op_code":9,"worker_id":"a0f83084-7715-4269-8002-ea370d8b8276-139744917196800","trial_id":169,"system_attr":{"nsga2:generation":3}}
{"op_code":9,"worker_id":"bf9fd7a3-033f-446d-9a1f-5b1996939af3-140073594007552","trial_id":170,"system_attr":{"nsga2:generation":3}}
{"op_code":5,"worker_id":"32f1eeeb-90c0-49f9-a98c-0d2e64947313-140565598060544","trial_id":168,"param_name":"JointSlopeAngle","param_value_internal":0.9367054297789487,"distribution":"{\"name\": \"FloatDistribution\", \"attributes\": {\"step\": null, \"low\": 0.17453292519943295, \"high\": 1.0471975511965976, \"log\": false}}"}
{"op_code":4,"worker_id":"7bfacbca-6835-4678-b82a-feb16f2bcda8-139714752176128","study_id":0,"datetime_start":"2026-06-16T05:05:17.523579"}
{"op_code":5,"worker_id":"32f1eeeb-90c0-49f9-a98c-0d2e64947313-140565598060544","trial_id":168,"param_name":"OuterRadius","param_value_internal":15.088662758762611,"distribution":"{\"name\": \"FloatDistribution\", \"attributes\": {\"step\": null, \"low\": 8.75, \"high\": 17.75, \"log\": false}}"}
{"op_code":9,"worker_id":"a69528c1-accc-4a39-92ba-9c440c19beb9-139860006273024","trial_id":171,"system_attr":{"nsga2:generation":3}}
{"op_code":5,"worker_id":"a0f83084-7715-4269-8002-ea370d8b8276-139744917196800","trial_id":169,"param_name":"JointSlopeAngle","param_value_internal":0.8272457351358277,"distribution":"{\"name\": \"FloatDistribution\", \"attributes\": {\"step\": null, \"low\": 0.17453292519943295, \"high\": 1.0471975511965976, \"log\": false}}"}
{"op_code":5,"worker_id":"a69528c1-accc-4a39-92ba-9c440c19beb9-139860006273024","trial_id":171,"param_name":"JointSlopeAngle","param_value_internal":0.8040118756789952,"distribution":"{\"name\": \"FloatDistribution\", \"attributes\": {\"step\": null, \"low\": 0.17453292519943295, \"high\": 1.0471975511965976, \"log\": false}}"}
{"op_code":5,"worker_id":"a0f83084-7715-4269-8002-ea370d8b8276-139744917196800","trial_id":169,"param_name":"OuterRadius","param_value_internal":14.489373048556564,"distribution":"{\"name\": \"FloatDistribution\", \"attributes\": {\"step\": null, \"low\": 8.75, \"high\": 17.75, \"log\": false}}"}
{"op_code":5,"worker_id":"a69528c1-accc-4a39-92ba-9c440c19beb9-139860006273024","trial_id":171,"param_name":"OuterRadius","param_value_internal":16.01991644282559,"distribution":"{\"name\": \"FloatDistribution\", \"attributes\": {\"step\": null, \"low\": 8.75, \"high\": 17.75, \"log\": false}}"}
{"op_code":9,"worker_id":"7bfacbca-6835-4678-b82a-feb16f2bcda8-139714752176128","trial_id":172,"system_attr":{"nsga2:generation":3}}
{"op_code":5,"worker_id":"bf9fd7a3-033f-446d-9a1f-5b1996939af3-140073594007552","trial_id":170,"param_name":"JointSlopeAngle","param_value_internal":0.5711611248199034,"distribution":"{\"name\": \"FloatDistribution\", \"attributes\": {\"step\": null, \"low\": 0.17453292519943295, \"high\": 1.0471975511965976, \"log\": false}}"}
{"op_code":5,"worker_id":"7bfacbca-6835-4678-b82a-feb16f2bcda8-139714752176128","trial_id":172,"param_name":"JointSlopeAngle","param_value_internal":0.7447825655413925,"distribution":"{\"name\": \"FloatDistribution\", \"attributes\": {\"step\": null, \"low\": 0.17453292519943295, \"high\": 1.0471975511965976, \"log\": false}}"}
{"op_code":5,"worker_id":"bf9fd7a3-033f-446d-9a1f-5b1996939af3-140073594007552","trial_id":170,"param_name":"OuterRadius","param_value_internal":13.571106070446115,"distribution":"{\"name\": \"FloatDistribution\", \"attributes\": {\"step\": null, \"low\": 8.75, \"high\": 17.75, \"log\": false}}"}
{"op_code":5,"worker_id":"7bfacbca-6835-4678-b82a-feb16f2bcda8-139714752176128","trial_id":172,"param_name":"OuterRadius","param_value_internal":17.075028363337864,"distribution":"{\"name\": \"FloatDistribution\", \"attributes\": {\"step\": null, \"low\": 8.75, \"high\": 17.75, \"log\": false}}"}
{"op_code":5,"worker_id":"bf9fd7a3-033f-446d-9a1f-5b1996939af3-140073594007552","trial_id":170,"param_name":"JointHeight","param_value_internal":6.653137446809373,"distribution":"{\"name\": \"FloatDistribution\", \"attributes\": {\"step\": null, \"low\": 5.0, \"high\": 8.0, \"log\": false}}"}
{"op_code":5,"worker_id":"7bfacbca-6835-4678-b82a-feb16f2bcda8-139714752176128","trial_id":172,"param_name":"JointHeight","param_value_internal":5.43133360197518,"distribution":"{\"name\": \"FloatDistribution\", \"attributes\": {\"step\": null, \"low\": 5.0, \"high\": 8.0, \"log\": false}}"}
{"op_code":5,"worker_id":"a0f83084-7715-4269-8002-ea370d8b8276-139744917196800","trial_id":169,"param_name":"JointHeight","param_value_internal":5.322153673362866,"distribution":"{\"name\": \"FloatDistribution\", \"attributes\": {\"step\": null, \"low\": 5.0, \"high\": 8.0, \"log\": false}}"}
{"op_code":5,"worker_id":"a69528c1-accc-4a39-92ba-9c440c19beb9-139860006273024","trial_id":171,"param_name":"JointHeight","param_value_internal":6.248104653408197,"distribution":"{\"name\": \"FloatDistribution\", \"attributes\": {\"step\": null, \"low\": 5.0, \"high\": 8.0, \"log\": false}}"}
{"op_code":5,"worker_id":"a0f83084-7715-4269-8002-ea370d8b8276-139744917196800","trial_id":169,"param_name":"CavityCorkThickness","param_value_internal":3.178777320592155,"distribution":"{\"name\": \"FloatDistribution\", \"attributes\": {\"step\": null, \"low\": 2.0, \"high\": 5.0, \"log\": false}}"}
{"op_code":5,"worker_id":"a0f83084-7715-4269-8002-ea370d8b8276-139744917196800","trial_id":169,"param_name":"BellowHeight","param_value_internal":9.741185669127688,"distribution":"{\"name\": \"FloatDistribution\", \"attributes\": {\"step\": null, \"low\": 6.0, \"high\": 10.0, \"log\": false}}"}
{"op_code":5,"worker_id":"a69528c1-accc-4a39-92ba-9c440c19beb9-139860006273024","trial_id":171,"param_name":"CavityCorkThickness","param_value_internal":4.1768162132779585,"distribution":"{\"name\": \"FloatDistribution\", \"attributes\": {\"step\": null, \"low\": 2.0, \"high\": 5.0, \"log\": false}}"}
{"op_code":5,"worker_id":"7bfacbca-6835-4678-b82a-feb16f2bcda8-139714752176128","trial_id":172,"param_name":"CavityCorkThickness","param_value_internal":3.5276492347621415,"distribution":"{\"name\": \"FloatDistribution\", \"attributes\": {\"step\": null, \"low\": 2.0, \"high\": 5.0, \"log\": false}}"}
{"op_code":5,"worker_id":"a69528c1-accc-4a39-92ba-9c440c19beb9-139860006273024","trial_id":171,"param_name":"BellowHeight","param_value_internal":6.959443735930742,"distribution":"{\"name\": \"FloatDistribution\", \"attributes\": {\"step\": null, \"low\": 6.0, \"high\": 10.0, \"log\": false}}"}
{"op_code":5,"worker_id":"7bfacbca-6835-4678-b82a-feb16f2bcda8-139714752176128","trial_id":172,"param_name":"BellowHeight","param_value_internal":9.873046074677653,"distribution":"{\"name\": \"FloatDistribution\", \"attributes\": {\"step\": null, \"low\": 6.0, \"high\": 10.0, \"log\": false}}"}
{"op_code":5,"worker_id":"a69528c1-accc-4a39-92ba-9c440c19beb9-139860006273024","trial_id":171,"param_name":"WallThickness","param_value_internal":3.8610872931365865,"distribution":"{\"name\": \"FloatDistribution\", \"attributes\": {\"step\": null, \"low\": 2.0, \"high\": 4.0, \"log\": false}}"}
{"op_code":5,"worker_id":"7bfacbca-6835-4678-b82a-feb16f2bcda8-139714752176128","trial_id":172,"param_name":"WallThickness","param_value_internal":2.742974654550793,"distribution":"{\"name\": \"FloatDistribution\", \"attributes\": {\"step\": null, \"low\": 2.0, \"high\": 4.0, \"log\": false}}"}
{"op_code":5,"worker_id":"a69528c1-accc-4a39-92ba-9c440c19beb9-139860006273024","trial_id":171,"param_name":"PlateauHeight","param_value_internal":2.1439004333582736,"distribution":"{\"name\": \"FloatDistribution\", \"attributes\": {\"step\": null, \"low\": 2.0, \"high\": 4.0, \"log\": false}}"}
{"op_code":5,"worker_id":"7bfacbca-6835-4678-b82a-feb16f2bcda8-139714752176128","trial_id":172,"param_name":"PlateauHeight","param_value_internal":3.670232198420761,"distribution":"{\"name\": \"FloatDistribution\", \"attributes\": {\"step\": null, \"low\": 2.0, \"high\": 4.0, \"log\": false}}"}
{"op_code":5,"worker_id":"a0f83084-7715-4269-8002-ea370d8b8276-139744917196800","trial_id":169,"param_name":"WallThickness","param_value_internal":2.2203697478074336,"distribution":"{\"name\": \"FloatDistribution\", \"attributes\": {\"step\": null, \"low\": 2.0, \"high\": 4.0, \"log\": false}}"}
{"op_code":5,"worker_id":"a0f83084-7715-4269-8002-ea370d8b8276-139744917196800","trial_id":169,"param_name":"PlateauHeight","param_value_internal":2.5455622044901745,"distribution":"{\"name\": \"FloatDistribution\", \"attributes\": {\"step\": null, \"low\": 2.0, \"high\": 4.0, \"log\": false}}"}
{"op_code":5,"worker_id":"32f1eeeb-90c0-49f9-a98c-0d2e64947313-140565598060544","trial_id":168,"param_name":"JointHeight","param_value_internal":6.653137446809373,"distribution":"{\"name\": \"FloatDistribution\", \"attributes\": {\"step\": null, \"low\": 5.0, \"high\": 8.0, \"log\": false}}"}
{"op_code":5,"worker_id":"32f1eeeb-90c0-49f9-a98c-0d2e64947313-140565598060544","trial_id":168,"param_name":"CavityCorkThickness","param_value_internal":2.7765901524213583,"distribution":"{\"name\": \"FloatDistribution\", \"attributes\": {\"step\": null, \"low\": 2.0, \"high\": 5.0, \"log\": false}}"}
{"op_code":5,"worker_id":"32f1eeeb-90c0-49f9-a98c-0d2e64947313-140565598060544","trial_id":168,"param_name":"BellowHeight","param_value_internal":8.329643064751066,"distribution":"{\"name\": \"FloatDistribution\", \"attributes\": {\"step\": null, \"low\": 6.0, \"high\": 10.0, \"log\": false}}"}
{"op_code":5,"worker_id":"32f1eeeb-90c0-49f9-a98c-0d2e64947313-140565598060544","trial_id":168,"param_name":"WallThickness","param_value_internal":2.6764815858461417,"distribution":"{\"name\": \"FloatDistribution\", \"attributes\": {\"step\": null, \"low\": 2.0, \"high\": 4.0, \"log\": false}}"}
{"op_code":5,"worker_id":"32f1eeeb-90c0-49f9-a98c-0d2e64947313-140565598060544","trial_id":168,"param_name":"PlateauHeight","param_value_internal":3.5159505279966643,"distribution":"{\"name\": \"FloatDistribution\", \"attributes\": {\"step\": null, \"low\": 2.0, \"high\": 4.0, \"log\": false}}"}
{"op_code":5,"worker_id":"bf9fd7a3-033f-446d-9a1f-5b1996939af3-140073594007552","trial_id":170,"param_name":"CavityCorkThickness","param_value_internal":2.405525650255897,"distribution":"{\"name\": \"FloatDistribution\", \"attributes\": {\"step\": null, \"low\": 2.0, \"high\": 5.0, \"log\": false}}"}
{"op_code":5,"worker_id":"bf9fd7a3-033f-446d-9a1f-5b1996939af3-140073594007552","trial_id":170,"param_name":"BellowHeight","param_value_internal":9.873046074677653,"distribution":"{\"name\": \"FloatDistribution\", \"attributes\": {\"step\": null, \"low\": 6.0, \"high\": 10.0, \"log\": false}}"}
{"op_code":5,"worker_id":"bf9fd7a3-033f-446d-9a1f-5b1996939af3-140073594007552","trial_id":170,"param_name":"WallThickness","param_value_internal":2.4032800697798935,"distribution":"{\"name\": \"FloatDistribution\", \"attributes\": {\"step\": null, \"low\": 2.0, \"high\": 4.0, \"log\": false}}"}
{"op_code":5,"worker_id":"bf9fd7a3-033f-446d-9a1f-5b1996939af3-140073594007552","trial_id":170,"param_name":"PlateauHeight","param_value_internal":3.670232198420761,"distribution":"{\"name\": \"FloatDistribution\", \"attributes\": {\"step\": null, \"low\": 2.0, \"high\": 4.0, \"log\": false}}"}
{"op_code":6,"worker_id":"a0f83084-7715-4269-8002-ea370d8b8276-139744917196800","trial_id":169,"state":1,"values":[1074.0445585320206,0.4694351982645018],"datetime_complete":"2026-06-16T05:05:31.546661"}
{"op_code":4,"worker_id":"a0f83084-7715-4269-8002-ea370d8b8276-139744917196800","study_id":0,"datetime_start":"2026-06-16T05:05:31.557954"}
{"op_code":9,"worker_id":"a0f83084-7715-4269-8002-ea370d8b8276-139744917196800","trial_id":173,"system_attr":{"nsga2:generation":3}}
{"op_code":5,"worker_id":"a0f83084-7715-4269-8002-ea370d8b8276-139744917196800","trial_id":173,"param_name":"JointSlopeAngle","param_value_internal":0.9564762255587863,"distribution":"{\"name\": \"FloatDistribution\", \"attributes\": {\"step\": null, \"low\": 0.17453292519943295, \"high\": 1.0471975511965976, \"log\": false}}"}
{"op_code":5,"worker_id":"a0f83084-7715-4269-8002-ea370d8b8276-139744917196800","trial_id":173,"param_name":"OuterRadius","param_value_internal":15.57406193770872,"distribution":"{\"name\": \"FloatDistribution\", \"attributes\": {\"step\": null, \"low\": 8.75, \"high\": 17.75, \"log\": false}}"}
{"op_code":5,"worker_id":"a0f83084-7715-4269-8002-ea370d8b8276-139744917196800","trial_id":173,"param_name":"JointHeight","param_value_internal":5.716382835363509,"distribution":"{\"name\": \"FloatDistribution\", \"attributes\": {\"step\": null, \"low\": 5.0, \"high\": 8.0, \"log\": false}}"}
{"op_code":5,"worker_id":"a0f83084-7715-4269-8002-ea370d8b8276-139744917196800","trial_id":173,"param_name":"CavityCorkThickness","param_value_internal":4.336022402509629,"distribution":"{\"name\": \"FloatDistribution\", \"attributes\": {\"step\": null, \"low\": 2.0, \"high\": 5.0, \"log\": false}}"}
{"op_code":5,"worker_id":"a0f83084-7715-4269-8002-ea370d8b8276-139744917196800","trial_id":173,"param_name":"BellowHeight","param_value_internal":8.302865783654472,"distribution":"{\"name\": \"FloatDistribution\", \"attributes\": {\"step\": null, \"low\": 6.0, \"high\": 10.0, \"log\": false}}"}
{"op_code":5,"worker_id":"a0f83084-7715-4269-8002-ea370d8b8276-139744917196800","trial_id":173,"param_name":"WallThickness","param_value_internal":2.1272897774960953,"distribution":"{\"name\": \"FloatDistribution\", \"attributes\": {\"step\": null, \"low\": 2.0, \"high\": 4.0, \"log\": false}}"}
{"op_code":5,"worker_id":"a0f83084-7715-4269-8002-ea370d8b8276-139744917196800","trial_id":173,"param_name":"PlateauHeight","param_value_internal":3.5159505279966643,"distribution":"{\"name\": \"FloatDistribution\", \"attributes\": {\"step\": null, \"low\": 2.0, \"high\": 4.0, \"log\": false}}"}
{"op_code":6,"worker_id":"a69528c1-accc-4a39-92ba-9c440c19beb9-139860006273024","trial_id":171,"state":1,"values":[612.8832805027265,0.4468427395958095],"datetime_complete":"2026-06-16T05:05:31.627382"}
{"op_code":4,"worker_id":"a69528c1-accc-4a39-92ba-9c440c19beb9-139860006273024","study_id":0,"datetime_start":"2026-06-16T05:05:31.637960"}
{"op_code":9,"worker_id":"a69528c1-accc-4a39-92ba-9c440c19beb9-139860006273024","trial_id":174,"system_attr":{"nsga2:generation":3}}
{"op_code":5,"worker_id":"a69528c1-accc-4a39-92ba-9c440c19beb9-139860006273024","trial_id":174,"param_name":"JointSlopeAngle","param_value_internal":0.8272457351358277,"distribution":"{\"name\": \"FloatDistribution\", \"attributes\": {\"step\": null, \"low\": 0.17453292519943295, \"high\": 1.0471975511965976, \"log\": false}}"}
{"op_code":5,"worker_id":"a69528c1-accc-4a39-92ba-9c440c19beb9-139860006273024","trial_id":174,"param_name":"OuterRadius","param_value_internal":14.489373048556564,"distribution":"{\"name\": \"FloatDistribution\", \"attributes\": {\"step\": null, \"low\": 8.75, \"high\": 17.75, \"log\": false}}"}
{"op_code":5,"worker_id":"a69528c1-accc-4a39-92ba-9c440c19beb9-139860006273024","trial_id":174,"param_name":"JointHeight","param_value_internal":5.322153673362866,"distribution":"{\"name\": \"FloatDistribution\", \"attributes\": {\"step\": null, \"low\": 5.0, \"high\": 8.0, \"log\": false}}"}
{"op_code":5,"worker_id":"a69528c1-accc-4a39-92ba-9c440c19beb9-139860006273024","trial_id":174,"param_name":"CavityCorkThickness","param_value_internal":3.7037676631191796,"distribution":"{\"name\": \"FloatDistribution\", \"attributes\": {\"step\": null, \"low\": 2.0, \"high\": 5.0, \"log\": false}}"}
{"op_code":5,"worker_id":"a69528c1-accc-4a39-92ba-9c440c19beb9-139860006273024","trial_id":174,"param_name":"BellowHeight","param_value_internal":8.329643064751066,"distribution":"{\"name\": \"FloatDistribution\", \"attributes\": {\"step\": null, \"low\": 6.0, \"high\": 10.0, \"log\": false}}"}
{"op_code":5,"worker_id":"a69528c1-accc-4a39-92ba-9c440c19beb9-139860006273024","trial_id":174,"param_name":"WallThickness","param_value_internal":2.2203697478074336,"distribution":"{\"name\": \"FloatDistribution\", \"attributes\": {\"step\": null, \"low\": 2.0, \"high\": 4.0, \"log\": false}}"}
{"op_code":5,"worker_id":"a69528c1-accc-4a39-92ba-9c440c19beb9-139860006273024","trial_id":174,"param_name":"PlateauHeight","param_value_internal":3.5159505279966643,"distribution":"{\"name\": \"FloatDistribution\", \"attributes\": {\"step\": null, \"low\": 2.0, \"high\": 4.0, \"log\": false}}"}
{"op_code":6,"worker_id":"bf9fd7a3-033f-446d-9a1f-5b1996939af3-140073594007552","trial_id":170,"state":1,"values":[1062.6644156000382,0.31561609208371466],"datetime_complete":"2026-06-16T05:05:32.103972"}
{"op_code":4,"worker_id":"bf9fd7a3-033f-446d-9a1f-5b1996939af3-140073594007552","study_id":0,"datetime_start":"2026-06-16T05:05:32.114213"}
{"op_code":9,"worker_id":"bf9fd7a3-033f-446d-9a1f-5b1996939af3-140073594007552","trial_id":175,"system_attr":{"nsga2:generation":3}}
{"op_code":5,"worker_id":"bf9fd7a3-033f-446d-9a1f-5b1996939af3-140073594007552","trial_id":175,"param_name":"JointSlopeAngle","param_value_internal":0.7101123787546164,"distribution":"{\"name\": \"FloatDistribution\", \"attributes\": {\"step\": null, \"low\": 0.17453292519943295, \"high\": 1.0471975511965976, \"log\": false}}"}
{"op_code":5,"worker_id":"bf9fd7a3-033f-446d-9a1f-5b1996939af3-140073594007552","trial_id":175,"param_name":"OuterRadius","param_value_internal":16.032810961490206,"distribution":"{\"name\": \"FloatDistribution\", \"attributes\": {\"step\": null, \"low\": 8.75, \"high\": 17.75, \"log\": false}}"}
{"op_code":5,"worker_id":"bf9fd7a3-033f-446d-9a1f-5b1996939af3-140073594007552","trial_id":175,"param_name":"JointHeight","param_value_internal":5.008439788606394,"distribution":"{\"name\": \"FloatDistribution\", \"attributes\": {\"step\": null, \"low\": 5.0, \"high\": 8.0, \"log\": false}}"}
{"op_code":5,"worker_id":"bf9fd7a3-033f-446d-9a1f-5b1996939af3-140073594007552","trial_id":175,"param_name":"CavityCorkThickness","param_value_internal":4.1768162132779585,"distribution":"{\"name\": \"FloatDistribution\", \"attributes\": {\"step\": null, \"low\": 2.0, \"high\": 5.0, \"log\": false}}"}
{"op_code":5,"worker_id":"bf9fd7a3-033f-446d-9a1f-5b1996939af3-140073594007552","trial_id":175,"param_name":"BellowHeight","param_value_internal":6.738453871007,"distribution":"{\"name\": \"FloatDistribution\", \"attributes\": {\"step\": null, \"low\": 6.0, \"high\": 10.0, \"log\": false}}"}
{"op_code":5,"worker_id":"bf9fd7a3-033f-446d-9a1f-5b1996939af3-140073594007552","trial_id":175,"param_name":"WallThickness","param_value_internal":2.4880332133968683,"distribution":"{\"name\": \"FloatDistribution\", \"attributes\": {\"step\": null, \"low\": 2.0, \"high\": 4.0, \"log\": false}}"}
{"op_code":5,"worker_id":"bf9fd7a3-033f-446d-9a1f-5b1996939af3-140073594007552","trial_id":175,"param_name":"PlateauHeight","param_value_internal":2.0074743248455853,"distribution":"{\"name\": \"FloatDistribution\", \"attributes\": {\"step\": null, \"low\": 2.0, \"high\": 4.0, \"log\": false}}"}
{"op_code":6,"worker_id":"32f1eeeb-90c0-49f9-a98c-0d2e64947313-140565598060544","trial_id":168,"state":1,"values":[1113.2639233554119,0.45787529078153294],"datetime_complete":"2026-06-16T05:05:32.169282"}
{"op_code":4,"worker_id":"32f1eeeb-90c0-49f9-a98c-0d2e64947313-140565598060544","study_id":0,"datetime_start":"2026-06-16T05:05:32.178590"}
{"op_code":9,"worker_id":"32f1eeeb-90c0-49f9-a98c-0d2e64947313-140565598060544","trial_id":176,"system_attr":{"nsga2:generation":3}}
{"op_code":5,"worker_id":"32f1eeeb-90c0-49f9-a98c-0d2e64947313-140565598060544","trial_id":176,"param_name":"JointSlopeAngle","param_value_internal":0.8529923524068651,"distribution":"{\"name\": \"FloatDistribution\", \"attributes\": {\"step\": null, \"low\": 0.17453292519943295, \"high\": 1.0471975511965976, \"log\": false}}"}
{"op_code":5,"worker_id":"32f1eeeb-90c0-49f9-a98c-0d2e64947313-140565598060544","trial_id":176,"param_name":"OuterRadius","param_value_internal":11.673805231703254,"distribution":"{\"name\": \"FloatDistribution\", \"attributes\": {\"step\": null, \"low\": 8.75, \"high\": 17.75, \"log\": false}}"}
{"op_code":5,"worker_id":"32f1eeeb-90c0-49f9-a98c-0d2e64947313-140565598060544","trial_id":176,"param_name":"JointHeight","param_value_internal":6.352359112020677,"distribution":"{\"name\": \"FloatDistribution\", \"attributes\": {\"step\": null, \"low\": 5.0, \"high\": 8.0, \"log\": false}}"}
{"op_code":5,"worker_id":"32f1eeeb-90c0-49f9-a98c-0d2e64947313-140565598060544","trial_id":176,"param_name":"CavityCorkThickness","param_value_internal":2.2004154780939267,"distribution":"{\"name\": \"FloatDistribution\", \"attributes\": {\"step\": null, \"low\": 2.0, \"high\": 5.0, \"log\": false}}"}
{"op_code":5,"worker_id":"32f1eeeb-90c0-49f9-a98c-0d2e64947313-140565598060544","trial_id":176,"param_name":"BellowHeight","param_value_internal":9.540301588782413,"distribution":"{\"name\": \"FloatDistribution\", \"attributes\": {\"step\": null, \"low\": 6.0, \"high\": 10.0, \"log\": false}}"}
{"op_code":5,"worker_id":"32f1eeeb-90c0-49f9-a98c-0d2e64947313-140565598060544","trial_id":176,"param_name":"WallThickness","param_value_internal":2.00165388978446,"distribution":"{\"name\": \"FloatDistribution\", \"attributes\": {\"step\": null, \"low\": 2.0, \"high\": 4.0, \"log\": false}}"}
{"op_code":5,"worker_id":"32f1eeeb-90c0-49f9-a98c-0d2e64947313-140565598060544","trial_id":176,"param_name":"PlateauHeight","param_value_internal":3.3975645466712336,"distribution":"{\"name\": \"FloatDistribution\", \"attributes\": {\"step\": null, \"low\": 2.0, \"high\": 4.0, \"log\": false}}"}
{"op_code":6,"worker_id":"7bfacbca-6835-4678-b82a-feb16f2bcda8-139714752176128","trial_id":172,"state":1,"values":[1565.987317723656,0.41241094862269373],"datetime_complete":"2026-06-16T05:05:32.833610"}
{"op_code":4,"worker_id":"7bfacbca-6835-4678-b82a-feb16f2bcda8-139714752176128","study_id":0,"datetime_start":"2026-06-16T05:05:32.844551"}
{"op_code":9,"worker_id":"7bfacbca-6835-4678-b82a-feb16f2bcda8-139714752176128","trial_id":177,"system_attr":{"nsga2:generation":3}}
{"op_code":5,"worker_id":"7bfacbca-6835-4678-b82a-feb16f2bcda8-139714752176128","trial_id":177,"param_name":"JointSlopeAngle","param_value_internal":0.855828160898747,"distribution":"{\"name\": \"FloatDistribution\", \"attributes\": {\"step\": null, \"low\": 0.17453292519943295, \"high\": 1.0471975511965976, \"log\": false}}"}
{"op_code":5,"worker_id":"7bfacbca-6835-4678-b82a-feb16f2bcda8-139714752176128","trial_id":177,"param_name":"OuterRadius","param_value_internal":15.919381857059122,"distribution":"{\"name\": \"FloatDistribution\", \"attributes\": {\"step\": null, \"low\": 8.75, \"high\": 17.75, \"log\": false}}"}
{"op_code":5,"worker_id":"7bfacbca-6835-4678-b82a-feb16f2bcda8-139714752176128","trial_id":177,"param_name":"JointHeight","param_value_internal":7.5149255616794015,"distribution":"{\"name\": \"FloatDistribution\", \"attributes\": {\"step\": null, \"low\": 5.0, \"high\": 8.0, \"log\": false}}"}
{"op_code":5,"worker_id":"7bfacbca-6835-4678-b82a-feb16f2bcda8-139714752176128","trial_id":177,"param_name":"CavityCorkThickness","param_value_internal":3.7037676631191796,"distribution":"{\"name\": \"FloatDistribution\", \"attributes\": {\"step\": null, \"low\": 2.0, \"high\": 5.0, \"log\": false}}"}
{"op_code":5,"worker_id":"7bfacbca-6835-4678-b82a-feb16f2bcda8-139714752176128","trial_id":177,"param_name":"BellowHeight","param_value_internal":6.264352647219921,"distribution":"{\"name\": \"FloatDistribution\", \"attributes\": {\"step\": null, \"low\": 6.0, \"high\": 10.0, \"log\": false}}"}
{"op_code":5,"worker_id":"7bfacbca-6835-4678-b82a-feb16f2bcda8-139714752176128","trial_id":177,"param_name":"WallThickness","param_value_internal":3.774904083592539,"distribution":"{\"name\": \"FloatDistribution\", \"attributes\": {\"step\": null, \"low\": 2.0, \"high\": 4.0, \"log\": false}}"}
{"op_code":5,"worker_id":"7bfacbca-6835-4678-b82a-feb16f2bcda8-139714752176128","trial_id":177,"param_name":"PlateauHeight","param_value_internal":3.670232198420761,"distribution":"{\"name\": \"FloatDistribution\", \"attributes\": {\"step\": null, \"low\": 2.0, \"high\": 4.0, \"log\": false}}"}
{"op_code":6,"worker_id":"a69528c1-accc-4a39-92ba-9c440c19beb9-139860006273024","trial_id":174,"state":1,"values":[922.9485996604955,0.455407432319268],"datetime_complete":"2026-06-16T05:05:41.918312"}
{"op_code":4,"worker_id":"a69528c1-accc-4a39-92ba-9c440c19beb9-139860006273024","study_id":0,"datetime_start":"2026-06-16T05:05:41.930217"}
{"op_code":9,"worker_id":"a69528c1-accc-4a39-92ba-9c440c19beb9-139860006273024","trial_id":178,"system_attr":{"nsga2:generation":3}}
{"op_code":5,"worker_id":"a69528c1-accc-4a39-92ba-9c440c19beb9-139860006273024","trial_id":178,"param_name":"JointSlopeAngle","param_value_internal":0.9181151838671837,"distribution":"{\"name\": \"FloatDistribution\", \"attributes\": {\"step\": null, \"low\": 0.17453292519943295, \"high\": 1.0471975511965976, \"log\": false}}"}
{"op_code":5,"worker_id":"a69528c1-accc-4a39-92ba-9c440c19beb9-139860006273024","trial_id":178,"param_name":"OuterRadius","param_value_internal":16.354014784105203,"distribution":"{\"name\": \"FloatDistribution\", \"attributes\": {\"step\": null, \"low\": 8.75, \"high\": 17.75, \"log\": false}}"}
{"op_code":5,"worker_id":"a69528c1-accc-4a39-92ba-9c440c19beb9-139860006273024","trial_id":178,"param_name":"JointHeight","param_value_internal":5.522588836569238,"distribution":"{\"name\": \"FloatDistribution\", \"attributes\": {\"step\": null, \"low\": 5.0, \"high\": 8.0, \"log\": false}}"}
{"op_code":5,"worker_id":"a69528c1-accc-4a39-92ba-9c440c19beb9-139860006273024","trial_id":178,"param_name":"CavityCorkThickness","param_value_internal":3.178777320592155,"distribution":"{\"name\": \"FloatDistribution\", \"attributes\": {\"step\": null, \"low\": 2.0, \"high\": 5.0, \"log\": false}}"}
{"op_code":5,"worker_id":"a69528c1-accc-4a39-92ba-9c440c19beb9-139860006273024","trial_id":178,"param_name":"BellowHeight","param_value_internal":7.505812578085166,"distribution":"{\"name\": \"FloatDistribution\", \"attributes\": {\"step\": null, \"low\": 6.0, \"high\": 10.0, \"log\": false}}"}
{"op_code":5,"worker_id":"a69528c1-accc-4a39-92ba-9c440c19beb9-139860006273024","trial_id":178,"param_name":"WallThickness","param_value_internal":2.9398190638334576,"distribution":"{\"name\": \"FloatDistribution\", \"attributes\": {\"step\": null, \"low\": 2.0, \"high\": 4.0, \"log\": false}}"}
{"op_code":5,"worker_id":"a69528c1-accc-4a39-92ba-9c440c19beb9-139860006273024","trial_id":178,"param_name":"PlateauHeight","param_value_internal":3.6360810302045676,"distribution":"{\"name\": \"FloatDistribution\", \"attributes\": {\"step\": null, \"low\": 2.0, \"high\": 4.0, \"log\": false}}"}
{"op_code":6,"worker_id":"bf9fd7a3-033f-446d-9a1f-5b1996939af3-140073594007552","trial_id":175,"state":1,"values":[831.6134632591596,0.4384159078746883],"datetime_complete":"2026-06-16T05:05:42.767918"}
{"op_code":4,"worker_id":"bf9fd7a3-033f-446d-9a1f-5b1996939af3-140073594007552","study_id":0,"datetime_start":"2026-06-16T05:05:42.778363"}
{"op_code":9,"worker_id":"bf9fd7a3-033f-446d-9a1f-5b1996939af3-140073594007552","trial_id":179,"system_attr":{"nsga2:generation":3}}
{"op_code":5,"worker_id":"bf9fd7a3-033f-446d-9a1f-5b1996939af3-140073594007552","trial_id":179,"param_name":"JointSlopeAngle","param_value_internal":0.8040118756789952,"distribution":"{\"name\": \"FloatDistribution\", \"attributes\": {\"step\": null, \"low\": 0.17453292519943295, \"high\": 1.0471975511965976, \"log\": false}}"}
{"op_code":5,"worker_id":"bf9fd7a3-033f-446d-9a1f-5b1996939af3-140073594007552","trial_id":179,"param_name":"OuterRadius","param_value_internal":14.489373048556564,"distribution":"{\"name\": \"FloatDistribution\", \"attributes\": {\"step\": null, \"low\": 8.75, \"high\": 17.75, \"log\": false}}"}
{"op_code":5,"worker_id":"bf9fd7a3-033f-446d-9a1f-5b1996939af3-140073594007552","trial_id":179,"param_name":"JointHeight","param_value_internal":7.5149255616794015,"distribution":"{\"name\": \"FloatDistribution\", \"attributes\": {\"step\": null, \"low\": 5.0, \"high\": 8.0, \"log\": false}}"}
{"op_code":5,"worker_id":"bf9fd7a3-033f-446d-9a1f-5b1996939af3-140073594007552","trial_id":179,"param_name":"CavityCorkThickness","param_value_internal":4.1768162132779585,"distribution":"{\"name\": \"FloatDistribution\", \"attributes\": {\"step\": null, \"low\": 2.0, \"high\": 5.0, \"log\": false}}"}
{"op_code":5,"worker_id":"bf9fd7a3-033f-446d-9a1f-5b1996939af3-140073594007552","trial_id":179,"param_name":"BellowHeight","param_value_internal":9.873046074677653,"distribution":"{\"name\": \"FloatDistribution\", \"attributes\": {\"step\": null, \"low\": 6.0, \"high\": 10.0, \"log\": false}}"}
{"op_code":5,"worker_id":"bf9fd7a3-033f-446d-9a1f-5b1996939af3-140073594007552","trial_id":179,"param_name":"WallThickness","param_value_internal":3.8979894334956473,"distribution":"{\"name\": \"FloatDistribution\", \"attributes\": {\"step\": null, \"low\": 2.0, \"high\": 4.0, \"log\": false}}"}
{"op_code":5,"worker_id":"bf9fd7a3-033f-446d-9a1f-5b1996939af3-140073594007552","trial_id":179,"param_name":"PlateauHeight","param_value_internal":2.1439004333582736,"distribution":"{\"name\": \"FloatDistribution\", \"attributes\": {\"step\": null, \"low\": 2.0, \"high\": 4.0, \"log\": false}}"}
{"op_code":6,"worker_id":"7bfacbca-6835-4678-b82a-feb16f2bcda8-139714752176128","trial_id":177,"state":1,"values":[763.6446869514182,0.44696694648024654],"datetime_complete":"2026-06-16T05:05:43.281983"}
{"op_code":4,"worker_id":"7bfacbca-6835-4678-b82a-feb16f2bcda8-139714752176128","study_id":0,"datetime_start":"2026-06-16T05:05:43.291888"}
{"op_code":9,"worker_id":"7bfacbca-6835-4678-b82a-feb16f2bcda8-139714752176128","trial_id":180,"system_attr":{"nsga2:generation":3}}
{"op_code":5,"worker_id":"7bfacbca-6835-4678-b82a-feb16f2bcda8-139714752176128","trial_id":180,"param_name":"JointSlopeAngle","param_value_internal":0.6595275433909292,"distribution":"{\"name\": \"FloatDistribution\", \"attributes\": {\"step\": null, \"low\": 0.17453292519943295, \"high\": 1.0471975511965976, \"log\": false}}"}
{"op_code":5,"worker_id":"7bfacbca-6835-4678-b82a-feb16f2bcda8-139714752176128","trial_id":180,"param_name":"OuterRadius","param_value_internal":15.57406193770872,"distribution":"{\"name\": \"FloatDistribution\", \"attributes\": {\"step\": null, \"low\": 8.75, \"high\": 17.75, \"log\": false}}"}
{"op_code":5,"worker_id":"7bfacbca-6835-4678-b82a-feb16f2bcda8-139714752176128","trial_id":180,"param_name":"JointHeight","param_value_internal":7.654443782412088,"distribution":"{\"name\": \"FloatDistribution\", \"attributes\": {\"step\": null, \"low\": 5.0, \"high\": 8.0, \"log\": false}}"}
{"op_code":5,"worker_id":"7bfacbca-6835-4678-b82a-feb16f2bcda8-139714752176128","trial_id":180,"param_name":"CavityCorkThickness","param_value_internal":3.533361528457408,"distribution":"{\"name\": \"FloatDistribution\", \"attributes\": {\"step\": null, \"low\": 2.0, \"high\": 5.0, \"log\": false}}"}
{"op_code":5,"worker_id":"7bfacbca-6835-4678-b82a-feb16f2bcda8-139714752176128","trial_id":180,"param_name":"BellowHeight","param_value_internal":9.150885218003964,"distribution":"{\"name\": \"FloatDistribution\", \"attributes\": {\"step\": null, \"low\": 6.0, \"high\": 10.0, \"log\": false}}"}
{"op_code":5,"worker_id":"7bfacbca-6835-4678-b82a-feb16f2bcda8-139714752176128","trial_id":180,"param_name":"WallThickness","param_value_internal":2.224254426673263,"distribution":"{\"name\": \"FloatDistribution\", \"attributes\": {\"step\": null, \"low\": 2.0, \"high\": 4.0, \"log\": false}}"}
{"op_code":5,"worker_id":"7bfacbca-6835-4678-b82a-feb16f2bcda8-139714752176128","trial_id":180,"param_name":"PlateauHeight","param_value_internal":3.5159505279966643,"distribution":"{\"name\": \"FloatDistribution\", \"attributes\": {\"step\": null, \"low\": 2.0, \"high\": 4.0, \"log\": false}}"}
{"op_code":6,"worker_id":"32f1eeeb-90c0-49f9-a98c-0d2e64947313-140565598060544","trial_id":176,"state":1,"values":[770.8423809895999,0.4386712732680431],"datetime_complete":"2026-06-16T05:05:43.344126"}
{"op_code":4,"worker_id":"32f1eeeb-90c0-49f9-a98c-0d2e64947313-140565598060544","study_id":0,"datetime_start":"2026-06-16T05:05:43.353033"}
{"op_code":9,"worker_id":"32f1eeeb-90c0-49f9-a98c-0d2e64947313-140565598060544","trial_id":181,"system_attr":{"nsga2:generation":3}}
{"op_code":5,"worker_id":"32f1eeeb-90c0-49f9-a98c-0d2e64947313-140565598060544","trial_id":181,"param_name":"JointSlopeAngle","param_value_internal":0.8272457351358277,"distribution":"{\"name\": \"FloatDistribution\", \"attributes\": {\"step\": null, \"low\": 0.17453292519943295, \"high\": 1.0471975511965976, \"log\": false}}"}
{"op_code":5,"worker_id":"32f1eeeb-90c0-49f9-a98c-0d2e64947313-140565598060544","trial_id":181,"param_name":"OuterRadius","param_value_internal":17.2917721757063,"distribution":"{\"name\": \"FloatDistribution\", \"attributes\": {\"step\": null, \"low\": 8.75, \"high\": 17.75, \"log\": false}}"}
{"op_code":5,"worker_id":"32f1eeeb-90c0-49f9-a98c-0d2e64947313-140565598060544","trial_id":181,"param_name":"JointHeight","param_value_internal":5.322153673362866,"distribution":"{\"name\": \"FloatDistribution\", \"attributes\": {\"step\": null, \"low\": 5.0, \"high\": 8.0, \"log\": false}}"}
{"op_code":5,"worker_id":"32f1eeeb-90c0-49f9-a98c-0d2e64947313-140565598060544","trial_id":181,"param_name":"CavityCorkThickness","param_value_internal":3.7037676631191796,"distribution":"{\"name\": \"FloatDistribution\", \"attributes\": {\"step\": null, \"low\": 2.0, \"high\": 5.0, \"log\": false}}"}
{"op_code":5,"worker_id":"32f1eeeb-90c0-49f9-a98c-0d2e64947313-140565598060544","trial_id":181,"param_name":"BellowHeight","param_value_internal":9.873046074677653,"distribution":"{\"name\": \"FloatDistribution\", \"attributes\": {\"step\": null, \"low\": 6.0, \"high\": 10.0, \"log\": false}}"}
{"op_code":5,"worker_id":"32f1eeeb-90c0-49f9-a98c-0d2e64947313-140565598060544","trial_id":181,"param_name":"WallThickness","param_value_internal":2.2203697478074336,"distribution":"{\"name\": \"FloatDistribution\", \"attributes\": {\"step\": null, \"low\": 2.0, \"high\": 4.0, \"log\": false}}"}
{"op_code":5,"worker_id":"32f1eeeb-90c0-49f9-a98c-0d2e64947313-140565598060544","trial_id":181,"param_name":"PlateauHeight","param_value_internal":3.3163872717340395,"distribution":"{\"name\": \"FloatDistribution\", \"attributes\": {\"step\": null, \"low\": 2.0, \"high\": 4.0, \"log\": false}}"}
{"op_code":6,"worker_id":"bf9fd7a3-033f-446d-9a1f-5b1996939af3-140073594007552","trial_id":179,"state":1,"values":[520.6579352187043,0.3757329715612508],"datetime_complete":"2026-06-16T05:05:52.856296"}
{"op_code":4,"worker_id":"bf9fd7a3-033f-446d-9a1f-5b1996939af3-140073594007552","study_id":0,"datetime_start":"2026-06-16T05:05:52.867353"}
{"op_code":9,"worker_id":"bf9fd7a3-033f-446d-9a1f-5b1996939af3-140073594007552","trial_id":182,"system_attr":{"nsga2:generation":3}}
{"op_code":5,"worker_id":"bf9fd7a3-033f-446d-9a1f-5b1996939af3-140073594007552","trial_id":182,"param_name":"JointSlopeAngle","param_value_internal":0.7101123787546164,"distribution":"{\"name\": \"FloatDistribution\", \"attributes\": {\"step\": null, \"low\": 0.17453292519943295, \"high\": 1.0471975511965976, \"log\": false}}"}
{"op_code":5,"worker_id":"bf9fd7a3-033f-446d-9a1f-5b1996939af3-140073594007552","trial_id":182,"param_name":"OuterRadius","param_value_internal":15.552079448812187,"distribution":"{\"name\": \"FloatDistribution\", \"attributes\": {\"step\": null, \"low\": 8.75, \"high\": 17.75, \"log\": false}}"}
{"op_code":5,"worker_id":"bf9fd7a3-033f-446d-9a1f-5b1996939af3-140073594007552","trial_id":182,"param_name":"JointHeight","param_value_internal":5.522588836569238,"distribution":"{\"name\": \"FloatDistribution\", \"attributes\": {\"step\": null, \"low\": 5.0, \"high\": 8.0, \"log\": false}}"}
{"op_code":5,"worker_id":"bf9fd7a3-033f-446d-9a1f-5b1996939af3-140073594007552","trial_id":182,"param_name":"CavityCorkThickness","param_value_internal":4.1768162132779585,"distribution":"{\"name\": \"FloatDistribution\", \"attributes\": {\"step\": null, \"low\": 2.0, \"high\": 5.0, \"log\": false}}"}
{"op_code":5,"worker_id":"bf9fd7a3-033f-446d-9a1f-5b1996939af3-140073594007552","trial_id":182,"param_name":"BellowHeight","param_value_internal":9.741185669127688,"distribution":"{\"name\": \"FloatDistribution\", \"attributes\": {\"step\": null, \"low\": 6.0, \"high\": 10.0, \"log\": false}}"}
{"op_code":5,"worker_id":"bf9fd7a3-033f-446d-9a1f-5b1996939af3-140073594007552","trial_id":182,"param_name":"WallThickness","param_value_internal":3.574612186638822,"distribution":"{\"name\": \"FloatDistribution\", \"attributes\": {\"step\": null, \"low\": 2.0, \"high\": 4.0, \"log\": false}}"}
{"op_code":5,"worker_id":"bf9fd7a3-033f-446d-9a1f-5b1996939af3-140073594007552","trial_id":182,"param_name":"PlateauHeight","param_value_internal":3.8991331278884838,"distribution":"{\"name\": \"FloatDistribution\", \"attributes\": {\"step\": null, \"low\": 2.0, \"high\": 4.0, \"log\": false}}"}
{"op_code":6,"worker_id":"a69528c1-accc-4a39-92ba-9c440c19beb9-139860006273024","trial_id":178,"state":1,"values":[1174.3923477708968,0.42571471905945113],"datetime_complete":"2026-06-16T05:05:53.348832"}
{"op_code":4,"worker_id":"a69528c1-accc-4a39-92ba-9c440c19beb9-139860006273024","study_id":0,"datetime_start":"2026-06-16T05:05:53.359880"}
{"op_code":9,"worker_id":"a69528c1-accc-4a39-92ba-9c440c19beb9-139860006273024","trial_id":183,"system_attr":{"nsga2:generation":3}}
{"op_code":5,"worker_id":"a69528c1-accc-4a39-92ba-9c440c19beb9-139860006273024","trial_id":183,"param_name":"JointSlopeAngle","param_value_internal":0.7101123787546164,"distribution":"{\"name\": \"FloatDistribution\", \"attributes\": {\"step\": null, \"low\": 0.17453292519943295, \"high\": 1.0471975511965976, \"log\": false}}"}
{"op_code":5,"worker_id":"a69528c1-accc-4a39-92ba-9c440c19beb9-139860006273024","trial_id":183,"param_name":"OuterRadius","param_value_internal":15.552079448812187,"distribution":"{\"name\": \"FloatDistribution\", \"attributes\": {\"step\": null, \"low\": 8.75, \"high\": 17.75, \"log\": false}}"}
{"op_code":5,"worker_id":"a69528c1-accc-4a39-92ba-9c440c19beb9-139860006273024","trial_id":183,"param_name":"JointHeight","param_value_internal":5.322153673362866,"distribution":"{\"name\": \"FloatDistribution\", \"attributes\": {\"step\": null, \"low\": 5.0, \"high\": 8.0, \"log\": false}}"}
{"op_code":5,"worker_id":"a69528c1-accc-4a39-92ba-9c440c19beb9-139860006273024","trial_id":183,"param_name":"CavityCorkThickness","param_value_internal":3.474247150312608,"distribution":"{\"name\": \"FloatDistribution\", \"attributes\": {\"step\": null, \"low\": 2.0, \"high\": 5.0, \"log\": false}}"}
{"op_code":5,"worker_id":"a69528c1-accc-4a39-92ba-9c440c19beb9-139860006273024","trial_id":183,"param_name":"BellowHeight","param_value_internal":7.836512648118768,"distribution":"{\"name\": \"FloatDistribution\", \"attributes\": {\"step\": null, \"low\": 6.0, \"high\": 10.0, \"log\": false}}"}
{"op_code":5,"worker_id":"a69528c1-accc-4a39-92ba-9c440c19beb9-139860006273024","trial_id":183,"param_name":"WallThickness","param_value_internal":2.1272897774960953,"distribution":"{\"name\": \"FloatDistribution\", \"attributes\": {\"step\": null, \"low\": 2.0, \"high\": 4.0, \"log\": false}}"}
{"op_code":5,"worker_id":"a69528c1-accc-4a39-92ba-9c440c19beb9-139860006273024","trial_id":183,"param_name":"PlateauHeight","param_value_internal":3.882578288979306,"distribution":"{\"name\": \"FloatDistribution\", \"attributes\": {\"step\": null, \"low\": 2.0, \"high\": 4.0, \"log\": false}}"}
{"op_code":6,"worker_id":"7bfacbca-6835-4678-b82a-feb16f2bcda8-139714752176128","trial_id":180,"state":1,"values":[1262.6616356245268,0.39276190740569783],"datetime_complete":"2026-06-16T05:05:54.854642"}
{"op_code":4,"worker_id":"7bfacbca-6835-4678-b82a-feb16f2bcda8-139714752176128","study_id":0,"datetime_start":"2026-06-16T05:05:54.865412"}
{"op_code":9,"worker_id":"7bfacbca-6835-4678-b82a-feb16f2bcda8-139714752176128","trial_id":184,"system_attr":{"nsga2:generation":3}}
{"op_code":5,"worker_id":"7bfacbca-6835-4678-b82a-feb16f2bcda8-139714752176128","trial_id":184,"param_name":"JointSlopeAngle","param_value_internal":1.005462431501489,"distribution":"{\"name\": \"FloatDistribution\", \"attributes\": {\"step\": null, \"low\": 0.17453292519943295, \"high\": 1.0471975511965976, \"log\": false}}"}
{"op_code":5,"worker_id":"7bfacbca-6835-4678-b82a-feb16f2bcda8-139714752176128","trial_id":184,"param_name":"OuterRadius","param_value_internal":14.489373048556564,"distribution":"{\"name\": \"FloatDistribution\", \"attributes\": {\"step\": null, \"low\": 8.75, \"high\": 17.75, \"log\": false}}"}
{"op_code":5,"worker_id":"7bfacbca-6835-4678-b82a-feb16f2bcda8-139714752176128","trial_id":184,"param_name":"JointHeight","param_value_internal":5.43133360197518,"distribution":"{\"name\": \"FloatDistribution\", \"attributes\": {\"step\": null, \"low\": 5.0, \"high\": 8.0, \"log\": false}}"}
{"op_code":5,"worker_id":"7bfacbca-6835-4678-b82a-feb16f2bcda8-139714752176128","trial_id":184,"param_name":"CavityCorkThickness","param_value_internal":3.5276492347621415,"distribution":"{\"name\": \"FloatDistribution\", \"attributes\": {\"step\": null, \"low\": 2.0, \"high\": 5.0, \"log\": false}}"}
{"op_code":5,"worker_id":"7bfacbca-6835-4678-b82a-feb16f2bcda8-139714752176128","trial_id":184,"param_name":"BellowHeight","param_value_internal":9.745414131678086,"distribution":"{\"name\": \"FloatDistribution\", \"attributes\": {\"step\": null, \"low\": 6.0, \"high\": 10.0, \"log\": false}}"}
{"op_code":5,"worker_id":"7bfacbca-6835-4678-b82a-feb16f2bcda8-139714752176128","trial_id":184,"param_name":"WallThickness","param_value_internal":2.021182869009059,"distribution":"{\"name\": \"FloatDistribution\", \"attributes\": {\"step\": null, \"low\": 2.0, \"high\": 4.0, \"log\": false}}"}
{"op_code":5,"worker_id":"7bfacbca-6835-4678-b82a-feb16f2bcda8-139714752176128","trial_id":184,"param_name":"PlateauHeight","param_value_internal":2.087315418408496,"distribution":"{\"name\": \"FloatDistribution\", \"attributes\": {\"step\": null, \"low\": 2.0, \"high\": 4.0, \"log\": false}}"}
{"op_code":6,"worker_id":"32f1eeeb-90c0-49f9-a98c-0d2e64947313-140565598060544","trial_id":181,"state":1,"values":[1672.9706942712999,0.3971619572834192],"datetime_complete":"2026-06-16T05:05:54.929073"}
{"op_code":4,"worker_id":"32f1eeeb-90c0-49f9-a98c-0d2e64947313-140565598060544","study_id":0,"datetime_start":"2026-06-16T05:05:54.937727"}
{"op_code":9,"worker_id":"32f1eeeb-90c0-49f9-a98c-0d2e64947313-140565598060544","trial_id":185,"system_attr":{"nsga2:generation":3}}
{"op_code":5,"worker_id":"32f1eeeb-90c0-49f9-a98c-0d2e64947313-140565598060544","trial_id":185,"param_name":"JointSlopeAngle","param_value_internal":0.8529923524068651,"distribution":"{\"name\": \"FloatDistribution\", \"attributes\": {\"step\": null, \"low\": 0.17453292519943295, \"high\": 1.0471975511965976, \"log\": false}}"}
{"op_code":5,"worker_id":"32f1eeeb-90c0-49f9-a98c-0d2e64947313-140565598060544","trial_id":185,"param_name":"OuterRadius","param_value_internal":16.13109872193595,"distribution":"{\"name\": \"FloatDistribution\", \"attributes\": {\"step\": null, \"low\": 8.75, \"high\": 17.75, \"log\": false}}"}
{"op_code":5,"worker_id":"32f1eeeb-90c0-49f9-a98c-0d2e64947313-140565598060544","trial_id":185,"param_name":"JointHeight","param_value_internal":7.278611616375458,"distribution":"{\"name\": \"FloatDistribution\", \"attributes\": {\"step\": null, \"low\": 5.0, \"high\": 8.0, \"log\": false}}"}
{"op_code":5,"worker_id":"32f1eeeb-90c0-49f9-a98c-0d2e64947313-140565598060544","trial_id":185,"param_name":"CavityCorkThickness","param_value_internal":4.698996733795549,"distribution":"{\"name\": \"FloatDistribution\", \"attributes\": {\"step\": null, \"low\": 2.0, \"high\": 5.0, \"log\": false}}"}
{"op_code":5,"worker_id":"32f1eeeb-90c0-49f9-a98c-0d2e64947313-140565598060544","trial_id":185,"param_name":"BellowHeight","param_value_internal":8.744279419622284,"distribution":"{\"name\": \"FloatDistribution\", \"attributes\": {\"step\": null, \"low\": 6.0, \"high\": 10.0, \"log\": false}}"}
{"op_code":5,"worker_id":"32f1eeeb-90c0-49f9-a98c-0d2e64947313-140565598060544","trial_id":185,"param_name":"WallThickness","param_value_internal":3.3884023689531766,"distribution":"{\"name\": \"FloatDistribution\", \"attributes\": {\"step\": null, \"low\": 2.0, \"high\": 4.0, \"log\": false}}"}
{"op_code":5,"worker_id":"32f1eeeb-90c0-49f9-a98c-0d2e64947313-140565598060544","trial_id":185,"param_name":"PlateauHeight","param_value_internal":3.2660041560034396,"distribution":"{\"name\": \"FloatDistribution\", \"attributes\": {\"step\": null, \"low\": 2.0, \"high\": 4.0, \"log\": false}}"}
{"op_code":6,"worker_id":"bf9fd7a3-033f-446d-9a1f-5b1996939af3-140073594007552","trial_id":182,"state":1,"values":[873.1960823146541,0.44121074438409746],"datetime_complete":"2026-06-16T05:06:03.398185"}
{"op_code":4,"worker_id":"bf9fd7a3-033f-446d-9a1f-5b1996939af3-140073594007552","study_id":0,"datetime_start":"2026-06-16T05:06:03.409726"}
{"op_code":9,"worker_id":"bf9fd7a3-033f-446d-9a1f-5b1996939af3-140073594007552","trial_id":186,"system_attr":{"nsga2:generation":3}}
{"op_code":5,"worker_id":"bf9fd7a3-033f-446d-9a1f-5b1996939af3-140073594007552","trial_id":186,"param_name":"JointSlopeAngle","param_value_internal":0.7011132302131908,"distribution":"{\"name\": \"FloatDistribution\", \"attributes\": {\"step\": null, \"low\": 0.17453292519943295, \"high\": 1.0471975511965976, \"log\": false}}"}
{"op_code":5,"worker_id":"bf9fd7a3-033f-446d-9a1f-5b1996939af3-140073594007552","trial_id":186,"param_name":"OuterRadius","param_value_internal":16.789991867218234,"distribution":"{\"name\": \"FloatDistribution\", \"attributes\": {\"step\": null, \"low\": 8.75, \"high\": 17.75, \"log\": false}}"}
{"op_code":5,"worker_id":"bf9fd7a3-033f-446d-9a1f-5b1996939af3-140073594007552","trial_id":186,"param_name":"JointHeight","param_value_internal":6.352359112020677,"distribution":"{\"name\": \"FloatDistribution\", \"attributes\": {\"step\": null, \"low\": 5.0, \"high\": 8.0, \"log\": false}}"}
{"op_code":5,"worker_id":"bf9fd7a3-033f-446d-9a1f-5b1996939af3-140073594007552","trial_id":186,"param_name":"CavityCorkThickness","param_value_internal":2.2164844274688953,"distribution":"{\"name\": \"FloatDistribution\", \"attributes\": {\"step\": null, \"low\": 2.0, \"high\": 5.0, \"log\": false}}"}
{"op_code":5,"worker_id":"bf9fd7a3-033f-446d-9a1f-5b1996939af3-140073594007552","trial_id":186,"param_name":"BellowHeight","param_value_internal":7.998574065700647,"distribution":"{\"name\": \"FloatDistribution\", \"attributes\": {\"step\": null, \"low\": 6.0, \"high\": 10.0, \"log\": false}}"}
{"op_code":5,"worker_id":"bf9fd7a3-033f-446d-9a1f-5b1996939af3-140073594007552","trial_id":186,"param_name":"WallThickness","param_value_internal":2.3242245184732684,"distribution":"{\"name\": \"FloatDistribution\", \"attributes\": {\"step\": null, \"low\": 2.0, \"high\": 4.0, \"log\": false}}"}
{"op_code":5,"worker_id":"bf9fd7a3-033f-446d-9a1f-5b1996939af3-140073594007552","trial_id":186,"param_name":"PlateauHeight","param_value_internal":3.2660041560034396,"distribution":"{\"name\": \"FloatDistribution\", \"attributes\": {\"step\": null, \"low\": 2.0, \"high\": 4.0, \"log\": false}}"}
{"op_code":6,"worker_id":"a69528c1-accc-4a39-92ba-9c440c19beb9-139860006273024","trial_id":183,"state":1,"values":[1199.3863953071182,0.4314939952294583],"datetime_complete":"2026-06-16T05:06:04.464014"}
{"op_code":4,"worker_id":"a69528c1-accc-4a39-92ba-9c440c19beb9-139860006273024","study_id":0,"datetime_start":"2026-06-16T05:06:04.475339"}
{"op_code":9,"worker_id":"a69528c1-accc-4a39-92ba-9c440c19beb9-139860006273024","trial_id":187,"system_attr":{"nsga2:generation":3}}
{"op_code":5,"worker_id":"a69528c1-accc-4a39-92ba-9c440c19beb9-139860006273024","trial_id":187,"param_name":"JointSlopeAngle","param_value_internal":0.9367054297789487,"distribution":"{\"name\": \"FloatDistribution\", \"attributes\": {\"step\": null, \"low\": 0.17453292519943295, \"high\": 1.0471975511965976, \"log\": false}}"}
{"op_code":5,"worker_id":"a69528c1-accc-4a39-92ba-9c440c19beb9-139860006273024","trial_id":187,"param_name":"OuterRadius","param_value_internal":9.218891135151946,"distribution":"{\"name\": \"FloatDistribution\", \"attributes\": {\"step\": null, \"low\": 8.75, \"high\": 17.75, \"log\": false}}"}
{"op_code":5,"worker_id":"a69528c1-accc-4a39-92ba-9c440c19beb9-139860006273024","trial_id":187,"param_name":"JointHeight","param_value_internal":7.282363315616505,"distribution":"{\"name\": \"FloatDistribution\", \"attributes\": {\"step\": null, \"low\": 5.0, \"high\": 8.0, \"log\": false}}"}
{"op_code":5,"worker_id":"a69528c1-accc-4a39-92ba-9c440c19beb9-139860006273024","trial_id":187,"param_name":"CavityCorkThickness","param_value_internal":2.155125053831635,"distribution":"{\"name\": \"FloatDistribution\", \"attributes\": {\"step\": null, \"low\": 2.0, \"high\": 5.0, \"log\": false}}"}
{"op_code":5,"worker_id":"a69528c1-accc-4a39-92ba-9c440c19beb9-139860006273024","trial_id":187,"param_name":"BellowHeight","param_value_internal":7.911354347453706,"distribution":"{\"name\": \"FloatDistribution\", \"attributes\": {\"step\": null, \"low\": 6.0, \"high\": 10.0, \"log\": false}}"}
{"op_code":5,"worker_id":"a69528c1-accc-4a39-92ba-9c440c19beb9-139860006273024","trial_id":187,"param_name":"WallThickness","param_value_internal":2.742974654550793,"distribution":"{\"name\": \"FloatDistribution\", \"attributes\": {\"step\": null, \"low\": 2.0, \"high\": 4.0, \"log\": false}}"}
{"op_code":5,"worker_id":"a69528c1-accc-4a39-92ba-9c440c19beb9-139860006273024","trial_id":187,"param_name":"PlateauHeight","param_value_internal":2.250203937971742,"distribution":"{\"name\": \"FloatDistribution\", \"attributes\": {\"step\": null, \"low\": 2.0, \"high\": 4.0, \"log\": false}}"}
{"op_code":6,"worker_id":"32f1eeeb-90c0-49f9-a98c-0d2e64947313-140565598060544","trial_id":185,"state":1,"values":[828.7510010097503,0.44076615682934045],"datetime_complete":"2026-06-16T05:06:05.500048"}
{"op_code":4,"worker_id":"32f1eeeb-90c0-49f9-a98c-0d2e64947313-140565598060544","study_id":0,"datetime_start":"2026-06-16T05:06:05.509938"}
{"op_code":9,"worker_id":"32f1eeeb-90c0-49f9-a98c-0d2e64947313-140565598060544","trial_id":188,"system_attr":{"nsga2:generation":3}}
{"op_code":5,"worker_id":"32f1eeeb-90c0-49f9-a98c-0d2e64947313-140565598060544","trial_id":188,"param_name":"JointSlopeAngle","param_value_internal":0.2285920375927765,"distribution":"{\"name\": \"FloatDistribution\", \"attributes\": {\"step\": null, \"low\": 0.17453292519943295, \"high\": 1.0471975511965976, \"log\": false}}"}
{"op_code":5,"worker_id":"32f1eeeb-90c0-49f9-a98c-0d2e64947313-140565598060544","trial_id":188,"param_name":"OuterRadius","param_value_internal":17.32911161854785,"distribution":"{\"name\": \"FloatDistribution\", \"attributes\": {\"step\": null, \"low\": 8.75, \"high\": 17.75, \"log\": false}}"}
{"op_code":5,"worker_id":"32f1eeeb-90c0-49f9-a98c-0d2e64947313-140565598060544","trial_id":188,"param_name":"JointHeight","param_value_internal":5.968840842436931,"distribution":"{\"name\": \"FloatDistribution\", \"attributes\": {\"step\": null, \"low\": 5.0, \"high\": 8.0, \"log\": false}}"}
{"op_code":5,"worker_id":"32f1eeeb-90c0-49f9-a98c-0d2e64947313-140565598060544","trial_id":188,"param_name":"CavityCorkThickness","param_value_internal":2.2004154780939267,"distribution":"{\"name\": \"FloatDistribution\", \"attributes\": {\"step\": null, \"low\": 2.0, \"high\": 5.0, \"log\": false}}"}
{"op_code":5,"worker_id":"32f1eeeb-90c0-49f9-a98c-0d2e64947313-140565598060544","trial_id":188,"param_name":"BellowHeight","param_value_internal":8.329643064751066,"distribution":"{\"name\": \"FloatDistribution\", \"attributes\": {\"step\": null, \"low\": 6.0, \"high\": 10.0, \"log\": false}}"}
{"op_code":5,"worker_id":"32f1eeeb-90c0-49f9-a98c-0d2e64947313-140565598060544","trial_id":188,"param_name":"WallThickness","param_value_internal":2.00165388978446,"distribution":"{\"name\": \"FloatDistribution\", \"attributes\": {\"step\": null, \"low\": 2.0, \"high\": 4.0, \"log\": false}}"}
{"op_code":5,"worker_id":"32f1eeeb-90c0-49f9-a98c-0d2e64947313-140565598060544","trial_id":188,"param_name":"PlateauHeight","param_value_internal":3.5159505279966643,"distribution":"{\"name\": \"FloatDistribution\", \"attributes\": {\"step\": null, \"low\": 2.0, \"high\": 4.0, \"log\": false}}"}
{"op_code":6,"worker_id":"a69528c1-accc-4a39-92ba-9c440c19beb9-139860006273024","trial_id":187,"state":1,"values":[230.70686066835628,0.09868049460044802],"datetime_complete":"2026-06-16T05:06:14.177545"}
{"op_code":4,"worker_id":"a69528c1-accc-4a39-92ba-9c440c19beb9-139860006273024","study_id":0,"datetime_start":"2026-06-16T05:06:14.189423"}
{"op_code":9,"worker_id":"a69528c1-accc-4a39-92ba-9c440c19beb9-139860006273024","trial_id":189,"system_attr":{"nsga2:generation":3}}
{"op_code":5,"worker_id":"a69528c1-accc-4a39-92ba-9c440c19beb9-139860006273024","trial_id":189,"param_name":"JointSlopeAngle","param_value_internal":0.8272457351358277,"distribution":"{\"name\": \"FloatDistribution\", \"attributes\": {\"step\": null, \"low\": 0.17453292519943295, \"high\": 1.0471975511965976, \"log\": false}}"}
{"op_code":5,"worker_id":"a69528c1-accc-4a39-92ba-9c440c19beb9-139860006273024","trial_id":189,"param_name":"OuterRadius","param_value_internal":14.489373048556564,"distribution":"{\"name\": \"FloatDistribution\", \"attributes\": {\"step\": null, \"low\": 8.75, \"high\": 17.75, \"log\": false}}"}
{"op_code":5,"worker_id":"a69528c1-accc-4a39-92ba-9c440c19beb9-139860006273024","trial_id":189,"param_name":"JointHeight","param_value_internal":7.347124145470186,"distribution":"{\"name\": \"FloatDistribution\", \"attributes\": {\"step\": null, \"low\": 5.0, \"high\": 8.0, \"log\": false}}"}
{"op_code":5,"worker_id":"a69528c1-accc-4a39-92ba-9c440c19beb9-139860006273024","trial_id":189,"param_name":"CavityCorkThickness","param_value_internal":4.878308989628554,"distribution":"{\"name\": \"FloatDistribution\", \"attributes\": {\"step\": null, \"low\": 2.0, \"high\": 5.0, \"log\": false}}"}
{"op_code":5,"worker_id":"a69528c1-accc-4a39-92ba-9c440c19beb9-139860006273024","trial_id":189,"param_name":"BellowHeight","param_value_internal":9.354210471811252,"distribution":"{\"name\": \"FloatDistribution\", \"attributes\": {\"step\": null, \"low\": 6.0, \"high\": 10.0, \"log\": false}}"}
{"op_code":5,"worker_id":"a69528c1-accc-4a39-92ba-9c440c19beb9-139860006273024","trial_id":189,"param_name":"WallThickness","param_value_internal":2.333382187309086,"distribution":"{\"name\": \"FloatDistribution\", \"attributes\": {\"step\": null, \"low\": 2.0, \"high\": 4.0, \"log\": false}}"}
{"op_code":5,"worker_id":"a69528c1-accc-4a39-92ba-9c440c19beb9-139860006273024","trial_id":189,"param_name":"PlateauHeight","param_value_internal":2.447814897960071,"distribution":"{\"name\": \"FloatDistribution\", \"attributes\": {\"step\": null, \"low\": 2.0, \"high\": 4.0, \"log\": false}}"}
{"op_code":6,"worker_id":"bf9fd7a3-033f-446d-9a1f-5b1996939af3-140073594007552","trial_id":186,"state":1,"values":[1657.6011143485093,0.4099056823293131],"datetime_complete":"2026-06-16T05:06:14.783311"}
{"op_code":4,"worker_id":"bf9fd7a3-033f-446d-9a1f-5b1996939af3-140073594007552","study_id":0,"datetime_start":"2026-06-16T05:06:14.793483"}
{"op_code":9,"worker_id":"bf9fd7a3-033f-446d-9a1f-5b1996939af3-140073594007552","trial_id":190,"system_attr":{"nsga2:generation":3}}
{"op_code":5,"worker_id":"bf9fd7a3-033f-446d-9a1f-5b1996939af3-140073594007552","trial_id":190,"param_name":"JointSlopeAngle","param_value_internal":0.5695467656915248,"distribution":"{\"name\": \"FloatDistribution\", \"attributes\": {\"step\": null, \"low\": 0.17453292519943295, \"high\": 1.0471975511965976, \"log\": false}}"}
{"op_code":5,"worker_id":"bf9fd7a3-033f-446d-9a1f-5b1996939af3-140073594007552","trial_id":190,"param_name":"OuterRadius","param_value_internal":15.919381857059122,"distribution":"{\"name\": \"FloatDistribution\", \"attributes\": {\"step\": null, \"low\": 8.75, \"high\": 17.75, \"log\": false}}"}
{"op_code":5,"worker_id":"bf9fd7a3-033f-446d-9a1f-5b1996939af3-140073594007552","trial_id":190,"param_name":"JointHeight","param_value_internal":5.164685900790161,"distribution":"{\"name\": \"FloatDistribution\", \"attributes\": {\"step\": null, \"low\": 5.0, \"high\": 8.0, \"log\": false}}"}
{"op_code":5,"worker_id":"bf9fd7a3-033f-446d-9a1f-5b1996939af3-140073594007552","trial_id":190,"param_name":"CavityCorkThickness","param_value_internal":4.113962683024509,"distribution":"{\"name\": \"FloatDistribution\", \"attributes\": {\"step\": null, \"low\": 2.0, \"high\": 5.0, \"log\": false}}"}
{"op_code":5,"worker_id":"bf9fd7a3-033f-446d-9a1f-5b1996939af3-140073594007552","trial_id":190,"param_name":"BellowHeight","param_value_internal":7.605444615651337,"distribution":"{\"name\": \"FloatDistribution\", \"attributes\": {\"step\": null, \"low\": 6.0, \"high\": 10.0, \"log\": false}}"}
{"op_code":5,"worker_id":"bf9fd7a3-033f-446d-9a1f-5b1996939af3-140073594007552","trial_id":190,"param_name":"WallThickness","param_value_internal":2.224254426673263,"distribution":"{\"name\": \"FloatDistribution\", \"attributes\": {\"step\": null, \"low\": 2.0, \"high\": 4.0, \"log\": false}}"}
{"op_code":5,"worker_id":"bf9fd7a3-033f-446d-9a1f-5b1996939af3-140073594007552","trial_id":190,"param_name":"PlateauHeight","param_value_internal":3.670232198420761,"distribution":"{\"name\": \"FloatDistribution\", \"attributes\": {\"step\": null, \"low\": 2.0, \"high\": 4.0, \"log\": false}}"}
{"op_code":6,"worker_id":"32f1eeeb-90c0-49f9-a98c-0d2e64947313-140565598060544","trial_id":188,"state":1,"values":[1891.9575589215563,0.32931070774284166],"datetime_complete":"2026-06-16T05:06:17.284937"}
{"op_code":4,"worker_id":"32f1eeeb-90c0-49f9-a98c-0d2e64947313-140565598060544","study_id":0,"datetime_start":"2026-06-16T05:06:17.295662"}
{"op_code":9,"worker_id":"32f1eeeb-90c0-49f9-a98c-0d2e64947313-140565598060544","trial_id":191,"system_attr":{"nsga2:generation":3}}
{"op_code":5,"worker_id":"32f1eeeb-90c0-49f9-a98c-0d2e64947313-140565598060544","trial_id":191,"param_name":"JointSlopeAngle","param_value_internal":1.0342014345670638,"distribution":"{\"name\": \"FloatDistribution\", \"attributes\": {\"step\": null, \"low\": 0.17453292519943295, \"high\": 1.0471975511965976, \"log\": false}}"}
{"op_code":5,"worker_id":"32f1eeeb-90c0-49f9-a98c-0d2e64947313-140565598060544","trial_id":191,"param_name":"OuterRadius","param_value_internal":14.489373048556564,"distribution":"{\"name\": \"FloatDistribution\", \"attributes\": {\"step\": null, \"low\": 8.75, \"high\": 17.75, \"log\": false}}"}
{"op_code":5,"worker_id":"32f1eeeb-90c0-49f9-a98c-0d2e64947313-140565598060544","trial_id":191,"param_name":"JointHeight","param_value_internal":6.653137446809373,"distribution":"{\"name\": \"FloatDistribution\", \"attributes\": {\"step\": null, \"low\": 5.0, \"high\": 8.0, \"log\": false}}"}
{"op_code":5,"worker_id":"32f1eeeb-90c0-49f9-a98c-0d2e64947313-140565598060544","trial_id":191,"param_name":"CavityCorkThickness","param_value_internal":2.003379507868391,"distribution":"{\"name\": \"FloatDistribution\", \"attributes\": {\"step\": null, \"low\": 2.0, \"high\": 5.0, \"log\": false}}"}
{"op_code":5,"worker_id":"32f1eeeb-90c0-49f9-a98c-0d2e64947313-140565598060544","trial_id":191,"param_name":"BellowHeight","param_value_internal":6.115373624836522,"distribution":"{\"name\": \"FloatDistribution\", \"attributes\": {\"step\": null, \"low\": 6.0, \"high\": 10.0, \"log\": false}}"}
{"op_code":5,"worker_id":"32f1eeeb-90c0-49f9-a98c-0d2e64947313-140565598060544","trial_id":191,"param_name":"WallThickness","param_value_internal":2.742974654550793,"distribution":"{\"name\": \"FloatDistribution\", \"attributes\": {\"step\": null, \"low\": 2.0, \"high\": 4.0, \"log\": false}}"}
{"op_code":5,"worker_id":"32f1eeeb-90c0-49f9-a98c-0d2e64947313-140565598060544","trial_id":191,"param_name":"PlateauHeight","param_value_internal":2.3745053260966618,"distribution":"{\"name\": \"FloatDistribution\", \"attributes\": {\"step\": null, \"low\": 2.0, \"high\": 4.0, \"log\": false}}"}
{"op_code":6,"worker_id":"a69528c1-accc-4a39-92ba-9c440c19beb9-139860006273024","trial_id":189,"state":1,"values":[700.1907808460718,0.44610626320270363],"datetime_complete":"2026-06-16T05:06:24.417781"}
{"op_code":4,"worker_id":"a69528c1-accc-4a39-92ba-9c440c19beb9-139860006273024","study_id":0,"datetime_start":"2026-06-16T05:06:24.429636"}
{"op_code":9,"worker_id":"a69528c1-accc-4a39-92ba-9c440c19beb9-139860006273024","trial_id":192,"system_attr":{"nsga2:generation":3}}
{"op_code":5,"worker_id":"a69528c1-accc-4a39-92ba-9c440c19beb9-139860006273024","trial_id":192,"param_name":"JointSlopeAngle","param_value_internal":0.8019512529557726,"distribution":"{\"name\": \"FloatDistribution\", \"attributes\": {\"step\": null, \"low\": 0.17453292519943295, \"high\": 1.0471975511965976, \"log\": false}}"}
{"op_code":5,"worker_id":"a69528c1-accc-4a39-92ba-9c440c19beb9-139860006273024","trial_id":192,"param_name":"OuterRadius","param_value_internal":12.786938324924012,"distribution":"{\"name\": \"FloatDistribution\", \"attributes\": {\"step\": null, \"low\": 8.75, \"high\": 17.75, \"log\": false}}"}
{"op_code":5,"worker_id":"a69528c1-accc-4a39-92ba-9c440c19beb9-139860006273024","trial_id":192,"param_name":"JointHeight","param_value_internal":5.327470348251004,"distribution":"{\"name\": \"FloatDistribution\", \"attributes\": {\"step\": null, \"low\": 5.0, \"high\": 8.0, \"log\": false}}"}
{"op_code":5,"worker_id":"a69528c1-accc-4a39-92ba-9c440c19beb9-139860006273024","trial_id":192,"param_name":"CavityCorkThickness","param_value_internal":4.71790769315959,"distribution":"{\"name\": \"FloatDistribution\", \"attributes\": {\"step\": null, \"low\": 2.0, \"high\": 5.0, \"log\": false}}"}
{"op_code":5,"worker_id":"a69528c1-accc-4a39-92ba-9c440c19beb9-139860006273024","trial_id":192,"param_name":"BellowHeight","param_value_internal":8.054195910242441,"distribution":"{\"name\": \"FloatDistribution\", \"attributes\": {\"step\": null, \"low\": 6.0, \"high\": 10.0, \"log\": false}}"}
{"op_code":5,"worker_id":"a69528c1-accc-4a39-92ba-9c440c19beb9-139860006273024","trial_id":192,"param_name":"WallThickness","param_value_internal":2.3242245184732684,"distribution":"{\"name\": \"FloatDistribution\", \"attributes\": {\"step\": null, \"low\": 2.0, \"high\": 4.0, \"log\": false}}"}
{"op_code":5,"worker_id":"a69528c1-accc-4a39-92ba-9c440c19beb9-139860006273024","trial_id":192,"param_name":"PlateauHeight","param_value_internal":2.3745053260966618,"distribution":"{\"name\": \"FloatDistribution\", \"attributes\": {\"step\": null, \"low\": 2.0, \"high\": 4.0, \"log\": false}}"}
{"op_code":6,"worker_id":"bf9fd7a3-033f-446d-9a1f-5b1996939af3-140073594007552","trial_id":190,"state":1,"values":[1092.7529145578517,0.4335290424298603],"datetime_complete":"2026-06-16T05:06:25.673453"}
{"op_code":4,"worker_id":"bf9fd7a3-033f-446d-9a1f-5b1996939af3-140073594007552","study_id":0,"datetime_start":"2026-06-16T05:06:25.684468"}
{"op_code":9,"worker_id":"bf9fd7a3-033f-446d-9a1f-5b1996939af3-140073594007552","trial_id":193,"system_attr":{"nsga2:generation":3}}
{"op_code":5,"worker_id":"bf9fd7a3-033f-446d-9a1f-5b1996939af3-140073594007552","trial_id":193,"param_name":"JointSlopeAngle","param_value_internal":0.8019512529557726,"distribution":"{\"name\": \"FloatDistribution\", \"attributes\": {\"step\": null, \"low\": 0.17453292519943295, \"high\": 1.0471975511965976, \"log\": false}}"}
{"op_code":5,"worker_id":"bf9fd7a3-033f-446d-9a1f-5b1996939af3-140073594007552","trial_id":193,"param_name":"OuterRadius","param_value_internal":9.015280420961247,"distribution":"{\"name\": \"FloatDistribution\", \"attributes\": {\"step\": null, \"low\": 8.75, \"high\": 17.75, \"log\": false}}"}
{"op_code":5,"worker_id":"bf9fd7a3-033f-446d-9a1f-5b1996939af3-140073594007552","trial_id":193,"param_name":"JointHeight","param_value_internal":5.322153673362866,"distribution":"{\"name\": \"FloatDistribution\", \"attributes\": {\"step\": null, \"low\": 5.0, \"high\": 8.0, \"log\": false}}"}
{"op_code":5,"worker_id":"bf9fd7a3-033f-446d-9a1f-5b1996939af3-140073594007552","trial_id":193,"param_name":"CavityCorkThickness","param_value_internal":4.483975196317596,"distribution":"{\"name\": \"FloatDistribution\", \"attributes\": {\"step\": null, \"low\": 2.0, \"high\": 5.0, \"log\": false}}"}
{"op_code":5,"worker_id":"bf9fd7a3-033f-446d-9a1f-5b1996939af3-140073594007552","trial_id":193,"param_name":"BellowHeight","param_value_internal":8.054195910242441,"distribution":"{\"name\": \"FloatDistribution\", \"attributes\": {\"step\": null, \"low\": 6.0, \"high\": 10.0, \"log\": false}}"}
{"op_code":5,"worker_id":"bf9fd7a3-033f-446d-9a1f-5b1996939af3-140073594007552","trial_id":193,"param_name":"WallThickness","param_value_internal":2.00165388978446,"distribution":"{\"name\": \"FloatDistribution\", \"attributes\": {\"step\": null, \"low\": 2.0, \"high\": 4.0, \"log\": false}}"}
{"op_code":5,"worker_id":"bf9fd7a3-033f-446d-9a1f-5b1996939af3-140073594007552","trial_id":193,"param_name":"PlateauHeight","param_value_internal":3.5159505279966643,"distribution":"{\"name\": \"FloatDistribution\", \"attributes\": {\"step\": null, \"low\": 2.0, \"high\": 4.0, \"log\": false}}"}
{"op_code":6,"worker_id":"32f1eeeb-90c0-49f9-a98c-0d2e64947313-140565598060544","trial_id":191,"state":1,"values":[-Infinity,-Infinity],"datetime_complete":"2026-06-16T05:06:27.495593"}
{"op_code":4,"worker_id":"32f1eeeb-90c0-49f9-a98c-0d2e64947313-140565598060544","study_id":0,"datetime_start":"2026-06-16T05:06:27.505599"}
{"op_code":9,"worker_id":"32f1eeeb-90c0-49f9-a98c-0d2e64947313-140565598060544","trial_id":194,"system_attr":{"nsga2:generation":3}}
{"op_code":5,"worker_id":"32f1eeeb-90c0-49f9-a98c-0d2e64947313-140565598060544","trial_id":194,"param_name":"JointSlopeAngle","param_value_internal":0.9564762255587863,"distribution":"{\"name\": \"FloatDistribution\", \"attributes\": {\"step\": null, \"low\": 0.17453292519943295, \"high\": 1.0471975511965976, \"log\": false}}"}
{"op_code":5,"worker_id":"32f1eeeb-90c0-49f9-a98c-0d2e64947313-140565598060544","trial_id":194,"param_name":"OuterRadius","param_value_internal":12.344935242657684,"distribution":"{\"name\": \"FloatDistribution\", \"attributes\": {\"step\": null, \"low\": 8.75, \"high\": 17.75, \"log\": false}}"}
{"op_code":5,"worker_id":"32f1eeeb-90c0-49f9-a98c-0d2e64947313-140565598060544","trial_id":194,"param_name":"JointHeight","param_value_internal":7.460636707639404,"distribution":"{\"name\": \"FloatDistribution\", \"attributes\": {\"step\": null, \"low\": 5.0, \"high\": 8.0, \"log\": false}}"}
{"op_code":5,"worker_id":"32f1eeeb-90c0-49f9-a98c-0d2e64947313-140565598060544","trial_id":194,"param_name":"CavityCorkThickness","param_value_internal":2.3094655836982407,"distribution":"{\"name\": \"FloatDistribution\", \"attributes\": {\"step\": null, \"low\": 2.0, \"high\": 5.0, \"log\": false}}"}
{"op_code":5,"worker_id":"32f1eeeb-90c0-49f9-a98c-0d2e64947313-140565598060544","trial_id":194,"param_name":"BellowHeight","param_value_internal":6.232028898879684,"distribution":"{\"name\": \"FloatDistribution\", \"attributes\": {\"step\": null, \"low\": 6.0, \"high\": 10.0, \"log\": false}}"}
{"op_code":5,"worker_id":"32f1eeeb-90c0-49f9-a98c-0d2e64947313-140565598060544","trial_id":194,"param_name":"WallThickness","param_value_internal":2.742974654550793,"distribution":"{\"name\": \"FloatDistribution\", \"attributes\": {\"step\": null, \"low\": 2.0, \"high\": 4.0, \"log\": false}}"}
{"op_code":5,"worker_id":"32f1eeeb-90c0-49f9-a98c-0d2e64947313-140565598060544","trial_id":194,"param_name":"PlateauHeight","param_value_internal":2.1439004333582736,"distribution":"{\"name\": \"FloatDistribution\", \"attributes\": {\"step\": null, \"low\": 2.0, \"high\": 4.0, \"log\": false}}"}
{"op_code":6,"worker_id":"a69528c1-accc-4a39-92ba-9c440c19beb9-139860006273024","trial_id":192,"state":1,"values":[412.04776031457016,0.5053790280453913],"datetime_complete":"2026-06-16T05:06:34.185290"}
{"op_code":4,"worker_id":"a69528c1-accc-4a39-92ba-9c440c19beb9-139860006273024","study_id":0,"datetime_start":"2026-06-16T05:06:34.195373"}
{"op_code":9,"worker_id":"a69528c1-accc-4a39-92ba-9c440c19beb9-139860006273024","trial_id":195,"system_attr":{"nsga2:generation":3}}
{"op_code":5,"worker_id":"a69528c1-accc-4a39-92ba-9c440c19beb9-139860006273024","trial_id":195,"param_name":"JointSlopeAngle","param_value_internal":0.9564762255587863,"distribution":"{\"name\": \"FloatDistribution\", \"attributes\": {\"step\": null, \"low\": 0.17453292519943295, \"high\": 1.0471975511965976, \"log\": false}}"}
{"op_code":5,"worker_id":"a69528c1-accc-4a39-92ba-9c440c19beb9-139860006273024","trial_id":195,"param_name":"OuterRadius","param_value_internal":9.690576630307781,"distribution":"{\"name\": \"FloatDistribution\", \"attributes\": {\"step\": null, \"low\": 8.75, \"high\": 17.75, \"log\": false}}"}
{"op_code":5,"worker_id":"a69528c1-accc-4a39-92ba-9c440c19beb9-139860006273024","trial_id":195,"param_name":"JointHeight","param_value_internal":7.654443782412088,"distribution":"{\"name\": \"FloatDistribution\", \"attributes\": {\"step\": null, \"low\": 5.0, \"high\": 8.0, \"log\": false}}"}
{"op_code":5,"worker_id":"a69528c1-accc-4a39-92ba-9c440c19beb9-139860006273024","trial_id":195,"param_name":"CavityCorkThickness","param_value_internal":2.405525650255897,"distribution":"{\"name\": \"FloatDistribution\", \"attributes\": {\"step\": null, \"low\": 2.0, \"high\": 5.0, \"log\": false}}"}
{"op_code":5,"worker_id":"a69528c1-accc-4a39-92ba-9c440c19beb9-139860006273024","trial_id":195,"param_name":"BellowHeight","param_value_internal":6.7030093646908515,"distribution":"{\"name\": \"FloatDistribution\", \"attributes\": {\"step\": null, \"low\": 6.0, \"high\": 10.0, \"log\": false}}"}
{"op_code":5,"worker_id":"a69528c1-accc-4a39-92ba-9c440c19beb9-139860006273024","trial_id":195,"param_name":"WallThickness","param_value_internal":2.224254426673263,"distribution":"{\"name\": \"FloatDistribution\", \"attributes\": {\"step\": null, \"low\": 2.0, \"high\": 4.0, \"log\": false}}"}
{"op_code":5,"worker_id":"a69528c1-accc-4a39-92ba-9c440c19beb9-139860006273024","trial_id":195,"param_name":"PlateauHeight","param_value_internal":3.5159505279966643,"distribution":"{\"name\": \"FloatDistribution\", \"attributes\": {\"step\": null, \"low\": 2.0, \"high\": 4.0, \"log\": false}}"}
{"op_code":6,"worker_id":"bf9fd7a3-033f-446d-9a1f-5b1996939af3-140073594007552","trial_id":193,"state":1,"values":[43.43931091874423,0.24324597335301829],"datetime_complete":"2026-06-16T05:06:35.166323"}
{"op_code":4,"worker_id":"bf9fd7a3-033f-446d-9a1f-5b1996939af3-140073594007552","study_id":0,"datetime_start":"2026-06-16T05:06:35.177730"}
{"op_code":9,"worker_id":"bf9fd7a3-033f-446d-9a1f-5b1996939af3-140073594007552","trial_id":196,"system_attr":{"nsga2:generation":3}}
{"op_code":5,"worker_id":"bf9fd7a3-033f-446d-9a1f-5b1996939af3-140073594007552","trial_id":196,"param_name":"JointSlopeAngle","param_value_internal":0.9367054297789487,"distribution":"{\"name\": \"FloatDistribution\", \"attributes\": {\"step\": null, \"low\": 0.17453292519943295, \"high\": 1.0471975511965976, \"log\": false}}"}
{"op_code":5,"worker_id":"bf9fd7a3-033f-446d-9a1f-5b1996939af3-140073594007552","trial_id":196,"param_name":"OuterRadius","param_value_internal":17.075028363337864,"distribution":"{\"name\": \"FloatDistribution\", \"attributes\": {\"step\": null, \"low\": 8.75, \"high\": 17.75, \"log\": false}}"}
{"op_code":5,"worker_id":"bf9fd7a3-033f-446d-9a1f-5b1996939af3-140073594007552","trial_id":196,"param_name":"JointHeight","param_value_internal":5.43133360197518,"distribution":"{\"name\": \"FloatDistribution\", \"attributes\": {\"step\": null, \"low\": 5.0, \"high\": 8.0, \"log\": false}}"}
{"op_code":5,"worker_id":"bf9fd7a3-033f-446d-9a1f-5b1996939af3-140073594007552","trial_id":196,"param_name":"CavityCorkThickness","param_value_internal":3.5276492347621415,"distribution":"{\"name\": \"FloatDistribution\", \"attributes\": {\"step\": null, \"low\": 2.0, \"high\": 5.0, \"log\": false}}"}
{"op_code":5,"worker_id":"bf9fd7a3-033f-446d-9a1f-5b1996939af3-140073594007552","trial_id":196,"param_name":"BellowHeight","param_value_internal":9.745414131678086,"distribution":"{\"name\": \"FloatDistribution\", \"attributes\": {\"step\": null, \"low\": 6.0, \"high\": 10.0, \"log\": false}}"}
{"op_code":5,"worker_id":"bf9fd7a3-033f-446d-9a1f-5b1996939af3-140073594007552","trial_id":196,"param_name":"WallThickness","param_value_internal":3.2573012932053853,"distribution":"{\"name\": \"FloatDistribution\", \"attributes\": {\"step\": null, \"low\": 2.0, \"high\": 4.0, \"log\": false}}"}
{"op_code":5,"worker_id":"bf9fd7a3-033f-446d-9a1f-5b1996939af3-140073594007552","trial_id":196,"param_name":"PlateauHeight","param_value_internal":3.3975645466712336,"distribution":"{\"name\": \"FloatDistribution\", \"attributes\": {\"step\": null, \"low\": 2.0, \"high\": 4.0, \"log\": false}}"}
{"op_code":6,"worker_id":"32f1eeeb-90c0-49f9-a98c-0d2e64947313-140565598060544","trial_id":194,"state":1,"values":[485.1909565211462,0.4088605967645271],"datetime_complete":"2026-06-16T05:06:37.548736"}
{"op_code":4,"worker_id":"32f1eeeb-90c0-49f9-a98c-0d2e64947313-140565598060544","study_id":0,"datetime_start":"2026-06-16T05:06:37.559209"}
{"op_code":9,"worker_id":"32f1eeeb-90c0-49f9-a98c-0d2e64947313-140565598060544","trial_id":197,"system_attr":{"nsga2:generation":3}}
{"op_code":5,"worker_id":"32f1eeeb-90c0-49f9-a98c-0d2e64947313-140565598060544","trial_id":197,"param_name":"JointSlopeAngle","param_value_internal":0.9181151838671837,"distribution":"{\"name\": \"FloatDistribution\", \"attributes\": {\"step\": null, \"low\": 0.17453292519943295, \"high\": 1.0471975511965976, \"log\": false}}"}
{"op_code":5,"worker_id":"32f1eeeb-90c0-49f9-a98c-0d2e64947313-140565598060544","trial_id":197,"param_name":"OuterRadius","param_value_internal":14.551598989930017,"distribution":"{\"name\": \"FloatDistribution\", \"attributes\": {\"step\": null, \"low\": 8.75, \"high\": 17.75, \"log\": false}}"}
{"op_code":5,"worker_id":"32f1eeeb-90c0-49f9-a98c-0d2e64947313-140565598060544","trial_id":197,"param_name":"JointHeight","param_value_internal":5.522588836569238,"distribution":"{\"name\": \"FloatDistribution\", \"attributes\": {\"step\": null, \"low\": 5.0, \"high\": 8.0, \"log\": false}}"}
{"op_code":5,"worker_id":"32f1eeeb-90c0-49f9-a98c-0d2e64947313-140565598060544","trial_id":197,"param_name":"CavityCorkThickness","param_value_internal":3.178777320592155,"distribution":"{\"name\": \"FloatDistribution\", \"attributes\": {\"step\": null, \"low\": 2.0, \"high\": 5.0, \"log\": false}}"}
{"op_code":5,"worker_id":"32f1eeeb-90c0-49f9-a98c-0d2e64947313-140565598060544","trial_id":197,"param_name":"BellowHeight","param_value_internal":7.433489173279064,"distribution":"{\"name\": \"FloatDistribution\", \"attributes\": {\"step\": null, \"low\": 6.0, \"high\": 10.0, \"log\": false}}"}
{"op_code":5,"worker_id":"32f1eeeb-90c0-49f9-a98c-0d2e64947313-140565598060544","trial_id":197,"param_name":"WallThickness","param_value_internal":3.251465431992682,"distribution":"{\"name\": \"FloatDistribution\", \"attributes\": {\"step\": null, \"low\": 2.0, \"high\": 4.0, \"log\": false}}"}
{"op_code":5,"worker_id":"32f1eeeb-90c0-49f9-a98c-0d2e64947313-140565598060544","trial_id":197,"param_name":"PlateauHeight","param_value_internal":2.1189870194908726,"distribution":"{\"name\": \"FloatDistribution\", \"attributes\": {\"step\": null, \"low\": 2.0, \"high\": 4.0, \"log\": false}}"}
{"op_code":6,"worker_id":"a69528c1-accc-4a39-92ba-9c440c19beb9-139860006273024","trial_id":195,"state":1,"values":[268.40827304725474,0.10627657163042774],"datetime_complete":"2026-06-16T05:06:43.635733"}
{"op_code":4,"worker_id":"a69528c1-accc-4a39-92ba-9c440c19beb9-139860006273024","study_id":0,"datetime_start":"2026-06-16T05:06:43.647223"}
{"op_code":9,"worker_id":"a69528c1-accc-4a39-92ba-9c440c19beb9-139860006273024","trial_id":198,"system_attr":{"nsga2:generation":3}}
{"op_code":5,"worker_id":"a69528c1-accc-4a39-92ba-9c440c19beb9-139860006273024","trial_id":198,"param_name":"JointSlopeAngle","param_value_internal":0.9367054297789487,"distribution":"{\"name\": \"FloatDistribution\", \"attributes\": {\"step\": null, \"low\": 0.17453292519943295, \"high\": 1.0471975511965976, \"log\": false}}"}
{"op_code":5,"worker_id":"a69528c1-accc-4a39-92ba-9c440c19beb9-139860006273024","trial_id":198,"param_name":"OuterRadius","param_value_internal":16.032810961490206,"distribution":"{\"name\": \"FloatDistribution\", \"attributes\": {\"step\": null, \"low\": 8.75, \"high\": 17.75, \"log\": false}}"}
{"op_code":5,"worker_id":"a69528c1-accc-4a39-92ba-9c440c19beb9-139860006273024","trial_id":198,"param_name":"JointHeight","param_value_internal":7.957242184419182,"distribution":"{\"name\": \"FloatDistribution\", \"attributes\": {\"step\": null, \"low\": 5.0, \"high\": 8.0, \"log\": false}}"}
{"op_code":5,"worker_id":"a69528c1-accc-4a39-92ba-9c440c19beb9-139860006273024","trial_id":198,"param_name":"CavityCorkThickness","param_value_internal":2.2004154780939267,"distribution":"{\"name\": \"FloatDistribution\", \"attributes\": {\"step\": null, \"low\": 2.0, \"high\": 5.0, \"log\": false}}"}
{"op_code":5,"worker_id":"a69528c1-accc-4a39-92ba-9c440c19beb9-139860006273024","trial_id":198,"param_name":"BellowHeight","param_value_internal":8.054195910242441,"distribution":"{\"name\": \"FloatDistribution\", \"attributes\": {\"step\": null, \"low\": 6.0, \"high\": 10.0, \"log\": false}}"}
{"op_code":5,"worker_id":"a69528c1-accc-4a39-92ba-9c440c19beb9-139860006273024","trial_id":198,"param_name":"WallThickness","param_value_internal":2.9410810790041007,"distribution":"{\"name\": \"FloatDistribution\", \"attributes\": {\"step\": null, \"low\": 2.0, \"high\": 4.0, \"log\": false}}"}
{"op_code":5,"worker_id":"a69528c1-accc-4a39-92ba-9c440c19beb9-139860006273024","trial_id":198,"param_name":"PlateauHeight","param_value_internal":2.3745053260966618,"distribution":"{\"name\": \"FloatDistribution\", \"attributes\": {\"step\": null, \"low\": 2.0, \"high\": 4.0, \"log\": false}}"}
{"op_code":6,"worker_id":"bf9fd7a3-033f-446d-9a1f-5b1996939af3-140073594007552","trial_id":196,"state":1,"values":[1326.2238673214727,0.408074129113995],"datetime_complete":"2026-06-16T05:06:45.938146"}
{"op_code":4,"worker_id":"bf9fd7a3-033f-446d-9a1f-5b1996939af3-140073594007552","study_id":0,"datetime_start":"2026-06-16T05:06:45.949681"}
{"op_code":9,"worker_id":"bf9fd7a3-033f-446d-9a1f-5b1996939af3-140073594007552","trial_id":199,"system_attr":{"nsga2:generation":3}}
{"op_code":5,"worker_id":"bf9fd7a3-033f-446d-9a1f-5b1996939af3-140073594007552","trial_id":199,"param_name":"JointSlopeAngle","param_value_internal":0.6778488102241723,"distribution":"{\"name\": \"FloatDistribution\", \"attributes\": {\"step\": null, \"low\": 0.17453292519943295, \"high\": 1.0471975511965976, \"log\": false}}"}
{"op_code":5,"worker_id":"bf9fd7a3-033f-446d-9a1f-5b1996939af3-140073594007552","trial_id":199,"param_name":"OuterRadius","param_value_internal":16.032810961490206,"distribution":"{\"name\": \"FloatDistribution\", \"attributes\": {\"step\": null, \"low\": 8.75, \"high\": 17.75, \"log\": false}}"}
{"op_code":5,"worker_id":"bf9fd7a3-033f-446d-9a1f-5b1996939af3-140073594007552","trial_id":199,"param_name":"JointHeight","param_value_internal":5.089157700731112,"distribution":"{\"name\": \"FloatDistribution\", \"attributes\": {\"step\": null, \"low\": 5.0, \"high\": 8.0, \"log\": false}}"}
{"op_code":5,"worker_id":"bf9fd7a3-033f-446d-9a1f-5b1996939af3-140073594007552","trial_id":199,"param_name":"CavityCorkThickness","param_value_internal":2.2004154780939267,"distribution":"{\"name\": \"FloatDistribution\", \"attributes\": {\"step\": null, \"low\": 2.0, \"high\": 5.0, \"log\": false}}"}
{"op_code":5,"worker_id":"bf9fd7a3-033f-446d-9a1f-5b1996939af3-140073594007552","trial_id":199,"param_name":"BellowHeight","param_value_internal":8.329643064751066,"distribution":"{\"name\": \"FloatDistribution\", \"attributes\": {\"step\": null, \"low\": 6.0, \"high\": 10.0, \"log\": false}}"}
{"op_code":5,"worker_id":"bf9fd7a3-033f-446d-9a1f-5b1996939af3-140073594007552","trial_id":199,"param_name":"WallThickness","param_value_internal":2.00165388978446,"distribution":"{\"name\": \"FloatDistribution\", \"attributes\": {\"step\": null, \"low\": 2.0, \"high\": 4.0, \"log\": false}}"}
{"op_code":5,"worker_id":"bf9fd7a3-033f-446d-9a1f-5b1996939af3-140073594007552","trial_id":199,"param_name":"PlateauHeight","param_value_internal":3.8991331278884838,"distribution":"{\"name\": \"FloatDistribution\", \"attributes\": {\"step\": null, \"low\": 2.0, \"high\": 4.0, \"log\": false}}"}
{"op_code":6,"worker_id":"32f1eeeb-90c0-49f9-a98c-0d2e64947313-140565598060544","trial_id":197,"state":1,"values":[666.0733811770818,0.48865337218623683],"datetime_complete":"2026-06-16T05:06:47.417897"}
{"op_code":4,"worker_id":"32f1eeeb-90c0-49f9-a98c-0d2e64947313-140565598060544","study_id":0,"datetime_start":"2026-06-16T05:06:47.452567"}
{"op_code":9,"worker_id":"32f1eeeb-90c0-49f9-a98c-0d2e64947313-140565598060544","trial_id":200,"system_attr":{"nsga2:generation":3}}
{"op_code":5,"worker_id":"32f1eeeb-90c0-49f9-a98c-0d2e64947313-140565598060544","trial_id":200,"param_name":"JointSlopeAngle","param_value_internal":0.9367054297789487,"distribution":"{\"name\": \"FloatDistribution\", \"attributes\": {\"step\": null, \"low\": 0.17453292519943295, \"high\": 1.0471975511965976, \"log\": false}}"}
{"op_code":5,"worker_id":"32f1eeeb-90c0-49f9-a98c-0d2e64947313-140565598060544","trial_id":200,"param_name":"OuterRadius","param_value_internal":13.571106070446115,"distribution":"{\"name\": \"FloatDistribution\", \"attributes\": {\"step\": null, \"low\": 8.75, \"high\": 17.75, \"log\": false}}"}
{"op_code":5,"worker_id":"32f1eeeb-90c0-49f9-a98c-0d2e64947313-140565598060544","trial_id":200,"param_name":"JointHeight","param_value_internal":6.653137446809373,"distribution":"{\"name\": \"FloatDistribution\", \"attributes\": {\"step\": null, \"low\": 5.0, \"high\": 8.0, \"log\": false}}"}
{"op_code":5,"worker_id":"32f1eeeb-90c0-49f9-a98c-0d2e64947313-140565598060544","trial_id":200,"param_name":"CavityCorkThickness","param_value_internal":2.405525650255897,"distribution":"{\"name\": \"FloatDistribution\", \"attributes\": {\"step\": null, \"low\": 2.0, \"high\": 5.0, \"log\": false}}"}
{"op_code":5,"worker_id":"32f1eeeb-90c0-49f9-a98c-0d2e64947313-140565598060544","trial_id":200,"param_name":"BellowHeight","param_value_internal":7.605444615651337,"distribution":"{\"name\": \"FloatDistribution\", \"attributes\": {\"step\": null, \"low\": 6.0, \"high\": 10.0, \"log\": false}}"}
{"op_code":5,"worker_id":"32f1eeeb-90c0-49f9-a98c-0d2e64947313-140565598060544","trial_id":200,"param_name":"WallThickness","param_value_internal":2.7350920906306664,"distribution":"{\"name\": \"FloatDistribution\", \"attributes\": {\"step\": null, \"low\": 2.0, \"high\": 4.0, \"log\": false}}"}
{"op_code":5,"worker_id":"32f1eeeb-90c0-49f9-a98c-0d2e64947313-140565598060544","trial_id":200,"param_name":"PlateauHeight","param_value_internal":3.670232198420761,"distribution":"{\"name\": \"FloatDistribution\", \"attributes\": {\"step\": null, \"low\": 2.0, \"high\": 4.0, \"log\": false}}"}
{"op_code":6,"worker_id":"a69528c1-accc-4a39-92ba-9c440c19beb9-139860006273024","trial_id":198,"state":1,"values":[1226.9089814387794,0.42136646223097585],"datetime_complete":"2026-06-16T05:06:54.260431"}
{"op_code":4,"worker_id":"a69528c1-accc-4a39-92ba-9c440c19beb9-139860006273024","study_id":0,"datetime_start":"2026-06-16T05:06:54.271281"}
{"op_code":9,"worker_id":"a69528c1-accc-4a39-92ba-9c440c19beb9-139860006273024","trial_id":201,"system_attr":{"nsga2:generation":3}}
{"op_code":5,"worker_id":"a69528c1-accc-4a39-92ba-9c440c19beb9-139860006273024","trial_id":201,"param_name":"JointSlopeAngle","param_value_internal":0.7101123787546164,"distribution":"{\"name\": \"FloatDistribution\", \"attributes\": {\"step\": null, \"low\": 0.17453292519943295, \"high\": 1.0471975511965976, \"log\": false}}"}
{"op_code":5,"worker_id":"a69528c1-accc-4a39-92ba-9c440c19beb9-139860006273024","trial_id":201,"param_name":"OuterRadius","param_value_internal":17.095721952674808,"distribution":"{\"name\": \"FloatDistribution\", \"attributes\": {\"step\": null, \"low\": 8.75, \"high\": 17.75, \"log\": false}}"}
{"op_code":5,"worker_id":"a69528c1-accc-4a39-92ba-9c440c19beb9-139860006273024","trial_id":201,"param_name":"JointHeight","param_value_internal":5.522588836569238,"distribution":"{\"name\": \"FloatDistribution\", \"attributes\": {\"step\": null, \"low\": 5.0, \"high\": 8.0, \"log\": false}}"}
{"op_code":5,"worker_id":"a69528c1-accc-4a39-92ba-9c440c19beb9-139860006273024","trial_id":201,"param_name":"CavityCorkThickness","param_value_internal":4.974373772155542,"distribution":"{\"name\": \"FloatDistribution\", \"attributes\": {\"step\": null, \"low\": 2.0, \"high\": 5.0, \"log\": false}}"}
{"op_code":5,"worker_id":"a69528c1-accc-4a39-92ba-9c440c19beb9-139860006273024","trial_id":201,"param_name":"BellowHeight","param_value_internal":9.741185669127688,"distribution":"{\"name\": \"FloatDistribution\", \"attributes\": {\"step\": null, \"low\": 6.0, \"high\": 10.0, \"log\": false}}"}
{"op_code":5,"worker_id":"a69528c1-accc-4a39-92ba-9c440c19beb9-139860006273024","trial_id":201,"param_name":"WallThickness","param_value_internal":3.9305184659173706,"distribution":"{\"name\": \"FloatDistribution\", \"attributes\": {\"step\": null, \"low\": 2.0, \"high\": 4.0, \"log\": false}}"}
{"op_code":5,"worker_id":"a69528c1-accc-4a39-92ba-9c440c19beb9-139860006273024","trial_id":201,"param_name":"PlateauHeight","param_value_internal":3.8991331278884838,"distribution":"{\"name\": \"FloatDistribution\", \"attributes\": {\"step\": null, \"low\": 2.0, \"high\": 4.0, \"log\": false}}"}
{"op_code":6,"worker_id":"bf9fd7a3-033f-446d-9a1f-5b1996939af3-140073594007552","trial_id":199,"state":1,"values":[1666.1652701564315,0.4233640851140558],"datetime_complete":"2026-06-16T05:06:57.142941"}
{"op_code":4,"worker_id":"bf9fd7a3-033f-446d-9a1f-5b1996939af3-140073594007552","study_id":0,"datetime_start":"2026-06-16T05:06:57.154698"}
{"op_code":9,"worker_id":"bf9fd7a3-033f-446d-9a1f-5b1996939af3-140073594007552","trial_id":202,"system_attr":{"nsga2:generation":3}}
{"op_code":5,"worker_id":"bf9fd7a3-033f-446d-9a1f-5b1996939af3-140073594007552","trial_id":202,"param_name":"JointSlopeAngle","param_value_internal":0.9564762255587863,"distribution":"{\"name\": \"FloatDistribution\", \"attributes\": {\"step\": null, \"low\": 0.17453292519943295, \"high\": 1.0471975511965976, \"log\": false}}"}
{"op_code":5,"worker_id":"bf9fd7a3-033f-446d-9a1f-5b1996939af3-140073594007552","trial_id":202,"param_name":"OuterRadius","param_value_internal":15.552079448812187,"distribution":"{\"name\": \"FloatDistribution\", \"attributes\": {\"step\": null, \"low\": 8.75, \"high\": 17.75, \"log\": false}}"}
{"op_code":5,"worker_id":"bf9fd7a3-033f-446d-9a1f-5b1996939af3-140073594007552","trial_id":202,"param_name":"JointHeight","param_value_internal":7.460636707639404,"distribution":"{\"name\": \"FloatDistribution\", \"attributes\": {\"step\": null, \"low\": 5.0, \"high\": 8.0, \"log\": false}}"}
{"op_code":5,"worker_id":"bf9fd7a3-033f-446d-9a1f-5b1996939af3-140073594007552","trial_id":202,"param_name":"CavityCorkThickness","param_value_internal":3.37649393043797,"distribution":"{\"name\": \"FloatDistribution\", \"attributes\": {\"step\": null, \"low\": 2.0, \"high\": 5.0, \"log\": false}}"}
{"op_code":5,"worker_id":"bf9fd7a3-033f-446d-9a1f-5b1996939af3-140073594007552","trial_id":202,"param_name":"BellowHeight","param_value_internal":8.554712394547428,"distribution":"{\"name\": \"FloatDistribution\", \"attributes\": {\"step\": null, \"low\": 6.0, \"high\": 10.0, \"log\": false}}"}
{"op_code":5,"worker_id":"bf9fd7a3-033f-446d-9a1f-5b1996939af3-140073594007552","trial_id":202,"param_name":"WallThickness","param_value_internal":3.689719743977979,"distribution":"{\"name\": \"FloatDistribution\", \"attributes\": {\"step\": null, \"low\": 2.0, \"high\": 4.0, \"log\": false}}"}
{"op_code":5,"worker_id":"bf9fd7a3-033f-446d-9a1f-5b1996939af3-140073594007552","trial_id":202,"param_name":"PlateauHeight","param_value_internal":2.100333843912346,"distribution":"{\"name\": \"FloatDistribution\", \"attributes\": {\"step\": null, \"low\": 2.0, \"high\": 4.0, \"log\": false}}"}
{"op_code":6,"worker_id":"32f1eeeb-90c0-49f9-a98c-0d2e64947313-140565598060544","trial_id":200,"state":1,"values":[820.2513041169161,0.49772600090370217],"datetime_complete":"2026-06-16T05:06:57.419368"}
{"op_code":4,"worker_id":"32f1eeeb-90c0-49f9-a98c-0d2e64947313-140565598060544","study_id":0,"datetime_start":"2026-06-16T05:06:57.429997"}
{"op_code":9,"worker_id":"32f1eeeb-90c0-49f9-a98c-0d2e64947313-140565598060544","trial_id":203,"system_attr":{"nsga2:generation":3}}
{"op_code":5,"worker_id":"32f1eeeb-90c0-49f9-a98c-0d2e64947313-140565598060544","trial_id":203,"param_name":"JointSlopeAngle","param_value_internal":0.2285920375927765,"distribution":"{\"name\": \"FloatDistribution\", \"attributes\": {\"step\": null, \"low\": 0.17453292519943295, \"high\": 1.0471975511965976, \"log\": false}}"}
{"op_code":5,"worker_id":"32f1eeeb-90c0-49f9-a98c-0d2e64947313-140565598060544","trial_id":203,"param_name":"OuterRadius","param_value_internal":16.242809915042614,"distribution":"{\"name\": \"FloatDistribution\", \"attributes\": {\"step\": null, \"low\": 8.75, \"high\": 17.75, \"log\": false}}"}
{"op_code":5,"worker_id":"32f1eeeb-90c0-49f9-a98c-0d2e64947313-140565598060544","trial_id":203,"param_name":"JointHeight","param_value_internal":5.968840842436931,"distribution":"{\"name\": \"FloatDistribution\", \"attributes\": {\"step\": null, \"low\": 5.0, \"high\": 8.0, \"log\": false}}"}
{"op_code":5,"worker_id":"32f1eeeb-90c0-49f9-a98c-0d2e64947313-140565598060544","trial_id":203,"param_name":"CavityCorkThickness","param_value_internal":2.2004154780939267,"distribution":"{\"name\": \"FloatDistribution\", \"attributes\": {\"step\": null, \"low\": 2.0, \"high\": 5.0, \"log\": false}}"}
{"op_code":5,"worker_id":"32f1eeeb-90c0-49f9-a98c-0d2e64947313-140565598060544","trial_id":203,"param_name":"BellowHeight","param_value_internal":9.037663220085232,"distribution":"{\"name\": \"FloatDistribution\", \"attributes\": {\"step\": null, \"low\": 6.0, \"high\": 10.0, \"log\": false}}"}
{"op_code":5,"worker_id":"32f1eeeb-90c0-49f9-a98c-0d2e64947313-140565598060544","trial_id":203,"param_name":"WallThickness","param_value_internal":3.3168442951561445,"distribution":"{\"name\": \"FloatDistribution\", \"attributes\": {\"step\": null, \"low\": 2.0, \"high\": 4.0, \"log\": false}}"}
{"op_code":5,"worker_id":"32f1eeeb-90c0-49f9-a98c-0d2e64947313-140565598060544","trial_id":203,"param_name":"PlateauHeight","param_value_internal":3.6360810302045676,"distribution":"{\"name\": \"FloatDistribution\", \"attributes\": {\"step\": null, \"low\": 2.0, \"high\": 4.0, \"log\": false}}"}
{"op_code":6,"worker_id":"a69528c1-accc-4a39-92ba-9c440c19beb9-139860006273024","trial_id":201,"state":1,"values":[948.805041482583,0.42618823132521916],"datetime_complete":"2026-06-16T05:07:04.979187"}
{"op_code":4,"worker_id":"a69528c1-accc-4a39-92ba-9c440c19beb9-139860006273024","study_id":0,"datetime_start":"2026-06-16T05:07:04.989573"}
{"op_code":9,"worker_id":"a69528c1-accc-4a39-92ba-9c440c19beb9-139860006273024","trial_id":204,"system_attr":{"nsga2:generation":3}}
{"op_code":5,"worker_id":"a69528c1-accc-4a39-92ba-9c440c19beb9-139860006273024","trial_id":204,"param_name":"JointSlopeAngle","param_value_internal":0.7011132302131908,"distribution":"{\"name\": \"FloatDistribution\", \"attributes\": {\"step\": null, \"low\": 0.17453292519943295, \"high\": 1.0471975511965976, \"log\": false}}"}
{"op_code":5,"worker_id":"a69528c1-accc-4a39-92ba-9c440c19beb9-139860006273024","trial_id":204,"param_name":"OuterRadius","param_value_internal":16.789991867218234,"distribution":"{\"name\": \"FloatDistribution\", \"attributes\": {\"step\": null, \"low\": 8.75, \"high\": 17.75, \"log\": false}}"}
{"op_code":5,"worker_id":"a69528c1-accc-4a39-92ba-9c440c19beb9-139860006273024","trial_id":204,"param_name":"JointHeight","param_value_internal":6.328329349052805,"distribution":"{\"name\": \"FloatDistribution\", \"attributes\": {\"step\": null, \"low\": 5.0, \"high\": 8.0, \"log\": false}}"}
{"op_code":5,"worker_id":"a69528c1-accc-4a39-92ba-9c440c19beb9-139860006273024","trial_id":204,"param_name":"CavityCorkThickness","param_value_internal":4.8394327898386,"distribution":"{\"name\": \"FloatDistribution\", \"attributes\": {\"step\": null, \"low\": 2.0, \"high\": 5.0, \"log\": false}}"}
{"op_code":5,"worker_id":"a69528c1-accc-4a39-92ba-9c440c19beb9-139860006273024","trial_id":204,"param_name":"BellowHeight","param_value_internal":7.433489173279064,"distribution":"{\"name\": \"FloatDistribution\", \"attributes\": {\"step\": null, \"low\": 6.0, \"high\": 10.0, \"log\": false}}"}
{"op_code":5,"worker_id":"a69528c1-accc-4a39-92ba-9c440c19beb9-139860006273024","trial_id":204,"param_name":"WallThickness","param_value_internal":2.3242245184732684,"distribution":"{\"name\": \"FloatDistribution\", \"attributes\": {\"step\": null, \"low\": 2.0, \"high\": 4.0, \"log\": false}}"}
{"op_code":5,"worker_id":"a69528c1-accc-4a39-92ba-9c440c19beb9-139860006273024","trial_id":204,"param_name":"PlateauHeight","param_value_internal":2.138634336533139,"distribution":"{\"name\": \"FloatDistribution\", \"attributes\": {\"step\": null, \"low\": 2.0, \"high\": 4.0, \"log\": false}}"}
{"op_code":6,"worker_id":"bf9fd7a3-033f-446d-9a1f-5b1996939af3-140073594007552","trial_id":202,"state":1,"values":[765.450951124746,0.45225870103432825],"datetime_complete":"2026-06-16T05:07:07.483104"}
{"op_code":4,"worker_id":"bf9fd7a3-033f-446d-9a1f-5b1996939af3-140073594007552","study_id":0,"datetime_start":"2026-06-16T05:07:07.493336"}
{"op_code":9,"worker_id":"bf9fd7a3-033f-446d-9a1f-5b1996939af3-140073594007552","trial_id":205,"system_attr":{"nsga2:generation":3}}
{"op_code":5,"worker_id":"bf9fd7a3-033f-446d-9a1f-5b1996939af3-140073594007552","trial_id":205,"param_name":"JointSlopeAngle","param_value_internal":0.8040118756789952,"distribution":"{\"name\": \"FloatDistribution\", \"attributes\": {\"step\": null, \"low\": 0.17453292519943295, \"high\": 1.0471975511965976, \"log\": false}}"}
{"op_code":5,"worker_id":"bf9fd7a3-033f-446d-9a1f-5b1996939af3-140073594007552","trial_id":205,"param_name":"OuterRadius","param_value_internal":16.01991644282559,"distribution":"{\"name\": \"FloatDistribution\", \"attributes\": {\"step\": null, \"low\": 8.75, \"high\": 17.75, \"log\": false}}"}
{"op_code":5,"worker_id":"bf9fd7a3-033f-446d-9a1f-5b1996939af3-140073594007552","trial_id":205,"param_name":"JointHeight","param_value_internal":6.83042685249322,"distribution":"{\"name\": \"FloatDistribution\", \"attributes\": {\"step\": null, \"low\": 5.0, \"high\": 8.0, \"log\": false}}"}
{"op_code":5,"worker_id":"bf9fd7a3-033f-446d-9a1f-5b1996939af3-140073594007552","trial_id":205,"param_name":"CavityCorkThickness","param_value_internal":2.3094655836982407,"distribution":"{\"name\": \"FloatDistribution\", \"attributes\": {\"step\": null, \"low\": 2.0, \"high\": 5.0, \"log\": false}}"}
{"op_code":5,"worker_id":"bf9fd7a3-033f-446d-9a1f-5b1996939af3-140073594007552","trial_id":205,"param_name":"BellowHeight","param_value_internal":7.887051329200741,"distribution":"{\"name\": \"FloatDistribution\", \"attributes\": {\"step\": null, \"low\": 6.0, \"high\": 10.0, \"log\": false}}"}
{"op_code":5,"worker_id":"bf9fd7a3-033f-446d-9a1f-5b1996939af3-140073594007552","trial_id":205,"param_name":"WallThickness","param_value_internal":2.3242245184732684,"distribution":"{\"name\": \"FloatDistribution\", \"attributes\": {\"step\": null, \"low\": 2.0, \"high\": 4.0, \"log\": false}}"}
{"op_code":5,"worker_id":"bf9fd7a3-033f-446d-9a1f-5b1996939af3-140073594007552","trial_id":205,"param_name":"PlateauHeight","param_value_internal":2.5024060513668935,"distribution":"{\"name\": \"FloatDistribution\", \"attributes\": {\"step\": null, \"low\": 2.0, \"high\": 4.0, \"log\": false}}"}
{"op_code":6,"worker_id":"32f1eeeb-90c0-49f9-a98c-0d2e64947313-140565598060544","trial_id":203,"state":1,"values":[1349.7942951912373,0.31326769279562067],"datetime_complete":"2026-06-16T05:07:09.031739"}
{"op_code":4,"worker_id":"32f1eeeb-90c0-49f9-a98c-0d2e64947313-140565598060544","study_id":0,"datetime_start":"2026-06-16T05:07:09.042600"}
{"op_code":9,"worker_id":"32f1eeeb-90c0-49f9-a98c-0d2e64947313-140565598060544","trial_id":206,"system_attr":{"nsga2:generation":3}}
{"op_code":5,"worker_id":"32f1eeeb-90c0-49f9-a98c-0d2e64947313-140565598060544","trial_id":206,"param_name":"JointSlopeAngle","param_value_internal":0.9019877854894884,"distribution":"{\"name\": \"FloatDistribution\", \"attributes\": {\"step\": null, \"low\": 0.17453292519943295, \"high\": 1.0471975511965976, \"log\": false}}"}
{"op_code":5,"worker_id":"32f1eeeb-90c0-49f9-a98c-0d2e64947313-140565598060544","trial_id":206,"param_name":"OuterRadius","param_value_internal":14.489373048556564,"distribution":"{\"name\": \"FloatDistribution\", \"attributes\": {\"step\": null, \"low\": 8.75, \"high\": 17.75, \"log\": false}}"}
{"op_code":5,"worker_id":"32f1eeeb-90c0-49f9-a98c-0d2e64947313-140565598060544","trial_id":206,"param_name":"JointHeight","param_value_internal":5.322153673362866,"distribution":"{\"name\": \"FloatDistribution\", \"attributes\": {\"step\": null, \"low\": 5.0, \"high\": 8.0, \"log\": false}}"}
{"op_code":5,"worker_id":"32f1eeeb-90c0-49f9-a98c-0d2e64947313-140565598060544","trial_id":206,"param_name":"CavityCorkThickness","param_value_internal":3.7037676631191796,"distribution":"{\"name\": \"FloatDistribution\", \"attributes\": {\"step\": null, \"low\": 2.0, \"high\": 5.0, \"log\": false}}"}
{"op_code":5,"worker_id":"32f1eeeb-90c0-49f9-a98c-0d2e64947313-140565598060544","trial_id":206,"param_name":"BellowHeight","param_value_internal":9.873046074677653,"distribution":"{\"name\": \"FloatDistribution\", \"attributes\": {\"step\": null, \"low\": 6.0, \"high\": 10.0, \"log\": false}}"}
{"op_code":5,"worker_id":"32f1eeeb-90c0-49f9-a98c-0d2e64947313-140565598060544","trial_id":206,"param_name":"WallThickness","param_value_internal":2.2203697478074336,"distribution":"{\"name\": \"FloatDistribution\", \"attributes\": {\"step\": null, \"low\": 2.0, \"high\": 4.0, \"log\": false}}"}
{"op_code":5,"worker_id":"32f1eeeb-90c0-49f9-a98c-0d2e64947313-140565598060544","trial_id":206,"param_name":"PlateauHeight","param_value_internal":3.2194361361691044,"distribution":"{\"name\": \"FloatDistribution\", \"attributes\": {\"step\": null, \"low\": 2.0, \"high\": 4.0, \"log\": false}}"}
{"op_code":6,"worker_id":"a69528c1-accc-4a39-92ba-9c440c19beb9-139860006273024","trial_id":204,"state":1,"values":[965.0156477247835,0.42524252922812783],"datetime_complete":"2026-06-16T05:07:14.989872"}
{"op_code":4,"worker_id":"a69528c1-accc-4a39-92ba-9c440c19beb9-139860006273024","study_id":0,"datetime_start":"2026-06-16T05:07:15.000989"}
{"op_code":9,"worker_id":"a69528c1-accc-4a39-92ba-9c440c19beb9-139860006273024","trial_id":207,"system_attr":{"nsga2:generation":3}}
{"op_code":5,"worker_id":"a69528c1-accc-4a39-92ba-9c440c19beb9-139860006273024","trial_id":207,"param_name":"JointSlopeAngle","param_value_internal":0.8272457351358277,"distribution":"{\"name\": \"FloatDistribution\", \"attributes\": {\"step\": null, \"low\": 0.17453292519943295, \"high\": 1.0471975511965976, \"log\": false}}"}
{"op_code":5,"worker_id":"a69528c1-accc-4a39-92ba-9c440c19beb9-139860006273024","trial_id":207,"param_name":"OuterRadius","param_value_internal":14.489373048556564,"distribution":"{\"name\": \"FloatDistribution\", \"attributes\": {\"step\": null, \"low\": 8.75, \"high\": 17.75, \"log\": false}}"}
{"op_code":5,"worker_id":"a69528c1-accc-4a39-92ba-9c440c19beb9-139860006273024","trial_id":207,"param_name":"JointHeight","param_value_internal":6.653137446809373,"distribution":"{\"name\": \"FloatDistribution\", \"attributes\": {\"step\": null, \"low\": 5.0, \"high\": 8.0, \"log\": false}}"}
{"op_code":5,"worker_id":"a69528c1-accc-4a39-92ba-9c440c19beb9-139860006273024","trial_id":207,"param_name":"CavityCorkThickness","param_value_internal":3.7037676631191796,"distribution":"{\"name\": \"FloatDistribution\", \"attributes\": {\"step\": null, \"low\": 2.0, \"high\": 5.0, \"log\": false}}"}
{"op_code":5,"worker_id":"a69528c1-accc-4a39-92ba-9c440c19beb9-139860006273024","trial_id":207,"param_name":"BellowHeight","param_value_internal":6.7030093646908515,"distribution":"{\"name\": \"FloatDistribution\", \"attributes\": {\"step\": null, \"low\": 6.0, \"high\": 10.0, \"log\": false}}"}
{"op_code":5,"worker_id":"a69528c1-accc-4a39-92ba-9c440c19beb9-139860006273024","trial_id":207,"param_name":"WallThickness","param_value_internal":2.333382187309086,"distribution":"{\"name\": \"FloatDistribution\", \"attributes\": {\"step\": null, \"low\": 2.0, \"high\": 4.0, \"log\": false}}"}
{"op_code":5,"worker_id":"a69528c1-accc-4a39-92ba-9c440c19beb9-139860006273024","trial_id":207,"param_name":"PlateauHeight","param_value_internal":2.337612510518924,"distribution":"{\"name\": \"FloatDistribution\", \"attributes\": {\"step\": null, \"low\": 2.0, \"high\": 4.0, \"log\": false}}"}
{"op_code":6,"worker_id":"bf9fd7a3-033f-446d-9a1f-5b1996939af3-140073594007552","trial_id":205,"state":1,"values":[1360.816262668105,0.42856293923768424],"datetime_complete":"2026-06-16T05:07:18.617402"}
{"op_code":4,"worker_id":"bf9fd7a3-033f-446d-9a1f-5b1996939af3-140073594007552","study_id":0,"datetime_start":"2026-06-16T05:07:18.628172"}
{"op_code":9,"worker_id":"bf9fd7a3-033f-446d-9a1f-5b1996939af3-140073594007552","trial_id":208,"system_attr":{"nsga2:generation":3}}
{"op_code":5,"worker_id":"bf9fd7a3-033f-446d-9a1f-5b1996939af3-140073594007552","trial_id":208,"param_name":"JointSlopeAngle","param_value_internal":1.0073168359927265,"distribution":"{\"name\": \"FloatDistribution\", \"attributes\": {\"step\": null, \"low\": 0.17453292519943295, \"high\": 1.0471975511965976, \"log\": false}}"}
{"op_code":5,"worker_id":"bf9fd7a3-033f-446d-9a1f-5b1996939af3-140073594007552","trial_id":208,"param_name":"OuterRadius","param_value_internal":16.278469737529672,"distribution":"{\"name\": \"FloatDistribution\", \"attributes\": {\"step\": null, \"low\": 8.75, \"high\": 17.75, \"log\": false}}"}
{"op_code":5,"worker_id":"bf9fd7a3-033f-446d-9a1f-5b1996939af3-140073594007552","trial_id":208,"param_name":"JointHeight","param_value_internal":5.716382835363509,"distribution":"{\"name\": \"FloatDistribution\", \"attributes\": {\"step\": null, \"low\": 5.0, \"high\": 8.0, \"log\": false}}"}
{"op_code":5,"worker_id":"bf9fd7a3-033f-446d-9a1f-5b1996939af3-140073594007552","trial_id":208,"param_name":"CavityCorkThickness","param_value_internal":4.1768162132779585,"distribution":"{\"name\": \"FloatDistribution\", \"attributes\": {\"step\": null, \"low\": 2.0, \"high\": 5.0, \"log\": false}}"}
{"op_code":5,"worker_id":"bf9fd7a3-033f-446d-9a1f-5b1996939af3-140073594007552","trial_id":208,"param_name":"BellowHeight","param_value_internal":8.744279419622284,"distribution":"{\"name\": \"FloatDistribution\", \"attributes\": {\"step\": null, \"low\": 6.0, \"high\": 10.0, \"log\": false}}"}
{"op_code":5,"worker_id":"bf9fd7a3-033f-446d-9a1f-5b1996939af3-140073594007552","trial_id":208,"param_name":"WallThickness","param_value_internal":3.2573012932053853,"distribution":"{\"name\": \"FloatDistribution\", \"attributes\": {\"step\": null, \"low\": 2.0, \"high\": 4.0, \"log\": false}}"}
{"op_code":5,"worker_id":"bf9fd7a3-033f-446d-9a1f-5b1996939af3-140073594007552","trial_id":208,"param_name":"PlateauHeight","param_value_internal":3.3975645466712336,"distribution":"{\"name\": \"FloatDistribution\", \"attributes\": {\"step\": null, \"low\": 2.0, \"high\": 4.0, \"log\": false}}"}
{"op_code":6,"worker_id":"32f1eeeb-90c0-49f9-a98c-0d2e64947313-140565598060544","trial_id":206,"state":1,"values":[1009.9948793581528,0.4764674408166984],"datetime_complete":"2026-06-16T05:07:19.386067"}
{"op_code":4,"worker_id":"32f1eeeb-90c0-49f9-a98c-0d2e64947313-140565598060544","study_id":0,"datetime_start":"2026-06-16T05:07:19.397549"}
{"op_code":9,"worker_id":"32f1eeeb-90c0-49f9-a98c-0d2e64947313-140565598060544","trial_id":209,"system_attr":{"nsga2:generation":3}}
{"op_code":5,"worker_id":"32f1eeeb-90c0-49f9-a98c-0d2e64947313-140565598060544","trial_id":209,"param_name":"JointSlopeAngle","param_value_internal":0.9367054297789487,"distribution":"{\"name\": \"FloatDistribution\", \"attributes\": {\"step\": null, \"low\": 0.17453292519943295, \"high\": 1.0471975511965976, \"log\": false}}"}
{"op_code":5,"worker_id":"32f1eeeb-90c0-49f9-a98c-0d2e64947313-140565598060544","trial_id":209,"param_name":"OuterRadius","param_value_internal":11.810200376169583,"distribution":"{\"name\": \"FloatDistribution\", \"attributes\": {\"step\": null, \"low\": 8.75, \"high\": 17.75, \"log\": false}}"}
{"op_code":5,"worker_id":"32f1eeeb-90c0-49f9-a98c-0d2e64947313-140565598060544","trial_id":209,"param_name":"JointHeight","param_value_internal":7.782510372541043,"distribution":"{\"name\": \"FloatDistribution\", \"attributes\": {\"step\": null, \"low\": 5.0, \"high\": 8.0, \"log\": false}}"}
{"op_code":5,"worker_id":"32f1eeeb-90c0-49f9-a98c-0d2e64947313-140565598060544","trial_id":209,"param_name":"CavityCorkThickness","param_value_internal":4.1768162132779585,"distribution":"{\"name\": \"FloatDistribution\", \"attributes\": {\"step\": null, \"low\": 2.0, \"high\": 5.0, \"log\": false}}"}
{"op_code":5,"worker_id":"32f1eeeb-90c0-49f9-a98c-0d2e64947313-140565598060544","trial_id":209,"param_name":"BellowHeight","param_value_internal":9.43702190391036,"distribution":"{\"name\": \"FloatDistribution\", \"attributes\": {\"step\": null, \"low\": 6.0, \"high\": 10.0, \"log\": false}}"}
{"op_code":5,"worker_id":"32f1eeeb-90c0-49f9-a98c-0d2e64947313-140565598060544","trial_id":209,"param_name":"WallThickness","param_value_internal":3.8979894334956473,"distribution":"{\"name\": \"FloatDistribution\", \"attributes\": {\"step\": null, \"low\": 2.0, \"high\": 4.0, \"log\": false}}"}
{"op_code":5,"worker_id":"32f1eeeb-90c0-49f9-a98c-0d2e64947313-140565598060544","trial_id":209,"param_name":"PlateauHeight","param_value_internal":3.882578288979306,"distribution":"{\"name\": \"FloatDistribution\", \"attributes\": {\"step\": null, \"low\": 2.0, \"high\": 4.0, \"log\": false}}"}
{"op_code":6,"worker_id":"a69528c1-accc-4a39-92ba-9c440c19beb9-139860006273024","trial_id":207,"state":1,"values":[723.0861710767906,0.4737490509822416],"datetime_complete":"2026-06-16T05:07:25.031102"}
{"op_code":4,"worker_id":"a69528c1-accc-4a39-92ba-9c440c19beb9-139860006273024","study_id":0,"datetime_start":"2026-06-16T05:07:25.041673"}
{"op_code":9,"worker_id":"a69528c1-accc-4a39-92ba-9c440c19beb9-139860006273024","trial_id":210,"system_attr":{"nsga2:generation":3}}
{"op_code":5,"worker_id":"a69528c1-accc-4a39-92ba-9c440c19beb9-139860006273024","trial_id":210,"param_name":"JointSlopeAngle","param_value_internal":0.9809150160749356,"distribution":"{\"name\": \"FloatDistribution\", \"attributes\": {\"step\": null, \"low\": 0.17453292519943295, \"high\": 1.0471975511965976, \"log\": false}}"}
{"op_code":5,"worker_id":"a69528c1-accc-4a39-92ba-9c440c19beb9-139860006273024","trial_id":210,"param_name":"OuterRadius","param_value_internal":14.551598989930017,"distribution":"{\"name\": \"FloatDistribution\", \"attributes\": {\"step\": null, \"low\": 8.75, \"high\": 17.75, \"log\": false}}"}
{"op_code":5,"worker_id":"a69528c1-accc-4a39-92ba-9c440c19beb9-139860006273024","trial_id":210,"param_name":"JointHeight","param_value_internal":7.398337478937847,"distribution":"{\"name\": \"FloatDistribution\", \"attributes\": {\"step\": null, \"low\": 5.0, \"high\": 8.0, \"log\": false}}"}
{"op_code":5,"worker_id":"a69528c1-accc-4a39-92ba-9c440c19beb9-139860006273024","trial_id":210,"param_name":"CavityCorkThickness","param_value_internal":2.003379507868391,"distribution":"{\"name\": \"FloatDistribution\", \"attributes\": {\"step\": null, \"low\": 2.0, \"high\": 5.0, \"log\": false}}"}
{"op_code":5,"worker_id":"a69528c1-accc-4a39-92ba-9c440c19beb9-139860006273024","trial_id":210,"param_name":"BellowHeight","param_value_internal":7.433489173279064,"distribution":"{\"name\": \"FloatDistribution\", \"attributes\": {\"step\": null, \"low\": 6.0, \"high\": 10.0, \"log\": false}}"}
{"op_code":5,"worker_id":"a69528c1-accc-4a39-92ba-9c440c19beb9-139860006273024","trial_id":210,"param_name":"WallThickness","param_value_internal":2.030237007390795,"distribution":"{\"name\": \"FloatDistribution\", \"attributes\": {\"step\": null, \"low\": 2.0, \"high\": 4.0, \"log\": false}}"}
{"op_code":5,"worker_id":"a69528c1-accc-4a39-92ba-9c440c19beb9-139860006273024","trial_id":210,"param_name":"PlateauHeight","param_value_internal":2.3070853933568345,"distribution":"{\"name\": \"FloatDistribution\", \"attributes\": {\"step\": null, \"low\": 2.0, \"high\": 4.0, \"log\": false}}"}
{"op_code":6,"worker_id":"32f1eeeb-90c0-49f9-a98c-0d2e64947313-140565598060544","trial_id":209,"state":1,"values":[231.20271444672449,0.4195654836807981],"datetime_complete":"2026-06-16T05:07:29.317974"}
{"op_code":4,"worker_id":"32f1eeeb-90c0-49f9-a98c-0d2e64947313-140565598060544","study_id":0,"datetime_start":"2026-06-16T05:07:29.328628"}
{"op_code":9,"worker_id":"32f1eeeb-90c0-49f9-a98c-0d2e64947313-140565598060544","trial_id":211,"system_attr":{"nsga2:generation":3}}
{"op_code":5,"worker_id":"32f1eeeb-90c0-49f9-a98c-0d2e64947313-140565598060544","trial_id":211,"param_name":"JointSlopeAngle","param_value_internal":0.9809150160749356,"distribution":"{\"name\": \"FloatDistribution\", \"attributes\": {\"step\": null, \"low\": 0.17453292519943295, \"high\": 1.0471975511965976, \"log\": false}}"}
{"op_code":5,"worker_id":"32f1eeeb-90c0-49f9-a98c-0d2e64947313-140565598060544","trial_id":211,"param_name":"OuterRadius","param_value_internal":16.01991644282559,"distribution":"{\"name\": \"FloatDistribution\", \"attributes\": {\"step\": null, \"low\": 8.75, \"high\": 17.75, \"log\": false}}"}
{"op_code":5,"worker_id":"32f1eeeb-90c0-49f9-a98c-0d2e64947313-140565598060544","trial_id":211,"param_name":"JointHeight","param_value_internal":5.940947348792677,"distribution":"{\"name\": \"FloatDistribution\", \"attributes\": {\"step\": null, \"low\": 5.0, \"high\": 8.0, \"log\": false}}"}
{"op_code":5,"worker_id":"32f1eeeb-90c0-49f9-a98c-0d2e64947313-140565598060544","trial_id":211,"param_name":"CavityCorkThickness","param_value_internal":4.971837906691913,"distribution":"{\"name\": \"FloatDistribution\", \"attributes\": {\"step\": null, \"low\": 2.0, \"high\": 5.0, \"log\": false}}"}
{"op_code":5,"worker_id":"32f1eeeb-90c0-49f9-a98c-0d2e64947313-140565598060544","trial_id":211,"param_name":"BellowHeight","param_value_internal":7.433489173279064,"distribution":"{\"name\": \"FloatDistribution\", \"attributes\": {\"step\": null, \"low\": 6.0, \"high\": 10.0, \"log\": false}}"}
{"op_code":5,"worker_id":"32f1eeeb-90c0-49f9-a98c-0d2e64947313-140565598060544","trial_id":211,"param_name":"WallThickness","param_value_internal":3.251465431992682,"distribution":"{\"name\": \"FloatDistribution\", \"attributes\": {\"step\": null, \"low\": 2.0, \"high\": 4.0, \"log\": false}}"}
{"op_code":5,"worker_id":"32f1eeeb-90c0-49f9-a98c-0d2e64947313-140565598060544","trial_id":211,"param_name":"PlateauHeight","param_value_internal":2.1439004333582736,"distribution":"{\"name\": \"FloatDistribution\", \"attributes\": {\"step\": null, \"low\": 2.0, \"high\": 4.0, \"log\": false}}"}
{"op_code":6,"worker_id":"a69528c1-accc-4a39-92ba-9c440c19beb9-139860006273024","trial_id":210,"state":1,"values":[1106.4780022582077,0.44734076804035283],"datetime_complete":"2026-06-16T05:07:35.510382"}
{"op_code":4,"worker_id":"a69528c1-accc-4a39-92ba-9c440c19beb9-139860006273024","study_id":0,"datetime_start":"2026-06-16T05:07:35.521700"}
{"op_code":9,"worker_id":"a69528c1-accc-4a39-92ba-9c440c19beb9-139860006273024","trial_id":212,"system_attr":{"nsga2:generation":3}}
{"op_code":5,"worker_id":"a69528c1-accc-4a39-92ba-9c440c19beb9-139860006273024","trial_id":212,"param_name":"JointSlopeAngle","param_value_internal":0.9564762255587863,"distribution":"{\"name\": \"FloatDistribution\", \"attributes\": {\"step\": null, \"low\": 0.17453292519943295, \"high\": 1.0471975511965976, \"log\": false}}"}
{"op_code":5,"worker_id":"a69528c1-accc-4a39-92ba-9c440c19beb9-139860006273024","trial_id":212,"param_name":"OuterRadius","param_value_internal":15.57406193770872,"distribution":"{\"name\": \"FloatDistribution\", \"attributes\": {\"step\": null, \"low\": 8.75, \"high\": 17.75, \"log\": false}}"}
{"op_code":5,"worker_id":"a69528c1-accc-4a39-92ba-9c440c19beb9-139860006273024","trial_id":212,"param_name":"JointHeight","param_value_internal":5.217622700820494,"distribution":"{\"name\": \"FloatDistribution\", \"attributes\": {\"step\": null, \"low\": 5.0, \"high\": 8.0, \"log\": false}}"}
{"op_code":5,"worker_id":"a69528c1-accc-4a39-92ba-9c440c19beb9-139860006273024","trial_id":212,"param_name":"CavityCorkThickness","param_value_internal":2.2004154780939267,"distribution":"{\"name\": \"FloatDistribution\", \"attributes\": {\"step\": null, \"low\": 2.0, \"high\": 5.0, \"log\": false}}"}
{"op_code":5,"worker_id":"a69528c1-accc-4a39-92ba-9c440c19beb9-139860006273024","trial_id":212,"param_name":"BellowHeight","param_value_internal":9.994902402500074,"distribution":"{\"name\": \"FloatDistribution\", \"attributes\": {\"step\": null, \"low\": 6.0, \"high\": 10.0, \"log\": false}}"}
{"op_code":5,"worker_id":"a69528c1-accc-4a39-92ba-9c440c19beb9-139860006273024","trial_id":212,"param_name":"WallThickness","param_value_internal":3.4626960307349193,"distribution":"{\"name\": \"FloatDistribution\", \"attributes\": {\"step\": null, \"low\": 2.0, \"high\": 4.0, \"log\": false}}"}
{"op_code":5,"worker_id":"a69528c1-accc-4a39-92ba-9c440c19beb9-139860006273024","trial_id":212,"param_name":"PlateauHeight","param_value_internal":3.5159505279966643,"distribution":"{\"name\": \"FloatDistribution\", \"attributes\": {\"step\": null, \"low\": 2.0, \"high\": 4.0, \"log\": false}}"}
{"op_code":6,"worker_id":"32f1eeeb-90c0-49f9-a98c-0d2e64947313-140565598060544","trial_id":211,"state":1,"values":[-Infinity,-Infinity],"datetime_complete":"2026-06-16T05:07:39.515875"}
{"op_code":4,"worker_id":"32f1eeeb-90c0-49f9-a98c-0d2e64947313-140565598060544","study_id":0,"datetime_start":"2026-06-16T05:07:39.527381"}
{"op_code":9,"worker_id":"32f1eeeb-90c0-49f9-a98c-0d2e64947313-140565598060544","trial_id":213,"system_attr":{"nsga2:generation":4}}
{"op_code":5,"worker_id":"32f1eeeb-90c0-49f9-a98c-0d2e64947313-140565598060544","trial_id":213,"param_name":"JointSlopeAngle","param_value_internal":0.5664892796722455,"distribution":"{\"name\": \"FloatDistribution\", \"attributes\": {\"step\": null, \"low\": 0.17453292519943295, \"high\": 1.0471975511965976, \"log\": false}}"}
{"op_code":5,"worker_id":"32f1eeeb-90c0-49f9-a98c-0d2e64947313-140565598060544","trial_id":213,"param_name":"OuterRadius","param_value_internal":12.786938324924012,"distribution":"{\"name\": \"FloatDistribution\", \"attributes\": {\"step\": null, \"low\": 8.75, \"high\": 17.75, \"log\": false}}"}
{"op_code":5,"worker_id":"32f1eeeb-90c0-49f9-a98c-0d2e64947313-140565598060544","trial_id":213,"param_name":"JointHeight","param_value_internal":5.089157700731112,"distribution":"{\"name\": \"FloatDistribution\", \"attributes\": {\"step\": null, \"low\": 5.0, \"high\": 8.0, \"log\": false}}"}
{"op_code":5,"worker_id":"32f1eeeb-90c0-49f9-a98c-0d2e64947313-140565598060544","trial_id":213,"param_name":"CavityCorkThickness","param_value_internal":4.71790769315959,"distribution":"{\"name\": \"FloatDistribution\", \"attributes\": {\"step\": null, \"low\": 2.0, \"high\": 5.0, \"log\": false}}"}
{"op_code":5,"worker_id":"32f1eeeb-90c0-49f9-a98c-0d2e64947313-140565598060544","trial_id":213,"param_name":"BellowHeight","param_value_internal":8.054195910242441,"distribution":"{\"name\": \"FloatDistribution\", \"attributes\": {\"step\": null, \"low\": 6.0, \"high\": 10.0, \"log\": false}}"}
{"op_code":5,"worker_id":"32f1eeeb-90c0-49f9-a98c-0d2e64947313-140565598060544","trial_id":213,"param_name":"WallThickness","param_value_internal":3.6808867210395713,"distribution":"{\"name\": \"FloatDistribution\", \"attributes\": {\"step\": null, \"low\": 2.0, \"high\": 4.0, \"log\": false}}"}
{"op_code":5,"worker_id":"32f1eeeb-90c0-49f9-a98c-0d2e64947313-140565598060544","trial_id":213,"param_name":"PlateauHeight","param_value_internal":2.3745053260966618,"distribution":"{\"name\": \"FloatDistribution\", \"attributes\": {\"step\": null, \"low\": 2.0, \"high\": 4.0, \"log\": false}}"}
{"op_code":6,"worker_id":"32f1eeeb-90c0-49f9-a98c-0d2e64947313-140565598060544","trial_id":213,"state":1,"values":[245.50193632221936,0.42846578379343764],"datetime_complete":"2026-06-16T05:07:49.135343"}
{"op_code":4,"worker_id":"32f1eeeb-90c0-49f9-a98c-0d2e64947313-140565598060544","study_id":0,"datetime_start":"2026-06-16T05:07:49.146685"}
{"op_code":9,"worker_id":"32f1eeeb-90c0-49f9-a98c-0d2e64947313-140565598060544","trial_id":214,"system_attr":{"nsga2:generation":4}}
{"op_code":5,"worker_id":"32f1eeeb-90c0-49f9-a98c-0d2e64947313-140565598060544","trial_id":214,"param_name":"JointSlopeAngle","param_value_internal":0.5695467656915248,"distribution":"{\"name\": \"FloatDistribution\", \"attributes\": {\"step\": null, \"low\": 0.17453292519943295, \"high\": 1.0471975511965976, \"log\": false}}"}
{"op_code":5,"worker_id":"32f1eeeb-90c0-49f9-a98c-0d2e64947313-140565598060544","trial_id":214,"param_name":"OuterRadius","param_value_internal":13.922202041259219,"distribution":"{\"name\": \"FloatDistribution\", \"attributes\": {\"step\": null, \"low\": 8.75, \"high\": 17.75, \"log\": false}}"}
{"op_code":5,"worker_id":"32f1eeeb-90c0-49f9-a98c-0d2e64947313-140565598060544","trial_id":214,"param_name":"JointHeight","param_value_internal":6.653137446809373,"distribution":"{\"name\": \"FloatDistribution\", \"attributes\": {\"step\": null, \"low\": 5.0, \"high\": 8.0, \"log\": false}}"}
{"op_code":5,"worker_id":"32f1eeeb-90c0-49f9-a98c-0d2e64947313-140565598060544","trial_id":214,"param_name":"CavityCorkThickness","param_value_internal":4.113962683024509,"distribution":"{\"name\": \"FloatDistribution\", \"attributes\": {\"step\": null, \"low\": 2.0, \"high\": 5.0, \"log\": false}}"}
{"op_code":5,"worker_id":"32f1eeeb-90c0-49f9-a98c-0d2e64947313-140565598060544","trial_id":214,"param_name":"BellowHeight","param_value_internal":7.605444615651337,"distribution":"{\"name\": \"FloatDistribution\", \"attributes\": {\"step\": null, \"low\": 6.0, \"high\": 10.0, \"log\": false}}"}
{"op_code":5,"worker_id":"32f1eeeb-90c0-49f9-a98c-0d2e64947313-140565598060544","trial_id":214,"param_name":"WallThickness","param_value_internal":2.224254426673263,"distribution":"{\"name\": \"FloatDistribution\", \"attributes\": {\"step\": null, \"low\": 2.0, \"high\": 4.0, \"log\": false}}"}
{"op_code":5,"worker_id":"32f1eeeb-90c0-49f9-a98c-0d2e64947313-140565598060544","trial_id":214,"param_name":"PlateauHeight","param_value_internal":3.670232198420761,"distribution":"{\"name\": \"FloatDistribution\", \"attributes\": {\"step\": null, \"low\": 2.0, \"high\": 4.0, \"log\": false}}"}
{"op_code":6,"worker_id":"32f1eeeb-90c0-49f9-a98c-0d2e64947313-140565598060544","trial_id":214,"state":1,"values":[712.794480923564,0.33401091776392067],"datetime_complete":"2026-06-16T05:07:59.696308"}
{"op_code":4,"worker_id":"32f1eeeb-90c0-49f9-a98c-0d2e64947313-140565598060544","study_id":0,"datetime_start":"2026-06-16T05:07:59.708582"}
{"op_code":9,"worker_id":"32f1eeeb-90c0-49f9-a98c-0d2e64947313-140565598060544","trial_id":215,"system_attr":{"nsga2:generation":4}}
{"op_code":5,"worker_id":"32f1eeeb-90c0-49f9-a98c-0d2e64947313-140565598060544","trial_id":215,"param_name":"JointSlopeAngle","param_value_internal":0.7447825655413925,"distribution":"{\"name\": \"FloatDistribution\", \"attributes\": {\"step\": null, \"low\": 0.17453292519943295, \"high\": 1.0471975511965976, \"log\": false}}"}
{"op_code":5,"worker_id":"32f1eeeb-90c0-49f9-a98c-0d2e64947313-140565598060544","trial_id":215,"param_name":"OuterRadius","param_value_internal":13.571106070446115,"distribution":"{\"name\": \"FloatDistribution\", \"attributes\": {\"step\": null, \"low\": 8.75, \"high\": 17.75, \"log\": false}}"}
{"op_code":5,"worker_id":"32f1eeeb-90c0-49f9-a98c-0d2e64947313-140565598060544","trial_id":215,"param_name":"JointHeight","param_value_internal":6.653137446809373,"distribution":"{\"name\": \"FloatDistribution\", \"attributes\": {\"step\": null, \"low\": 5.0, \"high\": 8.0, \"log\": false}}"}
{"op_code":5,"worker_id":"32f1eeeb-90c0-49f9-a98c-0d2e64947313-140565598060544","trial_id":215,"param_name":"CavityCorkThickness","param_value_internal":2.7765901524213583,"distribution":"{\"name\": \"FloatDistribution\", \"attributes\": {\"step\": null, \"low\": 2.0, \"high\": 5.0, \"log\": false}}"}
{"op_code":5,"worker_id":"32f1eeeb-90c0-49f9-a98c-0d2e64947313-140565598060544","trial_id":215,"param_name":"BellowHeight","param_value_internal":8.876329420802813,"distribution":"{\"name\": \"FloatDistribution\", \"attributes\": {\"step\": null, \"low\": 6.0, \"high\": 10.0, \"log\": false}}"}
{"op_code":5,"worker_id":"32f1eeeb-90c0-49f9-a98c-0d2e64947313-140565598060544","trial_id":215,"param_name":"WallThickness","param_value_internal":2.742974654550793,"distribution":"{\"name\": \"FloatDistribution\", \"attributes\": {\"step\": null, \"low\": 2.0, \"high\": 4.0, \"log\": false}}"}
{"op_code":5,"worker_id":"32f1eeeb-90c0-49f9-a98c-0d2e64947313-140565598060544","trial_id":215,"param_name":"PlateauHeight","param_value_internal":2.3745053260966618,"distribution":"{\"name\": \"FloatDistribution\", \"attributes\": {\"step\": null, \"low\": 2.0, \"high\": 4.0, \"log\": false}}"}
{"op_code":6,"worker_id":"32f1eeeb-90c0-49f9-a98c-0d2e64947313-140565598060544","trial_id":215,"state":1,"values":[784.8194069109279,0.3992857220040638],"datetime_complete":"2026-06-16T05:08:10.218615"}
{"op_code":4,"worker_id":"32f1eeeb-90c0-49f9-a98c-0d2e64947313-140565598060544","study_id":0,"datetime_start":"2026-06-16T05:08:10.230540"}
{"op_code":9,"worker_id":"32f1eeeb-90c0-49f9-a98c-0d2e64947313-140565598060544","trial_id":216,"system_attr":{"nsga2:generation":4}}
{"op_code":5,"worker_id":"32f1eeeb-90c0-49f9-a98c-0d2e64947313-140565598060544","trial_id":216,"param_name":"JointSlopeAngle","param_value_internal":0.2285920375927765,"distribution":"{\"name\": \"FloatDistribution\", \"attributes\": {\"step\": null, \"low\": 0.17453292519943295, \"high\": 1.0471975511965976, \"log\": false}}"}
{"op_code":5,"worker_id":"32f1eeeb-90c0-49f9-a98c-0d2e64947313-140565598060544","trial_id":216,"param_name":"OuterRadius","param_value_internal":17.32911161854785,"distribution":"{\"name\": \"FloatDistribution\", \"attributes\": {\"step\": null, \"low\": 8.75, \"high\": 17.75, \"log\": false}}"}
{"op_code":5,"worker_id":"32f1eeeb-90c0-49f9-a98c-0d2e64947313-140565598060544","trial_id":216,"param_name":"JointHeight","param_value_internal":5.968840842436931,"distribution":"{\"name\": \"FloatDistribution\", \"attributes\": {\"step\": null, \"low\": 5.0, \"high\": 8.0, \"log\": false}}"}
{"op_code":5,"worker_id":"32f1eeeb-90c0-49f9-a98c-0d2e64947313-140565598060544","trial_id":216,"param_name":"CavityCorkThickness","param_value_internal":2.2004154780939267,"distribution":"{\"name\": \"FloatDistribution\", \"attributes\": {\"step\": null, \"low\": 2.0, \"high\": 5.0, \"log\": false}}"}
{"op_code":5,"worker_id":"32f1eeeb-90c0-49f9-a98c-0d2e64947313-140565598060544","trial_id":216,"param_name":"BellowHeight","param_value_internal":8.329643064751066,"distribution":"{\"name\": \"FloatDistribution\", \"attributes\": {\"step\": null, \"low\": 6.0, \"high\": 10.0, \"log\": false}}"}
{"op_code":5,"worker_id":"32f1eeeb-90c0-49f9-a98c-0d2e64947313-140565598060544","trial_id":216,"param_name":"WallThickness","param_value_internal":2.224254426673263,"distribution":"{\"name\": \"FloatDistribution\", \"attributes\": {\"step\": null, \"low\": 2.0, \"high\": 4.0, \"log\": false}}"}
{"op_code":5,"worker_id":"32f1eeeb-90c0-49f9-a98c-0d2e64947313-140565598060544","trial_id":216,"param_name":"PlateauHeight","param_value_internal":3.670232198420761,"distribution":"{\"name\": \"FloatDistribution\", \"attributes\": {\"step\": null, \"low\": 2.0, \"high\": 4.0, \"log\": false}}"}
{"op_code":6,"worker_id":"32f1eeeb-90c0-49f9-a98c-0d2e64947313-140565598060544","trial_id":216,"state":1,"values":[1850.4120464078485,0.3240422379021699],"datetime_complete":"2026-06-16T05:08:22.061343"}
{"op_code":4,"worker_id":"32f1eeeb-90c0-49f9-a98c-0d2e64947313-140565598060544","study_id":0,"datetime_start":"2026-06-16T05:08:22.072486"}
{"op_code":9,"worker_id":"32f1eeeb-90c0-49f9-a98c-0d2e64947313-140565598060544","trial_id":217,"system_attr":{"nsga2:generation":4}}
{"op_code":5,"worker_id":"32f1eeeb-90c0-49f9-a98c-0d2e64947313-140565598060544","trial_id":217,"param_name":"JointSlopeAngle","param_value_internal":0.6778488102241723,"distribution":"{\"name\": \"FloatDistribution\", \"attributes\": {\"step\": null, \"low\": 0.17453292519943295, \"high\": 1.0471975511965976, \"log\": false}}"}
{"op_code":5,"worker_id":"32f1eeeb-90c0-49f9-a98c-0d2e64947313-140565598060544","trial_id":217,"param_name":"OuterRadius","param_value_internal":17.095721952674808,"distribution":"{\"name\": \"FloatDistribution\", \"attributes\": {\"step\": null, \"low\": 8.75, \"high\": 17.75, \"log\": false}}"}
{"op_code":5,"worker_id":"32f1eeeb-90c0-49f9-a98c-0d2e64947313-140565598060544","trial_id":217,"param_name":"JointHeight","param_value_internal":5.089157700731112,"distribution":"{\"name\": \"FloatDistribution\", \"attributes\": {\"step\": null, \"low\": 5.0, \"high\": 8.0, \"log\": false}}"}
{"op_code":5,"worker_id":"32f1eeeb-90c0-49f9-a98c-0d2e64947313-140565598060544","trial_id":217,"param_name":"CavityCorkThickness","param_value_internal":3.533361528457408,"distribution":"{\"name\": \"FloatDistribution\", \"attributes\": {\"step\": null, \"low\": 2.0, \"high\": 5.0, \"log\": false}}"}
{"op_code":5,"worker_id":"32f1eeeb-90c0-49f9-a98c-0d2e64947313-140565598060544","trial_id":217,"param_name":"BellowHeight","param_value_internal":8.329643064751066,"distribution":"{\"name\": \"FloatDistribution\", \"attributes\": {\"step\": null, \"low\": 6.0, \"high\": 10.0, \"log\": false}}"}
{"op_code":5,"worker_id":"32f1eeeb-90c0-49f9-a98c-0d2e64947313-140565598060544","trial_id":217,"param_name":"WallThickness","param_value_internal":2.025568659740677,"distribution":"{\"name\": \"FloatDistribution\", \"attributes\": {\"step\": null, \"low\": 2.0, \"high\": 4.0, \"log\": false}}"}
{"op_code":5,"worker_id":"32f1eeeb-90c0-49f9-a98c-0d2e64947313-140565598060544","trial_id":217,"param_name":"PlateauHeight","param_value_internal":3.8991331278884838,"distribution":"{\"name\": \"FloatDistribution\", \"attributes\": {\"step\": null, \"low\": 2.0, \"high\": 4.0, \"log\": false}}"}
{"op_code":6,"worker_id":"32f1eeeb-90c0-49f9-a98c-0d2e64947313-140565598060544","trial_id":217,"state":1,"values":[1623.278571493061,0.4077398468306179],"datetime_complete":"2026-06-16T05:08:33.366464"}
{"op_code":4,"worker_id":"32f1eeeb-90c0-49f9-a98c-0d2e64947313-140565598060544","study_id":0,"datetime_start":"2026-06-16T05:08:33.377937"}
{"op_code":9,"worker_id":"32f1eeeb-90c0-49f9-a98c-0d2e64947313-140565598060544","trial_id":218,"system_attr":{"nsga2:generation":4}}
{"op_code":5,"worker_id":"32f1eeeb-90c0-49f9-a98c-0d2e64947313-140565598060544","trial_id":218,"param_name":"JointSlopeAngle","param_value_internal":0.7447825655413925,"distribution":"{\"name\": \"FloatDistribution\", \"attributes\": {\"step\": null, \"low\": 0.17453292519943295, \"high\": 1.0471975511965976, \"log\": false}}"}
{"op_code":5,"worker_id":"32f1eeeb-90c0-49f9-a98c-0d2e64947313-140565598060544","trial_id":218,"param_name":"OuterRadius","param_value_internal":15.919381857059122,"distribution":"{\"name\": \"FloatDistribution\", \"attributes\": {\"step\": null, \"low\": 8.75, \"high\": 17.75, \"log\": false}}"}
{"op_code":5,"worker_id":"32f1eeeb-90c0-49f9-a98c-0d2e64947313-140565598060544","trial_id":218,"param_name":"JointHeight","param_value_internal":7.5149255616794015,"distribution":"{\"name\": \"FloatDistribution\", \"attributes\": {\"step\": null, \"low\": 5.0, \"high\": 8.0, \"log\": false}}"}
{"op_code":5,"worker_id":"32f1eeeb-90c0-49f9-a98c-0d2e64947313-140565598060544","trial_id":218,"param_name":"CavityCorkThickness","param_value_internal":2.3094655836982407,"distribution":"{\"name\": \"FloatDistribution\", \"attributes\": {\"step\": null, \"low\": 2.0, \"high\": 5.0, \"log\": false}}"}
{"op_code":5,"worker_id":"32f1eeeb-90c0-49f9-a98c-0d2e64947313-140565598060544","trial_id":218,"param_name":"BellowHeight","param_value_internal":7.887051329200741,"distribution":"{\"name\": \"FloatDistribution\", \"attributes\": {\"step\": null, \"low\": 6.0, \"high\": 10.0, \"log\": false}}"}
{"op_code":5,"worker_id":"32f1eeeb-90c0-49f9-a98c-0d2e64947313-140565598060544","trial_id":218,"param_name":"WallThickness","param_value_internal":2.224254426673263,"distribution":"{\"name\": \"FloatDistribution\", \"attributes\": {\"step\": null, \"low\": 2.0, \"high\": 4.0, \"log\": false}}"}
{"op_code":5,"worker_id":"32f1eeeb-90c0-49f9-a98c-0d2e64947313-140565598060544","trial_id":218,"param_name":"PlateauHeight","param_value_internal":2.5024060513668935,"distribution":"{\"name\": \"FloatDistribution\", \"attributes\": {\"step\": null, \"low\": 2.0, \"high\": 4.0, \"log\": false}}"}
{"op_code":6,"worker_id":"32f1eeeb-90c0-49f9-a98c-0d2e64947313-140565598060544","trial_id":218,"state":1,"values":[1374.6016476699142,0.42793736747932215],"datetime_complete":"2026-06-16T05:08:44.183062"}
{"op_code":4,"worker_id":"32f1eeeb-90c0-49f9-a98c-0d2e64947313-140565598060544","study_id":0,"datetime_start":"2026-06-16T05:08:44.195667"}
{"op_code":9,"worker_id":"32f1eeeb-90c0-49f9-a98c-0d2e64947313-140565598060544","trial_id":219,"system_attr":{"nsga2:generation":4}}
{"op_code":5,"worker_id":"32f1eeeb-90c0-49f9-a98c-0d2e64947313-140565598060544","trial_id":219,"param_name":"JointSlopeAngle","param_value_internal":0.8040118756789952,"distribution":"{\"name\": \"FloatDistribution\", \"attributes\": {\"step\": null, \"low\": 0.17453292519943295, \"high\": 1.0471975511965976, \"log\": false}}"}
{"op_code":5,"worker_id":"32f1eeeb-90c0-49f9-a98c-0d2e64947313-140565598060544","trial_id":219,"param_name":"OuterRadius","param_value_internal":13.922202041259219,"distribution":"{\"name\": \"FloatDistribution\", \"attributes\": {\"step\": null, \"low\": 8.75, \"high\": 17.75, \"log\": false}}"}
{"op_code":5,"worker_id":"32f1eeeb-90c0-49f9-a98c-0d2e64947313-140565598060544","trial_id":219,"param_name":"JointHeight","param_value_internal":7.545187605010874,"distribution":"{\"name\": \"FloatDistribution\", \"attributes\": {\"step\": null, \"low\": 5.0, \"high\": 8.0, \"log\": false}}"}
{"op_code":5,"worker_id":"32f1eeeb-90c0-49f9-a98c-0d2e64947313-140565598060544","trial_id":219,"param_name":"CavityCorkThickness","param_value_internal":2.3094655836982407,"distribution":"{\"name\": \"FloatDistribution\", \"attributes\": {\"step\": null, \"low\": 2.0, \"high\": 5.0, \"log\": false}}"}
{"op_code":5,"worker_id":"32f1eeeb-90c0-49f9-a98c-0d2e64947313-140565598060544","trial_id":219,"param_name":"BellowHeight","param_value_internal":9.873046074677653,"distribution":"{\"name\": \"FloatDistribution\", \"attributes\": {\"step\": null, \"low\": 6.0, \"high\": 10.0, \"log\": false}}"}
{"op_code":5,"worker_id":"32f1eeeb-90c0-49f9-a98c-0d2e64947313-140565598060544","trial_id":219,"param_name":"WallThickness","param_value_internal":2.9410810790041007,"distribution":"{\"name\": \"FloatDistribution\", \"attributes\": {\"step\": null, \"low\": 2.0, \"high\": 4.0, \"log\": false}}"}
{"op_code":5,"worker_id":"32f1eeeb-90c0-49f9-a98c-0d2e64947313-140565598060544","trial_id":219,"param_name":"PlateauHeight","param_value_internal":2.3745053260966618,"distribution":"{\"name\": \"FloatDistribution\", \"attributes\": {\"step\": null, \"low\": 2.0, \"high\": 4.0, \"log\": false}}"}
{"op_code":6,"worker_id":"32f1eeeb-90c0-49f9-a98c-0d2e64947313-140565598060544","trial_id":219,"state":1,"values":[941.6667594110011,0.3556808250242812],"datetime_complete":"2026-06-16T05:08:54.651597"}
{"op_code":4,"worker_id":"32f1eeeb-90c0-49f9-a98c-0d2e64947313-140565598060544","study_id":0,"datetime_start":"2026-06-16T05:08:54.662175"}
{"op_code":9,"worker_id":"32f1eeeb-90c0-49f9-a98c-0d2e64947313-140565598060544","trial_id":220,"system_attr":{"nsga2:generation":4}}
{"op_code":5,"worker_id":"32f1eeeb-90c0-49f9-a98c-0d2e64947313-140565598060544","trial_id":220,"param_name":"JointSlopeAngle","param_value_internal":0.2871493932726975,"distribution":"{\"name\": \"FloatDistribution\", \"attributes\": {\"step\": null, \"low\": 0.17453292519943295, \"high\": 1.0471975511965976, \"log\": false}}"}
{"op_code":5,"worker_id":"32f1eeeb-90c0-49f9-a98c-0d2e64947313-140565598060544","trial_id":220,"param_name":"OuterRadius","param_value_internal":16.032810961490206,"distribution":"{\"name\": \"FloatDistribution\", \"attributes\": {\"step\": null, \"low\": 8.75, \"high\": 17.75, \"log\": false}}"}
{"op_code":5,"worker_id":"32f1eeeb-90c0-49f9-a98c-0d2e64947313-140565598060544","trial_id":220,"param_name":"JointHeight","param_value_internal":7.957242184419182,"distribution":"{\"name\": \"FloatDistribution\", \"attributes\": {\"step\": null, \"low\": 5.0, \"high\": 8.0, \"log\": false}}"}
{"op_code":5,"worker_id":"32f1eeeb-90c0-49f9-a98c-0d2e64947313-140565598060544","trial_id":220,"param_name":"CavityCorkThickness","param_value_internal":3.7037676631191796,"distribution":"{\"name\": \"FloatDistribution\", \"attributes\": {\"step\": null, \"low\": 2.0, \"high\": 5.0, \"log\": false}}"}
{"op_code":5,"worker_id":"32f1eeeb-90c0-49f9-a98c-0d2e64947313-140565598060544","trial_id":220,"param_name":"BellowHeight","param_value_internal":9.540301588782413,"distribution":"{\"name\": \"FloatDistribution\", \"attributes\": {\"step\": null, \"low\": 6.0, \"high\": 10.0, \"log\": false}}"}
{"op_code":5,"worker_id":"32f1eeeb-90c0-49f9-a98c-0d2e64947313-140565598060544","trial_id":220,"param_name":"WallThickness","param_value_internal":2.00165388978446,"distribution":"{\"name\": \"FloatDistribution\", \"attributes\": {\"step\": null, \"low\": 2.0, \"high\": 4.0, \"log\": false}}"}
{"op_code":5,"worker_id":"32f1eeeb-90c0-49f9-a98c-0d2e64947313-140565598060544","trial_id":220,"param_name":"PlateauHeight","param_value_internal":3.5159505279966643,"distribution":"{\"name\": \"FloatDistribution\", \"attributes\": {\"step\": null, \"low\": 2.0, \"high\": 4.0, \"log\": false}}"}
{"op_code":6,"worker_id":"32f1eeeb-90c0-49f9-a98c-0d2e64947313-140565598060544","trial_id":220,"state":1,"values":[1368.0450080366766,0.32519778204197125],"datetime_complete":"2026-06-16T05:09:06.218336"}
{"op_code":4,"worker_id":"32f1eeeb-90c0-49f9-a98c-0d2e64947313-140565598060544","study_id":0,"datetime_start":"2026-06-16T05:09:06.231159"}
{"op_code":9,"worker_id":"32f1eeeb-90c0-49f9-a98c-0d2e64947313-140565598060544","trial_id":221,"system_attr":{"nsga2:generation":4}}
{"op_code":5,"worker_id":"32f1eeeb-90c0-49f9-a98c-0d2e64947313-140565598060544","trial_id":221,"param_name":"JointSlopeAngle","param_value_internal":0.8272457351358277,"distribution":"{\"name\": \"FloatDistribution\", \"attributes\": {\"step\": null, \"low\": 0.17453292519943295, \"high\": 1.0471975511965976, \"log\": false}}"}
{"op_code":5,"worker_id":"32f1eeeb-90c0-49f9-a98c-0d2e64947313-140565598060544","trial_id":221,"param_name":"OuterRadius","param_value_internal":14.489373048556564,"distribution":"{\"name\": \"FloatDistribution\", \"attributes\": {\"step\": null, \"low\": 8.75, \"high\": 17.75, \"log\": false}}"}
{"op_code":5,"worker_id":"32f1eeeb-90c0-49f9-a98c-0d2e64947313-140565598060544","trial_id":221,"param_name":"JointHeight","param_value_internal":5.322153673362866,"distribution":"{\"name\": \"FloatDistribution\", \"attributes\": {\"step\": null, \"low\": 5.0, \"high\": 8.0, \"log\": false}}"}
{"op_code":5,"worker_id":"32f1eeeb-90c0-49f9-a98c-0d2e64947313-140565598060544","trial_id":221,"param_name":"CavityCorkThickness","param_value_internal":3.7037676631191796,"distribution":"{\"name\": \"FloatDistribution\", \"attributes\": {\"step\": null, \"low\": 2.0, \"high\": 5.0, \"log\": false}}"}
{"op_code":5,"worker_id":"32f1eeeb-90c0-49f9-a98c-0d2e64947313-140565598060544","trial_id":221,"param_name":"BellowHeight","param_value_internal":8.174637270415696,"distribution":"{\"name\": \"FloatDistribution\", \"attributes\": {\"step\": null, \"low\": 6.0, \"high\": 10.0, \"log\": false}}"}
{"op_code":5,"worker_id":"32f1eeeb-90c0-49f9-a98c-0d2e64947313-140565598060544","trial_id":221,"param_name":"WallThickness","param_value_internal":2.617803997461392,"distribution":"{\"name\": \"FloatDistribution\", \"attributes\": {\"step\": null, \"low\": 2.0, \"high\": 4.0, \"log\": false}}"}
{"op_code":5,"worker_id":"32f1eeeb-90c0-49f9-a98c-0d2e64947313-140565598060544","trial_id":221,"param_name":"PlateauHeight","param_value_internal":3.1284792304680415,"distribution":"{\"name\": \"FloatDistribution\", \"attributes\": {\"step\": null, \"low\": 2.0, \"high\": 4.0, \"log\": false}}"}
{"op_code":6,"worker_id":"32f1eeeb-90c0-49f9-a98c-0d2e64947313-140565598060544","trial_id":221,"state":1,"values":[813.3846129010195,0.4649676329520653],"datetime_complete":"2026-06-16T05:09:16.293142"}
{"op_code":4,"worker_id":"32f1eeeb-90c0-49f9-a98c-0d2e64947313-140565598060544","study_id":0,"datetime_start":"2026-06-16T05:09:16.306427"}
{"op_code":9,"worker_id":"32f1eeeb-90c0-49f9-a98c-0d2e64947313-140565598060544","trial_id":222,"system_attr":{"nsga2:generation":4}}
{"op_code":5,"worker_id":"32f1eeeb-90c0-49f9-a98c-0d2e64947313-140565598060544","trial_id":222,"param_name":"JointSlopeAngle","param_value_internal":0.7101123787546164,"distribution":"{\"name\": \"FloatDistribution\", \"attributes\": {\"step\": null, \"low\": 0.17453292519943295, \"high\": 1.0471975511965976, \"log\": false}}"}
{"op_code":5,"worker_id":"32f1eeeb-90c0-49f9-a98c-0d2e64947313-140565598060544","trial_id":222,"param_name":"OuterRadius","param_value_internal":15.552079448812187,"distribution":"{\"name\": \"FloatDistribution\", \"attributes\": {\"step\": null, \"low\": 8.75, \"high\": 17.75, \"log\": false}}"}
{"op_code":5,"worker_id":"32f1eeeb-90c0-49f9-a98c-0d2e64947313-140565598060544","trial_id":222,"param_name":"JointHeight","param_value_internal":6.243015423264384,"distribution":"{\"name\": \"FloatDistribution\", \"attributes\": {\"step\": null, \"low\": 5.0, \"high\": 8.0, \"log\": false}}"}
{"op_code":5,"worker_id":"32f1eeeb-90c0-49f9-a98c-0d2e64947313-140565598060544","trial_id":222,"param_name":"CavityCorkThickness","param_value_internal":3.7037676631191796,"distribution":"{\"name\": \"FloatDistribution\", \"attributes\": {\"step\": null, \"low\": 2.0, \"high\": 5.0, \"log\": false}}"}
{"op_code":5,"worker_id":"32f1eeeb-90c0-49f9-a98c-0d2e64947313-140565598060544","trial_id":222,"param_name":"BellowHeight","param_value_internal":7.836512648118768,"distribution":"{\"name\": \"FloatDistribution\", \"attributes\": {\"step\": null, \"low\": 6.0, \"high\": 10.0, \"log\": false}}"}
{"op_code":5,"worker_id":"32f1eeeb-90c0-49f9-a98c-0d2e64947313-140565598060544","trial_id":222,"param_name":"WallThickness","param_value_internal":2.438203684913686,"distribution":"{\"name\": \"FloatDistribution\", \"attributes\": {\"step\": null, \"low\": 2.0, \"high\": 4.0, \"log\": false}}"}
{"op_code":5,"worker_id":"32f1eeeb-90c0-49f9-a98c-0d2e64947313-140565598060544","trial_id":222,"param_name":"PlateauHeight","param_value_internal":3.882578288979306,"distribution":"{\"name\": \"FloatDistribution\", \"attributes\": {\"step\": null, \"low\": 2.0, \"high\": 4.0, \"log\": false}}"}
{"op_code":6,"worker_id":"32f1eeeb-90c0-49f9-a98c-0d2e64947313-140565598060544","trial_id":222,"state":1,"values":[1093.8059184050664,0.4550217152791321],"datetime_complete":"2026-06-16T05:09:26.862949"}
{"op_code":4,"worker_id":"32f1eeeb-90c0-49f9-a98c-0d2e64947313-140565598060544","study_id":0,"datetime_start":"2026-06-16T05:09:26.874124"}
{"op_code":9,"worker_id":"32f1eeeb-90c0-49f9-a98c-0d2e64947313-140565598060544","trial_id":223,"system_attr":{"nsga2:generation":4}}
{"op_code":5,"worker_id":"32f1eeeb-90c0-49f9-a98c-0d2e64947313-140565598060544","trial_id":223,"param_name":"JointSlopeAngle","param_value_internal":0.2285920375927765,"distribution":"{\"name\": \"FloatDistribution\", \"attributes\": {\"step\": null, \"low\": 0.17453292519943295, \"high\": 1.0471975511965976, \"log\": false}}"}
{"op_code":5,"worker_id":"32f1eeeb-90c0-49f9-a98c-0d2e64947313-140565598060544","trial_id":223,"param_name":"OuterRadius","param_value_internal":15.806250532591527,"distribution":"{\"name\": \"FloatDistribution\", \"attributes\": {\"step\": null, \"low\": 8.75, \"high\": 17.75, \"log\": false}}"}
{"op_code":5,"worker_id":"32f1eeeb-90c0-49f9-a98c-0d2e64947313-140565598060544","trial_id":223,"param_name":"JointHeight","param_value_internal":7.990209692259366,"distribution":"{\"name\": \"FloatDistribution\", \"attributes\": {\"step\": null, \"low\": 5.0, \"high\": 8.0, \"log\": false}}"}
{"op_code":5,"worker_id":"32f1eeeb-90c0-49f9-a98c-0d2e64947313-140565598060544","trial_id":223,"param_name":"CavityCorkThickness","param_value_internal":2.2004154780939267,"distribution":"{\"name\": \"FloatDistribution\", \"attributes\": {\"step\": null, \"low\": 2.0, \"high\": 5.0, \"log\": false}}"}
{"op_code":5,"worker_id":"32f1eeeb-90c0-49f9-a98c-0d2e64947313-140565598060544","trial_id":223,"param_name":"BellowHeight","param_value_internal":8.744279419622284,"distribution":"{\"name\": \"FloatDistribution\", \"attributes\": {\"step\": null, \"low\": 6.0, \"high\": 10.0, \"log\": false}}"}
{"op_code":5,"worker_id":"32f1eeeb-90c0-49f9-a98c-0d2e64947313-140565598060544","trial_id":223,"param_name":"WallThickness","param_value_internal":2.00165388978446,"distribution":"{\"name\": \"FloatDistribution\", \"attributes\": {\"step\": null, \"low\": 2.0, \"high\": 4.0, \"log\": false}}"}
{"op_code":5,"worker_id":"32f1eeeb-90c0-49f9-a98c-0d2e64947313-140565598060544","trial_id":223,"param_name":"PlateauHeight","param_value_internal":3.908156057902718,"distribution":"{\"name\": \"FloatDistribution\", \"attributes\": {\"step\": null, \"low\": 2.0, \"high\": 4.0, \"log\": false}}"}
{"op_code":6,"worker_id":"32f1eeeb-90c0-49f9-a98c-0d2e64947313-140565598060544","trial_id":223,"state":1,"values":[1592.06971720128,0.2685688373628374],"datetime_complete":"2026-06-16T05:09:38.125951"}
{"op_code":4,"worker_id":"32f1eeeb-90c0-49f9-a98c-0d2e64947313-140565598060544","study_id":0,"datetime_start":"2026-06-16T05:09:38.137302"}
{"op_code":9,"worker_id":"32f1eeeb-90c0-49f9-a98c-0d2e64947313-140565598060544","trial_id":224,"system_attr":{"nsga2:generation":4}}
{"op_code":5,"worker_id":"32f1eeeb-90c0-49f9-a98c-0d2e64947313-140565598060544","trial_id":224,"param_name":"JointSlopeAngle","param_value_internal":0.3101470181467173,"distribution":"{\"name\": \"FloatDistribution\", \"attributes\": {\"step\": null, \"low\": 0.17453292519943295, \"high\": 1.0471975511965976, \"log\": false}}"}
{"op_code":5,"worker_id":"32f1eeeb-90c0-49f9-a98c-0d2e64947313-140565598060544","trial_id":224,"param_name":"OuterRadius","param_value_internal":14.10192461197845,"distribution":"{\"name\": \"FloatDistribution\", \"attributes\": {\"step\": null, \"low\": 8.75, \"high\": 17.75, \"log\": false}}"}
{"op_code":5,"worker_id":"32f1eeeb-90c0-49f9-a98c-0d2e64947313-140565598060544","trial_id":224,"param_name":"JointHeight","param_value_internal":6.653137446809373,"distribution":"{\"name\": \"FloatDistribution\", \"attributes\": {\"step\": null, \"low\": 5.0, \"high\": 8.0, \"log\": false}}"}
{"op_code":5,"worker_id":"32f1eeeb-90c0-49f9-a98c-0d2e64947313-140565598060544","trial_id":224,"param_name":"CavityCorkThickness","param_value_internal":2.7765901524213583,"distribution":"{\"name\": \"FloatDistribution\", \"attributes\": {\"step\": null, \"low\": 2.0, \"high\": 5.0, \"log\": false}}"}
{"op_code":5,"worker_id":"32f1eeeb-90c0-49f9-a98c-0d2e64947313-140565598060544","trial_id":224,"param_name":"BellowHeight","param_value_internal":7.485597588536443,"distribution":"{\"name\": \"FloatDistribution\", \"attributes\": {\"step\": null, \"low\": 6.0, \"high\": 10.0, \"log\": false}}"}
{"op_code":5,"worker_id":"32f1eeeb-90c0-49f9-a98c-0d2e64947313-140565598060544","trial_id":224,"param_name":"WallThickness","param_value_internal":2.6764815858461417,"distribution":"{\"name\": \"FloatDistribution\", \"attributes\": {\"step\": null, \"low\": 2.0, \"high\": 4.0, \"log\": false}}"}
{"op_code":5,"worker_id":"32f1eeeb-90c0-49f9-a98c-0d2e64947313-140565598060544","trial_id":224,"param_name":"PlateauHeight","param_value_internal":3.882578288979306,"distribution":"{\"name\": \"FloatDistribution\", \"attributes\": {\"step\": null, \"low\": 2.0, \"high\": 4.0, \"log\": false}}"}
{"op_code":6,"worker_id":"32f1eeeb-90c0-49f9-a98c-0d2e64947313-140565598060544","trial_id":224,"state":1,"values":[844.9671530000559,0.28299991593501334],"datetime_complete":"2026-06-16T05:09:48.894504"}
{"op_code":4,"worker_id":"32f1eeeb-90c0-49f9-a98c-0d2e64947313-140565598060544","study_id":0,"datetime_start":"2026-06-16T05:09:48.905971"}
{"op_code":9,"worker_id":"32f1eeeb-90c0-49f9-a98c-0d2e64947313-140565598060544","trial_id":225,"system_attr":{"nsga2:generation":4}}
{"op_code":5,"worker_id":"32f1eeeb-90c0-49f9-a98c-0d2e64947313-140565598060544","trial_id":225,"param_name":"JointSlopeAngle","param_value_internal":0.47950346816021827,"distribution":"{\"name\": \"FloatDistribution\", \"attributes\": {\"step\": null, \"low\": 0.17453292519943295, \"high\": 1.0471975511965976, \"log\": false}}"}
{"op_code":5,"worker_id":"32f1eeeb-90c0-49f9-a98c-0d2e64947313-140565598060544","trial_id":225,"param_name":"OuterRadius","param_value_internal":15.919381857059122,"distribution":"{\"name\": \"FloatDistribution\", \"attributes\": {\"step\": null, \"low\": 8.75, \"high\": 17.75, \"log\": false}}"}
{"op_code":5,"worker_id":"32f1eeeb-90c0-49f9-a98c-0d2e64947313-140565598060544","trial_id":225,"param_name":"JointHeight","param_value_internal":7.5149255616794015,"distribution":"{\"name\": \"FloatDistribution\", \"attributes\": {\"step\": null, \"low\": 5.0, \"high\": 8.0, \"log\": false}}"}
{"op_code":5,"worker_id":"32f1eeeb-90c0-49f9-a98c-0d2e64947313-140565598060544","trial_id":225,"param_name":"CavityCorkThickness","param_value_internal":4.1768162132779585,"distribution":"{\"name\": \"FloatDistribution\", \"attributes\": {\"step\": null, \"low\": 2.0, \"high\": 5.0, \"log\": false}}"}
{"op_code":5,"worker_id":"32f1eeeb-90c0-49f9-a98c-0d2e64947313-140565598060544","trial_id":225,"param_name":"BellowHeight","param_value_internal":7.836512648118768,"distribution":"{\"name\": \"FloatDistribution\", \"attributes\": {\"step\": null, \"low\": 6.0, \"high\": 10.0, \"log\": false}}"}
{"op_code":5,"worker_id":"32f1eeeb-90c0-49f9-a98c-0d2e64947313-140565598060544","trial_id":225,"param_name":"WallThickness","param_value_internal":2.224254426673263,"distribution":"{\"name\": \"FloatDistribution\", \"attributes\": {\"step\": null, \"low\": 2.0, \"high\": 4.0, \"log\": false}}"}
{"op_code":5,"worker_id":"32f1eeeb-90c0-49f9-a98c-0d2e64947313-140565598060544","trial_id":225,"param_name":"PlateauHeight","param_value_internal":3.670232198420761,"distribution":"{\"name\": \"FloatDistribution\", \"attributes\": {\"step\": null, \"low\": 2.0, \"high\": 4.0, \"log\": false}}"}
{"op_code":6,"worker_id":"32f1eeeb-90c0-49f9-a98c-0d2e64947313-140565598060544","trial_id":225,"state":1,"values":[1100.9718426424424,0.39270891478089914],"datetime_complete":"2026-06-16T05:09:59.898505"}
{"op_code":4,"worker_id":"32f1eeeb-90c0-49f9-a98c-0d2e64947313-140565598060544","study_id":0,"datetime_start":"2026-06-16T05:09:59.911543"}
{"op_code":9,"worker_id":"32f1eeeb-90c0-49f9-a98c-0d2e64947313-140565598060544","trial_id":226,"system_attr":{"nsga2:generation":4}}
{"op_code":5,"worker_id":"32f1eeeb-90c0-49f9-a98c-0d2e64947313-140565598060544","trial_id":226,"param_name":"JointSlopeAngle","param_value_internal":0.9367054297789487,"distribution":"{\"name\": \"FloatDistribution\", \"attributes\": {\"step\": null, \"low\": 0.17453292519943295, \"high\": 1.0471975511965976, \"log\": false}}"}
{"op_code":5,"worker_id":"32f1eeeb-90c0-49f9-a98c-0d2e64947313-140565598060544","trial_id":226,"param_name":"OuterRadius","param_value_internal":13.571106070446115,"distribution":"{\"name\": \"FloatDistribution\", \"attributes\": {\"step\": null, \"low\": 8.75, \"high\": 17.75, \"log\": false}}"}
{"op_code":5,"worker_id":"32f1eeeb-90c0-49f9-a98c-0d2e64947313-140565598060544","trial_id":226,"param_name":"JointHeight","param_value_internal":7.654443782412088,"distribution":"{\"name\": \"FloatDistribution\", \"attributes\": {\"step\": null, \"low\": 5.0, \"high\": 8.0, \"log\": false}}"}
{"op_code":5,"worker_id":"32f1eeeb-90c0-49f9-a98c-0d2e64947313-140565598060544","trial_id":226,"param_name":"CavityCorkThickness","param_value_internal":4.796113934051766,"distribution":"{\"name\": \"FloatDistribution\", \"attributes\": {\"step\": null, \"low\": 2.0, \"high\": 5.0, \"log\": false}}"}
{"op_code":5,"worker_id":"32f1eeeb-90c0-49f9-a98c-0d2e64947313-140565598060544","trial_id":226,"param_name":"BellowHeight","param_value_internal":6.115373624836522,"distribution":"{\"name\": \"FloatDistribution\", \"attributes\": {\"step\": null, \"low\": 6.0, \"high\": 10.0, \"log\": false}}"}
{"op_code":5,"worker_id":"32f1eeeb-90c0-49f9-a98c-0d2e64947313-140565598060544","trial_id":226,"param_name":"WallThickness","param_value_internal":2.3920656500046356,"distribution":"{\"name\": \"FloatDistribution\", \"attributes\": {\"step\": null, \"low\": 2.0, \"high\": 4.0, \"log\": false}}"}
{"op_code":5,"worker_id":"32f1eeeb-90c0-49f9-a98c-0d2e64947313-140565598060544","trial_id":226,"param_name":"PlateauHeight","param_value_internal":2.250203937971742,"distribution":"{\"name\": \"FloatDistribution\", \"attributes\": {\"step\": null, \"low\": 2.0, \"high\": 4.0, \"log\": false}}"}
{"op_code":6,"worker_id":"32f1eeeb-90c0-49f9-a98c-0d2e64947313-140565598060544","trial_id":226,"state":1,"values":[400.490762081891,0.4377384932247699],"datetime_complete":"2026-06-16T05:10:09.629934"}
{"op_code":4,"worker_id":"32f1eeeb-90c0-49f9-a98c-0d2e64947313-140565598060544","study_id":0,"datetime_start":"2026-06-16T05:10:09.641044"}
{"op_code":9,"worker_id":"32f1eeeb-90c0-49f9-a98c-0d2e64947313-140565598060544","trial_id":227,"system_attr":{"nsga2:generation":4}}
{"op_code":5,"worker_id":"32f1eeeb-90c0-49f9-a98c-0d2e64947313-140565598060544","trial_id":227,"param_name":"JointSlopeAngle","param_value_internal":0.9367054297789487,"distribution":"{\"name\": \"FloatDistribution\", \"attributes\": {\"step\": null, \"low\": 0.17453292519943295, \"high\": 1.0471975511965976, \"log\": false}}"}
{"op_code":5,"worker_id":"32f1eeeb-90c0-49f9-a98c-0d2e64947313-140565598060544","trial_id":227,"param_name":"OuterRadius","param_value_internal":15.919381857059122,"distribution":"{\"name\": \"FloatDistribution\", \"attributes\": {\"step\": null, \"low\": 8.75, \"high\": 17.75, \"log\": false}}"}
{"op_code":5,"worker_id":"32f1eeeb-90c0-49f9-a98c-0d2e64947313-140565598060544","trial_id":227,"param_name":"JointHeight","param_value_internal":7.840928098885374,"distribution":"{\"name\": \"FloatDistribution\", \"attributes\": {\"step\": null, \"low\": 5.0, \"high\": 8.0, \"log\": false}}"}
{"op_code":5,"worker_id":"32f1eeeb-90c0-49f9-a98c-0d2e64947313-140565598060544","trial_id":227,"param_name":"CavityCorkThickness","param_value_internal":3.769158035654685,"distribution":"{\"name\": \"FloatDistribution\", \"attributes\": {\"step\": null, \"low\": 2.0, \"high\": 5.0, \"log\": false}}"}
{"op_code":5,"worker_id":"32f1eeeb-90c0-49f9-a98c-0d2e64947313-140565598060544","trial_id":227,"param_name":"BellowHeight","param_value_internal":8.054195910242441,"distribution":"{\"name\": \"FloatDistribution\", \"attributes\": {\"step\": null, \"low\": 6.0, \"high\": 10.0, \"log\": false}}"}
{"op_code":5,"worker_id":"32f1eeeb-90c0-49f9-a98c-0d2e64947313-140565598060544","trial_id":227,"param_name":"WallThickness","param_value_internal":2.224254426673263,"distribution":"{\"name\": \"FloatDistribution\", \"attributes\": {\"step\": null, \"low\": 2.0, \"high\": 4.0, \"log\": false}}"}
{"op_code":5,"worker_id":"32f1eeeb-90c0-49f9-a98c-0d2e64947313-140565598060544","trial_id":227,"param_name":"PlateauHeight","param_value_internal":3.670232198420761,"distribution":"{\"name\": \"FloatDistribution\", \"attributes\": {\"step\": null, \"low\": 2.0, \"high\": 4.0, \"log\": false}}"}
{"op_code":6,"worker_id":"32f1eeeb-90c0-49f9-a98c-0d2e64947313-140565598060544","trial_id":227,"state":1,"values":[1196.9329074648072,0.4401077024814641],"datetime_complete":"2026-06-16T05:10:20.490090"}
{"op_code":4,"worker_id":"32f1eeeb-90c0-49f9-a98c-0d2e64947313-140565598060544","study_id":0,"datetime_start":"2026-06-16T05:10:20.502606"}
{"op_code":9,"worker_id":"32f1eeeb-90c0-49f9-a98c-0d2e64947313-140565598060544","trial_id":228,"system_attr":{"nsga2:generation":4}}
{"op_code":5,"worker_id":"32f1eeeb-90c0-49f9-a98c-0d2e64947313-140565598060544","trial_id":228,"param_name":"JointSlopeAngle","param_value_internal":0.8272457351358277,"distribution":"{\"name\": \"FloatDistribution\", \"attributes\": {\"step\": null, \"low\": 0.17453292519943295, \"high\": 1.0471975511965976, \"log\": false}}"}
{"op_code":5,"worker_id":"32f1eeeb-90c0-49f9-a98c-0d2e64947313-140565598060544","trial_id":228,"param_name":"OuterRadius","param_value_internal":14.489373048556564,"distribution":"{\"name\": \"FloatDistribution\", \"attributes\": {\"step\": null, \"low\": 8.75, \"high\": 17.75, \"log\": false}}"}
{"op_code":5,"worker_id":"32f1eeeb-90c0-49f9-a98c-0d2e64947313-140565598060544","trial_id":228,"param_name":"JointHeight","param_value_internal":7.957242184419182,"distribution":"{\"name\": \"FloatDistribution\", \"attributes\": {\"step\": null, \"low\": 5.0, \"high\": 8.0, \"log\": false}}"}
{"op_code":5,"worker_id":"32f1eeeb-90c0-49f9-a98c-0d2e64947313-140565598060544","trial_id":228,"param_name":"CavityCorkThickness","param_value_internal":2.2004154780939267,"distribution":"{\"name\": \"FloatDistribution\", \"attributes\": {\"step\": null, \"low\": 2.0, \"high\": 5.0, \"log\": false}}"}
{"op_code":5,"worker_id":"32f1eeeb-90c0-49f9-a98c-0d2e64947313-140565598060544","trial_id":228,"param_name":"BellowHeight","param_value_internal":6.264352647219921,"distribution":"{\"name\": \"FloatDistribution\", \"attributes\": {\"step\": null, \"low\": 6.0, \"high\": 10.0, \"log\": false}}"}
{"op_code":5,"worker_id":"32f1eeeb-90c0-49f9-a98c-0d2e64947313-140565598060544","trial_id":228,"param_name":"WallThickness","param_value_internal":2.438203684913686,"distribution":"{\"name\": \"FloatDistribution\", \"attributes\": {\"step\": null, \"low\": 2.0, \"high\": 4.0, \"log\": false}}"}
{"op_code":5,"worker_id":"32f1eeeb-90c0-49f9-a98c-0d2e64947313-140565598060544","trial_id":228,"param_name":"PlateauHeight","param_value_internal":3.5159505279966643,"distribution":"{\"name\": \"FloatDistribution\", \"attributes\": {\"step\": null, \"low\": 2.0, \"high\": 4.0, \"log\": false}}"}
{"op_code":6,"worker_id":"32f1eeeb-90c0-49f9-a98c-0d2e64947313-140565598060544","trial_id":228,"state":1,"values":[944.0231771739664,0.4023787186868125],"datetime_complete":"2026-06-16T05:10:30.908792"}
{"op_code":4,"worker_id":"32f1eeeb-90c0-49f9-a98c-0d2e64947313-140565598060544","study_id":0,"datetime_start":"2026-06-16T05:10:30.920625"}
{"op_code":9,"worker_id":"32f1eeeb-90c0-49f9-a98c-0d2e64947313-140565598060544","trial_id":229,"system_attr":{"nsga2:generation":4}}
{"op_code":5,"worker_id":"32f1eeeb-90c0-49f9-a98c-0d2e64947313-140565598060544","trial_id":229,"param_name":"JointSlopeAngle","param_value_internal":0.47950346816021827,"distribution":"{\"name\": \"FloatDistribution\", \"attributes\": {\"step\": null, \"low\": 0.17453292519943295, \"high\": 1.0471975511965976, \"log\": false}}"}
{"op_code":5,"worker_id":"32f1eeeb-90c0-49f9-a98c-0d2e64947313-140565598060544","trial_id":229,"param_name":"OuterRadius","param_value_internal":16.01991644282559,"distribution":"{\"name\": \"FloatDistribution\", \"attributes\": {\"step\": null, \"low\": 8.75, \"high\": 17.75, \"log\": false}}"}
{"op_code":5,"worker_id":"32f1eeeb-90c0-49f9-a98c-0d2e64947313-140565598060544","trial_id":229,"param_name":"JointHeight","param_value_internal":7.5149255616794015,"distribution":"{\"name\": \"FloatDistribution\", \"attributes\": {\"step\": null, \"low\": 5.0, \"high\": 8.0, \"log\": false}}"}
{"op_code":5,"worker_id":"32f1eeeb-90c0-49f9-a98c-0d2e64947313-140565598060544","trial_id":229,"param_name":"CavityCorkThickness","param_value_internal":2.3094655836982407,"distribution":"{\"name\": \"FloatDistribution\", \"attributes\": {\"step\": null, \"low\": 2.0, \"high\": 5.0, \"log\": false}}"}
{"op_code":5,"worker_id":"32f1eeeb-90c0-49f9-a98c-0d2e64947313-140565598060544","trial_id":229,"param_name":"BellowHeight","param_value_internal":9.873046074677653,"distribution":"{\"name\": \"FloatDistribution\", \"attributes\": {\"step\": null, \"low\": 6.0, \"high\": 10.0, \"log\": false}}"}
{"op_code":5,"worker_id":"32f1eeeb-90c0-49f9-a98c-0d2e64947313-140565598060544","trial_id":229,"param_name":"WallThickness","param_value_internal":2.224254426673263,"distribution":"{\"name\": \"FloatDistribution\", \"attributes\": {\"step\": null, \"low\": 2.0, \"high\": 4.0, \"log\": false}}"}
{"op_code":5,"worker_id":"32f1eeeb-90c0-49f9-a98c-0d2e64947313-140565598060544","trial_id":229,"param_name":"PlateauHeight","param_value_internal":3.670232198420761,"distribution":"{\"name\": \"FloatDistribution\", \"attributes\": {\"step\": null, \"low\": 2.0, \"high\": 4.0, \"log\": false}}"}
{"op_code":6,"worker_id":"32f1eeeb-90c0-49f9-a98c-0d2e64947313-140565598060544","trial_id":229,"state":1,"values":[1730.5223003172016,0.36148693287280315],"datetime_complete":"2026-06-16T05:10:42.709007"}
{"op_code":4,"worker_id":"32f1eeeb-90c0-49f9-a98c-0d2e64947313-140565598060544","study_id":0,"datetime_start":"2026-06-16T05:10:42.719687"}
{"op_code":9,"worker_id":"32f1eeeb-90c0-49f9-a98c-0d2e64947313-140565598060544","trial_id":230,"system_attr":{"nsga2:generation":4}}
{"op_code":5,"worker_id":"32f1eeeb-90c0-49f9-a98c-0d2e64947313-140565598060544","trial_id":230,"param_name":"JointSlopeAngle","param_value_internal":0.9564762255587863,"distribution":"{\"name\": \"FloatDistribution\", \"attributes\": {\"step\": null, \"low\": 0.17453292519943295, \"high\": 1.0471975511965976, \"log\": false}}"}
{"op_code":5,"worker_id":"32f1eeeb-90c0-49f9-a98c-0d2e64947313-140565598060544","trial_id":230,"param_name":"OuterRadius","param_value_internal":15.57406193770872,"distribution":"{\"name\": \"FloatDistribution\", \"attributes\": {\"step\": null, \"low\": 8.75, \"high\": 17.75, \"log\": false}}"}
{"op_code":5,"worker_id":"32f1eeeb-90c0-49f9-a98c-0d2e64947313-140565598060544","trial_id":230,"param_name":"JointHeight","param_value_internal":7.654443782412088,"distribution":"{\"name\": \"FloatDistribution\", \"attributes\": {\"step\": null, \"low\": 5.0, \"high\": 8.0, \"log\": false}}"}
{"op_code":5,"worker_id":"32f1eeeb-90c0-49f9-a98c-0d2e64947313-140565598060544","trial_id":230,"param_name":"CavityCorkThickness","param_value_internal":2.405525650255897,"distribution":"{\"name\": \"FloatDistribution\", \"attributes\": {\"step\": null, \"low\": 2.0, \"high\": 5.0, \"log\": false}}"}
{"op_code":5,"worker_id":"32f1eeeb-90c0-49f9-a98c-0d2e64947313-140565598060544","trial_id":230,"param_name":"BellowHeight","param_value_internal":9.357706194021251,"distribution":"{\"name\": \"FloatDistribution\", \"attributes\": {\"step\": null, \"low\": 6.0, \"high\": 10.0, \"log\": false}}"}
{"op_code":5,"worker_id":"32f1eeeb-90c0-49f9-a98c-0d2e64947313-140565598060544","trial_id":230,"param_name":"WallThickness","param_value_internal":2.00165388978446,"distribution":"{\"name\": \"FloatDistribution\", \"attributes\": {\"step\": null, \"low\": 2.0, \"high\": 4.0, \"log\": false}}"}
{"op_code":5,"worker_id":"32f1eeeb-90c0-49f9-a98c-0d2e64947313-140565598060544","trial_id":230,"param_name":"PlateauHeight","param_value_internal":3.5159505279966643,"distribution":"{\"name\": \"FloatDistribution\", \"attributes\": {\"step\": null, \"low\": 2.0, \"high\": 4.0, \"log\": false}}"}
{"op_code":6,"worker_id":"32f1eeeb-90c0-49f9-a98c-0d2e64947313-140565598060544","trial_id":230,"state":1,"values":[1588.4060919056128,0.43122030501879977],"datetime_complete":"2026-06-16T05:10:53.806748"}
{"op_code":4,"worker_id":"32f1eeeb-90c0-49f9-a98c-0d2e64947313-140565598060544","study_id":0,"datetime_start":"2026-06-16T05:10:53.817633"}
{"op_code":9,"worker_id":"32f1eeeb-90c0-49f9-a98c-0d2e64947313-140565598060544","trial_id":231,"system_attr":{"nsga2:generation":4}}
{"op_code":5,"worker_id":"32f1eeeb-90c0-49f9-a98c-0d2e64947313-140565598060544","trial_id":231,"param_name":"JointSlopeAngle","param_value_internal":0.8272457351358277,"distribution":"{\"name\": \"FloatDistribution\", \"attributes\": {\"step\": null, \"low\": 0.17453292519943295, \"high\": 1.0471975511965976, \"log\": false}}"}
{"op_code":5,"worker_id":"32f1eeeb-90c0-49f9-a98c-0d2e64947313-140565598060544","trial_id":231,"param_name":"OuterRadius","param_value_internal":9.258302137669638,"distribution":"{\"name\": \"FloatDistribution\", \"attributes\": {\"step\": null, \"low\": 8.75, \"high\": 17.75, \"log\": false}}"}
{"op_code":5,"worker_id":"32f1eeeb-90c0-49f9-a98c-0d2e64947313-140565598060544","trial_id":231,"param_name":"JointHeight","param_value_internal":7.654443782412088,"distribution":"{\"name\": \"FloatDistribution\", \"attributes\": {\"step\": null, \"low\": 5.0, \"high\": 8.0, \"log\": false}}"}
{"op_code":5,"worker_id":"32f1eeeb-90c0-49f9-a98c-0d2e64947313-140565598060544","trial_id":231,"param_name":"CavityCorkThickness","param_value_internal":3.7037676631191796,"distribution":"{\"name\": \"FloatDistribution\", \"attributes\": {\"step\": null, \"low\": 2.0, \"high\": 5.0, \"log\": false}}"}
{"op_code":5,"worker_id":"32f1eeeb-90c0-49f9-a98c-0d2e64947313-140565598060544","trial_id":231,"param_name":"BellowHeight","param_value_internal":9.357706194021251,"distribution":"{\"name\": \"FloatDistribution\", \"attributes\": {\"step\": null, \"low\": 6.0, \"high\": 10.0, \"log\": false}}"}
{"op_code":5,"worker_id":"32f1eeeb-90c0-49f9-a98c-0d2e64947313-140565598060544","trial_id":231,"param_name":"WallThickness","param_value_internal":2.2203697478074336,"distribution":"{\"name\": \"FloatDistribution\", \"attributes\": {\"step\": null, \"low\": 2.0, \"high\": 4.0, \"log\": false}}"}
{"op_code":5,"worker_id":"32f1eeeb-90c0-49f9-a98c-0d2e64947313-140565598060544","trial_id":231,"param_name":"PlateauHeight","param_value_internal":3.882578288979306,"distribution":"{\"name\": \"FloatDistribution\", \"attributes\": {\"step\": null, \"low\": 2.0, \"high\": 4.0, \"log\": false}}"}
{"op_code":6,"worker_id":"32f1eeeb-90c0-49f9-a98c-0d2e64947313-140565598060544","trial_id":231,"state":1,"values":[145.07541016204385,0.03860734616957335],"datetime_complete":"2026-06-16T05:11:03.621285"}
{"op_code":4,"worker_id":"32f1eeeb-90c0-49f9-a98c-0d2e64947313-140565598060544","study_id":0,"datetime_start":"2026-06-16T05:11:03.633222"}
{"op_code":9,"worker_id":"32f1eeeb-90c0-49f9-a98c-0d2e64947313-140565598060544","trial_id":232,"system_attr":{"nsga2:generation":4}}
{"op_code":5,"worker_id":"32f1eeeb-90c0-49f9-a98c-0d2e64947313-140565598060544","trial_id":232,"param_name":"JointSlopeAngle","param_value_internal":0.5303075561960522,"distribution":"{\"name\": \"FloatDistribution\", \"attributes\": {\"step\": null, \"low\": 0.17453292519943295, \"high\": 1.0471975511965976, \"log\": false}}"}
{"op_code":5,"worker_id":"32f1eeeb-90c0-49f9-a98c-0d2e64947313-140565598060544","trial_id":232,"param_name":"OuterRadius","param_value_internal":17.32911161854785,"distribution":"{\"name\": \"FloatDistribution\", \"attributes\": {\"step\": null, \"low\": 8.75, \"high\": 17.75, \"log\": false}}"}
{"op_code":5,"worker_id":"32f1eeeb-90c0-49f9-a98c-0d2e64947313-140565598060544","trial_id":232,"param_name":"JointHeight","param_value_internal":5.968840842436931,"distribution":"{\"name\": \"FloatDistribution\", \"attributes\": {\"step\": null, \"low\": 5.0, \"high\": 8.0, \"log\": false}}"}
{"op_code":5,"worker_id":"32f1eeeb-90c0-49f9-a98c-0d2e64947313-140565598060544","trial_id":232,"param_name":"CavityCorkThickness","param_value_internal":2.7765901524213583,"distribution":"{\"name\": \"FloatDistribution\", \"attributes\": {\"step\": null, \"low\": 2.0, \"high\": 5.0, \"log\": false}}"}
{"op_code":5,"worker_id":"32f1eeeb-90c0-49f9-a98c-0d2e64947313-140565598060544","trial_id":232,"param_name":"BellowHeight","param_value_internal":8.329643064751066,"distribution":"{\"name\": \"FloatDistribution\", \"attributes\": {\"step\": null, \"low\": 6.0, \"high\": 10.0, \"log\": false}}"}
{"op_code":5,"worker_id":"32f1eeeb-90c0-49f9-a98c-0d2e64947313-140565598060544","trial_id":232,"param_name":"WallThickness","param_value_internal":2.5179224552262855,"distribution":"{\"name\": \"FloatDistribution\", \"attributes\": {\"step\": null, \"low\": 2.0, \"high\": 4.0, \"log\": false}}"}
{"op_code":5,"worker_id":"32f1eeeb-90c0-49f9-a98c-0d2e64947313-140565598060544","trial_id":232,"param_name":"PlateauHeight","param_value_internal":3.5159505279966643,"distribution":"{\"name\": \"FloatDistribution\", \"attributes\": {\"step\": null, \"low\": 2.0, \"high\": 4.0, \"log\": false}}"}
{"op_code":6,"worker_id":"32f1eeeb-90c0-49f9-a98c-0d2e64947313-140565598060544","trial_id":232,"state":1,"values":[1680.3062885236827,0.39136399212299483],"datetime_complete":"2026-06-16T05:11:14.899713"}
{"op_code":4,"worker_id":"32f1eeeb-90c0-49f9-a98c-0d2e64947313-140565598060544","study_id":0,"datetime_start":"2026-06-16T05:11:14.910599"}
{"op_code":9,"worker_id":"32f1eeeb-90c0-49f9-a98c-0d2e64947313-140565598060544","trial_id":233,"system_attr":{"nsga2:generation":4}}
{"op_code":5,"worker_id":"32f1eeeb-90c0-49f9-a98c-0d2e64947313-140565598060544","trial_id":233,"param_name":"JointSlopeAngle","param_value_internal":0.8529923524068651,"distribution":"{\"name\": \"FloatDistribution\", \"attributes\": {\"step\": null, \"low\": 0.17453292519943295, \"high\": 1.0471975511965976, \"log\": false}}"}
{"op_code":5,"worker_id":"32f1eeeb-90c0-49f9-a98c-0d2e64947313-140565598060544","trial_id":233,"param_name":"OuterRadius","param_value_internal":15.806250532591527,"distribution":"{\"name\": \"FloatDistribution\", \"attributes\": {\"step\": null, \"low\": 8.75, \"high\": 17.75, \"log\": false}}"}
{"op_code":5,"worker_id":"32f1eeeb-90c0-49f9-a98c-0d2e64947313-140565598060544","trial_id":233,"param_name":"JointHeight","param_value_internal":6.352359112020677,"distribution":"{\"name\": \"FloatDistribution\", \"attributes\": {\"step\": null, \"low\": 5.0, \"high\": 8.0, \"log\": false}}"}
{"op_code":5,"worker_id":"32f1eeeb-90c0-49f9-a98c-0d2e64947313-140565598060544","trial_id":233,"param_name":"CavityCorkThickness","param_value_internal":2.2164844274688953,"distribution":"{\"name\": \"FloatDistribution\", \"attributes\": {\"step\": null, \"low\": 2.0, \"high\": 5.0, \"log\": false}}"}
{"op_code":5,"worker_id":"32f1eeeb-90c0-49f9-a98c-0d2e64947313-140565598060544","trial_id":233,"param_name":"BellowHeight","param_value_internal":9.43702190391036,"distribution":"{\"name\": \"FloatDistribution\", \"attributes\": {\"step\": null, \"low\": 6.0, \"high\": 10.0, \"log\": false}}"}
{"op_code":5,"worker_id":"32f1eeeb-90c0-49f9-a98c-0d2e64947313-140565598060544","trial_id":233,"param_name":"WallThickness","param_value_internal":3.2573012932053853,"distribution":"{\"name\": \"FloatDistribution\", \"attributes\": {\"step\": null, \"low\": 2.0, \"high\": 4.0, \"log\": false}}"}
{"op_code":5,"worker_id":"32f1eeeb-90c0-49f9-a98c-0d2e64947313-140565598060544","trial_id":233,"param_name":"PlateauHeight","param_value_internal":3.3975645466712336,"distribution":"{\"name\": \"FloatDistribution\", \"attributes\": {\"step\": null, \"low\": 2.0, \"high\": 4.0, \"log\": false}}"}
{"op_code":6,"worker_id":"32f1eeeb-90c0-49f9-a98c-0d2e64947313-140565598060544","trial_id":233,"state":1,"values":[1319.140967928457,0.4361090951367714],"datetime_complete":"2026-06-16T05:11:25.980355"}
{"op_code":4,"worker_id":"32f1eeeb-90c0-49f9-a98c-0d2e64947313-140565598060544","study_id":0,"datetime_start":"2026-06-16T05:11:25.992159"}
{"op_code":9,"worker_id":"32f1eeeb-90c0-49f9-a98c-0d2e64947313-140565598060544","trial_id":234,"system_attr":{"nsga2:generation":4}}
{"op_code":5,"worker_id":"32f1eeeb-90c0-49f9-a98c-0d2e64947313-140565598060544","trial_id":234,"param_name":"JointSlopeAngle","param_value_internal":0.8529923524068651,"distribution":"{\"name\": \"FloatDistribution\", \"attributes\": {\"step\": null, \"low\": 0.17453292519943295, \"high\": 1.0471975511965976, \"log\": false}}"}
{"op_code":5,"worker_id":"32f1eeeb-90c0-49f9-a98c-0d2e64947313-140565598060544","trial_id":234,"param_name":"OuterRadius","param_value_internal":15.919381857059122,"distribution":"{\"name\": \"FloatDistribution\", \"attributes\": {\"step\": null, \"low\": 8.75, \"high\": 17.75, \"log\": false}}"}
{"op_code":5,"worker_id":"32f1eeeb-90c0-49f9-a98c-0d2e64947313-140565598060544","trial_id":234,"param_name":"JointHeight","param_value_internal":6.0429986074729065,"distribution":"{\"name\": \"FloatDistribution\", \"attributes\": {\"step\": null, \"low\": 5.0, \"high\": 8.0, \"log\": false}}"}
{"op_code":5,"worker_id":"32f1eeeb-90c0-49f9-a98c-0d2e64947313-140565598060544","trial_id":234,"param_name":"CavityCorkThickness","param_value_internal":2.405525650255897,"distribution":"{\"name\": \"FloatDistribution\", \"attributes\": {\"step\": null, \"low\": 2.0, \"high\": 5.0, \"log\": false}}"}
{"op_code":5,"worker_id":"32f1eeeb-90c0-49f9-a98c-0d2e64947313-140565598060544","trial_id":234,"param_name":"BellowHeight","param_value_internal":8.744279419622284,"distribution":"{\"name\": \"FloatDistribution\", \"attributes\": {\"step\": null, \"low\": 6.0, \"high\": 10.0, \"log\": false}}"}
{"op_code":5,"worker_id":"32f1eeeb-90c0-49f9-a98c-0d2e64947313-140565598060544","trial_id":234,"param_name":"WallThickness","param_value_internal":2.224254426673263,"distribution":"{\"name\": \"FloatDistribution\", \"attributes\": {\"step\": null, \"low\": 2.0, \"high\": 4.0, \"log\": false}}"}
{"op_code":5,"worker_id":"32f1eeeb-90c0-49f9-a98c-0d2e64947313-140565598060544","trial_id":234,"param_name":"PlateauHeight","param_value_internal":3.670232198420761,"distribution":"{\"name\": \"FloatDistribution\", \"attributes\": {\"step\": null, \"low\": 2.0, \"high\": 4.0, \"log\": false}}"}
{"op_code":6,"worker_id":"32f1eeeb-90c0-49f9-a98c-0d2e64947313-140565598060544","trial_id":234,"state":1,"values":[1544.5588789478652,0.40933129490919684],"datetime_complete":"2026-06-16T05:11:37.133713"}
{"op_code":4,"worker_id":"32f1eeeb-90c0-49f9-a98c-0d2e64947313-140565598060544","study_id":0,"datetime_start":"2026-06-16T05:11:37.145607"}
{"op_code":9,"worker_id":"32f1eeeb-90c0-49f9-a98c-0d2e64947313-140565598060544","trial_id":235,"system_attr":{"nsga2:generation":4}}
{"op_code":5,"worker_id":"32f1eeeb-90c0-49f9-a98c-0d2e64947313-140565598060544","trial_id":235,"param_name":"JointSlopeAngle","param_value_internal":0.7101123787546164,"distribution":"{\"name\": \"FloatDistribution\", \"attributes\": {\"step\": null, \"low\": 0.17453292519943295, \"high\": 1.0471975511965976, \"log\": false}}"}
{"op_code":5,"worker_id":"32f1eeeb-90c0-49f9-a98c-0d2e64947313-140565598060544","trial_id":235,"param_name":"OuterRadius","param_value_internal":15.552079448812187,"distribution":"{\"name\": \"FloatDistribution\", \"attributes\": {\"step\": null, \"low\": 8.75, \"high\": 17.75, \"log\": false}}"}
{"op_code":5,"worker_id":"32f1eeeb-90c0-49f9-a98c-0d2e64947313-140565598060544","trial_id":235,"param_name":"JointHeight","param_value_internal":5.322153673362866,"distribution":"{\"name\": \"FloatDistribution\", \"attributes\": {\"step\": null, \"low\": 5.0, \"high\": 8.0, \"log\": false}}"}
{"op_code":5,"worker_id":"32f1eeeb-90c0-49f9-a98c-0d2e64947313-140565598060544","trial_id":235,"param_name":"CavityCorkThickness","param_value_internal":2.7765901524213583,"distribution":"{\"name\": \"FloatDistribution\", \"attributes\": {\"step\": null, \"low\": 2.0, \"high\": 5.0, \"log\": false}}"}
{"op_code":5,"worker_id":"32f1eeeb-90c0-49f9-a98c-0d2e64947313-140565598060544","trial_id":235,"param_name":"BellowHeight","param_value_internal":7.836512648118768,"distribution":"{\"name\": \"FloatDistribution\", \"attributes\": {\"step\": null, \"low\": 6.0, \"high\": 10.0, \"log\": false}}"}
{"op_code":5,"worker_id":"32f1eeeb-90c0-49f9-a98c-0d2e64947313-140565598060544","trial_id":235,"param_name":"WallThickness","param_value_internal":2.1272897774960953,"distribution":"{\"name\": \"FloatDistribution\", \"attributes\": {\"step\": null, \"low\": 2.0, \"high\": 4.0, \"log\": false}}"}
{"op_code":5,"worker_id":"32f1eeeb-90c0-49f9-a98c-0d2e64947313-140565598060544","trial_id":235,"param_name":"PlateauHeight","param_value_internal":3.882578288979306,"distribution":"{\"name\": \"FloatDistribution\", \"attributes\": {\"step\": null, \"low\": 2.0, \"high\": 4.0, \"log\": false}}"}
{"op_code":6,"worker_id":"32f1eeeb-90c0-49f9-a98c-0d2e64947313-140565598060544","trial_id":235,"state":1,"values":[1334.5537076234427,0.447169542105982],"datetime_complete":"2026-06-16T05:11:48.411456"}
{"op_code":4,"worker_id":"32f1eeeb-90c0-49f9-a98c-0d2e64947313-140565598060544","study_id":0,"datetime_start":"2026-06-16T05:11:48.422157"}
{"op_code":9,"worker_id":"32f1eeeb-90c0-49f9-a98c-0d2e64947313-140565598060544","trial_id":236,"system_attr":{"nsga2:generation":4}}
{"op_code":5,"worker_id":"32f1eeeb-90c0-49f9-a98c-0d2e64947313-140565598060544","trial_id":236,"param_name":"JointSlopeAngle","param_value_internal":0.8272457351358277,"distribution":"{\"name\": \"FloatDistribution\", \"attributes\": {\"step\": null, \"low\": 0.17453292519943295, \"high\": 1.0471975511965976, \"log\": false}}"}
{"op_code":5,"worker_id":"32f1eeeb-90c0-49f9-a98c-0d2e64947313-140565598060544","trial_id":236,"param_name":"OuterRadius","param_value_internal":14.489373048556564,"distribution":"{\"name\": \"FloatDistribution\", \"attributes\": {\"step\": null, \"low\": 8.75, \"high\": 17.75, \"log\": false}}"}
{"op_code":5,"worker_id":"32f1eeeb-90c0-49f9-a98c-0d2e64947313-140565598060544","trial_id":236,"param_name":"JointHeight","param_value_internal":5.327470348251004,"distribution":"{\"name\": \"FloatDistribution\", \"attributes\": {\"step\": null, \"low\": 5.0, \"high\": 8.0, \"log\": false}}"}
{"op_code":5,"worker_id":"32f1eeeb-90c0-49f9-a98c-0d2e64947313-140565598060544","trial_id":236,"param_name":"CavityCorkThickness","param_value_internal":4.71790769315959,"distribution":"{\"name\": \"FloatDistribution\", \"attributes\": {\"step\": null, \"low\": 2.0, \"high\": 5.0, \"log\": false}}"}
{"op_code":5,"worker_id":"32f1eeeb-90c0-49f9-a98c-0d2e64947313-140565598060544","trial_id":236,"param_name":"BellowHeight","param_value_internal":8.054195910242441,"distribution":"{\"name\": \"FloatDistribution\", \"attributes\": {\"step\": null, \"low\": 6.0, \"high\": 10.0, \"log\": false}}"}
{"op_code":5,"worker_id":"32f1eeeb-90c0-49f9-a98c-0d2e64947313-140565598060544","trial_id":236,"param_name":"WallThickness","param_value_internal":2.438203684913686,"distribution":"{\"name\": \"FloatDistribution\", \"attributes\": {\"step\": null, \"low\": 2.0, \"high\": 4.0, \"log\": false}}"}
{"op_code":5,"worker_id":"32f1eeeb-90c0-49f9-a98c-0d2e64947313-140565598060544","trial_id":236,"param_name":"PlateauHeight","param_value_internal":3.882578288979306,"distribution":"{\"name\": \"FloatDistribution\", \"attributes\": {\"step\": null, \"low\": 2.0, \"high\": 4.0, \"log\": false}}"}
{"op_code":6,"worker_id":"32f1eeeb-90c0-49f9-a98c-0d2e64947313-140565598060544","trial_id":236,"state":1,"values":[703.7459886686364,0.46956105138644916],"datetime_complete":"2026-06-16T05:11:58.751295"}
{"op_code":4,"worker_id":"32f1eeeb-90c0-49f9-a98c-0d2e64947313-140565598060544","study_id":0,"datetime_start":"2026-06-16T05:11:58.763726"}
{"op_code":9,"worker_id":"32f1eeeb-90c0-49f9-a98c-0d2e64947313-140565598060544","trial_id":237,"system_attr":{"nsga2:generation":4}}
{"op_code":5,"worker_id":"32f1eeeb-90c0-49f9-a98c-0d2e64947313-140565598060544","trial_id":237,"param_name":"JointSlopeAngle","param_value_internal":0.7101123787546164,"distribution":"{\"name\": \"FloatDistribution\", \"attributes\": {\"step\": null, \"low\": 0.17453292519943295, \"high\": 1.0471975511965976, \"log\": false}}"}
{"op_code":5,"worker_id":"32f1eeeb-90c0-49f9-a98c-0d2e64947313-140565598060544","trial_id":237,"param_name":"OuterRadius","param_value_internal":8.930810166154084,"distribution":"{\"name\": \"FloatDistribution\", \"attributes\": {\"step\": null, \"low\": 8.75, \"high\": 17.75, \"log\": false}}"}
{"op_code":5,"worker_id":"32f1eeeb-90c0-49f9-a98c-0d2e64947313-140565598060544","trial_id":237,"param_name":"JointHeight","param_value_internal":5.43133360197518,"distribution":"{\"name\": \"FloatDistribution\", \"attributes\": {\"step\": null, \"low\": 5.0, \"high\": 8.0, \"log\": false}}"}
{"op_code":5,"worker_id":"32f1eeeb-90c0-49f9-a98c-0d2e64947313-140565598060544","trial_id":237,"param_name":"CavityCorkThickness","param_value_internal":3.5276492347621415,"distribution":"{\"name\": \"FloatDistribution\", \"attributes\": {\"step\": null, \"low\": 2.0, \"high\": 5.0, \"log\": false}}"}
{"op_code":5,"worker_id":"32f1eeeb-90c0-49f9-a98c-0d2e64947313-140565598060544","trial_id":237,"param_name":"BellowHeight","param_value_internal":9.873046074677653,"distribution":"{\"name\": \"FloatDistribution\", \"attributes\": {\"step\": null, \"low\": 6.0, \"high\": 10.0, \"log\": false}}"}
{"op_code":5,"worker_id":"32f1eeeb-90c0-49f9-a98c-0d2e64947313-140565598060544","trial_id":237,"param_name":"WallThickness","param_value_internal":2.1272897774960953,"distribution":"{\"name\": \"FloatDistribution\", \"attributes\": {\"step\": null, \"low\": 2.0, \"high\": 4.0, \"log\": false}}"}
{"op_code":5,"worker_id":"32f1eeeb-90c0-49f9-a98c-0d2e64947313-140565598060544","trial_id":237,"param_name":"PlateauHeight","param_value_internal":3.882578288979306,"distribution":"{\"name\": \"FloatDistribution\", \"attributes\": {\"step\": null, \"low\": 2.0, \"high\": 4.0, \"log\": false}}"}
{"op_code":6,"worker_id":"32f1eeeb-90c0-49f9-a98c-0d2e64947313-140565598060544","trial_id":237,"state":1,"values":[150.70446504089102,0.10141527819678321],"datetime_complete":"2026-06-16T05:12:08.605385"}
{"op_code":4,"worker_id":"32f1eeeb-90c0-49f9-a98c-0d2e64947313-140565598060544","study_id":0,"datetime_start":"2026-06-16T05:12:08.615909"}
{"op_code":9,"worker_id":"32f1eeeb-90c0-49f9-a98c-0d2e64947313-140565598060544","trial_id":238,"system_attr":{"nsga2:generation":4}}
{"op_code":5,"worker_id":"32f1eeeb-90c0-49f9-a98c-0d2e64947313-140565598060544","trial_id":238,"param_name":"JointSlopeAngle","param_value_internal":0.8272457351358277,"distribution":"{\"name\": \"FloatDistribution\", \"attributes\": {\"step\": null, \"low\": 0.17453292519943295, \"high\": 1.0471975511965976, \"log\": false}}"}
{"op_code":5,"worker_id":"32f1eeeb-90c0-49f9-a98c-0d2e64947313-140565598060544","trial_id":238,"param_name":"OuterRadius","param_value_internal":14.489373048556564,"distribution":"{\"name\": \"FloatDistribution\", \"attributes\": {\"step\": null, \"low\": 8.75, \"high\": 17.75, \"log\": false}}"}
{"op_code":5,"worker_id":"32f1eeeb-90c0-49f9-a98c-0d2e64947313-140565598060544","trial_id":238,"param_name":"JointHeight","param_value_internal":5.322153673362866,"distribution":"{\"name\": \"FloatDistribution\", \"attributes\": {\"step\": null, \"low\": 5.0, \"high\": 8.0, \"log\": false}}"}
{"op_code":5,"worker_id":"32f1eeeb-90c0-49f9-a98c-0d2e64947313-140565598060544","trial_id":238,"param_name":"CavityCorkThickness","param_value_internal":3.9629183796422853,"distribution":"{\"name\": \"FloatDistribution\", \"attributes\": {\"step\": null, \"low\": 2.0, \"high\": 5.0, \"log\": false}}"}
{"op_code":5,"worker_id":"32f1eeeb-90c0-49f9-a98c-0d2e64947313-140565598060544","trial_id":238,"param_name":"BellowHeight","param_value_internal":9.086597810422262,"distribution":"{\"name\": \"FloatDistribution\", \"attributes\": {\"step\": null, \"low\": 6.0, \"high\": 10.0, \"log\": false}}"}
{"op_code":5,"worker_id":"32f1eeeb-90c0-49f9-a98c-0d2e64947313-140565598060544","trial_id":238,"param_name":"WallThickness","param_value_internal":2.2203697478074336,"distribution":"{\"name\": \"FloatDistribution\", \"attributes\": {\"step\": null, \"low\": 2.0, \"high\": 4.0, \"log\": false}}"}
{"op_code":5,"worker_id":"32f1eeeb-90c0-49f9-a98c-0d2e64947313-140565598060544","trial_id":238,"param_name":"PlateauHeight","param_value_internal":3.882578288979306,"distribution":"{\"name\": \"FloatDistribution\", \"attributes\": {\"step\": null, \"low\": 2.0, \"high\": 4.0, \"log\": false}}"}
{"op_code":6,"worker_id":"32f1eeeb-90c0-49f9-a98c-0d2e64947313-140565598060544","trial_id":238,"state":1,"values":[953.7060659568597,0.4601580873473782],"datetime_complete":"2026-06-16T05:12:19.290871"}
{"op_code":4,"worker_id":"32f1eeeb-90c0-49f9-a98c-0d2e64947313-140565598060544","study_id":0,"datetime_start":"2026-06-16T05:12:19.303412"}
{"op_code":9,"worker_id":"32f1eeeb-90c0-49f9-a98c-0d2e64947313-140565598060544","trial_id":239,"system_attr":{"nsga2:generation":4}}
{"op_code":5,"worker_id":"32f1eeeb-90c0-49f9-a98c-0d2e64947313-140565598060544","trial_id":239,"param_name":"JointSlopeAngle","param_value_internal":0.7447825655413925,"distribution":"{\"name\": \"FloatDistribution\", \"attributes\": {\"step\": null, \"low\": 0.17453292519943295, \"high\": 1.0471975511965976, \"log\": false}}"}
{"op_code":5,"worker_id":"32f1eeeb-90c0-49f9-a98c-0d2e64947313-140565598060544","trial_id":239,"param_name":"OuterRadius","param_value_internal":14.551598989930017,"distribution":"{\"name\": \"FloatDistribution\", \"attributes\": {\"step\": null, \"low\": 8.75, \"high\": 17.75, \"log\": false}}"}
{"op_code":5,"worker_id":"32f1eeeb-90c0-49f9-a98c-0d2e64947313-140565598060544","trial_id":239,"param_name":"JointHeight","param_value_internal":7.5149255616794015,"distribution":"{\"name\": \"FloatDistribution\", \"attributes\": {\"step\": null, \"low\": 5.0, \"high\": 8.0, \"log\": false}}"}
{"op_code":5,"worker_id":"32f1eeeb-90c0-49f9-a98c-0d2e64947313-140565598060544","trial_id":239,"param_name":"CavityCorkThickness","param_value_internal":2.003379507868391,"distribution":"{\"name\": \"FloatDistribution\", \"attributes\": {\"step\": null, \"low\": 2.0, \"high\": 5.0, \"log\": false}}"}
{"op_code":5,"worker_id":"32f1eeeb-90c0-49f9-a98c-0d2e64947313-140565598060544","trial_id":239,"param_name":"BellowHeight","param_value_internal":7.433489173279064,"distribution":"{\"name\": \"FloatDistribution\", \"attributes\": {\"step\": null, \"low\": 6.0, \"high\": 10.0, \"log\": false}}"}
{"op_code":5,"worker_id":"32f1eeeb-90c0-49f9-a98c-0d2e64947313-140565598060544","trial_id":239,"param_name":"WallThickness","param_value_internal":2.030237007390795,"distribution":"{\"name\": \"FloatDistribution\", \"attributes\": {\"step\": null, \"low\": 2.0, \"high\": 4.0, \"log\": false}}"}
{"op_code":5,"worker_id":"32f1eeeb-90c0-49f9-a98c-0d2e64947313-140565598060544","trial_id":239,"param_name":"PlateauHeight","param_value_internal":3.670232198420761,"distribution":"{\"name\": \"FloatDistribution\", \"attributes\": {\"step\": null, \"low\": 2.0, \"high\": 4.0, \"log\": false}}"}
{"op_code":6,"worker_id":"32f1eeeb-90c0-49f9-a98c-0d2e64947313-140565598060544","trial_id":239,"state":1,"values":[1220.6216910044277,0.4155916197317571],"datetime_complete":"2026-06-16T05:12:30.889759"}
{"op_code":4,"worker_id":"32f1eeeb-90c0-49f9-a98c-0d2e64947313-140565598060544","study_id":0,"datetime_start":"2026-06-16T05:12:30.901996"}
{"op_code":9,"worker_id":"32f1eeeb-90c0-49f9-a98c-0d2e64947313-140565598060544","trial_id":240,"system_attr":{"nsga2:generation":4}}
{"op_code":5,"worker_id":"32f1eeeb-90c0-49f9-a98c-0d2e64947313-140565598060544","trial_id":240,"param_name":"JointSlopeAngle","param_value_internal":0.7101123787546164,"distribution":"{\"name\": \"FloatDistribution\", \"attributes\": {\"step\": null, \"low\": 0.17453292519943295, \"high\": 1.0471975511965976, \"log\": false}}"}
{"op_code":5,"worker_id":"32f1eeeb-90c0-49f9-a98c-0d2e64947313-140565598060544","trial_id":240,"param_name":"OuterRadius","param_value_internal":14.489373048556564,"distribution":"{\"name\": \"FloatDistribution\", \"attributes\": {\"step\": null, \"low\": 8.75, \"high\": 17.75, \"log\": false}}"}
{"op_code":5,"worker_id":"32f1eeeb-90c0-49f9-a98c-0d2e64947313-140565598060544","trial_id":240,"param_name":"JointHeight","param_value_internal":5.322153673362866,"distribution":"{\"name\": \"FloatDistribution\", \"attributes\": {\"step\": null, \"low\": 5.0, \"high\": 8.0, \"log\": false}}"}
{"op_code":5,"worker_id":"32f1eeeb-90c0-49f9-a98c-0d2e64947313-140565598060544","trial_id":240,"param_name":"CavityCorkThickness","param_value_internal":3.83707421747129,"distribution":"{\"name\": \"FloatDistribution\", \"attributes\": {\"step\": null, \"low\": 2.0, \"high\": 5.0, \"log\": false}}"}
{"op_code":5,"worker_id":"32f1eeeb-90c0-49f9-a98c-0d2e64947313-140565598060544","trial_id":240,"param_name":"BellowHeight","param_value_internal":9.43702190391036,"distribution":"{\"name\": \"FloatDistribution\", \"attributes\": {\"step\": null, \"low\": 6.0, \"high\": 10.0, \"log\": false}}"}
{"op_code":5,"worker_id":"32f1eeeb-90c0-49f9-a98c-0d2e64947313-140565598060544","trial_id":240,"param_name":"WallThickness","param_value_internal":3.8979894334956473,"distribution":"{\"name\": \"FloatDistribution\", \"attributes\": {\"step\": null, \"low\": 2.0, \"high\": 4.0, \"log\": false}}"}
{"op_code":5,"worker_id":"32f1eeeb-90c0-49f9-a98c-0d2e64947313-140565598060544","trial_id":240,"param_name":"PlateauHeight","param_value_internal":3.882578288979306,"distribution":"{\"name\": \"FloatDistribution\", \"attributes\": {\"step\": null, \"low\": 2.0, \"high\": 4.0, \"log\": false}}"}
{"op_code":6,"worker_id":"32f1eeeb-90c0-49f9-a98c-0d2e64947313-140565598060544","trial_id":240,"state":1,"values":[658.6173504803882,0.47395410685474937],"datetime_complete":"2026-06-16T05:12:41.152570"}
{"op_code":4,"worker_id":"32f1eeeb-90c0-49f9-a98c-0d2e64947313-140565598060544","study_id":0,"datetime_start":"2026-06-16T05:12:41.163621"}
{"op_code":9,"worker_id":"32f1eeeb-90c0-49f9-a98c-0d2e64947313-140565598060544","trial_id":241,"system_attr":{"nsga2:generation":4}}
{"op_code":5,"worker_id":"32f1eeeb-90c0-49f9-a98c-0d2e64947313-140565598060544","trial_id":241,"param_name":"JointSlopeAngle","param_value_internal":0.9181151838671837,"distribution":"{\"name\": \"FloatDistribution\", \"attributes\": {\"step\": null, \"low\": 0.17453292519943295, \"high\": 1.0471975511965976, \"log\": false}}"}
{"op_code":5,"worker_id":"32f1eeeb-90c0-49f9-a98c-0d2e64947313-140565598060544","trial_id":241,"param_name":"OuterRadius","param_value_internal":13.571106070446115,"distribution":"{\"name\": \"FloatDistribution\", \"attributes\": {\"step\": null, \"low\": 8.75, \"high\": 17.75, \"log\": false}}"}
{"op_code":5,"worker_id":"32f1eeeb-90c0-49f9-a98c-0d2e64947313-140565598060544","trial_id":241,"param_name":"JointHeight","param_value_internal":6.653137446809373,"distribution":"{\"name\": \"FloatDistribution\", \"attributes\": {\"step\": null, \"low\": 5.0, \"high\": 8.0, \"log\": false}}"}
{"op_code":5,"worker_id":"32f1eeeb-90c0-49f9-a98c-0d2e64947313-140565598060544","trial_id":241,"param_name":"CavityCorkThickness","param_value_internal":3.178777320592155,"distribution":"{\"name\": \"FloatDistribution\", \"attributes\": {\"step\": null, \"low\": 2.0, \"high\": 5.0, \"log\": false}}"}
{"op_code":5,"worker_id":"32f1eeeb-90c0-49f9-a98c-0d2e64947313-140565598060544","trial_id":241,"param_name":"BellowHeight","param_value_internal":6.7030093646908515,"distribution":"{\"name\": \"FloatDistribution\", \"attributes\": {\"step\": null, \"low\": 6.0, \"high\": 10.0, \"log\": false}}"}
{"op_code":5,"worker_id":"32f1eeeb-90c0-49f9-a98c-0d2e64947313-140565598060544","trial_id":241,"param_name":"WallThickness","param_value_internal":2.6764815858461417,"distribution":"{\"name\": \"FloatDistribution\", \"attributes\": {\"step\": null, \"low\": 2.0, \"high\": 4.0, \"log\": false}}"}
{"op_code":5,"worker_id":"32f1eeeb-90c0-49f9-a98c-0d2e64947313-140565598060544","trial_id":241,"param_name":"PlateauHeight","param_value_internal":2.1189870194908726,"distribution":"{\"name\": \"FloatDistribution\", \"attributes\": {\"step\": null, \"low\": 2.0, \"high\": 4.0, \"log\": false}}"}
{"op_code":6,"worker_id":"32f1eeeb-90c0-49f9-a98c-0d2e64947313-140565598060544","trial_id":241,"state":1,"values":[589.2898070461054,0.4931551911625877],"datetime_complete":"2026-06-16T05:12:51.516882"}
{"op_code":4,"worker_id":"32f1eeeb-90c0-49f9-a98c-0d2e64947313-140565598060544","study_id":0,"datetime_start":"2026-06-16T05:12:51.527685"}
{"op_code":9,"worker_id":"32f1eeeb-90c0-49f9-a98c-0d2e64947313-140565598060544","trial_id":242,"system_attr":{"nsga2:generation":4}}
{"op_code":5,"worker_id":"32f1eeeb-90c0-49f9-a98c-0d2e64947313-140565598060544","trial_id":242,"param_name":"JointSlopeAngle","param_value_internal":0.843267582317409,"distribution":"{\"name\": \"FloatDistribution\", \"attributes\": {\"step\": null, \"low\": 0.17453292519943295, \"high\": 1.0471975511965976, \"log\": false}}"}
{"op_code":5,"worker_id":"32f1eeeb-90c0-49f9-a98c-0d2e64947313-140565598060544","trial_id":242,"param_name":"OuterRadius","param_value_internal":13.571106070446115,"distribution":"{\"name\": \"FloatDistribution\", \"attributes\": {\"step\": null, \"low\": 8.75, \"high\": 17.75, \"log\": false}}"}
{"op_code":5,"worker_id":"32f1eeeb-90c0-49f9-a98c-0d2e64947313-140565598060544","trial_id":242,"param_name":"JointHeight","param_value_internal":6.653137446809373,"distribution":"{\"name\": \"FloatDistribution\", \"attributes\": {\"step\": null, \"low\": 5.0, \"high\": 8.0, \"log\": false}}"}
{"op_code":5,"worker_id":"32f1eeeb-90c0-49f9-a98c-0d2e64947313-140565598060544","trial_id":242,"param_name":"CavityCorkThickness","param_value_internal":2.7765901524213583,"distribution":"{\"name\": \"FloatDistribution\", \"attributes\": {\"step\": null, \"low\": 2.0, \"high\": 5.0, \"log\": false}}"}
{"op_code":5,"worker_id":"32f1eeeb-90c0-49f9-a98c-0d2e64947313-140565598060544","trial_id":242,"param_name":"BellowHeight","param_value_internal":6.7030093646908515,"distribution":"{\"name\": \"FloatDistribution\", \"attributes\": {\"step\": null, \"low\": 6.0, \"high\": 10.0, \"log\": false}}"}
{"op_code":5,"worker_id":"32f1eeeb-90c0-49f9-a98c-0d2e64947313-140565598060544","trial_id":242,"param_name":"WallThickness","param_value_internal":2.6764815858461417,"distribution":"{\"name\": \"FloatDistribution\", \"attributes\": {\"step\": null, \"low\": 2.0, \"high\": 4.0, \"log\": false}}"}
{"op_code":5,"worker_id":"32f1eeeb-90c0-49f9-a98c-0d2e64947313-140565598060544","trial_id":242,"param_name":"PlateauHeight","param_value_internal":3.1284792304680415,"distribution":"{\"name\": \"FloatDistribution\", \"attributes\": {\"step\": null, \"low\": 2.0, \"high\": 4.0, \"log\": false}}"}
{"op_code":6,"worker_id":"32f1eeeb-90c0-49f9-a98c-0d2e64947313-140565598060544","trial_id":242,"state":1,"values":[693.3879244386662,0.4834320305774912],"datetime_complete":"2026-06-16T05:13:01.061110"}
{"op_code":4,"worker_id":"32f1eeeb-90c0-49f9-a98c-0d2e64947313-140565598060544","study_id":0,"datetime_start":"2026-06-16T05:13:01.073204"}
{"op_code":9,"worker_id":"32f1eeeb-90c0-49f9-a98c-0d2e64947313-140565598060544","trial_id":243,"system_attr":{"nsga2:generation":4}}
{"op_code":5,"worker_id":"32f1eeeb-90c0-49f9-a98c-0d2e64947313-140565598060544","trial_id":243,"param_name":"JointSlopeAngle","param_value_internal":0.7101123787546164,"distribution":"{\"name\": \"FloatDistribution\", \"attributes\": {\"step\": null, \"low\": 0.17453292519943295, \"high\": 1.0471975511965976, \"log\": false}}"}
{"op_code":5,"worker_id":"32f1eeeb-90c0-49f9-a98c-0d2e64947313-140565598060544","trial_id":243,"param_name":"OuterRadius","param_value_internal":15.552079448812187,"distribution":"{\"name\": \"FloatDistribution\", \"attributes\": {\"step\": null, \"low\": 8.75, \"high\": 17.75, \"log\": false}}"}
{"op_code":5,"worker_id":"32f1eeeb-90c0-49f9-a98c-0d2e64947313-140565598060544","trial_id":243,"param_name":"JointHeight","param_value_internal":7.680240828845976,"distribution":"{\"name\": \"FloatDistribution\", \"attributes\": {\"step\": null, \"low\": 5.0, \"high\": 8.0, \"log\": false}}"}
{"op_code":5,"worker_id":"32f1eeeb-90c0-49f9-a98c-0d2e64947313-140565598060544","trial_id":243,"param_name":"CavityCorkThickness","param_value_internal":3.474247150312608,"distribution":"{\"name\": \"FloatDistribution\", \"attributes\": {\"step\": null, \"low\": 2.0, \"high\": 5.0, \"log\": false}}"}
{"op_code":5,"worker_id":"32f1eeeb-90c0-49f9-a98c-0d2e64947313-140565598060544","trial_id":243,"param_name":"BellowHeight","param_value_internal":7.660667896302046,"distribution":"{\"name\": \"FloatDistribution\", \"attributes\": {\"step\": null, \"low\": 6.0, \"high\": 10.0, \"log\": false}}"}
{"op_code":5,"worker_id":"32f1eeeb-90c0-49f9-a98c-0d2e64947313-140565598060544","trial_id":243,"param_name":"WallThickness","param_value_internal":2.1272897774960953,"distribution":"{\"name\": \"FloatDistribution\", \"attributes\": {\"step\": null, \"low\": 2.0, \"high\": 4.0, \"log\": false}}"}
{"op_code":5,"worker_id":"32f1eeeb-90c0-49f9-a98c-0d2e64947313-140565598060544","trial_id":243,"param_name":"PlateauHeight","param_value_internal":2.659419687098974,"distribution":"{\"name\": \"FloatDistribution\", \"attributes\": {\"step\": null, \"low\": 2.0, \"high\": 4.0, \"log\": false}}"}
{"op_code":6,"worker_id":"32f1eeeb-90c0-49f9-a98c-0d2e64947313-140565598060544","trial_id":243,"state":1,"values":[1079.447762661422,0.39312635412366487],"datetime_complete":"2026-06-16T05:13:12.317984"}
{"op_code":4,"worker_id":"32f1eeeb-90c0-49f9-a98c-0d2e64947313-140565598060544","study_id":0,"datetime_start":"2026-06-16T05:13:12.329481"}
{"op_code":9,"worker_id":"32f1eeeb-90c0-49f9-a98c-0d2e64947313-140565598060544","trial_id":244,"system_attr":{"nsga2:generation":4}}
{"op_code":5,"worker_id":"32f1eeeb-90c0-49f9-a98c-0d2e64947313-140565598060544","trial_id":244,"param_name":"JointSlopeAngle","param_value_internal":0.9367054297789487,"distribution":"{\"name\": \"FloatDistribution\", \"attributes\": {\"step\": null, \"low\": 0.17453292519943295, \"high\": 1.0471975511965976, \"log\": false}}"}
{"op_code":5,"worker_id":"32f1eeeb-90c0-49f9-a98c-0d2e64947313-140565598060544","trial_id":244,"param_name":"OuterRadius","param_value_internal":15.841379071899391,"distribution":"{\"name\": \"FloatDistribution\", \"attributes\": {\"step\": null, \"low\": 8.75, \"high\": 17.75, \"log\": false}}"}
{"op_code":5,"worker_id":"32f1eeeb-90c0-49f9-a98c-0d2e64947313-140565598060544","trial_id":244,"param_name":"JointHeight","param_value_internal":5.322153673362866,"distribution":"{\"name\": \"FloatDistribution\", \"attributes\": {\"step\": null, \"low\": 5.0, \"high\": 8.0, \"log\": false}}"}
{"op_code":5,"worker_id":"32f1eeeb-90c0-49f9-a98c-0d2e64947313-140565598060544","trial_id":244,"param_name":"CavityCorkThickness","param_value_internal":2.7765901524213583,"distribution":"{\"name\": \"FloatDistribution\", \"attributes\": {\"step\": null, \"low\": 2.0, \"high\": 5.0, \"log\": false}}"}
{"op_code":5,"worker_id":"32f1eeeb-90c0-49f9-a98c-0d2e64947313-140565598060544","trial_id":244,"param_name":"BellowHeight","param_value_internal":6.7030093646908515,"distribution":"{\"name\": \"FloatDistribution\", \"attributes\": {\"step\": null, \"low\": 6.0, \"high\": 10.0, \"log\": false}}"}
{"op_code":5,"worker_id":"32f1eeeb-90c0-49f9-a98c-0d2e64947313-140565598060544","trial_id":244,"param_name":"WallThickness","param_value_internal":2.6764815858461417,"distribution":"{\"name\": \"FloatDistribution\", \"attributes\": {\"step\": null, \"low\": 2.0, \"high\": 4.0, \"log\": false}}"}
{"op_code":5,"worker_id":"32f1eeeb-90c0-49f9-a98c-0d2e64947313-140565598060544","trial_id":244,"param_name":"PlateauHeight","param_value_internal":3.882578288979306,"distribution":"{\"name\": \"FloatDistribution\", \"attributes\": {\"step\": null, \"low\": 2.0, \"high\": 4.0, \"log\": false}}"}
{"op_code":6,"worker_id":"32f1eeeb-90c0-49f9-a98c-0d2e64947313-140565598060544","trial_id":244,"state":1,"values":[1138.6885482514483,0.43146078696279555],"datetime_complete":"2026-06-16T05:13:24.205622"}
{"op_code":4,"worker_id":"32f1eeeb-90c0-49f9-a98c-0d2e64947313-140565598060544","study_id":0,"datetime_start":"2026-06-16T05:13:24.216936"}
{"op_code":9,"worker_id":"32f1eeeb-90c0-49f9-a98c-0d2e64947313-140565598060544","trial_id":245,"system_attr":{"nsga2:generation":4}}
{"op_code":5,"worker_id":"32f1eeeb-90c0-49f9-a98c-0d2e64947313-140565598060544","trial_id":245,"param_name":"JointSlopeAngle","param_value_internal":0.9181151838671837,"distribution":"{\"name\": \"FloatDistribution\", \"attributes\": {\"step\": null, \"low\": 0.17453292519943295, \"high\": 1.0471975511965976, \"log\": false}}"}
{"op_code":5,"worker_id":"32f1eeeb-90c0-49f9-a98c-0d2e64947313-140565598060544","trial_id":245,"param_name":"OuterRadius","param_value_internal":16.354014784105203,"distribution":"{\"name\": \"FloatDistribution\", \"attributes\": {\"step\": null, \"low\": 8.75, \"high\": 17.75, \"log\": false}}"}
{"op_code":5,"worker_id":"32f1eeeb-90c0-49f9-a98c-0d2e64947313-140565598060544","trial_id":245,"param_name":"JointHeight","param_value_internal":5.089157700731112,"distribution":"{\"name\": \"FloatDistribution\", \"attributes\": {\"step\": null, \"low\": 5.0, \"high\": 8.0, \"log\": false}}"}
{"op_code":5,"worker_id":"32f1eeeb-90c0-49f9-a98c-0d2e64947313-140565598060544","trial_id":245,"param_name":"CavityCorkThickness","param_value_internal":2.2004154780939267,"distribution":"{\"name\": \"FloatDistribution\", \"attributes\": {\"step\": null, \"low\": 2.0, \"high\": 5.0, \"log\": false}}"}
{"op_code":5,"worker_id":"32f1eeeb-90c0-49f9-a98c-0d2e64947313-140565598060544","trial_id":245,"param_name":"BellowHeight","param_value_internal":8.329643064751066,"distribution":"{\"name\": \"FloatDistribution\", \"attributes\": {\"step\": null, \"low\": 6.0, \"high\": 10.0, \"log\": false}}"}
{"op_code":5,"worker_id":"32f1eeeb-90c0-49f9-a98c-0d2e64947313-140565598060544","trial_id":245,"param_name":"WallThickness","param_value_internal":2.559391100752773,"distribution":"{\"name\": \"FloatDistribution\", \"attributes\": {\"step\": null, \"low\": 2.0, \"high\": 4.0, \"log\": false}}"}
{"op_code":5,"worker_id":"32f1eeeb-90c0-49f9-a98c-0d2e64947313-140565598060544","trial_id":245,"param_name":"PlateauHeight","param_value_internal":2.1189870194908726,"distribution":"{\"name\": \"FloatDistribution\", \"attributes\": {\"step\": null, \"low\": 2.0, \"high\": 4.0, \"log\": false}}"}
{"op_code":6,"worker_id":"32f1eeeb-90c0-49f9-a98c-0d2e64947313-140565598060544","trial_id":245,"state":1,"values":[1357.9857692098865,0.41420615508566244],"datetime_complete":"2026-06-16T05:13:36.157911"}
{"op_code":4,"worker_id":"32f1eeeb-90c0-49f9-a98c-0d2e64947313-140565598060544","study_id":0,"datetime_start":"2026-06-16T05:13:36.170299"}
{"op_code":9,"worker_id":"32f1eeeb-90c0-49f9-a98c-0d2e64947313-140565598060544","trial_id":246,"system_attr":{"nsga2:generation":4}}
{"op_code":5,"worker_id":"32f1eeeb-90c0-49f9-a98c-0d2e64947313-140565598060544","trial_id":246,"param_name":"JointSlopeAngle","param_value_internal":0.4374713261310377,"distribution":"{\"name\": \"FloatDistribution\", \"attributes\": {\"step\": null, \"low\": 0.17453292519943295, \"high\": 1.0471975511965976, \"log\": false}}"}
{"op_code":5,"worker_id":"32f1eeeb-90c0-49f9-a98c-0d2e64947313-140565598060544","trial_id":246,"param_name":"OuterRadius","param_value_internal":14.489373048556564,"distribution":"{\"name\": \"FloatDistribution\", \"attributes\": {\"step\": null, \"low\": 8.75, \"high\": 17.75, \"log\": false}}"}
{"op_code":5,"worker_id":"32f1eeeb-90c0-49f9-a98c-0d2e64947313-140565598060544","trial_id":246,"param_name":"JointHeight","param_value_internal":5.322153673362866,"distribution":"{\"name\": \"FloatDistribution\", \"attributes\": {\"step\": null, \"low\": 5.0, \"high\": 8.0, \"log\": false}}"}
{"op_code":5,"worker_id":"32f1eeeb-90c0-49f9-a98c-0d2e64947313-140565598060544","trial_id":246,"param_name":"CavityCorkThickness","param_value_internal":4.1768162132779585,"distribution":"{\"name\": \"FloatDistribution\", \"attributes\": {\"step\": null, \"low\": 2.0, \"high\": 5.0, \"log\": false}}"}
{"op_code":5,"worker_id":"32f1eeeb-90c0-49f9-a98c-0d2e64947313-140565598060544","trial_id":246,"param_name":"BellowHeight","param_value_internal":6.195109106762301,"distribution":"{\"name\": \"FloatDistribution\", \"attributes\": {\"step\": null, \"low\": 6.0, \"high\": 10.0, \"log\": false}}"}
{"op_code":5,"worker_id":"32f1eeeb-90c0-49f9-a98c-0d2e64947313-140565598060544","trial_id":246,"param_name":"WallThickness","param_value_internal":2.030237007390795,"distribution":"{\"name\": \"FloatDistribution\", \"attributes\": {\"step\": null, \"low\": 2.0, \"high\": 4.0, \"log\": false}}"}
{"op_code":5,"worker_id":"32f1eeeb-90c0-49f9-a98c-0d2e64947313-140565598060544","trial_id":246,"param_name":"PlateauHeight","param_value_internal":2.0074743248455853,"distribution":"{\"name\": \"FloatDistribution\", \"attributes\": {\"step\": null, \"low\": 2.0, \"high\": 4.0, \"log\": false}}"}
{"op_code":6,"worker_id":"32f1eeeb-90c0-49f9-a98c-0d2e64947313-140565598060544","trial_id":246,"state":1,"values":[651.8348470366705,0.4239367125195793],"datetime_complete":"2026-06-16T05:13:46.275965"}
{"op_code":4,"worker_id":"32f1eeeb-90c0-49f9-a98c-0d2e64947313-140565598060544","study_id":0,"datetime_start":"2026-06-16T05:13:46.286978"}
{"op_code":9,"worker_id":"32f1eeeb-90c0-49f9-a98c-0d2e64947313-140565598060544","trial_id":247,"system_attr":{"nsga2:generation":4}}
{"op_code":5,"worker_id":"32f1eeeb-90c0-49f9-a98c-0d2e64947313-140565598060544","trial_id":247,"param_name":"JointSlopeAngle","param_value_internal":0.9564762255587863,"distribution":"{\"name\": \"FloatDistribution\", \"attributes\": {\"step\": null, \"low\": 0.17453292519943295, \"high\": 1.0471975511965976, \"log\": false}}"}
{"op_code":5,"worker_id":"32f1eeeb-90c0-49f9-a98c-0d2e64947313-140565598060544","trial_id":247,"param_name":"OuterRadius","param_value_internal":15.57406193770872,"distribution":"{\"name\": \"FloatDistribution\", \"attributes\": {\"step\": null, \"low\": 8.75, \"high\": 17.75, \"log\": false}}"}
{"op_code":5,"worker_id":"32f1eeeb-90c0-49f9-a98c-0d2e64947313-140565598060544","trial_id":247,"param_name":"JointHeight","param_value_internal":7.654443782412088,"distribution":"{\"name\": \"FloatDistribution\", \"attributes\": {\"step\": null, \"low\": 5.0, \"high\": 8.0, \"log\": false}}"}
{"op_code":5,"worker_id":"32f1eeeb-90c0-49f9-a98c-0d2e64947313-140565598060544","trial_id":247,"param_name":"CavityCorkThickness","param_value_internal":3.0726421835867552,"distribution":"{\"name\": \"FloatDistribution\", \"attributes\": {\"step\": null, \"low\": 2.0, \"high\": 5.0, \"log\": false}}"}
{"op_code":5,"worker_id":"32f1eeeb-90c0-49f9-a98c-0d2e64947313-140565598060544","trial_id":247,"param_name":"BellowHeight","param_value_internal":7.053511534790379,"distribution":"{\"name\": \"FloatDistribution\", \"attributes\": {\"step\": null, \"low\": 6.0, \"high\": 10.0, \"log\": false}}"}
{"op_code":5,"worker_id":"32f1eeeb-90c0-49f9-a98c-0d2e64947313-140565598060544","trial_id":247,"param_name":"WallThickness","param_value_internal":2.00165388978446,"distribution":"{\"name\": \"FloatDistribution\", \"attributes\": {\"step\": null, \"low\": 2.0, \"high\": 4.0, \"log\": false}}"}
{"op_code":5,"worker_id":"32f1eeeb-90c0-49f9-a98c-0d2e64947313-140565598060544","trial_id":247,"param_name":"PlateauHeight","param_value_internal":3.5159505279966643,"distribution":"{\"name\": \"FloatDistribution\", \"attributes\": {\"step\": null, \"low\": 2.0, \"high\": 4.0, \"log\": false}}"}
{"op_code":6,"worker_id":"32f1eeeb-90c0-49f9-a98c-0d2e64947313-140565598060544","trial_id":247,"state":1,"values":[1180.4793415242602,0.43069915911524825],"datetime_complete":"2026-06-16T05:13:57.186664"}
{"op_code":4,"worker_id":"32f1eeeb-90c0-49f9-a98c-0d2e64947313-140565598060544","study_id":0,"datetime_start":"2026-06-16T05:13:57.197109"}
{"op_code":9,"worker_id":"32f1eeeb-90c0-49f9-a98c-0d2e64947313-140565598060544","trial_id":248,"system_attr":{"nsga2:generation":4}}
{"op_code":5,"worker_id":"32f1eeeb-90c0-49f9-a98c-0d2e64947313-140565598060544","trial_id":248,"param_name":"JointSlopeAngle","param_value_internal":0.8040118756789952,"distribution":"{\"name\": \"FloatDistribution\", \"attributes\": {\"step\": null, \"low\": 0.17453292519943295, \"high\": 1.0471975511965976, \"log\": false}}"}
{"op_code":5,"worker_id":"32f1eeeb-90c0-49f9-a98c-0d2e64947313-140565598060544","trial_id":248,"param_name":"OuterRadius","param_value_internal":16.01991644282559,"distribution":"{\"name\": \"FloatDistribution\", \"attributes\": {\"step\": null, \"low\": 8.75, \"high\": 17.75, \"log\": false}}"}
{"op_code":5,"worker_id":"32f1eeeb-90c0-49f9-a98c-0d2e64947313-140565598060544","trial_id":248,"param_name":"JointHeight","param_value_internal":6.83042685249322,"distribution":"{\"name\": \"FloatDistribution\", \"attributes\": {\"step\": null, \"low\": 5.0, \"high\": 8.0, \"log\": false}}"}
{"op_code":5,"worker_id":"32f1eeeb-90c0-49f9-a98c-0d2e64947313-140565598060544","trial_id":248,"param_name":"CavityCorkThickness","param_value_internal":2.3094655836982407,"distribution":"{\"name\": \"FloatDistribution\", \"attributes\": {\"step\": null, \"low\": 2.0, \"high\": 5.0, \"log\": false}}"}
{"op_code":5,"worker_id":"32f1eeeb-90c0-49f9-a98c-0d2e64947313-140565598060544","trial_id":248,"param_name":"BellowHeight","param_value_internal":9.668694721570562,"distribution":"{\"name\": \"FloatDistribution\", \"attributes\": {\"step\": null, \"low\": 6.0, \"high\": 10.0, \"log\": false}}"}
{"op_code":5,"worker_id":"32f1eeeb-90c0-49f9-a98c-0d2e64947313-140565598060544","trial_id":248,"param_name":"WallThickness","param_value_internal":2.2203697478074336,"distribution":"{\"name\": \"FloatDistribution\", \"attributes\": {\"step\": null, \"low\": 2.0, \"high\": 4.0, \"log\": false}}"}
{"op_code":5,"worker_id":"32f1eeeb-90c0-49f9-a98c-0d2e64947313-140565598060544","trial_id":248,"param_name":"PlateauHeight","param_value_internal":2.5024060513668935,"distribution":"{\"name\": \"FloatDistribution\", \"attributes\": {\"step\": null, \"low\": 2.0, \"high\": 4.0, \"log\": false}}"}
{"op_code":6,"worker_id":"32f1eeeb-90c0-49f9-a98c-0d2e64947313-140565598060544","trial_id":248,"state":1,"values":[1605.5739200683397,0.42140625789981956],"datetime_complete":"2026-06-16T05:14:08.777345"}
{"op_code":4,"worker_id":"32f1eeeb-90c0-49f9-a98c-0d2e64947313-140565598060544","study_id":0,"datetime_start":"2026-06-16T05:14:08.788244"}
{"op_code":9,"worker_id":"32f1eeeb-90c0-49f9-a98c-0d2e64947313-140565598060544","trial_id":249,"system_attr":{"nsga2:generation":4}}
{"op_code":5,"worker_id":"32f1eeeb-90c0-49f9-a98c-0d2e64947313-140565598060544","trial_id":249,"param_name":"JointSlopeAngle","param_value_internal":0.9367054297789487,"distribution":"{\"name\": \"FloatDistribution\", \"attributes\": {\"step\": null, \"low\": 0.17453292519943295, \"high\": 1.0471975511965976, \"log\": false}}"}
{"op_code":5,"worker_id":"32f1eeeb-90c0-49f9-a98c-0d2e64947313-140565598060544","trial_id":249,"param_name":"OuterRadius","param_value_internal":13.571106070446115,"distribution":"{\"name\": \"FloatDistribution\", \"attributes\": {\"step\": null, \"low\": 8.75, \"high\": 17.75, \"log\": false}}"}
{"op_code":5,"worker_id":"32f1eeeb-90c0-49f9-a98c-0d2e64947313-140565598060544","trial_id":249,"param_name":"JointHeight","param_value_internal":6.653137446809373,"distribution":"{\"name\": \"FloatDistribution\", \"attributes\": {\"step\": null, \"low\": 5.0, \"high\": 8.0, \"log\": false}}"}
{"op_code":5,"worker_id":"32f1eeeb-90c0-49f9-a98c-0d2e64947313-140565598060544","trial_id":249,"param_name":"CavityCorkThickness","param_value_internal":3.7037676631191796,"distribution":"{\"name\": \"FloatDistribution\", \"attributes\": {\"step\": null, \"low\": 2.0, \"high\": 5.0, \"log\": false}}"}
{"op_code":5,"worker_id":"32f1eeeb-90c0-49f9-a98c-0d2e64947313-140565598060544","trial_id":249,"param_name":"BellowHeight","param_value_internal":9.873046074677653,"distribution":"{\"name\": \"FloatDistribution\", \"attributes\": {\"step\": null, \"low\": 6.0, \"high\": 10.0, \"log\": false}}"}
{"op_code":5,"worker_id":"32f1eeeb-90c0-49f9-a98c-0d2e64947313-140565598060544","trial_id":249,"param_name":"WallThickness","param_value_internal":2.7350920906306664,"distribution":"{\"name\": \"FloatDistribution\", \"attributes\": {\"step\": null, \"low\": 2.0, \"high\": 4.0, \"log\": false}}"}
{"op_code":5,"worker_id":"32f1eeeb-90c0-49f9-a98c-0d2e64947313-140565598060544","trial_id":249,"param_name":"PlateauHeight","param_value_internal":3.670232198420761,"distribution":"{\"name\": \"FloatDistribution\", \"attributes\": {\"step\": null, \"low\": 2.0, \"high\": 4.0, \"log\": false}}"}
{"op_code":6,"worker_id":"32f1eeeb-90c0-49f9-a98c-0d2e64947313-140565598060544","trial_id":249,"state":1,"values":[747.2521183367535,0.4922605250081282],"datetime_complete":"2026-06-16T05:14:19.314405"}
{"op_code":4,"worker_id":"32f1eeeb-90c0-49f9-a98c-0d2e64947313-140565598060544","study_id":0,"datetime_start":"2026-06-16T05:14:19.324718"}
{"op_code":9,"worker_id":"32f1eeeb-90c0-49f9-a98c-0d2e64947313-140565598060544","trial_id":250,"system_attr":{"nsga2:generation":4}}
{"op_code":5,"worker_id":"32f1eeeb-90c0-49f9-a98c-0d2e64947313-140565598060544","trial_id":250,"param_name":"JointSlopeAngle","param_value_internal":0.6569143507644633,"distribution":"{\"name\": \"FloatDistribution\", \"attributes\": {\"step\": null, \"low\": 0.17453292519943295, \"high\": 1.0471975511965976, \"log\": false}}"}
{"op_code":5,"worker_id":"32f1eeeb-90c0-49f9-a98c-0d2e64947313-140565598060544","trial_id":250,"param_name":"OuterRadius","param_value_internal":15.088662758762611,"distribution":"{\"name\": \"FloatDistribution\", \"attributes\": {\"step\": null, \"low\": 8.75, \"high\": 17.75, \"log\": false}}"}
{"op_code":5,"worker_id":"32f1eeeb-90c0-49f9-a98c-0d2e64947313-140565598060544","trial_id":250,"param_name":"JointHeight","param_value_internal":6.653137446809373,"distribution":"{\"name\": \"FloatDistribution\", \"attributes\": {\"step\": null, \"low\": 5.0, \"high\": 8.0, \"log\": false}}"}
{"op_code":5,"worker_id":"32f1eeeb-90c0-49f9-a98c-0d2e64947313-140565598060544","trial_id":250,"param_name":"CavityCorkThickness","param_value_internal":4.336022402509629,"distribution":"{\"name\": \"FloatDistribution\", \"attributes\": {\"step\": null, \"low\": 2.0, \"high\": 5.0, \"log\": false}}"}
{"op_code":5,"worker_id":"32f1eeeb-90c0-49f9-a98c-0d2e64947313-140565598060544","trial_id":250,"param_name":"BellowHeight","param_value_internal":6.7030093646908515,"distribution":"{\"name\": \"FloatDistribution\", \"attributes\": {\"step\": null, \"low\": 6.0, \"high\": 10.0, \"log\": false}}"}
{"op_code":5,"worker_id":"32f1eeeb-90c0-49f9-a98c-0d2e64947313-140565598060544","trial_id":250,"param_name":"WallThickness","param_value_internal":2.742974654550793,"distribution":"{\"name\": \"FloatDistribution\", \"attributes\": {\"step\": null, \"low\": 2.0, \"high\": 4.0, \"log\": false}}"}
{"op_code":5,"worker_id":"32f1eeeb-90c0-49f9-a98c-0d2e64947313-140565598060544","trial_id":250,"param_name":"PlateauHeight","param_value_internal":2.337612510518924,"distribution":"{\"name\": \"FloatDistribution\", \"attributes\": {\"step\": null, \"low\": 2.0, \"high\": 4.0, \"log\": false}}"}
{"op_code":6,"worker_id":"32f1eeeb-90c0-49f9-a98c-0d2e64947313-140565598060544","trial_id":250,"state":1,"values":[658.894760217838,0.43613751282942914],"datetime_complete":"2026-06-16T05:14:29.939472"}
{"op_code":4,"worker_id":"32f1eeeb-90c0-49f9-a98c-0d2e64947313-140565598060544","study_id":0,"datetime_start":"2026-06-16T05:14:29.967922"}
{"op_code":9,"worker_id":"32f1eeeb-90c0-49f9-a98c-0d2e64947313-140565598060544","trial_id":251,"system_attr":{"nsga2:generation":4}}
{"op_code":5,"worker_id":"32f1eeeb-90c0-49f9-a98c-0d2e64947313-140565598060544","trial_id":251,"param_name":"JointSlopeAngle","param_value_internal":0.5460261317640629,"distribution":"{\"name\": \"FloatDistribution\", \"attributes\": {\"step\": null, \"low\": 0.17453292519943295, \"high\": 1.0471975511965976, \"log\": false}}"}
{"op_code":5,"worker_id":"32f1eeeb-90c0-49f9-a98c-0d2e64947313-140565598060544","trial_id":251,"param_name":"OuterRadius","param_value_internal":14.489373048556564,"distribution":"{\"name\": \"FloatDistribution\", \"attributes\": {\"step\": null, \"low\": 8.75, \"high\": 17.75, \"log\": false}}"}
{"op_code":5,"worker_id":"32f1eeeb-90c0-49f9-a98c-0d2e64947313-140565598060544","trial_id":251,"param_name":"JointHeight","param_value_internal":5.322153673362866,"distribution":"{\"name\": \"FloatDistribution\", \"attributes\": {\"step\": null, \"low\": 5.0, \"high\": 8.0, \"log\": false}}"}
{"op_code":5,"worker_id":"32f1eeeb-90c0-49f9-a98c-0d2e64947313-140565598060544","trial_id":251,"param_name":"CavityCorkThickness","param_value_internal":3.178777320592155,"distribution":"{\"name\": \"FloatDistribution\", \"attributes\": {\"step\": null, \"low\": 2.0, \"high\": 5.0, \"log\": false}}"}
{"op_code":5,"worker_id":"32f1eeeb-90c0-49f9-a98c-0d2e64947313-140565598060544","trial_id":251,"param_name":"BellowHeight","param_value_internal":6.7030093646908515,"distribution":"{\"name\": \"FloatDistribution\", \"attributes\": {\"step\": null, \"low\": 6.0, \"high\": 10.0, \"log\": false}}"}
{"op_code":5,"worker_id":"32f1eeeb-90c0-49f9-a98c-0d2e64947313-140565598060544","trial_id":251,"param_name":"WallThickness","param_value_internal":2.363498320937245,"distribution":"{\"name\": \"FloatDistribution\", \"attributes\": {\"step\": null, \"low\": 2.0, \"high\": 4.0, \"log\": false}}"}
{"op_code":5,"worker_id":"32f1eeeb-90c0-49f9-a98c-0d2e64947313-140565598060544","trial_id":251,"param_name":"PlateauHeight","param_value_internal":2.337612510518924,"distribution":"{\"name\": \"FloatDistribution\", \"attributes\": {\"step\": null, \"low\": 2.0, \"high\": 4.0, \"log\": false}}"}
{"op_code":6,"worker_id":"32f1eeeb-90c0-49f9-a98c-0d2e64947313-140565598060544","trial_id":251,"state":1,"values":[806.334872550539,0.4516445660199748],"datetime_complete":"2026-06-16T05:14:40.267302"}
{"op_code":4,"worker_id":"32f1eeeb-90c0-49f9-a98c-0d2e64947313-140565598060544","study_id":0,"datetime_start":"2026-06-16T05:14:40.278291"}
{"op_code":9,"worker_id":"32f1eeeb-90c0-49f9-a98c-0d2e64947313-140565598060544","trial_id":252,"system_attr":{"nsga2:generation":4}}
{"op_code":5,"worker_id":"32f1eeeb-90c0-49f9-a98c-0d2e64947313-140565598060544","trial_id":252,"param_name":"JointSlopeAngle","param_value_internal":0.9367054297789487,"distribution":"{\"name\": \"FloatDistribution\", \"attributes\": {\"step\": null, \"low\": 0.17453292519943295, \"high\": 1.0471975511965976, \"log\": false}}"}
{"op_code":5,"worker_id":"32f1eeeb-90c0-49f9-a98c-0d2e64947313-140565598060544","trial_id":252,"param_name":"OuterRadius","param_value_internal":14.489373048556564,"distribution":"{\"name\": \"FloatDistribution\", \"attributes\": {\"step\": null, \"low\": 8.75, \"high\": 17.75, \"log\": false}}"}
{"op_code":5,"worker_id":"32f1eeeb-90c0-49f9-a98c-0d2e64947313-140565598060544","trial_id":252,"param_name":"JointHeight","param_value_internal":5.322153673362866,"distribution":"{\"name\": \"FloatDistribution\", \"attributes\": {\"step\": null, \"low\": 5.0, \"high\": 8.0, \"log\": false}}"}
{"op_code":5,"worker_id":"32f1eeeb-90c0-49f9-a98c-0d2e64947313-140565598060544","trial_id":252,"param_name":"CavityCorkThickness","param_value_internal":2.7765901524213583,"distribution":"{\"name\": \"FloatDistribution\", \"attributes\": {\"step\": null, \"low\": 2.0, \"high\": 5.0, \"log\": false}}"}
{"op_code":5,"worker_id":"32f1eeeb-90c0-49f9-a98c-0d2e64947313-140565598060544","trial_id":252,"param_name":"BellowHeight","param_value_internal":6.195109106762301,"distribution":"{\"name\": \"FloatDistribution\", \"attributes\": {\"step\": null, \"low\": 6.0, \"high\": 10.0, \"log\": false}}"}
{"op_code":5,"worker_id":"32f1eeeb-90c0-49f9-a98c-0d2e64947313-140565598060544","trial_id":252,"param_name":"WallThickness","param_value_internal":2.6764815858461417,"distribution":"{\"name\": \"FloatDistribution\", \"attributes\": {\"step\": null, \"low\": 2.0, \"high\": 4.0, \"log\": false}}"}
{"op_code":5,"worker_id":"32f1eeeb-90c0-49f9-a98c-0d2e64947313-140565598060544","trial_id":252,"param_name":"PlateauHeight","param_value_internal":3.882578288979306,"distribution":"{\"name\": \"FloatDistribution\", \"attributes\": {\"step\": null, \"low\": 2.0, \"high\": 4.0, \"log\": false}}"}
{"op_code":6,"worker_id":"32f1eeeb-90c0-49f9-a98c-0d2e64947313-140565598060544","trial_id":252,"state":1,"values":[837.6825321714664,0.4715629680441776],"datetime_complete":"2026-06-16T05:14:51.195344"}
{"op_code":4,"worker_id":"32f1eeeb-90c0-49f9-a98c-0d2e64947313-140565598060544","study_id":0,"datetime_start":"2026-06-16T05:14:51.206605"}
{"op_code":9,"worker_id":"32f1eeeb-90c0-49f9-a98c-0d2e64947313-140565598060544","trial_id":253,"system_attr":{"nsga2:generation":4}}
{"op_code":5,"worker_id":"32f1eeeb-90c0-49f9-a98c-0d2e64947313-140565598060544","trial_id":253,"param_name":"JointSlopeAngle","param_value_internal":0.9564762255587863,"distribution":"{\"name\": \"FloatDistribution\", \"attributes\": {\"step\": null, \"low\": 0.17453292519943295, \"high\": 1.0471975511965976, \"log\": false}}"}
{"op_code":5,"worker_id":"32f1eeeb-90c0-49f9-a98c-0d2e64947313-140565598060544","trial_id":253,"param_name":"OuterRadius","param_value_internal":15.57406193770872,"distribution":"{\"name\": \"FloatDistribution\", \"attributes\": {\"step\": null, \"low\": 8.75, \"high\": 17.75, \"log\": false}}"}
{"op_code":5,"worker_id":"32f1eeeb-90c0-49f9-a98c-0d2e64947313-140565598060544","trial_id":253,"param_name":"JointHeight","param_value_internal":7.654443782412088,"distribution":"{\"name\": \"FloatDistribution\", \"attributes\": {\"step\": null, \"low\": 5.0, \"high\": 8.0, \"log\": false}}"}
{"op_code":5,"worker_id":"32f1eeeb-90c0-49f9-a98c-0d2e64947313-140565598060544","trial_id":253,"param_name":"CavityCorkThickness","param_value_internal":4.336022402509629,"distribution":"{\"name\": \"FloatDistribution\", \"attributes\": {\"step\": null, \"low\": 2.0, \"high\": 5.0, \"log\": false}}"}
{"op_code":5,"worker_id":"32f1eeeb-90c0-49f9-a98c-0d2e64947313-140565598060544","trial_id":253,"param_name":"BellowHeight","param_value_internal":8.329643064751066,"distribution":"{\"name\": \"FloatDistribution\", \"attributes\": {\"step\": null, \"low\": 6.0, \"high\": 10.0, \"log\": false}}"}
{"op_code":5,"worker_id":"32f1eeeb-90c0-49f9-a98c-0d2e64947313-140565598060544","trial_id":253,"param_name":"WallThickness","param_value_internal":2.00165388978446,"distribution":"{\"name\": \"FloatDistribution\", \"attributes\": {\"step\": null, \"low\": 2.0, \"high\": 4.0, \"log\": false}}"}
{"op_code":5,"worker_id":"32f1eeeb-90c0-49f9-a98c-0d2e64947313-140565598060544","trial_id":253,"param_name":"PlateauHeight","param_value_internal":3.5159505279966643,"distribution":"{\"name\": \"FloatDistribution\", \"attributes\": {\"step\": null, \"low\": 2.0, \"high\": 4.0, \"log\": false}}"}
{"op_code":6,"worker_id":"32f1eeeb-90c0-49f9-a98c-0d2e64947313-140565598060544","trial_id":253,"state":1,"values":[1072.8813426551003,0.45033370879569445],"datetime_complete":"2026-06-16T05:15:00.907597"}
{"op_code":4,"worker_id":"32f1eeeb-90c0-49f9-a98c-0d2e64947313-140565598060544","study_id":0,"datetime_start":"2026-06-16T05:15:00.918546"}
{"op_code":9,"worker_id":"32f1eeeb-90c0-49f9-a98c-0d2e64947313-140565598060544","trial_id":254,"system_attr":{"nsga2:generation":4}}
{"op_code":5,"worker_id":"32f1eeeb-90c0-49f9-a98c-0d2e64947313-140565598060544","trial_id":254,"param_name":"JointSlopeAngle","param_value_internal":0.7101123787546164,"distribution":"{\"name\": \"FloatDistribution\", \"attributes\": {\"step\": null, \"low\": 0.17453292519943295, \"high\": 1.0471975511965976, \"log\": false}}"}
{"op_code":5,"worker_id":"32f1eeeb-90c0-49f9-a98c-0d2e64947313-140565598060544","trial_id":254,"param_name":"OuterRadius","param_value_internal":14.489373048556564,"distribution":"{\"name\": \"FloatDistribution\", \"attributes\": {\"step\": null, \"low\": 8.75, \"high\": 17.75, \"log\": false}}"}
{"op_code":5,"worker_id":"32f1eeeb-90c0-49f9-a98c-0d2e64947313-140565598060544","trial_id":254,"param_name":"JointHeight","param_value_internal":5.217622700820494,"distribution":"{\"name\": \"FloatDistribution\", \"attributes\": {\"step\": null, \"low\": 5.0, \"high\": 8.0, \"log\": false}}"}
{"op_code":5,"worker_id":"32f1eeeb-90c0-49f9-a98c-0d2e64947313-140565598060544","trial_id":254,"param_name":"CavityCorkThickness","param_value_internal":4.336022402509629,"distribution":"{\"name\": \"FloatDistribution\", \"attributes\": {\"step\": null, \"low\": 2.0, \"high\": 5.0, \"log\": false}}"}
{"op_code":5,"worker_id":"32f1eeeb-90c0-49f9-a98c-0d2e64947313-140565598060544","trial_id":254,"param_name":"BellowHeight","param_value_internal":8.329643064751066,"distribution":"{\"name\": \"FloatDistribution\", \"attributes\": {\"step\": null, \"low\": 6.0, \"high\": 10.0, \"log\": false}}"}
{"op_code":5,"worker_id":"32f1eeeb-90c0-49f9-a98c-0d2e64947313-140565598060544","trial_id":254,"param_name":"WallThickness","param_value_internal":2.00165388978446,"distribution":"{\"name\": \"FloatDistribution\", \"attributes\": {\"step\": null, \"low\": 2.0, \"high\": 4.0, \"log\": false}}"}
{"op_code":5,"worker_id":"32f1eeeb-90c0-49f9-a98c-0d2e64947313-140565598060544","trial_id":254,"param_name":"PlateauHeight","param_value_internal":3.882578288979306,"distribution":"{\"name\": \"FloatDistribution\", \"attributes\": {\"step\": null, \"low\": 2.0, \"high\": 4.0, \"log\": false}}"}
{"op_code":6,"worker_id":"32f1eeeb-90c0-49f9-a98c-0d2e64947313-140565598060544","trial_id":254,"state":1,"values":[894.7296390116973,0.46492985819024646],"datetime_complete":"2026-06-16T05:15:11.950585"}
{"op_code":4,"worker_id":"32f1eeeb-90c0-49f9-a98c-0d2e64947313-140565598060544","study_id":0,"datetime_start":"2026-06-16T05:15:11.967244"}
{"op_code":9,"worker_id":"32f1eeeb-90c0-49f9-a98c-0d2e64947313-140565598060544","trial_id":255,"system_attr":{"nsga2:generation":4}}
{"op_code":5,"worker_id":"32f1eeeb-90c0-49f9-a98c-0d2e64947313-140565598060544","trial_id":255,"param_name":"JointSlopeAngle","param_value_internal":0.9181151838671837,"distribution":"{\"name\": \"FloatDistribution\", \"attributes\": {\"step\": null, \"low\": 0.17453292519943295, \"high\": 1.0471975511965976, \"log\": false}}"}
{"op_code":5,"worker_id":"32f1eeeb-90c0-49f9-a98c-0d2e64947313-140565598060544","trial_id":255,"param_name":"OuterRadius","param_value_internal":15.919381857059122,"distribution":"{\"name\": \"FloatDistribution\", \"attributes\": {\"step\": null, \"low\": 8.75, \"high\": 17.75, \"log\": false}}"}
{"op_code":5,"worker_id":"32f1eeeb-90c0-49f9-a98c-0d2e64947313-140565598060544","trial_id":255,"param_name":"JointHeight","param_value_internal":5.164685900790161,"distribution":"{\"name\": \"FloatDistribution\", \"attributes\": {\"step\": null, \"low\": 5.0, \"high\": 8.0, \"log\": false}}"}
{"op_code":5,"worker_id":"32f1eeeb-90c0-49f9-a98c-0d2e64947313-140565598060544","trial_id":255,"param_name":"CavityCorkThickness","param_value_internal":3.178777320592155,"distribution":"{\"name\": \"FloatDistribution\", \"attributes\": {\"step\": null, \"low\": 2.0, \"high\": 5.0, \"log\": false}}"}
{"op_code":5,"worker_id":"32f1eeeb-90c0-49f9-a98c-0d2e64947313-140565598060544","trial_id":255,"param_name":"BellowHeight","param_value_internal":9.741185669127688,"distribution":"{\"name\": \"FloatDistribution\", \"attributes\": {\"step\": null, \"low\": 6.0, \"high\": 10.0, \"log\": false}}"}
{"op_code":5,"worker_id":"32f1eeeb-90c0-49f9-a98c-0d2e64947313-140565598060544","trial_id":255,"param_name":"WallThickness","param_value_internal":2.224254426673263,"distribution":"{\"name\": \"FloatDistribution\", \"attributes\": {\"step\": null, \"low\": 2.0, \"high\": 4.0, \"log\": false}}"}
{"op_code":5,"worker_id":"32f1eeeb-90c0-49f9-a98c-0d2e64947313-140565598060544","trial_id":255,"param_name":"PlateauHeight","param_value_internal":3.670232198420761,"distribution":"{\"name\": \"FloatDistribution\", \"attributes\": {\"step\": null, \"low\": 2.0, \"high\": 4.0, \"log\": false}}"}
{"op_code":6,"worker_id":"32f1eeeb-90c0-49f9-a98c-0d2e64947313-140565598060544","trial_id":255,"state":1,"values":[1477.0584501005837,0.4332013441658935],"datetime_complete":"2026-06-16T05:15:23.536115"}
{"op_code":4,"worker_id":"32f1eeeb-90c0-49f9-a98c-0d2e64947313-140565598060544","study_id":0,"datetime_start":"2026-06-16T05:15:23.546838"}
{"op_code":9,"worker_id":"32f1eeeb-90c0-49f9-a98c-0d2e64947313-140565598060544","trial_id":256,"system_attr":{"nsga2:generation":4}}
{"op_code":5,"worker_id":"32f1eeeb-90c0-49f9-a98c-0d2e64947313-140565598060544","trial_id":256,"param_name":"JointSlopeAngle","param_value_internal":0.9019877854894884,"distribution":"{\"name\": \"FloatDistribution\", \"attributes\": {\"step\": null, \"low\": 0.17453292519943295, \"high\": 1.0471975511965976, \"log\": false}}"}
{"op_code":5,"worker_id":"32f1eeeb-90c0-49f9-a98c-0d2e64947313-140565598060544","trial_id":256,"param_name":"OuterRadius","param_value_internal":16.585921053337664,"distribution":"{\"name\": \"FloatDistribution\", \"attributes\": {\"step\": null, \"low\": 8.75, \"high\": 17.75, \"log\": false}}"}
{"op_code":5,"worker_id":"32f1eeeb-90c0-49f9-a98c-0d2e64947313-140565598060544","trial_id":256,"param_name":"JointHeight","param_value_internal":5.322153673362866,"distribution":"{\"name\": \"FloatDistribution\", \"attributes\": {\"step\": null, \"low\": 5.0, \"high\": 8.0, \"log\": false}}"}
{"op_code":5,"worker_id":"32f1eeeb-90c0-49f9-a98c-0d2e64947313-140565598060544","trial_id":256,"param_name":"CavityCorkThickness","param_value_internal":3.474247150312608,"distribution":"{\"name\": \"FloatDistribution\", \"attributes\": {\"step\": null, \"low\": 2.0, \"high\": 5.0, \"log\": false}}"}
{"op_code":5,"worker_id":"32f1eeeb-90c0-49f9-a98c-0d2e64947313-140565598060544","trial_id":256,"param_name":"BellowHeight","param_value_internal":9.873046074677653,"distribution":"{\"name\": \"FloatDistribution\", \"attributes\": {\"step\": null, \"low\": 6.0, \"high\": 10.0, \"log\": false}}"}
{"op_code":5,"worker_id":"32f1eeeb-90c0-49f9-a98c-0d2e64947313-140565598060544","trial_id":256,"param_name":"WallThickness","param_value_internal":2.1272897774960953,"distribution":"{\"name\": \"FloatDistribution\", \"attributes\": {\"step\": null, \"low\": 2.0, \"high\": 4.0, \"log\": false}}"}
{"op_code":5,"worker_id":"32f1eeeb-90c0-49f9-a98c-0d2e64947313-140565598060544","trial_id":256,"param_name":"PlateauHeight","param_value_internal":3.2194361361691044,"distribution":"{\"name\": \"FloatDistribution\", \"attributes\": {\"step\": null, \"low\": 2.0, \"high\": 4.0, \"log\": false}}"}
{"op_code":6,"worker_id":"32f1eeeb-90c0-49f9-a98c-0d2e64947313-140565598060544","trial_id":256,"state":1,"values":[1563.6069397868064,0.4142996526963589],"datetime_complete":"2026-06-16T05:15:35.205091"}
{"op_code":4,"worker_id":"32f1eeeb-90c0-49f9-a98c-0d2e64947313-140565598060544","study_id":0,"datetime_start":"2026-06-16T05:15:35.216571"}
{"op_code":9,"worker_id":"32f1eeeb-90c0-49f9-a98c-0d2e64947313-140565598060544","trial_id":257,"system_attr":{"nsga2:generation":4}}
{"op_code":5,"worker_id":"32f1eeeb-90c0-49f9-a98c-0d2e64947313-140565598060544","trial_id":257,"param_name":"JointSlopeAngle","param_value_internal":0.8272457351358277,"distribution":"{\"name\": \"FloatDistribution\", \"attributes\": {\"step\": null, \"low\": 0.17453292519943295, \"high\": 1.0471975511965976, \"log\": false}}"}
{"op_code":5,"worker_id":"32f1eeeb-90c0-49f9-a98c-0d2e64947313-140565598060544","trial_id":257,"param_name":"OuterRadius","param_value_internal":14.489373048556564,"distribution":"{\"name\": \"FloatDistribution\", \"attributes\": {\"step\": null, \"low\": 8.75, \"high\": 17.75, \"log\": false}}"}
{"op_code":5,"worker_id":"32f1eeeb-90c0-49f9-a98c-0d2e64947313-140565598060544","trial_id":257,"param_name":"JointHeight","param_value_internal":5.322153673362866,"distribution":"{\"name\": \"FloatDistribution\", \"attributes\": {\"step\": null, \"low\": 5.0, \"high\": 8.0, \"log\": false}}"}
{"op_code":5,"worker_id":"32f1eeeb-90c0-49f9-a98c-0d2e64947313-140565598060544","trial_id":257,"param_name":"CavityCorkThickness","param_value_internal":3.178777320592155,"distribution":"{\"name\": \"FloatDistribution\", \"attributes\": {\"step\": null, \"low\": 2.0, \"high\": 5.0, \"log\": false}}"}
{"op_code":5,"worker_id":"32f1eeeb-90c0-49f9-a98c-0d2e64947313-140565598060544","trial_id":257,"param_name":"BellowHeight","param_value_internal":9.741185669127688,"distribution":"{\"name\": \"FloatDistribution\", \"attributes\": {\"step\": null, \"low\": 6.0, \"high\": 10.0, \"log\": false}}"}
{"op_code":5,"worker_id":"32f1eeeb-90c0-49f9-a98c-0d2e64947313-140565598060544","trial_id":257,"param_name":"WallThickness","param_value_internal":2.2203697478074336,"distribution":"{\"name\": \"FloatDistribution\", \"attributes\": {\"step\": null, \"low\": 2.0, \"high\": 4.0, \"log\": false}}"}
{"op_code":5,"worker_id":"32f1eeeb-90c0-49f9-a98c-0d2e64947313-140565598060544","trial_id":257,"param_name":"PlateauHeight","param_value_internal":2.5455622044901745,"distribution":"{\"name\": \"FloatDistribution\", \"attributes\": {\"step\": null, \"low\": 2.0, \"high\": 4.0, \"log\": false}}"}
{"op_code":6,"worker_id":"32f1eeeb-90c0-49f9-a98c-0d2e64947313-140565598060544","trial_id":257,"state":1,"values":[1074.0445585320206,0.4694351982645018],"datetime_complete":"2026-06-16T05:15:43.827072"}
{"op_code":4,"worker_id":"32f1eeeb-90c0-49f9-a98c-0d2e64947313-140565598060544","study_id":0,"datetime_start":"2026-06-16T05:15:43.839021"}
{"op_code":9,"worker_id":"32f1eeeb-90c0-49f9-a98c-0d2e64947313-140565598060544","trial_id":258,"system_attr":{"nsga2:generation":4}}
{"op_code":5,"worker_id":"32f1eeeb-90c0-49f9-a98c-0d2e64947313-140565598060544","trial_id":258,"param_name":"JointSlopeAngle","param_value_internal":0.9367054297789487,"distribution":"{\"name\": \"FloatDistribution\", \"attributes\": {\"step\": null, \"low\": 0.17453292519943295, \"high\": 1.0471975511965976, \"log\": false}}"}
{"op_code":5,"worker_id":"32f1eeeb-90c0-49f9-a98c-0d2e64947313-140565598060544","trial_id":258,"param_name":"OuterRadius","param_value_internal":13.571106070446115,"distribution":"{\"name\": \"FloatDistribution\", \"attributes\": {\"step\": null, \"low\": 8.75, \"high\": 17.75, \"log\": false}}"}
{"op_code":5,"worker_id":"32f1eeeb-90c0-49f9-a98c-0d2e64947313-140565598060544","trial_id":258,"param_name":"JointHeight","param_value_internal":5.322153673362866,"distribution":"{\"name\": \"FloatDistribution\", \"attributes\": {\"step\": null, \"low\": 5.0, \"high\": 8.0, \"log\": false}}"}
{"op_code":5,"worker_id":"32f1eeeb-90c0-49f9-a98c-0d2e64947313-140565598060544","trial_id":258,"param_name":"CavityCorkThickness","param_value_internal":4.483975196317596,"distribution":"{\"name\": \"FloatDistribution\", \"attributes\": {\"step\": null, \"low\": 2.0, \"high\": 5.0, \"log\": false}}"}
{"op_code":5,"worker_id":"32f1eeeb-90c0-49f9-a98c-0d2e64947313-140565598060544","trial_id":258,"param_name":"BellowHeight","param_value_internal":8.054195910242441,"distribution":"{\"name\": \"FloatDistribution\", \"attributes\": {\"step\": null, \"low\": 6.0, \"high\": 10.0, \"log\": false}}"}
{"op_code":5,"worker_id":"32f1eeeb-90c0-49f9-a98c-0d2e64947313-140565598060544","trial_id":258,"param_name":"WallThickness","param_value_internal":2.9410810790041007,"distribution":"{\"name\": \"FloatDistribution\", \"attributes\": {\"step\": null, \"low\": 2.0, \"high\": 4.0, \"log\": false}}"}
{"op_code":5,"worker_id":"32f1eeeb-90c0-49f9-a98c-0d2e64947313-140565598060544","trial_id":258,"param_name":"PlateauHeight","param_value_internal":2.3745053260966618,"distribution":"{\"name\": \"FloatDistribution\", \"attributes\": {\"step\": null, \"low\": 2.0, \"high\": 4.0, \"log\": false}}"}
{"op_code":6,"worker_id":"32f1eeeb-90c0-49f9-a98c-0d2e64947313-140565598060544","trial_id":258,"state":1,"values":[441.27242861345513,0.5132354750727511],"datetime_complete":"2026-06-16T05:15:54.212410"}
{"op_code":4,"worker_id":"32f1eeeb-90c0-49f9-a98c-0d2e64947313-140565598060544","study_id":0,"datetime_start":"2026-06-16T05:15:54.223179"}
{"op_code":9,"worker_id":"32f1eeeb-90c0-49f9-a98c-0d2e64947313-140565598060544","trial_id":259,"system_attr":{"nsga2:generation":4}}
{"op_code":5,"worker_id":"32f1eeeb-90c0-49f9-a98c-0d2e64947313-140565598060544","trial_id":259,"param_name":"JointSlopeAngle","param_value_internal":0.9564762255587863,"distribution":"{\"name\": \"FloatDistribution\", \"attributes\": {\"step\": null, \"low\": 0.17453292519943295, \"high\": 1.0471975511965976, \"log\": false}}"}
{"op_code":5,"worker_id":"32f1eeeb-90c0-49f9-a98c-0d2e64947313-140565598060544","trial_id":259,"param_name":"OuterRadius","param_value_internal":15.552079448812187,"distribution":"{\"name\": \"FloatDistribution\", \"attributes\": {\"step\": null, \"low\": 8.75, \"high\": 17.75, \"log\": false}}"}
{"op_code":5,"worker_id":"32f1eeeb-90c0-49f9-a98c-0d2e64947313-140565598060544","trial_id":259,"param_name":"JointHeight","param_value_internal":5.716382835363509,"distribution":"{\"name\": \"FloatDistribution\", \"attributes\": {\"step\": null, \"low\": 5.0, \"high\": 8.0, \"log\": false}}"}
{"op_code":5,"worker_id":"32f1eeeb-90c0-49f9-a98c-0d2e64947313-140565598060544","trial_id":259,"param_name":"CavityCorkThickness","param_value_internal":4.1768162132779585,"distribution":"{\"name\": \"FloatDistribution\", \"attributes\": {\"step\": null, \"low\": 2.0, \"high\": 5.0, \"log\": false}}"}
{"op_code":5,"worker_id":"32f1eeeb-90c0-49f9-a98c-0d2e64947313-140565598060544","trial_id":259,"param_name":"BellowHeight","param_value_internal":7.7281507898049115,"distribution":"{\"name\": \"FloatDistribution\", \"attributes\": {\"step\": null, \"low\": 6.0, \"high\": 10.0, \"log\": false}}"}
{"op_code":5,"worker_id":"32f1eeeb-90c0-49f9-a98c-0d2e64947313-140565598060544","trial_id":259,"param_name":"WallThickness","param_value_internal":2.1272897774960953,"distribution":"{\"name\": \"FloatDistribution\", \"attributes\": {\"step\": null, \"low\": 2.0, \"high\": 4.0, \"log\": false}}"}
{"op_code":5,"worker_id":"32f1eeeb-90c0-49f9-a98c-0d2e64947313-140565598060544","trial_id":259,"param_name":"PlateauHeight","param_value_internal":2.0074743248455853,"distribution":"{\"name\": \"FloatDistribution\", \"attributes\": {\"step\": null, \"low\": 2.0, \"high\": 4.0, \"log\": false}}"}
